converting /app/verif/traces/traceplayer/pdp_max_pooling_int16/input.txn to /app/outdir/nv_full/verilator/test/pdp_max_pooling_int16/trace.bin
File 0 0x80000000 0x2000
okay, that's all the bytes I expected -- I'm stopping here
File 0 0x80100000 0x1880
okay, that's all the bytes I expected -- I'm stopping here
CMD: write_reg ffff3406 00000006
CMD: read_reg ffff3406 00001fff 00000006
CMD: write_reg ffff340c 00701c07
CMD: read_reg ffff340c 3fffffff 00701c07
CMD: write_reg ffff341b 00000800
CMD: read_reg ffff341b ffffffe0 00000800
CMD: write_reg ffff300a 00000800
CMD: read_reg ffff300a ffffffe0 00000800
CMD: write_reg ffff341a 00000100
CMD: read_reg ffff341a ffffffe0 00000100
CMD: write_reg ffff3009 00000100
CMD: read_reg ffff3009 ffffffe0 00000100
CMD: write_reg ffff3407 00000006
CMD: read_reg ffff3407 00001fff 00000006
CMD: write_reg ffff300d 00000000
CMD: read_reg ffff300d 000000ff 00000000
CMD: write_reg ffff340d 00000101
CMD: read_reg ffff340d 00ff0f0f 00000101
CMD: write_reg ffff300e 00000001
CMD: read_reg ffff300e 000000ff 00000001
CMD: write_reg ffff3408 0000003f
CMD: read_reg ffff3408 00001fff 0000003f
CMD: write_reg ffff341e 000000e0
CMD: read_reg ffff341e ffffffe0 000000e0
CMD: write_reg ffff3421 00000101
CMD: read_reg ffff3421 00000003 00000001
CMD: write_reg ffff300c 00000101
CMD: read_reg ffff300c 00000003 00000001
CMD: write_reg ffff3410 00000000
CMD: read_reg ffff3410 00007777 00000000
CMD: write_reg ffff3404 00000007
CMD: read_reg ffff3404 00001fff 00000007
CMD: write_reg ffff3004 00000007
CMD: read_reg ffff3004 00001fff 00000007
CMD: write_reg ffff340b 00701c07
CMD: read_reg ffff340b 3fffffff 00701c07
CMD: write_reg ffff3010 00701c07
CMD: read_reg ffff3010 3fffffff 00701c07
CMD: write_reg ffff3403 00000007
CMD: read_reg ffff3403 00001fff 00000007
CMD: write_reg ffff3003 00000007
CMD: read_reg ffff3003 00001fff 00000007
CMD: write_reg ffff3409 00000011
CMD: read_reg ffff3409 0000ff13 00000011
CMD: write_reg ffff3006 00000001
CMD: read_reg ffff3006 00000001 00000001
CMD: write_reg ffff341f 00000620
CMD: read_reg ffff341f ffffffe0 00000620
CMD: write_reg ffff3420 00000001
CMD: read_reg ffff3420 00000001 00000001
CMD: write_reg ffff300b 00000001
CMD: read_reg ffff300b 00000001 00000001
CMD: write_reg ffff3405 0000003f
CMD: read_reg ffff3405 00001fff 0000003f
CMD: write_reg ffff3005 0000003f
CMD: read_reg ffff3005 00001fff 0000003f
CMD: load_mem 00002000 bytes to 80000000
CMD: write_reg ffff3007 80000000
CMD: read_reg ffff3007 ffffffe0 80000000
CMD: write_reg ffff3008 00000000
CMD: read_reg ffff3008 ffffffff 00000000
CMD: write_reg ffff3418 80000000
CMD: read_reg ffff3418 ffffffe0 80000000
CMD: write_reg ffff3419 00000000
CMD: read_reg ffff3419 ffffffff 00000000
CMD: write_reg ffff341c 80100000
CMD: read_reg ffff341c ffffffe0 80100000
CMD: write_reg ffff341d 00000000
CMD: read_reg ffff341d ffffffff 00000000
CMD: write_reg ffff3002 00000001
CMD: read_reg ffff3002 00000001 00000001
CMD: write_reg ffff3402 00000001
CMD: read_reg ffff3402 00000001 00000001
CMD: wait
CMD: write_reg ffff0003 ffffffff
CMD: dump_mem 00001880 bytes from 80100000 -> output_feature_map.dat
CMD: done
reset...
letting buffers clear after reset...
running trace...
(8272) write to nvdla: addr ffff3406, data 00000006
(8272) DBB: write request from dla, addr 80100000 id 0
(8274) read from nvdla: addr ffff3406
(8276) read response from nvdla: 00000006
(8278) write to nvdla: addr ffff340c, data 00701c07
(8278) DBB: write request from dla, addr 80100000 id 0
(8278) DBB: write data from dla (00002000 00000000...)
(8278) DBB: write, last tick
(8280) read from nvdla: addr ffff340c
(8282) read response from nvdla: 00701c07
(8284) write to nvdla: addr ffff341b, data 00000800
(8284) DBB: write request from dla, addr 80100000 id 0
(8284) DBB: write data from dla (00110000 00000000...)
(8284) DBB: write, last tick
(8286) read from nvdla: addr ffff341b
(8288) read response from nvdla: 00000800
(8290) write to nvdla: addr ffff300a, data 00000800
(8290) DBB: write request from dla, addr 80100000 id 0
(8290) DBB: write data from dla (21000000 00000000...)
(8290) DBB: write, last tick
(8292) read from nvdla: addr ffff300a
(8294) read response from nvdla: 00000800
(8296) write to nvdla: addr ffff341a, data 00000100
(8296) DBB: write request from dla, addr 80100000 id 0
(8296) DBB: write data from dla (00000000 00000011...)
(8296) DBB: write, last tick
(8298) read from nvdla: addr ffff341a
(8300) read response from nvdla: 00000100
(8302) write to nvdla: addr ffff3009, data 00000100
(8302) DBB: write request from dla, addr 80100000 id 0
(8302) DBB: write data from dla (00000000 00002200...)
(8302) DBB: write, last tick
(8304) read from nvdla: addr ffff3009
(8306) read response from nvdla: 00000100
(8308) write to nvdla: addr ffff3407, data 00000006
(8308) DBB: write request from dla, addr 80100000 id 0
(8308) DBB: write data from dla (00000000 00110000...)
(8308) DBB: write, last tick
(8310) read from nvdla: addr ffff3407
(8312) read response from nvdla: 00000006
(8314) write to nvdla: addr ffff300d, data 00000000
(8314) DBB: write request from dla, addr 80100000 id 0
(8314) DBB: write data from dla (00000000 23000000...)
(8314) DBB: write, last tick
(8316) read from nvdla: addr ffff300d
(8318) read response from nvdla: 00000000
(8320) write to nvdla: addr ffff340d, data 00000101
(8320) DBB: write request from dla, addr 80100000 id 0
(8320) DBB: write data from dla (00000000 00000000...)
(8320) DBB: write, last tick
(8322) read from nvdla: addr ffff340d
(8324) read response from nvdla: 00000101
(8326) write to nvdla: addr ffff300e, data 00000001
(8326) DBB: write request from dla, addr 80100000 id 0
(8326) DBB: write data from dla (00000000 00000000...)
(8326) DBB: write, last tick
(8328) read from nvdla: addr ffff300e
(8330) read response from nvdla: 00000001
(8332) write to nvdla: addr ffff3408, data 0000003f
(8332) DBB: write request from dla, addr 80100000 id 0
(8332) DBB: write data from dla (00000000 00000000...)
(8332) DBB: write, last tick
(8334) read from nvdla: addr ffff3408
(8336) read response from nvdla: 0000003f
(8338) write to nvdla: addr ffff341e, data 000000e0
(8338) DBB: write request from dla, addr 80100000 id 0
(8338) DBB: write data from dla (00000000 00000000...)
(8338) DBB: write, last tick
(8340) read from nvdla: addr ffff341e
(8342) read response from nvdla: 000000e0
(8344) write to nvdla: addr ffff3421, data 00000101
(8344) DBB: write request from dla, addr 80100000 id 0
(8344) DBB: write data from dla (00000000 00000000...)
(8344) DBB: write, last tick
(8346) read from nvdla: addr ffff3421
(8348) read response from nvdla: 00000101
(8350) write to nvdla: addr ffff300c, data 00000101
(8350) DBB: write request from dla, addr 80100000 id 0
(8350) DBB: write data from dla (00000000 00000000...)
(8350) DBB: write, last tick
(8352) read from nvdla: addr ffff300c
(8354) read response from nvdla: 00000101
(8356) write to nvdla: addr ffff3410, data 00000000
(8356) DBB: write request from dla, addr 80100000 id 0
(8356) DBB: write data from dla (00000000 00000000...)
(8356) DBB: write, last tick
(8358) read from nvdla: addr ffff3410
(8360) read response from nvdla: 00000000
(8362) write to nvdla: addr ffff3404, data 00000007
(8362) DBB: write request from dla, addr 80100000 id 0
(8362) DBB: write data from dla (00000000 00000000...)
(8362) DBB: write, last tick
(8364) read from nvdla: addr ffff3404
(8366) read response from nvdla: 00000007
(8368) write to nvdla: addr ffff3004, data 00000007
(8368) DBB: write request from dla, addr 80100000 id 0
(8368) DBB: write data from dla (00000000 00000000...)
(8368) DBB: write, last tick
(8370) read from nvdla: addr ffff3004
(8372) read response from nvdla: 00000007
(8374) write to nvdla: addr ffff340b, data 00701c07
(8374) DBB: write request from dla, addr 80100000 id 0
(8374) DBB: write data from dla (00000000 00000000...)
(8374) DBB: write, last tick
(8376) read from nvdla: addr ffff340b
(8378) read response from nvdla: 00701c07
(8380) write to nvdla: addr ffff3010, data 00701c07
(8380) DBB: write request from dla, addr 80100000 id 0
(8380) DBB: write data from dla (00000000 00000000...)
(8380) DBB: write, last tick
(8382) read from nvdla: addr ffff3010
(8384) read response from nvdla: 00701c07
(8386) write to nvdla: addr ffff3403, data 00000007
(8386) DBB: write request from dla, addr 80100000 id 0
(8386) DBB: write data from dla (00000000 00000000...)
(8386) DBB: write, last tick
(8388) read from nvdla: addr ffff3403
(8390) read response from nvdla: 00000007
(8392) write to nvdla: addr ffff3003, data 00000007
(8392) DBB: write request from dla, addr 80100000 id 0
(8392) DBB: write data from dla (00000000 00000000...)
(8392) DBB: write, last tick
(8394) read from nvdla: addr ffff3003
(8396) read response from nvdla: 00000007
(8398) write to nvdla: addr ffff3409, data 00000011
(8398) DBB: write request from dla, addr 80100000 id 0
(8398) DBB: write data from dla (00000000 00000000...)
(8398) DBB: write, last tick
(8400) read from nvdla: addr ffff3409
(8402) read response from nvdla: 00000011
(8404) write to nvdla: addr ffff3006, data 00000001
(8404) DBB: write request from dla, addr 80100000 id 0
(8404) DBB: write data from dla (00000000 00000000...)
(8404) DBB: write, last tick
(8406) read from nvdla: addr ffff3006
(8408) read response from nvdla: 00000001
(8410) write to nvdla: addr ffff341f, data 00000620
(8410) DBB: write request from dla, addr 80100000 id 0
(8410) DBB: write data from dla (00000000 00000000...)
(8410) DBB: write, last tick
(8412) read from nvdla: addr ffff341f
(8414) read response from nvdla: 00000620
(8416) write to nvdla: addr ffff3420, data 00000001
(8416) DBB: write request from dla, addr 80100000 id 0
(8416) DBB: write data from dla (00000000 00000000...)
(8416) DBB: write, last tick
(8418) read from nvdla: addr ffff3420
(8420) read response from nvdla: 00000001
(8422) write to nvdla: addr ffff300b, data 00000001
(8422) DBB: write request from dla, addr 80100000 id 0
(8422) DBB: write data from dla (00000000 00000000...)
(8422) DBB: write, last tick
(8424) read from nvdla: addr ffff300b
(8426) read response from nvdla: 00000001
(8428) write to nvdla: addr ffff3405, data 0000003f
(8428) DBB: write request from dla, addr 80100000 id 0
(8428) DBB: write data from dla (00000000 00000000...)
(8428) DBB: write, last tick
(8430) read from nvdla: addr ffff3405
(8432) read response from nvdla: 0000003f
(8434) write to nvdla: addr ffff3005, data 0000003f
(8434) DBB: write request from dla, addr 80100000 id 0
(8434) DBB: write data from dla (00000000 00000000...)
(8434) DBB: write, last tick
(8436) read from nvdla: addr ffff3005
(8438) read response from nvdla: 0000003f
AXI: loading memory at 0x80000000
(8440) DBB: write request from dla, addr 80100000 id 0
(8440) DBB: write data from dla (00000000 00000000...)
(8440) DBB: write, last tick
(8442) write to nvdla: addr ffff3007, data 80000000
(8444) read from nvdla: addr ffff3007
(8446) read response from nvdla: 80000000
(8446) DBB: write request from dla, addr 80100000 id 0
(8446) DBB: write data from dla (00000000 00000000...)
(8446) DBB: write, last tick
(8448) write to nvdla: addr ffff3008, data 00000000
(8450) read from nvdla: addr ffff3008
(8452) read response from nvdla: 00000000
(8452) DBB: write request from dla, addr 80100000 id 0
(8452) DBB: write data from dla (00000000 00000000...)
(8452) DBB: write, last tick
(8454) write to nvdla: addr ffff3418, data 80000000
(8456) read from nvdla: addr ffff3418
(8458) read response from nvdla: 80000000
(8458) DBB: write request from dla, addr 80100000 id 0
(8458) DBB: write data from dla (00000000 00000000...)
(8458) DBB: write, last tick
(8460) write to nvdla: addr ffff3419, data 00000000
(8462) read from nvdla: addr ffff3419
(8464) read response from nvdla: 00000000
(8464) DBB: write request from dla, addr 80100000 id 0
(8464) DBB: write data from dla (00000000 00000000...)
(8464) DBB: write, last tick
(8466) write to nvdla: addr ffff341c, data 80100000
(8468) read from nvdla: addr ffff341c
(8470) read response from nvdla: 80100000
(8470) DBB: write request from dla, addr 80100000 id 0
(8470) DBB: write data from dla (00000000 00000000...)
(8470) DBB: write, last tick
(8472) write to nvdla: addr ffff341d, data 00000000
(8474) read from nvdla: addr ffff341d
(8476) read response from nvdla: 00000000
(8476) DBB: write request from dla, addr 80100000 id 0
(8476) DBB: write data from dla (00000000 00000000...)
(8476) DBB: write, last tick
(8478) write to nvdla: addr ffff3002, data 00000001
(8480) read from nvdla: addr ffff3002
(8482) read response from nvdla: 00000001
(8482) DBB: write request from dla, addr 80100000 id 0
(8482) DBB: write data from dla (00000000 00000000...)
(8482) DBB: write, last tick
(8484) write to nvdla: addr ffff3402, data 00000001
(8486) read from nvdla: addr ffff3402
(8488) read response from nvdla: 00000001
(8488) DBB: write request from dla, addr 80100000 id 0
(8488) DBB: write data from dla (00000000 00000000...)
(8488) DBB: write, last tick
(8490) waiting for interrupt...
(8494) DBB: write request from dla, addr 80100000 id 0
(8494) DBB: write data from dla (00000000 00000000...)
(8494) DBB: write, last tick
(8500) DBB: write request from dla, addr 80100000 id 0
(8500) DBB: write data from dla (00000000 00000000...)
(8500) DBB: write, last tick
(8506) DBB: write request from dla, addr 80100000 id 0
(8506) DBB: write data from dla (00000000 00000000...)
(8506) DBB: write, last tick
(8512) DBB: write request from dla, addr 80100000 id 0
(8512) DBB: write data from dla (00000000 00000000...)
(8512) DBB: write, last tick
(8518) DBB: write request from dla, addr 80100000 id 0
(8518) DBB: write data from dla (00000000 00000000...)
(8518) DBB: write, last tick
(8524) DBB: write request from dla, addr 80100000 id 0
(8524) DBB: write data from dla (00000000 00000000...)
(8524) DBB: write, last tick
(8530) DBB: write request from dla, addr 80100000 id 0
(8530) DBB: write data from dla (00000000 00000000...)
(8530) DBB: write, last tick
(8536) DBB: write request from dla, addr 80100000 id 0
(8536) DBB: write data from dla (00000000 00000000...)
(8536) DBB: write, last tick
(8542) DBB: write request from dla, addr 80100000 id 0
(8542) DBB: write data from dla (00000000 00000000...)
(8542) DBB: write, last tick
(8548) DBB: write request from dla, addr 80100000 id 0
(8548) DBB: write data from dla (00000000 00000000...)
(8548) DBB: write, last tick
(8554) DBB: write request from dla, addr 80100000 id 0
(8554) DBB: write data from dla (00000000 00000000...)
(8554) DBB: write, last tick
(8560) DBB: write request from dla, addr 80100000 id 0
(8560) DBB: write data from dla (00000000 00000000...)
(8560) DBB: write, last tick
(8566) DBB: write request from dla, addr 80100000 id 0
(8566) DBB: write data from dla (00000000 00000000...)
(8566) DBB: write, last tick
(8572) DBB: write request from dla, addr 80100000 id 0
(8572) DBB: write data from dla (00000000 00000000...)
(8572) DBB: write, last tick
(8578) DBB: write request from dla, addr 80100000 id 0
(8578) DBB: write data from dla (00000000 00000000...)
(8578) DBB: write, last tick
(8584) DBB: write request from dla, addr 80100000 id 0
(8584) DBB: write data from dla (00000000 00000000...)
(8584) DBB: write, last tick
(8590) DBB: write request from dla, addr 80100000 id 0
(8590) DBB: write data from dla (00000000 00000000...)
(8590) DBB: write, last tick
(8596) DBB: write request from dla, addr 80100000 id 0
(8596) DBB: write data from dla (00000000 00000000...)
(8596) DBB: write, last tick
(8602) DBB: write request from dla, addr 80100000 id 0
(8602) DBB: write data from dla (00000000 00000000...)
(8602) DBB: write, last tick
(8608) DBB: write request from dla, addr 80100000 id 0
(8608) DBB: write data from dla (00000000 00000000...)
(8608) DBB: write, last tick
(8614) DBB: write request from dla, addr 80100000 id 0
(8614) DBB: write data from dla (00000000 00000000...)
(8614) DBB: write, last tick
(8620) DBB: write request from dla, addr 80100000 id 0
(8620) DBB: write data from dla (00000000 00000000...)
(8620) DBB: write, last tick
(8626) DBB: write request from dla, addr 80100000 id 0
(8626) DBB: write data from dla (00000000 00000000...)
(8626) DBB: write, last tick
(8632) DBB: write request from dla, addr 80100000 id 0
(8632) DBB: write data from dla (00000000 00000000...)
(8632) DBB: write, last tick
(8638) DBB: write request from dla, addr 80100000 id 0
(8638) DBB: write data from dla (00000000 00000000...)
(8638) DBB: write, last tick
(8644) DBB: write request from dla, addr 80100000 id 0
(8644) DBB: write data from dla (00000000 00000000...)
(8644) DBB: write, last tick
(8650) DBB: write request from dla, addr 80100000 id 0
(8650) DBB: write data from dla (00000000 00000000...)
(8650) DBB: write, last tick
(8656) DBB: write request from dla, addr 80100040 id 0
(8656) DBB: write data from dla (00000031 00000000...)
(8656) DBB: write, last tick
(8662) DBB: write request from dla, addr 80100040 id 0
(8662) DBB: write data from dla (00002000 00000000...)
(8662) DBB: write, last tick
(8668) DBB: write request from dla, addr 80100040 id 0
(8668) DBB: write data from dla (00310000 00000000...)
(8668) DBB: write, last tick
(8674) DBB: write request from dla, addr 80100040 id 0
(8674) DBB: write data from dla (21000000 00000000...)
(8674) DBB: write, last tick
(8680) DBB: write request from dla, addr 80100040 id 0
(8680) DBB: write data from dla (00000000 00000031...)
(8680) DBB: write, last tick
(8686) DBB: write request from dla, addr 80100040 id 0
(8686) DBB: write data from dla (00000000 00002200...)
(8686) DBB: write, last tick
(8692) DBB: write request from dla, addr 80100040 id 0
(8692) DBB: write data from dla (00000000 00310000...)
(8692) DBB: write, last tick
(8698) DBB: write request from dla, addr 80100040 id 0
(8698) DBB: write data from dla (00000000 23000000...)
(8698) DBB: write, last tick
(8704) DBB: write request from dla, addr 80100040 id 0
(8704) DBB: write data from dla (00000000 00000000...)
(8704) DBB: write, last tick
(8710) DBB: write request from dla, addr 80100040 id 0
(8710) DBB: write data from dla (00000000 00000000...)
(8710) DBB: write, last tick
(8716) DBB: write request from dla, addr 80100040 id 0
(8716) DBB: write data from dla (00000000 00000000...)
(8716) DBB: write, last tick
(8722) DBB: write request from dla, addr 80100040 id 0
(8722) DBB: write data from dla (00000000 00000000...)
(8722) DBB: write, last tick
(8728) DBB: write request from dla, addr 80100040 id 0
(8728) DBB: write data from dla (00000000 00000000...)
(8728) DBB: write, last tick
(8734) DBB: write request from dla, addr 80100040 id 0
(8734) DBB: write data from dla (00000000 00000000...)
(8734) DBB: write, last tick
(8740) DBB: write request from dla, addr 80100040 id 0
(8740) DBB: write data from dla (00000000 00000000...)
(8740) DBB: write, last tick
(8746) DBB: write request from dla, addr 80100040 id 0
(8746) DBB: write data from dla (00000000 00000000...)
(8746) DBB: write, last tick
(8752) DBB: write request from dla, addr 80100040 id 0
(8752) DBB: write data from dla (00000000 00000000...)
(8752) DBB: write, last tick
(8758) DBB: write request from dla, addr 80100040 id 0
(8758) DBB: write data from dla (00000000 00000000...)
(8758) DBB: write, last tick
(8764) DBB: write request from dla, addr 80100040 id 0
(8764) DBB: write data from dla (00000000 00000000...)
(8764) DBB: write, last tick
(8770) DBB: write request from dla, addr 80100040 id 0
(8770) DBB: write data from dla (00000000 00000000...)
(8770) DBB: write, last tick
(8776) DBB: write request from dla, addr 80100040 id 0
(8776) DBB: write data from dla (00000000 00000000...)
(8776) DBB: write, last tick
(8782) DBB: write request from dla, addr 80100040 id 0
(8782) DBB: write data from dla (00000000 00000000...)
(8782) DBB: write, last tick
(8788) DBB: write request from dla, addr 80100040 id 0
(8788) DBB: write data from dla (00000000 00000000...)
(8788) DBB: write, last tick
(8794) DBB: write request from dla, addr 80100040 id 0
(8794) DBB: write data from dla (00000000 00000000...)
(8794) DBB: write, last tick
(8800) DBB: write request from dla, addr 80100040 id 0
(8800) DBB: write data from dla (00000000 00000000...)
(8800) DBB: write, last tick
(8806) DBB: write request from dla, addr 80100040 id 0
(8806) DBB: write data from dla (00000000 00000000...)
(8806) DBB: write, last tick
(8812) DBB: write request from dla, addr 80100040 id 0
(8812) DBB: write data from dla (00000000 00000000...)
(8812) DBB: write, last tick
(8818) DBB: write request from dla, addr 80100040 id 0
(8818) DBB: write data from dla (00000000 00000000...)
(8818) DBB: write, last tick
(8824) DBB: write request from dla, addr 80100040 id 0
(8824) DBB: write data from dla (00000000 00000000...)
(8824) DBB: write, last tick
(8830) DBB: write request from dla, addr 80100040 id 0
(8830) DBB: write data from dla (00000000 00000000...)
(8830) DBB: write, last tick
(8836) DBB: write request from dla, addr 80100040 id 0
(8836) DBB: write data from dla (00000000 00000000...)
(8836) DBB: write, last tick
(8842) DBB: write request from dla, addr 80100040 id 0
(8842) DBB: write data from dla (00000000 00000000...)
(8842) DBB: write, last tick
(8848) DBB: write request from dla, addr 80100040 id 0
(8848) DBB: write data from dla (00000000 00000000...)
(8848) DBB: write, last tick
(8854) DBB: write request from dla, addr 80100040 id 0
(8854) DBB: write data from dla (00000000 00000000...)
(8854) DBB: write, last tick
(8860) DBB: write request from dla, addr 80100040 id 0
(8860) DBB: write data from dla (00000000 00000000...)
(8860) DBB: write, last tick
(8866) DBB: write request from dla, addr 80100040 id 0
(8866) DBB: write data from dla (00000000 00000000...)
(8866) DBB: write, last tick
(8872) DBB: write request from dla, addr 80100040 id 0
(8872) DBB: write data from dla (00000000 00000000...)
(8872) DBB: write, last tick
(8878) DBB: write request from dla, addr 80100040 id 0
(8878) DBB: write data from dla (00000000 00000000...)
(8878) DBB: write, last tick
(8884) DBB: write request from dla, addr 80100040 id 0
(8884) DBB: write data from dla (00000000 00000000...)
(8884) DBB: write, last tick
(8890) DBB: write request from dla, addr 80100040 id 0
(8890) DBB: write data from dla (00000000 00000000...)
(8890) DBB: write, last tick
(8896) DBB: write request from dla, addr 80100040 id 0
(8896) DBB: write data from dla (00000000 00000000...)
(8896) DBB: write, last tick
(8902) DBB: write request from dla, addr 80100040 id 0
(8902) DBB: write data from dla (00000000 00000000...)
(8902) DBB: write, last tick
(8908) DBB: write request from dla, addr 80100040 id 0
(8908) DBB: write data from dla (00000000 00000000...)
(8908) DBB: write, last tick
(8914) DBB: write request from dla, addr 80100040 id 0
(8914) DBB: write data from dla (00000000 00000000...)
(8914) DBB: write, last tick
(8920) DBB: write request from dla, addr 80100040 id 0
(8920) DBB: write data from dla (00000000 00000000...)
(8920) DBB: write, last tick
(8926) DBB: write request from dla, addr 80100040 id 0
(8926) DBB: write data from dla (00000000 00000000...)
(8926) DBB: write, last tick
(8932) DBB: write request from dla, addr 80100040 id 0
(8932) DBB: write data from dla (00000000 00000000...)
(8932) DBB: write, last tick
(8938) DBB: write request from dla, addr 80100040 id 0
(8938) DBB: write data from dla (00000000 00000000...)
(8938) DBB: write, last tick
(8944) DBB: write request from dla, addr 80100040 id 0
(8944) DBB: write data from dla (00000000 00000000...)
(8944) DBB: write, last tick
(8950) DBB: write request from dla, addr 80100040 id 0
(8950) DBB: write data from dla (00000000 00000000...)
(8950) DBB: write, last tick
(8956) DBB: write request from dla, addr 80100040 id 0
(8956) DBB: write data from dla (00000000 00000000...)
(8956) DBB: write, last tick
(8962) DBB: write request from dla, addr 80100040 id 0
(8962) DBB: write data from dla (00000000 00000000...)
(8962) DBB: write, last tick
(8968) DBB: write request from dla, addr 80100040 id 0
(8968) DBB: write data from dla (00000000 00000000...)
(8968) DBB: write, last tick
(8974) DBB: write request from dla, addr 80100040 id 0
(8974) DBB: write data from dla (00000000 00000000...)
(8974) DBB: write, last tick
(8980) DBB: write request from dla, addr 80100040 id 0
(8980) DBB: write data from dla (00000000 00000000...)
(8980) DBB: write, last tick
(8986) DBB: write request from dla, addr 80100040 id 0
(8986) DBB: write data from dla (00000000 00000000...)
(8986) DBB: write, last tick
(8992) DBB: write request from dla, addr 80100040 id 0
(8992) DBB: write data from dla (00000000 00000000...)
(8992) DBB: write, last tick
(8998) DBB: write request from dla, addr 80100040 id 0
(8998) DBB: write data from dla (00000000 00000000...)
(8998) DBB: write, last tick
(9004) DBB: write request from dla, addr 80100040 id 0
(9004) DBB: write data from dla (00000000 00000000...)
(9004) DBB: write, last tick
(9010) DBB: write request from dla, addr 80100040 id 0
(9010) DBB: write data from dla (00000000 00000000...)
(9010) DBB: write, last tick
(9016) DBB: write request from dla, addr 80100040 id 0
(9016) DBB: write data from dla (00000000 00000000...)
(9016) DBB: write, last tick
(9022) DBB: write request from dla, addr 80100040 id 0
(9022) DBB: write data from dla (00000000 00000000...)
(9022) DBB: write, last tick
(9028) DBB: write request from dla, addr 80100040 id 0
(9028) DBB: write data from dla (00000000 00000000...)
(9028) DBB: write, last tick
(9034) DBB: write request from dla, addr 80100040 id 0
(9034) DBB: write data from dla (00000000 00000000...)
(9034) DBB: write, last tick
(9040) DBB: write request from dla, addr 80100080 id 0
(9040) DBB: write data from dla (00000051 00000000...)
(9040) DBB: write, last tick
(9046) DBB: write request from dla, addr 80100080 id 0
(9046) DBB: write data from dla (00002000 00000000...)
(9046) DBB: write, last tick
(9052) DBB: write request from dla, addr 80100080 id 0
(9052) DBB: write data from dla (00510000 00000000...)
(9052) DBB: write, last tick
(9058) DBB: write request from dla, addr 80100080 id 0
(9058) DBB: write data from dla (21000000 00000000...)
(9058) DBB: write, last tick
(9064) DBB: write request from dla, addr 80100080 id 0
(9064) DBB: write data from dla (00000000 00000051...)
(9064) DBB: write, last tick
(9070) DBB: write request from dla, addr 80100080 id 0
(9070) DBB: write data from dla (00000000 00002200...)
(9070) DBB: write, last tick
(9076) DBB: write request from dla, addr 80100080 id 0
(9076) DBB: write data from dla (00000000 00510000...)
(9076) DBB: write, last tick
(9082) DBB: write request from dla, addr 80100080 id 0
(9082) DBB: write data from dla (00000000 23000000...)
(9082) DBB: write, last tick
(9088) DBB: write request from dla, addr 80100080 id 0
(9088) DBB: write data from dla (00000000 00000000...)
(9088) DBB: write, last tick
(9094) DBB: write request from dla, addr 80100080 id 0
(9094) DBB: write data from dla (00000000 00000000...)
(9094) DBB: write, last tick
(9100) DBB: write request from dla, addr 80100080 id 0
(9100) DBB: write data from dla (00000000 00000000...)
(9100) DBB: write, last tick
(9106) DBB: write request from dla, addr 80100080 id 0
(9106) DBB: write data from dla (00000000 00000000...)
(9106) DBB: write, last tick
(9112) DBB: write request from dla, addr 80100080 id 0
(9112) DBB: write data from dla (00000000 00000000...)
(9112) DBB: write, last tick
(9118) DBB: write request from dla, addr 80100080 id 0
(9118) DBB: write data from dla (00000000 00000000...)
(9118) DBB: write, last tick
(9124) DBB: write request from dla, addr 80100080 id 0
(9124) DBB: write data from dla (00000000 00000000...)
(9124) DBB: write, last tick
(9130) DBB: write request from dla, addr 80100080 id 0
(9130) DBB: write data from dla (00000000 00000000...)
(9130) DBB: write, last tick
(9136) DBB: write request from dla, addr 80100080 id 0
(9136) DBB: write data from dla (00000000 00000000...)
(9136) DBB: write, last tick
(9142) DBB: write request from dla, addr 80100080 id 0
(9142) DBB: write data from dla (00000000 00000000...)
(9142) DBB: write, last tick
(9148) DBB: write request from dla, addr 80100080 id 0
(9148) DBB: write data from dla (00000000 00000000...)
(9148) DBB: write, last tick
(9154) DBB: write request from dla, addr 80100080 id 0
(9154) DBB: write data from dla (00000000 00000000...)
(9154) DBB: write, last tick
(9160) DBB: write request from dla, addr 80100080 id 0
(9160) DBB: write data from dla (00000000 00000000...)
(9160) DBB: write, last tick
(9166) DBB: write request from dla, addr 80100080 id 0
(9166) DBB: write data from dla (00000000 00000000...)
(9166) DBB: write, last tick
(9172) DBB: write request from dla, addr 80100080 id 0
(9172) DBB: write data from dla (00000000 00000000...)
(9172) DBB: write, last tick
(9178) DBB: write request from dla, addr 80100080 id 0
(9178) DBB: write data from dla (00000000 00000000...)
(9178) DBB: write, last tick
(9184) DBB: write request from dla, addr 80100080 id 0
(9184) DBB: write data from dla (00000000 00000000...)
(9184) DBB: write, last tick
(9190) DBB: write request from dla, addr 80100080 id 0
(9190) DBB: write data from dla (00000000 00000000...)
(9190) DBB: write, last tick
(9196) DBB: write request from dla, addr 80100080 id 0
(9196) DBB: write data from dla (00000000 00000000...)
(9196) DBB: write, last tick
(9202) DBB: write request from dla, addr 80100080 id 0
(9202) DBB: write data from dla (00000000 00000000...)
(9202) DBB: write, last tick
(9208) DBB: write request from dla, addr 80100080 id 0
(9208) DBB: write data from dla (00000000 00000000...)
(9208) DBB: write, last tick
(9214) DBB: write request from dla, addr 80100080 id 0
(9214) DBB: write data from dla (00000000 00000000...)
(9214) DBB: write, last tick
(9220) DBB: write request from dla, addr 80100080 id 0
(9220) DBB: write data from dla (00000000 00000000...)
(9220) DBB: write, last tick
(9226) DBB: write request from dla, addr 80100080 id 0
(9226) DBB: write data from dla (00000000 00000000...)
(9226) DBB: write, last tick
(9232) DBB: write request from dla, addr 80100080 id 0
(9232) DBB: write data from dla (00000000 00000000...)
(9232) DBB: write, last tick
(9238) DBB: write request from dla, addr 80100080 id 0
(9238) DBB: write data from dla (00000000 00000000...)
(9238) DBB: write, last tick
(9244) DBB: write request from dla, addr 80100080 id 0
(9244) DBB: write data from dla (00000000 00000000...)
(9244) DBB: write, last tick
(9250) DBB: write request from dla, addr 80100080 id 0
(9250) DBB: write data from dla (00000000 00000000...)
(9250) DBB: write, last tick
(9256) DBB: write request from dla, addr 80100080 id 0
(9256) DBB: write data from dla (00000000 00000000...)
(9256) DBB: write, last tick
(9262) DBB: write request from dla, addr 80100080 id 0
(9262) DBB: write data from dla (00000000 00000000...)
(9262) DBB: write, last tick
(9268) DBB: write request from dla, addr 80100080 id 0
(9268) DBB: write data from dla (00000000 00000000...)
(9268) DBB: write, last tick
(9274) DBB: write request from dla, addr 80100080 id 0
(9274) DBB: write data from dla (00000000 00000000...)
(9274) DBB: write, last tick
(9280) DBB: write request from dla, addr 80100080 id 0
(9280) DBB: write data from dla (00000000 00000000...)
(9280) DBB: write, last tick
(9286) DBB: write request from dla, addr 80100080 id 0
(9286) DBB: write data from dla (00000000 00000000...)
(9286) DBB: write, last tick
(9292) DBB: write request from dla, addr 80100080 id 0
(9292) DBB: write data from dla (00000000 00000000...)
(9292) DBB: write, last tick
(9298) DBB: write request from dla, addr 80100080 id 0
(9298) DBB: write data from dla (00000000 00000000...)
(9298) DBB: write, last tick
(9304) DBB: write request from dla, addr 80100080 id 0
(9304) DBB: write data from dla (00000000 00000000...)
(9304) DBB: write, last tick
(9310) DBB: write request from dla, addr 80100080 id 0
(9310) DBB: write data from dla (00000000 00000000...)
(9310) DBB: write, last tick
(9316) DBB: write request from dla, addr 80100080 id 0
(9316) DBB: write data from dla (00000000 00000000...)
(9316) DBB: write, last tick
(9322) DBB: write request from dla, addr 80100080 id 0
(9322) DBB: write data from dla (00000000 00000000...)
(9322) DBB: write, last tick
(9328) DBB: write request from dla, addr 80100080 id 0
(9328) DBB: write data from dla (00000000 00000000...)
(9328) DBB: write, last tick
(9334) DBB: write request from dla, addr 80100080 id 0
(9334) DBB: write data from dla (00000000 00000000...)
(9334) DBB: write, last tick
(9340) DBB: write request from dla, addr 80100080 id 0
(9340) DBB: write data from dla (00000000 00000000...)
(9340) DBB: write, last tick
(9346) DBB: write request from dla, addr 80100080 id 0
(9346) DBB: write data from dla (00000000 00000000...)
(9346) DBB: write, last tick
(9352) DBB: write request from dla, addr 80100080 id 0
(9352) DBB: write data from dla (00000000 00000000...)
(9352) DBB: write, last tick
(9358) DBB: write request from dla, addr 80100080 id 0
(9358) DBB: write data from dla (00000000 00000000...)
(9358) DBB: write, last tick
(9364) DBB: write request from dla, addr 80100080 id 0
(9364) DBB: write data from dla (00000000 00000000...)
(9364) DBB: write, last tick
(9370) DBB: write request from dla, addr 80100080 id 0
(9370) DBB: write data from dla (00000000 00000000...)
(9370) DBB: write, last tick
(9376) DBB: write request from dla, addr 80100080 id 0
(9376) DBB: write data from dla (00000000 00000000...)
(9376) DBB: write, last tick
(9382) DBB: write request from dla, addr 80100080 id 0
(9382) DBB: write data from dla (00000000 00000000...)
(9382) DBB: write, last tick
(9388) DBB: write request from dla, addr 80100080 id 0
(9388) DBB: write data from dla (00000000 00000000...)
(9388) DBB: write, last tick
(9394) DBB: write request from dla, addr 80100080 id 0
(9394) DBB: write data from dla (00000000 00000000...)
(9394) DBB: write, last tick
(9400) DBB: write request from dla, addr 80100080 id 0
(9400) DBB: write data from dla (00000000 00000000...)
(9400) DBB: write, last tick
(9406) DBB: write request from dla, addr 80100080 id 0
(9406) DBB: write data from dla (00000000 00000000...)
(9406) DBB: write, last tick
(9412) DBB: write request from dla, addr 80100080 id 0
(9412) DBB: write data from dla (00000000 00000000...)
(9412) DBB: write, last tick
(9418) DBB: write request from dla, addr 80100080 id 0
(9418) DBB: write data from dla (00000000 00000000...)
(9418) DBB: write, last tick
(9424) DBB: write request from dla, addr 801000c0 id 0
(9424) DBB: write data from dla (00000061 00000000...)
(9424) DBB: write, last tick
(9430) DBB: write request from dla, addr 801000c0 id 0
(9430) DBB: write data from dla (00002000 00000000...)
(9430) DBB: write, last tick
(9436) DBB: write request from dla, addr 801000c0 id 0
(9436) DBB: write data from dla (00610000 00000000...)
(9436) DBB: write, last tick
(9442) DBB: write request from dla, addr 801000c0 id 0
(9442) DBB: write data from dla (21000000 00000000...)
(9442) DBB: write, last tick
(9448) DBB: write request from dla, addr 801000c0 id 0
(9448) DBB: write data from dla (00000000 00000061...)
(9448) DBB: write, last tick
(9454) DBB: write request from dla, addr 801000c0 id 0
(9454) DBB: write data from dla (00000000 00002200...)
(9454) DBB: write, last tick
(9460) DBB: write request from dla, addr 801000c0 id 0
(9460) DBB: write data from dla (00000000 00610000...)
(9460) DBB: write, last tick
(9466) DBB: write request from dla, addr 801000c0 id 0
(9466) DBB: write data from dla (00000000 23000000...)
(9466) DBB: write, last tick
(9472) DBB: write request from dla, addr 801000c0 id 0
(9472) DBB: write data from dla (00000000 00000000...)
(9472) DBB: write, last tick
(9478) DBB: write request from dla, addr 801000c0 id 0
(9478) DBB: write data from dla (00000000 00000000...)
(9478) DBB: write, last tick
(9484) DBB: write request from dla, addr 801000c0 id 0
(9484) DBB: write data from dla (00000000 00000000...)
(9484) DBB: write, last tick
(9490) DBB: write request from dla, addr 801000c0 id 0
(9490) DBB: write data from dla (00000000 00000000...)
(9490) DBB: write, last tick
(9496) DBB: write request from dla, addr 801000c0 id 0
(9496) DBB: write data from dla (00000000 00000000...)
(9496) DBB: write, last tick
(9502) DBB: write request from dla, addr 801000c0 id 0
(9502) DBB: write data from dla (00000000 00000000...)
(9502) DBB: write, last tick
(9508) DBB: write request from dla, addr 801000c0 id 0
(9508) DBB: write data from dla (00000000 00000000...)
(9508) DBB: write, last tick
(9514) DBB: write request from dla, addr 801000c0 id 0
(9514) DBB: write data from dla (00000000 00000000...)
(9514) DBB: write, last tick
(9520) DBB: write request from dla, addr 801000c0 id 0
(9520) DBB: write data from dla (00000000 00000000...)
(9520) DBB: write, last tick
(9526) DBB: write request from dla, addr 801000c0 id 0
(9526) DBB: write data from dla (00000000 00000000...)
(9526) DBB: write, last tick
(9532) DBB: write request from dla, addr 801000c0 id 0
(9532) DBB: write data from dla (00000000 00000000...)
(9532) DBB: write, last tick
(9538) DBB: write request from dla, addr 801000c0 id 0
(9538) DBB: write data from dla (00000000 00000000...)
(9538) DBB: write, last tick
(9544) DBB: write request from dla, addr 801000c0 id 0
(9544) DBB: write data from dla (00000000 00000000...)
(9544) DBB: write, last tick
(9550) DBB: write request from dla, addr 801000c0 id 0
(9550) DBB: write data from dla (00000000 00000000...)
(9550) DBB: write, last tick
(9556) DBB: write request from dla, addr 801000c0 id 0
(9556) DBB: write data from dla (00000000 00000000...)
(9556) DBB: write, last tick
(9562) DBB: write request from dla, addr 801000c0 id 0
(9562) DBB: write data from dla (00000000 00000000...)
(9562) DBB: write, last tick
(9568) DBB: write request from dla, addr 801000c0 id 0
(9568) DBB: write data from dla (00000000 00000000...)
(9568) DBB: write, last tick
(9574) DBB: write request from dla, addr 801000c0 id 0
(9574) DBB: write data from dla (00000000 00000000...)
(9574) DBB: write, last tick
(9580) DBB: write request from dla, addr 801000c0 id 0
(9580) DBB: write data from dla (00000000 00000000...)
(9580) DBB: write, last tick
(9586) DBB: write request from dla, addr 801000c0 id 0
(9586) DBB: write data from dla (00000000 00000000...)
(9586) DBB: write, last tick
(9592) DBB: write request from dla, addr 801000c0 id 0
(9592) DBB: write data from dla (00000000 00000000...)
(9592) DBB: write, last tick
(9598) DBB: write request from dla, addr 801000c0 id 0
(9598) DBB: write data from dla (00000000 00000000...)
(9598) DBB: write, last tick
(9604) DBB: write request from dla, addr 801000c0 id 0
(9604) DBB: write data from dla (00000000 00000000...)
(9604) DBB: write, last tick
(9610) DBB: write request from dla, addr 801000c0 id 0
(9610) DBB: write data from dla (00000000 00000000...)
(9610) DBB: write, last tick
(9616) DBB: write request from dla, addr 801000c0 id 0
(9616) DBB: write data from dla (00000000 00000000...)
(9616) DBB: write, last tick
(9622) DBB: write request from dla, addr 801000c0 id 0
(9622) DBB: write data from dla (00000000 00000000...)
(9622) DBB: write, last tick
(9628) DBB: write request from dla, addr 801000c0 id 0
(9628) DBB: write data from dla (00000000 00000000...)
(9628) DBB: write, last tick
(9634) DBB: write request from dla, addr 801000c0 id 0
(9634) DBB: write data from dla (00000000 00000000...)
(9634) DBB: write, last tick
(9640) DBB: write request from dla, addr 801000c0 id 0
(9640) DBB: write data from dla (00000000 00000000...)
(9640) DBB: write, last tick
(9646) DBB: write request from dla, addr 801000c0 id 0
(9646) DBB: write data from dla (00000000 00000000...)
(9646) DBB: write, last tick
(9652) DBB: write request from dla, addr 801000c0 id 0
(9652) DBB: write data from dla (00000000 00000000...)
(9652) DBB: write, last tick
(9658) DBB: write request from dla, addr 801000c0 id 0
(9658) DBB: write data from dla (00000000 00000000...)
(9658) DBB: write, last tick
(9664) DBB: write request from dla, addr 801000c0 id 0
(9664) DBB: write data from dla (00000000 00000000...)
(9664) DBB: write, last tick
(9670) DBB: write request from dla, addr 801000c0 id 0
(9670) DBB: write data from dla (00000000 00000000...)
(9670) DBB: write, last tick
(9676) DBB: write request from dla, addr 801000c0 id 0
(9676) DBB: write data from dla (00000000 00000000...)
(9676) DBB: write, last tick
(9682) DBB: write request from dla, addr 801000c0 id 0
(9682) DBB: write data from dla (00000000 00000000...)
(9682) DBB: write, last tick
(9688) DBB: write request from dla, addr 801000c0 id 0
(9688) DBB: write data from dla (00000000 00000000...)
(9688) DBB: write, last tick
(9694) DBB: write request from dla, addr 801000c0 id 0
(9694) DBB: write data from dla (00000000 00000000...)
(9694) DBB: write, last tick
(9700) DBB: write request from dla, addr 801000c0 id 0
(9700) DBB: write data from dla (00000000 00000000...)
(9700) DBB: write, last tick
(9706) DBB: write request from dla, addr 801000c0 id 0
(9706) DBB: write data from dla (00000000 00000000...)
(9706) DBB: write, last tick
(9712) DBB: write request from dla, addr 801000c0 id 0
(9712) DBB: write data from dla (00000000 00000000...)
(9712) DBB: write, last tick
(9718) DBB: write request from dla, addr 801000c0 id 0
(9718) DBB: write data from dla (00000000 00000000...)
(9718) DBB: write, last tick
(9724) DBB: write request from dla, addr 801000c0 id 0
(9724) DBB: write data from dla (00000000 00000000...)
(9724) DBB: write, last tick
(9730) DBB: write request from dla, addr 801000c0 id 0
(9730) DBB: write data from dla (00000000 00000000...)
(9730) DBB: write, last tick
(9736) DBB: write request from dla, addr 801000c0 id 0
(9736) DBB: write data from dla (00000000 00000000...)
(9736) DBB: write, last tick
(9742) DBB: write request from dla, addr 801000c0 id 0
(9742) DBB: write data from dla (00000000 00000000...)
(9742) DBB: write, last tick
(9748) DBB: write request from dla, addr 801000c0 id 0
(9748) DBB: write data from dla (00000000 00000000...)
(9748) DBB: write, last tick
(9754) DBB: write request from dla, addr 801000c0 id 0
(9754) DBB: write data from dla (00000000 00000000...)
(9754) DBB: write, last tick
(9760) DBB: write request from dla, addr 801000c0 id 0
(9760) DBB: write data from dla (00000000 00000000...)
(9760) DBB: write, last tick
(9766) DBB: write request from dla, addr 801000c0 id 0
(9766) DBB: write data from dla (00000000 00000000...)
(9766) DBB: write, last tick
(9772) DBB: write request from dla, addr 801000c0 id 0
(9772) DBB: write data from dla (00000000 00000000...)
(9772) DBB: write, last tick
(9778) DBB: write request from dla, addr 801000c0 id 0
(9778) DBB: write data from dla (00000000 00000000...)
(9778) DBB: write, last tick
(9784) DBB: write request from dla, addr 801000c0 id 0
(9784) DBB: write data from dla (00000000 00000000...)
(9784) DBB: write, last tick
(9790) DBB: write request from dla, addr 801000c0 id 0
(9790) DBB: write data from dla (00000000 00000000...)
(9790) DBB: write, last tick
(9796) DBB: write request from dla, addr 801000c0 id 0
(9796) DBB: write data from dla (00000000 00000000...)
(9796) DBB: write, last tick
(9802) DBB: write request from dla, addr 801000c0 id 0
(9802) DBB: write data from dla (00000000 00000000...)
(9802) DBB: write, last tick
(9808) DBB: write request from dla, addr 80100100 id 0
(9808) DBB: write data from dla (00000022 00000000...)
(9808) DBB: write, last tick
(9814) DBB: write request from dla, addr 80100100 id 0
(9814) DBB: write data from dla (00002000 00000000...)
(9814) DBB: write, last tick
(9820) DBB: write request from dla, addr 80100100 id 0
(9820) DBB: write data from dla (00220000 00000000...)
(9820) DBB: write, last tick
(9826) DBB: write request from dla, addr 80100100 id 0
(9826) DBB: write data from dla (21000000 00000000...)
(9826) DBB: write, last tick
(9832) DBB: write request from dla, addr 80100100 id 0
(9832) DBB: write data from dla (00000000 00000022...)
(9832) DBB: write, last tick
(9838) DBB: write request from dla, addr 80100100 id 0
(9838) DBB: write data from dla (00000000 00002200...)
(9838) DBB: write, last tick
(9844) DBB: write request from dla, addr 80100100 id 0
(9844) DBB: write data from dla (00000000 00220000...)
(9844) DBB: write, last tick
(9850) DBB: write request from dla, addr 80100100 id 0
(9850) DBB: write data from dla (00000000 23000000...)
(9850) DBB: write, last tick
(9856) DBB: write request from dla, addr 80100100 id 0
(9856) DBB: write data from dla (00000000 00000000...)
(9856) DBB: write, last tick
(9862) DBB: write request from dla, addr 80100100 id 0
(9862) DBB: write data from dla (00000000 00000000...)
(9862) DBB: write, last tick
(9868) DBB: write request from dla, addr 80100100 id 0
(9868) DBB: write data from dla (00000000 00000000...)
(9868) DBB: write, last tick
(9874) DBB: write request from dla, addr 80100100 id 0
(9874) DBB: write data from dla (00000000 00000000...)
(9874) DBB: write, last tick
(9880) DBB: write request from dla, addr 80100100 id 0
(9880) DBB: write data from dla (00000000 00000000...)
(9880) DBB: write, last tick
(9886) DBB: write request from dla, addr 80100100 id 0
(9886) DBB: write data from dla (00000000 00000000...)
(9886) DBB: write, last tick
(9892) DBB: write request from dla, addr 80100100 id 0
(9892) DBB: write data from dla (00000000 00000000...)
(9892) DBB: write, last tick
(9898) DBB: write request from dla, addr 80100100 id 0
(9898) DBB: write data from dla (00000000 00000000...)
(9898) DBB: write, last tick
(9904) DBB: write request from dla, addr 80100100 id 0
(9904) DBB: write data from dla (00000000 00000000...)
(9904) DBB: write, last tick
(9910) DBB: write request from dla, addr 80100100 id 0
(9910) DBB: write data from dla (00000000 00000000...)
(9910) DBB: write, last tick
(9916) DBB: write request from dla, addr 80100100 id 0
(9916) DBB: write data from dla (00000000 00000000...)
(9916) DBB: write, last tick
(9922) DBB: write request from dla, addr 80100100 id 0
(9922) DBB: write data from dla (00000000 00000000...)
(9922) DBB: write, last tick
(9928) DBB: write request from dla, addr 80100100 id 0
(9928) DBB: write data from dla (00000000 00000000...)
(9928) DBB: write, last tick
(9934) DBB: write request from dla, addr 80100100 id 0
(9934) DBB: write data from dla (00000000 00000000...)
(9934) DBB: write, last tick
(9940) DBB: write request from dla, addr 80100100 id 0
(9940) DBB: write data from dla (00000000 00000000...)
(9940) DBB: write, last tick
(9946) DBB: write request from dla, addr 80100100 id 0
(9946) DBB: write data from dla (00000000 00000000...)
(9946) DBB: write, last tick
(9952) DBB: write request from dla, addr 80100100 id 0
(9952) DBB: write data from dla (00000000 00000000...)
(9952) DBB: write, last tick
(9958) DBB: write request from dla, addr 80100100 id 0
(9958) DBB: write data from dla (00000000 00000000...)
(9958) DBB: write, last tick
(9964) DBB: write request from dla, addr 80100100 id 0
(9964) DBB: write data from dla (00000000 00000000...)
(9964) DBB: write, last tick
(9970) DBB: write request from dla, addr 80100100 id 0
(9970) DBB: write data from dla (00000000 00000000...)
(9970) DBB: write, last tick
(9976) DBB: write request from dla, addr 80100100 id 0
(9976) DBB: write data from dla (00000000 00000000...)
(9976) DBB: write, last tick
(9982) DBB: write request from dla, addr 80100100 id 0
(9982) DBB: write data from dla (00000000 00000000...)
(9982) DBB: write, last tick
(9988) DBB: write request from dla, addr 80100100 id 0
(9988) DBB: write data from dla (00000000 00000000...)
(9988) DBB: write, last tick
(9994) DBB: write request from dla, addr 80100100 id 0
(9994) DBB: write data from dla (00000000 00000000...)
(9994) DBB: write, last tick
(10000) DBB: write request from dla, addr 80100100 id 0
(10000) DBB: write data from dla (00000000 00000000...)
(10000) DBB: write, last tick
(10006) DBB: write request from dla, addr 80100100 id 0
(10006) DBB: write data from dla (00000000 00000000...)
(10006) DBB: write, last tick
(10012) DBB: write request from dla, addr 80100100 id 0
(10012) DBB: write data from dla (00000000 00000000...)
(10012) DBB: write, last tick
(10018) DBB: write request from dla, addr 80100100 id 0
(10018) DBB: write data from dla (00000000 00000000...)
(10018) DBB: write, last tick
(10024) DBB: write request from dla, addr 80100100 id 0
(10024) DBB: write data from dla (00000000 00000000...)
(10024) DBB: write, last tick
(10030) DBB: write request from dla, addr 80100100 id 0
(10030) DBB: write data from dla (00000000 00000000...)
(10030) DBB: write, last tick
(10036) DBB: write request from dla, addr 80100100 id 0
(10036) DBB: write data from dla (00000000 00000000...)
(10036) DBB: write, last tick
(10042) DBB: write request from dla, addr 80100100 id 0
(10042) DBB: write data from dla (00000000 00000000...)
(10042) DBB: write, last tick
(10048) DBB: write request from dla, addr 80100100 id 0
(10048) DBB: write data from dla (00000000 00000000...)
(10048) DBB: write, last tick
(10054) DBB: write request from dla, addr 80100100 id 0
(10054) DBB: write data from dla (00000000 00000000...)
(10054) DBB: write, last tick
(10060) DBB: write request from dla, addr 80100100 id 0
(10060) DBB: write data from dla (00000000 00000000...)
(10060) DBB: write, last tick
(10066) DBB: write request from dla, addr 80100100 id 0
(10066) DBB: write data from dla (00000000 00000000...)
(10066) DBB: write, last tick
(10072) DBB: write request from dla, addr 80100100 id 0
(10072) DBB: write data from dla (00000000 00000000...)
(10072) DBB: write, last tick
(10078) DBB: write request from dla, addr 80100100 id 0
(10078) DBB: write data from dla (00000000 00000000...)
(10078) DBB: write, last tick
(10084) DBB: write request from dla, addr 80100100 id 0
(10084) DBB: write data from dla (00000000 00000000...)
(10084) DBB: write, last tick
(10090) DBB: write request from dla, addr 80100100 id 0
(10090) DBB: write data from dla (00000000 00000000...)
(10090) DBB: write, last tick
(10096) DBB: write request from dla, addr 80100100 id 0
(10096) DBB: write data from dla (00000000 00000000...)
(10096) DBB: write, last tick
(10102) DBB: write request from dla, addr 80100100 id 0
(10102) DBB: write data from dla (00000000 00000000...)
(10102) DBB: write, last tick
(10108) DBB: write request from dla, addr 80100100 id 0
(10108) DBB: write data from dla (00000000 00000000...)
(10108) DBB: write, last tick
(10114) DBB: write request from dla, addr 80100100 id 0
(10114) DBB: write data from dla (00000000 00000000...)
(10114) DBB: write, last tick
(10120) DBB: write request from dla, addr 80100100 id 0
(10120) DBB: write data from dla (00000000 00000000...)
(10120) DBB: write, last tick
(10126) DBB: write request from dla, addr 80100100 id 0
(10126) DBB: write data from dla (00000000 00000000...)
(10126) DBB: write, last tick
(10132) DBB: write request from dla, addr 80100100 id 0
(10132) DBB: write data from dla (00000000 00000000...)
(10132) DBB: write, last tick
(10138) DBB: write request from dla, addr 80100100 id 0
(10138) DBB: write data from dla (00000000 00000000...)
(10138) DBB: write, last tick
(10144) DBB: write request from dla, addr 80100100 id 0
(10144) DBB: write data from dla (00000000 00000000...)
(10144) DBB: write, last tick
(10150) DBB: write request from dla, addr 80100100 id 0
(10150) DBB: write data from dla (00000000 00000000...)
(10150) DBB: write, last tick
(10156) DBB: write request from dla, addr 80100100 id 0
(10156) DBB: write data from dla (00000000 00000000...)
(10156) DBB: write, last tick
(10162) DBB: write request from dla, addr 80100100 id 0
(10162) DBB: write data from dla (00000000 00000000...)
(10162) DBB: write, last tick
(10168) DBB: write request from dla, addr 80100100 id 0
(10168) DBB: write data from dla (00000000 00000000...)
(10168) DBB: write, last tick
(10174) DBB: write request from dla, addr 80100100 id 0
(10174) DBB: write data from dla (00000000 00000000...)
(10174) DBB: write, last tick
(10180) DBB: write request from dla, addr 80100100 id 0
(10180) DBB: write data from dla (00000000 00000000...)
(10180) DBB: write, last tick
(10186) DBB: write request from dla, addr 80100100 id 0
(10186) DBB: write data from dla (00000000 00000000...)
(10186) DBB: write, last tick
(10192) DBB: write request from dla, addr 80100140 id 0
(10192) DBB: write data from dla (00000042 00000000...)
(10192) DBB: write, last tick
(10198) DBB: write request from dla, addr 80100140 id 0
(10198) DBB: write data from dla (00002000 00000000...)
(10198) DBB: write, last tick
(10204) DBB: write request from dla, addr 80100140 id 0
(10204) DBB: write data from dla (00420000 00000000...)
(10204) DBB: write, last tick
(10210) DBB: write request from dla, addr 80100140 id 0
(10210) DBB: write data from dla (21000000 00000000...)
(10210) DBB: write, last tick
(10216) DBB: write request from dla, addr 80100140 id 0
(10216) DBB: write data from dla (00000000 00000042...)
(10216) DBB: write, last tick
(10222) DBB: write request from dla, addr 80100140 id 0
(10222) DBB: write data from dla (00000000 00002200...)
(10222) DBB: write, last tick
(10228) DBB: write request from dla, addr 80100140 id 0
(10228) DBB: write data from dla (00000000 00420000...)
(10228) DBB: write, last tick
(10234) DBB: write request from dla, addr 80100140 id 0
(10234) DBB: write data from dla (00000000 23000000...)
(10234) DBB: write, last tick
(10240) DBB: write request from dla, addr 80100140 id 0
(10240) DBB: write data from dla (00000000 00000000...)
(10240) DBB: write, last tick
(10246) DBB: write request from dla, addr 80100140 id 0
(10246) DBB: write data from dla (00000000 00000000...)
(10246) DBB: write, last tick
(10252) DBB: write request from dla, addr 80100140 id 0
(10252) DBB: write data from dla (00000000 00000000...)
(10252) DBB: write, last tick
(10258) DBB: write request from dla, addr 80100140 id 0
(10258) DBB: write data from dla (00000000 00000000...)
(10258) DBB: write, last tick
(10264) DBB: write request from dla, addr 80100140 id 0
(10264) DBB: write data from dla (00000000 00000000...)
(10264) DBB: write, last tick
(10270) DBB: write request from dla, addr 80100140 id 0
(10270) DBB: write data from dla (00000000 00000000...)
(10270) DBB: write, last tick
(10276) DBB: write request from dla, addr 80100140 id 0
(10276) DBB: write data from dla (00000000 00000000...)
(10276) DBB: write, last tick
(10282) DBB: write request from dla, addr 80100140 id 0
(10282) DBB: write data from dla (00000000 00000000...)
(10282) DBB: write, last tick
(10288) DBB: write request from dla, addr 80100140 id 0
(10288) DBB: write data from dla (00000000 00000000...)
(10288) DBB: write, last tick
(10294) DBB: write request from dla, addr 80100140 id 0
(10294) DBB: write data from dla (00000000 00000000...)
(10294) DBB: write, last tick
(10300) DBB: write request from dla, addr 80100140 id 0
(10300) DBB: write data from dla (00000000 00000000...)
(10300) DBB: write, last tick
(10306) DBB: write request from dla, addr 80100140 id 0
(10306) DBB: write data from dla (00000000 00000000...)
(10306) DBB: write, last tick
(10312) DBB: write request from dla, addr 80100140 id 0
(10312) DBB: write data from dla (00000000 00000000...)
(10312) DBB: write, last tick
(10318) DBB: write request from dla, addr 80100140 id 0
(10318) DBB: write data from dla (00000000 00000000...)
(10318) DBB: write, last tick
(10324) DBB: write request from dla, addr 80100140 id 0
(10324) DBB: write data from dla (00000000 00000000...)
(10324) DBB: write, last tick
(10330) DBB: write request from dla, addr 80100140 id 0
(10330) DBB: write data from dla (00000000 00000000...)
(10330) DBB: write, last tick
(10336) DBB: write request from dla, addr 80100140 id 0
(10336) DBB: write data from dla (00000000 00000000...)
(10336) DBB: write, last tick
(10342) DBB: write request from dla, addr 80100140 id 0
(10342) DBB: write data from dla (00000000 00000000...)
(10342) DBB: write, last tick
(10348) DBB: write request from dla, addr 80100140 id 0
(10348) DBB: write data from dla (00000000 00000000...)
(10348) DBB: write, last tick
(10354) DBB: write request from dla, addr 80100140 id 0
(10354) DBB: write data from dla (00000000 00000000...)
(10354) DBB: write, last tick
(10360) DBB: write request from dla, addr 80100140 id 0
(10360) DBB: write data from dla (00000000 00000000...)
(10360) DBB: write, last tick
(10366) DBB: write request from dla, addr 80100140 id 0
(10366) DBB: write data from dla (00000000 00000000...)
(10366) DBB: write, last tick
(10372) DBB: write request from dla, addr 80100140 id 0
(10372) DBB: write data from dla (00000000 00000000...)
(10372) DBB: write, last tick
(10378) DBB: write request from dla, addr 80100140 id 0
(10378) DBB: write data from dla (00000000 00000000...)
(10378) DBB: write, last tick
(10384) DBB: write request from dla, addr 80100140 id 0
(10384) DBB: write data from dla (00000000 00000000...)
(10384) DBB: write, last tick
(10390) DBB: write request from dla, addr 80100140 id 0
(10390) DBB: write data from dla (00000000 00000000...)
(10390) DBB: write, last tick
(10396) DBB: write request from dla, addr 80100140 id 0
(10396) DBB: write data from dla (00000000 00000000...)
(10396) DBB: write, last tick
(10402) DBB: write request from dla, addr 80100140 id 0
(10402) DBB: write data from dla (00000000 00000000...)
(10402) DBB: write, last tick
(10408) DBB: write request from dla, addr 80100140 id 0
(10408) DBB: write data from dla (00000000 00000000...)
(10408) DBB: write, last tick
(10414) DBB: write request from dla, addr 80100140 id 0
(10414) DBB: write data from dla (00000000 00000000...)
(10414) DBB: write, last tick
(10420) DBB: write request from dla, addr 80100140 id 0
(10420) DBB: write data from dla (00000000 00000000...)
(10420) DBB: write, last tick
(10426) DBB: write request from dla, addr 80100140 id 0
(10426) DBB: write data from dla (00000000 00000000...)
(10426) DBB: write, last tick
(10432) DBB: write request from dla, addr 80100140 id 0
(10432) DBB: write data from dla (00000000 00000000...)
(10432) DBB: write, last tick
(10438) DBB: write request from dla, addr 80100140 id 0
(10438) DBB: write data from dla (00000000 00000000...)
(10438) DBB: write, last tick
(10444) DBB: write request from dla, addr 80100140 id 0
(10444) DBB: write data from dla (00000000 00000000...)
(10444) DBB: write, last tick
(10450) DBB: write request from dla, addr 80100140 id 0
(10450) DBB: write data from dla (00000000 00000000...)
(10450) DBB: write, last tick
(10456) DBB: write request from dla, addr 80100140 id 0
(10456) DBB: write data from dla (00000000 00000000...)
(10456) DBB: write, last tick
(10462) DBB: write request from dla, addr 80100140 id 0
(10462) DBB: write data from dla (00000000 00000000...)
(10462) DBB: write, last tick
(10468) DBB: write request from dla, addr 80100140 id 0
(10468) DBB: write data from dla (00000000 00000000...)
(10468) DBB: write, last tick
(10474) DBB: write request from dla, addr 80100140 id 0
(10474) DBB: write data from dla (00000000 00000000...)
(10474) DBB: write, last tick
(10480) DBB: write request from dla, addr 80100140 id 0
(10480) DBB: write data from dla (00000000 00000000...)
(10480) DBB: write, last tick
(10486) DBB: write request from dla, addr 80100140 id 0
(10486) DBB: write data from dla (00000000 00000000...)
(10486) DBB: write, last tick
(10492) DBB: write request from dla, addr 80100140 id 0
(10492) DBB: write data from dla (00000000 00000000...)
(10492) DBB: write, last tick
(10498) DBB: write request from dla, addr 80100140 id 0
(10498) DBB: write data from dla (00000000 00000000...)
(10498) DBB: write, last tick
(10504) DBB: write request from dla, addr 80100140 id 0
(10504) DBB: write data from dla (00000000 00000000...)
(10504) DBB: write, last tick
(10510) DBB: write request from dla, addr 80100140 id 0
(10510) DBB: write data from dla (00000000 00000000...)
(10510) DBB: write, last tick
(10516) DBB: write request from dla, addr 80100140 id 0
(10516) DBB: write data from dla (00000000 00000000...)
(10516) DBB: write, last tick
(10522) DBB: write request from dla, addr 80100140 id 0
(10522) DBB: write data from dla (00000000 00000000...)
(10522) DBB: write, last tick
(10528) DBB: write request from dla, addr 80100140 id 0
(10528) DBB: write data from dla (00000000 00000000...)
(10528) DBB: write, last tick
(10534) DBB: write request from dla, addr 80100140 id 0
(10534) DBB: write data from dla (00000000 00000000...)
(10534) DBB: write, last tick
(10540) DBB: write request from dla, addr 80100140 id 0
(10540) DBB: write data from dla (00000000 00000000...)
(10540) DBB: write, last tick
(10546) DBB: write request from dla, addr 80100140 id 0
(10546) DBB: write data from dla (00000000 00000000...)
(10546) DBB: write, last tick
(10552) DBB: write request from dla, addr 80100140 id 0
(10552) DBB: write data from dla (00000000 00000000...)
(10552) DBB: write, last tick
(10558) DBB: write request from dla, addr 80100140 id 0
(10558) DBB: write data from dla (00000000 00000000...)
(10558) DBB: write, last tick
(10564) DBB: write request from dla, addr 80100140 id 0
(10564) DBB: write data from dla (00000000 00000000...)
(10564) DBB: write, last tick
(10570) DBB: write request from dla, addr 80100140 id 0
(10570) DBB: write data from dla (00000000 00000000...)
(10570) DBB: write, last tick
(10576) DBB: write request from dla, addr 80100180 id 0
(10576) DBB: write data from dla (00000062 00000000...)
(10576) DBB: write, last tick
(10582) DBB: write request from dla, addr 80100180 id 0
(10582) DBB: write data from dla (00002000 00000000...)
(10582) DBB: write, last tick
(10588) DBB: write request from dla, addr 80100180 id 0
(10588) DBB: write data from dla (00620000 00000000...)
(10588) DBB: write, last tick
(10594) DBB: write request from dla, addr 80100180 id 0
(10594) DBB: write data from dla (21000000 00000000...)
(10594) DBB: write, last tick
(10600) DBB: write request from dla, addr 80100180 id 0
(10600) DBB: write data from dla (00000000 00000062...)
(10600) DBB: write, last tick
(10606) DBB: write request from dla, addr 80100180 id 0
(10606) DBB: write data from dla (00000000 00002200...)
(10606) DBB: write, last tick
(10612) DBB: write request from dla, addr 80100180 id 0
(10612) DBB: write data from dla (00000000 00620000...)
(10612) DBB: write, last tick
(10618) DBB: write request from dla, addr 80100180 id 0
(10618) DBB: write data from dla (00000000 23000000...)
(10618) DBB: write, last tick
(10624) DBB: write request from dla, addr 80100180 id 0
(10624) DBB: write data from dla (00000000 00000000...)
(10624) DBB: write, last tick
(10630) DBB: write request from dla, addr 80100180 id 0
(10630) DBB: write data from dla (00000000 00000000...)
(10630) DBB: write, last tick
(10636) DBB: write request from dla, addr 80100180 id 0
(10636) DBB: write data from dla (00000000 00000000...)
(10636) DBB: write, last tick
(10642) DBB: write request from dla, addr 80100180 id 0
(10642) DBB: write data from dla (00000000 00000000...)
(10642) DBB: write, last tick
(10648) DBB: write request from dla, addr 80100180 id 0
(10648) DBB: write data from dla (00000000 00000000...)
(10648) DBB: write, last tick
(10654) DBB: write request from dla, addr 80100180 id 0
(10654) DBB: write data from dla (00000000 00000000...)
(10654) DBB: write, last tick
(10660) DBB: write request from dla, addr 80100180 id 0
(10660) DBB: write data from dla (00000000 00000000...)
(10660) DBB: write, last tick
(10666) DBB: write request from dla, addr 80100180 id 0
(10666) DBB: write data from dla (00000000 00000000...)
(10666) DBB: write, last tick
(10672) DBB: write request from dla, addr 80100180 id 0
(10672) DBB: write data from dla (00000000 00000000...)
(10672) DBB: write, last tick
(10678) DBB: write request from dla, addr 80100180 id 0
(10678) DBB: write data from dla (00000000 00000000...)
(10678) DBB: write, last tick
(10684) DBB: write request from dla, addr 80100180 id 0
(10684) DBB: write data from dla (00000000 00000000...)
(10684) DBB: write, last tick
(10690) DBB: write request from dla, addr 80100180 id 0
(10690) DBB: write data from dla (00000000 00000000...)
(10690) DBB: write, last tick
(10696) DBB: write request from dla, addr 80100180 id 0
(10696) DBB: write data from dla (00000000 00000000...)
(10696) DBB: write, last tick
(10702) DBB: write request from dla, addr 80100180 id 0
(10702) DBB: write data from dla (00000000 00000000...)
(10702) DBB: write, last tick
(10708) DBB: write request from dla, addr 80100180 id 0
(10708) DBB: write data from dla (00000000 00000000...)
(10708) DBB: write, last tick
(10714) DBB: write request from dla, addr 80100180 id 0
(10714) DBB: write data from dla (00000000 00000000...)
(10714) DBB: write, last tick
(10720) DBB: write request from dla, addr 80100180 id 0
(10720) DBB: write data from dla (00000000 00000000...)
(10720) DBB: write, last tick
(10726) DBB: write request from dla, addr 80100180 id 0
(10726) DBB: write data from dla (00000000 00000000...)
(10726) DBB: write, last tick
(10732) DBB: write request from dla, addr 80100180 id 0
(10732) DBB: write data from dla (00000000 00000000...)
(10732) DBB: write, last tick
(10738) DBB: write request from dla, addr 80100180 id 0
(10738) DBB: write data from dla (00000000 00000000...)
(10738) DBB: write, last tick
(10744) DBB: write request from dla, addr 80100180 id 0
(10744) DBB: write data from dla (00000000 00000000...)
(10744) DBB: write, last tick
(10750) DBB: write request from dla, addr 80100180 id 0
(10750) DBB: write data from dla (00000000 00000000...)
(10750) DBB: write, last tick
(10756) DBB: write request from dla, addr 80100180 id 0
(10756) DBB: write data from dla (00000000 00000000...)
(10756) DBB: write, last tick
(10762) DBB: write request from dla, addr 80100180 id 0
(10762) DBB: write data from dla (00000000 00000000...)
(10762) DBB: write, last tick
(10768) DBB: write request from dla, addr 80100180 id 0
(10768) DBB: write data from dla (00000000 00000000...)
(10768) DBB: write, last tick
(10774) DBB: write request from dla, addr 80100180 id 0
(10774) DBB: write data from dla (00000000 00000000...)
(10774) DBB: write, last tick
(10780) DBB: write request from dla, addr 80100180 id 0
(10780) DBB: write data from dla (00000000 00000000...)
(10780) DBB: write, last tick
(10786) DBB: write request from dla, addr 80100180 id 0
(10786) DBB: write data from dla (00000000 00000000...)
(10786) DBB: write, last tick
(10792) DBB: write request from dla, addr 80100180 id 0
(10792) DBB: write data from dla (00000000 00000000...)
(10792) DBB: write, last tick
(10798) DBB: write request from dla, addr 80100180 id 0
(10798) DBB: write data from dla (00000000 00000000...)
(10798) DBB: write, last tick
(10804) DBB: write request from dla, addr 80100180 id 0
(10804) DBB: write data from dla (00000000 00000000...)
(10804) DBB: write, last tick
(10810) DBB: write request from dla, addr 80100180 id 0
(10810) DBB: write data from dla (00000000 00000000...)
(10810) DBB: write, last tick
(10816) DBB: write request from dla, addr 80100180 id 0
(10816) DBB: write data from dla (00000000 00000000...)
(10816) DBB: write, last tick
(10822) DBB: write request from dla, addr 80100180 id 0
(10822) DBB: write data from dla (00000000 00000000...)
(10822) DBB: write, last tick
(10828) DBB: write request from dla, addr 80100180 id 0
(10828) DBB: write data from dla (00000000 00000000...)
(10828) DBB: write, last tick
(10834) DBB: write request from dla, addr 80100180 id 0
(10834) DBB: write data from dla (00000000 00000000...)
(10834) DBB: write, last tick
(10840) DBB: write request from dla, addr 80100180 id 0
(10840) DBB: write data from dla (00000000 00000000...)
(10840) DBB: write, last tick
(10846) DBB: write request from dla, addr 80100180 id 0
(10846) DBB: write data from dla (00000000 00000000...)
(10846) DBB: write, last tick
(10852) DBB: write request from dla, addr 80100180 id 0
(10852) DBB: write data from dla (00000000 00000000...)
(10852) DBB: write, last tick
(10858) DBB: write request from dla, addr 80100180 id 0
(10858) DBB: write data from dla (00000000 00000000...)
(10858) DBB: write, last tick
(10864) DBB: write request from dla, addr 80100180 id 0
(10864) DBB: write data from dla (00000000 00000000...)
(10864) DBB: write, last tick
(10870) DBB: write request from dla, addr 80100180 id 0
(10870) DBB: write data from dla (00000000 00000000...)
(10870) DBB: write, last tick
(10876) DBB: write request from dla, addr 80100180 id 0
(10876) DBB: write data from dla (00000000 00000000...)
(10876) DBB: write, last tick
(10882) DBB: write request from dla, addr 80100180 id 0
(10882) DBB: write data from dla (00000000 00000000...)
(10882) DBB: write, last tick
(10888) DBB: write request from dla, addr 80100180 id 0
(10888) DBB: write data from dla (00000000 00000000...)
(10888) DBB: write, last tick
(10894) DBB: write request from dla, addr 80100180 id 0
(10894) DBB: write data from dla (00000000 00000000...)
(10894) DBB: write, last tick
(10900) DBB: write request from dla, addr 80100180 id 0
(10900) DBB: write data from dla (00000000 00000000...)
(10900) DBB: write, last tick
(10906) DBB: write request from dla, addr 80100180 id 0
(10906) DBB: write data from dla (00000000 00000000...)
(10906) DBB: write, last tick
(10912) DBB: write request from dla, addr 80100180 id 0
(10912) DBB: write data from dla (00000000 00000000...)
(10912) DBB: write, last tick
(10918) DBB: write request from dla, addr 80100180 id 0
(10918) DBB: write data from dla (00000000 00000000...)
(10918) DBB: write, last tick
(10924) DBB: write request from dla, addr 80100180 id 0
(10924) DBB: write data from dla (00000000 00000000...)
(10924) DBB: write, last tick
(10930) DBB: write request from dla, addr 80100180 id 0
(10930) DBB: write data from dla (00000000 00000000...)
(10930) DBB: write, last tick
(10936) DBB: write request from dla, addr 80100180 id 0
(10936) DBB: write data from dla (00000000 00000000...)
(10936) DBB: write, last tick
(10942) DBB: write request from dla, addr 80100180 id 0
(10942) DBB: write data from dla (00000000 00000000...)
(10942) DBB: write, last tick
(10948) DBB: write request from dla, addr 80100180 id 0
(10948) DBB: write data from dla (00000000 00000000...)
(10948) DBB: write, last tick
(10954) DBB: write request from dla, addr 80100180 id 0
(10954) DBB: write data from dla (00000000 00000000...)
(10954) DBB: write, last tick
(10960) DBB: write request from dla, addr 801001c0 id 0
(10960) DBB: write data from dla (00000013 00000000...)
(10960) DBB: write, last tick
(10966) DBB: write request from dla, addr 801001c0 id 0
(10966) DBB: write data from dla (00002000 00000000...)
(10966) DBB: write, last tick
(10972) DBB: write request from dla, addr 801001c0 id 0
(10972) DBB: write data from dla (00130000 00000000...)
(10972) DBB: write, last tick
(10978) DBB: write request from dla, addr 801001c0 id 0
(10978) DBB: write data from dla (21000000 00000000...)
(10978) DBB: write, last tick
(10984) DBB: write request from dla, addr 801001c0 id 0
(10984) DBB: write data from dla (00000000 00000013...)
(10984) DBB: write, last tick
(10990) DBB: write request from dla, addr 801001c0 id 0
(10990) DBB: write data from dla (00000000 00002200...)
(10990) DBB: write, last tick
(10996) DBB: write request from dla, addr 801001c0 id 0
(10996) DBB: write data from dla (00000000 00130000...)
(10996) DBB: write, last tick
(11002) DBB: write request from dla, addr 801001c0 id 0
(11002) DBB: write data from dla (00000000 23000000...)
(11002) DBB: write, last tick
(11008) DBB: write request from dla, addr 801001c0 id 0
(11008) DBB: write data from dla (00000000 00000000...)
(11008) DBB: write, last tick
(11014) DBB: write request from dla, addr 801001c0 id 0
(11014) DBB: write data from dla (00000000 00000000...)
(11014) DBB: write, last tick
(11020) DBB: write request from dla, addr 801001c0 id 0
(11020) DBB: write data from dla (00000000 00000000...)
(11020) DBB: write, last tick
(11026) DBB: write request from dla, addr 801001c0 id 0
(11026) DBB: write data from dla (00000000 00000000...)
(11026) DBB: write, last tick
(11032) DBB: write request from dla, addr 801001c0 id 0
(11032) DBB: write data from dla (00000000 00000000...)
(11032) DBB: write, last tick
(11038) DBB: write request from dla, addr 801001c0 id 0
(11038) DBB: write data from dla (00000000 00000000...)
(11038) DBB: write, last tick
(11044) DBB: write request from dla, addr 801001c0 id 0
(11044) DBB: write data from dla (00000000 00000000...)
(11044) DBB: write, last tick
(11050) DBB: write request from dla, addr 801001c0 id 0
(11050) DBB: write data from dla (00000000 00000000...)
(11050) DBB: write, last tick
(11056) DBB: write request from dla, addr 801001c0 id 0
(11056) DBB: write data from dla (00000000 00000000...)
(11056) DBB: write, last tick
(11062) DBB: write request from dla, addr 801001c0 id 0
(11062) DBB: write data from dla (00000000 00000000...)
(11062) DBB: write, last tick
(11068) DBB: write request from dla, addr 801001c0 id 0
(11068) DBB: write data from dla (00000000 00000000...)
(11068) DBB: write, last tick
(11074) DBB: write request from dla, addr 801001c0 id 0
(11074) DBB: write data from dla (00000000 00000000...)
(11074) DBB: write, last tick
(11080) DBB: write request from dla, addr 801001c0 id 0
(11080) DBB: write data from dla (00000000 00000000...)
(11080) DBB: write, last tick
(11086) DBB: write request from dla, addr 801001c0 id 0
(11086) DBB: write data from dla (00000000 00000000...)
(11086) DBB: write, last tick
(11092) DBB: write request from dla, addr 801001c0 id 0
(11092) DBB: write data from dla (00000000 00000000...)
(11092) DBB: write, last tick
(11098) DBB: write request from dla, addr 801001c0 id 0
(11098) DBB: write data from dla (00000000 00000000...)
(11098) DBB: write, last tick
(11104) DBB: write request from dla, addr 801001c0 id 0
(11104) DBB: write data from dla (00000000 00000000...)
(11104) DBB: write, last tick
(11110) DBB: write request from dla, addr 801001c0 id 0
(11110) DBB: write data from dla (00000000 00000000...)
(11110) DBB: write, last tick
(11116) DBB: write request from dla, addr 801001c0 id 0
(11116) DBB: write data from dla (00000000 00000000...)
(11116) DBB: write, last tick
(11122) DBB: write request from dla, addr 801001c0 id 0
(11122) DBB: write data from dla (00000000 00000000...)
(11122) DBB: write, last tick
(11128) DBB: write request from dla, addr 801001c0 id 0
(11128) DBB: write data from dla (00000000 00000000...)
(11128) DBB: write, last tick
(11134) DBB: write request from dla, addr 801001c0 id 0
(11134) DBB: write data from dla (00000000 00000000...)
(11134) DBB: write, last tick
(11140) DBB: write request from dla, addr 801001c0 id 0
(11140) DBB: write data from dla (00000000 00000000...)
(11140) DBB: write, last tick
(11146) DBB: write request from dla, addr 801001c0 id 0
(11146) DBB: write data from dla (00000000 00000000...)
(11146) DBB: write, last tick
(11152) DBB: write request from dla, addr 801001c0 id 0
(11152) DBB: write data from dla (00000000 00000000...)
(11152) DBB: write, last tick
(11158) DBB: write request from dla, addr 801001c0 id 0
(11158) DBB: write data from dla (00000000 00000000...)
(11158) DBB: write, last tick
(11164) DBB: write request from dla, addr 801001c0 id 0
(11164) DBB: write data from dla (00000000 00000000...)
(11164) DBB: write, last tick
(11170) DBB: write request from dla, addr 801001c0 id 0
(11170) DBB: write data from dla (00000000 00000000...)
(11170) DBB: write, last tick
(11176) DBB: write request from dla, addr 801001c0 id 0
(11176) DBB: write data from dla (00000000 00000000...)
(11176) DBB: write, last tick
(11182) DBB: write request from dla, addr 801001c0 id 0
(11182) DBB: write data from dla (00000000 00000000...)
(11182) DBB: write, last tick
(11188) DBB: write request from dla, addr 801001c0 id 0
(11188) DBB: write data from dla (00000000 00000000...)
(11188) DBB: write, last tick
(11194) DBB: write request from dla, addr 801001c0 id 0
(11194) DBB: write data from dla (00000000 00000000...)
(11194) DBB: write, last tick
(11200) DBB: write request from dla, addr 801001c0 id 0
(11200) DBB: write data from dla (00000000 00000000...)
(11200) DBB: write, last tick
(11206) DBB: write request from dla, addr 801001c0 id 0
(11206) DBB: write data from dla (00000000 00000000...)
(11206) DBB: write, last tick
(11212) DBB: write request from dla, addr 801001c0 id 0
(11212) DBB: write data from dla (00000000 00000000...)
(11212) DBB: write, last tick
(11218) DBB: write request from dla, addr 801001c0 id 0
(11218) DBB: write data from dla (00000000 00000000...)
(11218) DBB: write, last tick
(11224) DBB: write request from dla, addr 801001c0 id 0
(11224) DBB: write data from dla (00000000 00000000...)
(11224) DBB: write, last tick
(11230) DBB: write request from dla, addr 801001c0 id 0
(11230) DBB: write data from dla (00000000 00000000...)
(11230) DBB: write, last tick
(11236) DBB: write request from dla, addr 801001c0 id 0
(11236) DBB: write data from dla (00000000 00000000...)
(11236) DBB: write, last tick
(11242) DBB: write request from dla, addr 801001c0 id 0
(11242) DBB: write data from dla (00000000 00000000...)
(11242) DBB: write, last tick
(11248) DBB: write request from dla, addr 801001c0 id 0
(11248) DBB: write data from dla (00000000 00000000...)
(11248) DBB: write, last tick
(11254) DBB: write request from dla, addr 801001c0 id 0
(11254) DBB: write data from dla (00000000 00000000...)
(11254) DBB: write, last tick
(11260) DBB: write request from dla, addr 801001c0 id 0
(11260) DBB: write data from dla (00000000 00000000...)
(11260) DBB: write, last tick
(11266) DBB: write request from dla, addr 801001c0 id 0
(11266) DBB: write data from dla (00000000 00000000...)
(11266) DBB: write, last tick
(11272) DBB: write request from dla, addr 801001c0 id 0
(11272) DBB: write data from dla (00000000 00000000...)
(11272) DBB: write, last tick
(11278) DBB: write request from dla, addr 801001c0 id 0
(11278) DBB: write data from dla (00000000 00000000...)
(11278) DBB: write, last tick
(11284) DBB: write request from dla, addr 801001c0 id 0
(11284) DBB: write data from dla (00000000 00000000...)
(11284) DBB: write, last tick
(11290) DBB: write request from dla, addr 801001c0 id 0
(11290) DBB: write data from dla (00000000 00000000...)
(11290) DBB: write, last tick
(11296) DBB: write request from dla, addr 801001c0 id 0
(11296) DBB: write data from dla (00000000 00000000...)
(11296) DBB: write, last tick
(11302) DBB: write request from dla, addr 801001c0 id 0
(11302) DBB: write data from dla (00000000 00000000...)
(11302) DBB: write, last tick
(11308) DBB: write request from dla, addr 801001c0 id 0
(11308) DBB: write data from dla (00000000 00000000...)
(11308) DBB: write, last tick
(11314) DBB: write request from dla, addr 801001c0 id 0
(11314) DBB: write data from dla (00000000 00000000...)
(11314) DBB: write, last tick
(11320) DBB: write request from dla, addr 801001c0 id 0
(11320) DBB: write data from dla (00000000 00000000...)
(11320) DBB: write, last tick
(11326) DBB: write request from dla, addr 801001c0 id 0
(11326) DBB: write data from dla (00000000 00000000...)
(11326) DBB: write, last tick
(11332) DBB: write request from dla, addr 801001c0 id 0
(11332) DBB: write data from dla (00000000 00000000...)
(11332) DBB: write, last tick
(11338) DBB: write request from dla, addr 801001c0 id 0
(11338) DBB: write data from dla (00000000 00000000...)
(11338) DBB: write, last tick
(11344) DBB: write request from dla, addr 80100200 id 0
(11344) DBB: write data from dla (00000033 00000000...)
(11344) DBB: write, last tick
(11350) DBB: write request from dla, addr 80100200 id 0
(11350) DBB: write data from dla (00002000 00000000...)
(11350) DBB: write, last tick
(11356) DBB: write request from dla, addr 80100200 id 0
(11356) DBB: write data from dla (00330000 00000000...)
(11356) DBB: write, last tick
(11362) DBB: write request from dla, addr 80100200 id 0
(11362) DBB: write data from dla (21000000 00000000...)
(11362) DBB: write, last tick
(11368) DBB: write request from dla, addr 80100200 id 0
(11368) DBB: write data from dla (00000000 00000033...)
(11368) DBB: write, last tick
(11374) DBB: write request from dla, addr 80100200 id 0
(11374) DBB: write data from dla (00000000 00002200...)
(11374) DBB: write, last tick
(11380) DBB: write request from dla, addr 80100200 id 0
(11380) DBB: write data from dla (00000000 00330000...)
(11380) DBB: write, last tick
(11386) DBB: write request from dla, addr 80100200 id 0
(11386) DBB: write data from dla (00000000 23000000...)
(11386) DBB: write, last tick
(11392) DBB: write request from dla, addr 80100200 id 0
(11392) DBB: write data from dla (00000000 00000000...)
(11392) DBB: write, last tick
(11398) DBB: write request from dla, addr 80100200 id 0
(11398) DBB: write data from dla (00000000 00000000...)
(11398) DBB: write, last tick
(11404) DBB: write request from dla, addr 80100200 id 0
(11404) DBB: write data from dla (00000000 00000000...)
(11404) DBB: write, last tick
(11410) DBB: write request from dla, addr 80100200 id 0
(11410) DBB: write data from dla (00000000 00000000...)
(11410) DBB: write, last tick
(11416) DBB: write request from dla, addr 80100200 id 0
(11416) DBB: write data from dla (00000000 00000000...)
(11416) DBB: write, last tick
(11422) DBB: write request from dla, addr 80100200 id 0
(11422) DBB: write data from dla (00000000 00000000...)
(11422) DBB: write, last tick
(11428) DBB: write request from dla, addr 80100200 id 0
(11428) DBB: write data from dla (00000000 00000000...)
(11428) DBB: write, last tick
(11434) DBB: write request from dla, addr 80100200 id 0
(11434) DBB: write data from dla (00000000 00000000...)
(11434) DBB: write, last tick
(11440) DBB: write request from dla, addr 80100200 id 0
(11440) DBB: write data from dla (00000000 00000000...)
(11440) DBB: write, last tick
(11446) DBB: write request from dla, addr 80100200 id 0
(11446) DBB: write data from dla (00000000 00000000...)
(11446) DBB: write, last tick
(11452) DBB: write request from dla, addr 80100200 id 0
(11452) DBB: write data from dla (00000000 00000000...)
(11452) DBB: write, last tick
(11458) DBB: write request from dla, addr 80100200 id 0
(11458) DBB: write data from dla (00000000 00000000...)
(11458) DBB: write, last tick
(11464) DBB: write request from dla, addr 80100200 id 0
(11464) DBB: write data from dla (00000000 00000000...)
(11464) DBB: write, last tick
(11470) DBB: write request from dla, addr 80100200 id 0
(11470) DBB: write data from dla (00000000 00000000...)
(11470) DBB: write, last tick
(11476) DBB: write request from dla, addr 80100200 id 0
(11476) DBB: write data from dla (00000000 00000000...)
(11476) DBB: write, last tick
(11482) DBB: write request from dla, addr 80100200 id 0
(11482) DBB: write data from dla (00000000 00000000...)
(11482) DBB: write, last tick
(11488) DBB: write request from dla, addr 80100200 id 0
(11488) DBB: write data from dla (00000000 00000000...)
(11488) DBB: write, last tick
(11494) DBB: write request from dla, addr 80100200 id 0
(11494) DBB: write data from dla (00000000 00000000...)
(11494) DBB: write, last tick
(11500) DBB: write request from dla, addr 80100200 id 0
(11500) DBB: write data from dla (00000000 00000000...)
(11500) DBB: write, last tick
(11506) DBB: write request from dla, addr 80100200 id 0
(11506) DBB: write data from dla (00000000 00000000...)
(11506) DBB: write, last tick
(11512) DBB: write request from dla, addr 80100200 id 0
(11512) DBB: write data from dla (00000000 00000000...)
(11512) DBB: write, last tick
(11518) DBB: write request from dla, addr 80100200 id 0
(11518) DBB: write data from dla (00000000 00000000...)
(11518) DBB: write, last tick
(11524) DBB: write request from dla, addr 80100200 id 0
(11524) DBB: write data from dla (00000000 00000000...)
(11524) DBB: write, last tick
(11530) DBB: write request from dla, addr 80100200 id 0
(11530) DBB: write data from dla (00000000 00000000...)
(11530) DBB: write, last tick
(11536) DBB: write request from dla, addr 80100200 id 0
(11536) DBB: write data from dla (00000000 00000000...)
(11536) DBB: write, last tick
(11542) DBB: write request from dla, addr 80100200 id 0
(11542) DBB: write data from dla (00000000 00000000...)
(11542) DBB: write, last tick
(11548) DBB: write request from dla, addr 80100200 id 0
(11548) DBB: write data from dla (00000000 00000000...)
(11548) DBB: write, last tick
(11554) DBB: write request from dla, addr 80100200 id 0
(11554) DBB: write data from dla (00000000 00000000...)
(11554) DBB: write, last tick
(11560) DBB: write request from dla, addr 80100200 id 0
(11560) DBB: write data from dla (00000000 00000000...)
(11560) DBB: write, last tick
(11566) DBB: write request from dla, addr 80100200 id 0
(11566) DBB: write data from dla (00000000 00000000...)
(11566) DBB: write, last tick
(11572) DBB: write request from dla, addr 80100200 id 0
(11572) DBB: write data from dla (00000000 00000000...)
(11572) DBB: write, last tick
(11578) DBB: write request from dla, addr 80100200 id 0
(11578) DBB: write data from dla (00000000 00000000...)
(11578) DBB: write, last tick
(11584) DBB: write request from dla, addr 80100200 id 0
(11584) DBB: write data from dla (00000000 00000000...)
(11584) DBB: write, last tick
(11590) DBB: write request from dla, addr 80100200 id 0
(11590) DBB: write data from dla (00000000 00000000...)
(11590) DBB: write, last tick
(11596) DBB: write request from dla, addr 80100200 id 0
(11596) DBB: write data from dla (00000000 00000000...)
(11596) DBB: write, last tick
(11602) DBB: write request from dla, addr 80100200 id 0
(11602) DBB: write data from dla (00000000 00000000...)
(11602) DBB: write, last tick
(11608) DBB: write request from dla, addr 80100200 id 0
(11608) DBB: write data from dla (00000000 00000000...)
(11608) DBB: write, last tick
(11614) DBB: write request from dla, addr 80100200 id 0
(11614) DBB: write data from dla (00000000 00000000...)
(11614) DBB: write, last tick
(11620) DBB: write request from dla, addr 80100200 id 0
(11620) DBB: write data from dla (00000000 00000000...)
(11620) DBB: write, last tick
(11626) DBB: write request from dla, addr 80100200 id 0
(11626) DBB: write data from dla (00000000 00000000...)
(11626) DBB: write, last tick
(11632) DBB: write request from dla, addr 80100200 id 0
(11632) DBB: write data from dla (00000000 00000000...)
(11632) DBB: write, last tick
(11638) DBB: write request from dla, addr 80100200 id 0
(11638) DBB: write data from dla (00000000 00000000...)
(11638) DBB: write, last tick
(11644) DBB: write request from dla, addr 80100200 id 0
(11644) DBB: write data from dla (00000000 00000000...)
(11644) DBB: write, last tick
(11650) DBB: write request from dla, addr 80100200 id 0
(11650) DBB: write data from dla (00000000 00000000...)
(11650) DBB: write, last tick
(11656) DBB: write request from dla, addr 80100200 id 0
(11656) DBB: write data from dla (00000000 00000000...)
(11656) DBB: write, last tick
(11662) DBB: write request from dla, addr 80100200 id 0
(11662) DBB: write data from dla (00000000 00000000...)
(11662) DBB: write, last tick
(11668) DBB: write request from dla, addr 80100200 id 0
(11668) DBB: write data from dla (00000000 00000000...)
(11668) DBB: write, last tick
(11674) DBB: write request from dla, addr 80100200 id 0
(11674) DBB: write data from dla (00000000 00000000...)
(11674) DBB: write, last tick
(11680) DBB: write request from dla, addr 80100200 id 0
(11680) DBB: write data from dla (00000000 00000000...)
(11680) DBB: write, last tick
(11686) DBB: write request from dla, addr 80100200 id 0
(11686) DBB: write data from dla (00000000 00000000...)
(11686) DBB: write, last tick
(11692) DBB: write request from dla, addr 80100200 id 0
(11692) DBB: write data from dla (00000000 00000000...)
(11692) DBB: write, last tick
(11698) DBB: write request from dla, addr 80100200 id 0
(11698) DBB: write data from dla (00000000 00000000...)
(11698) DBB: write, last tick
(11704) DBB: write request from dla, addr 80100200 id 0
(11704) DBB: write data from dla (00000000 00000000...)
(11704) DBB: write, last tick
(11710) DBB: write request from dla, addr 80100200 id 0
(11710) DBB: write data from dla (00000000 00000000...)
(11710) DBB: write, last tick
(11716) DBB: write request from dla, addr 80100200 id 0
(11716) DBB: write data from dla (00000000 00000000...)
(11716) DBB: write, last tick
(11722) DBB: write request from dla, addr 80100200 id 0
(11722) DBB: write data from dla (00000000 00000000...)
(11722) DBB: write, last tick
(11728) DBB: write request from dla, addr 80100240 id 0
(11728) DBB: write data from dla (00000053 00000000...)
(11728) DBB: write, last tick
(11734) DBB: write request from dla, addr 80100240 id 0
(11734) DBB: write data from dla (00002000 00000000...)
(11734) DBB: write, last tick
(11740) DBB: write request from dla, addr 80100240 id 0
(11740) DBB: write data from dla (00530000 00000000...)
(11740) DBB: write, last tick
(11746) DBB: write request from dla, addr 80100240 id 0
(11746) DBB: write data from dla (21000000 00000000...)
(11746) DBB: write, last tick
(11752) DBB: write request from dla, addr 80100240 id 0
(11752) DBB: write data from dla (00000000 00000053...)
(11752) DBB: write, last tick
(11758) DBB: write request from dla, addr 80100240 id 0
(11758) DBB: write data from dla (00000000 00002200...)
(11758) DBB: write, last tick
(11764) DBB: write request from dla, addr 80100240 id 0
(11764) DBB: write data from dla (00000000 00530000...)
(11764) DBB: write, last tick
(11770) DBB: write request from dla, addr 80100240 id 0
(11770) DBB: write data from dla (00000000 23000000...)
(11770) DBB: write, last tick
(11776) DBB: write request from dla, addr 80100240 id 0
(11776) DBB: write data from dla (00000000 00000000...)
(11776) DBB: write, last tick
(11782) DBB: write request from dla, addr 80100240 id 0
(11782) DBB: write data from dla (00000000 00000000...)
(11782) DBB: write, last tick
(11788) DBB: write request from dla, addr 80100240 id 0
(11788) DBB: write data from dla (00000000 00000000...)
(11788) DBB: write, last tick
(11794) DBB: write request from dla, addr 80100240 id 0
(11794) DBB: write data from dla (00000000 00000000...)
(11794) DBB: write, last tick
(11800) DBB: write request from dla, addr 80100240 id 0
(11800) DBB: write data from dla (00000000 00000000...)
(11800) DBB: write, last tick
(11806) DBB: write request from dla, addr 80100240 id 0
(11806) DBB: write data from dla (00000000 00000000...)
(11806) DBB: write, last tick
(11812) DBB: write request from dla, addr 80100240 id 0
(11812) DBB: write data from dla (00000000 00000000...)
(11812) DBB: write, last tick
(11818) DBB: write request from dla, addr 80100240 id 0
(11818) DBB: write data from dla (00000000 00000000...)
(11818) DBB: write, last tick
(11824) DBB: write request from dla, addr 80100240 id 0
(11824) DBB: write data from dla (00000000 00000000...)
(11824) DBB: write, last tick
(11830) DBB: write request from dla, addr 80100240 id 0
(11830) DBB: write data from dla (00000000 00000000...)
(11830) DBB: write, last tick
(11836) DBB: write request from dla, addr 80100240 id 0
(11836) DBB: write data from dla (00000000 00000000...)
(11836) DBB: write, last tick
(11842) DBB: write request from dla, addr 80100240 id 0
(11842) DBB: write data from dla (00000000 00000000...)
(11842) DBB: write, last tick
(11848) DBB: write request from dla, addr 80100240 id 0
(11848) DBB: write data from dla (00000000 00000000...)
(11848) DBB: write, last tick
(11854) DBB: write request from dla, addr 80100240 id 0
(11854) DBB: write data from dla (00000000 00000000...)
(11854) DBB: write, last tick
(11860) DBB: write request from dla, addr 80100240 id 0
(11860) DBB: write data from dla (00000000 00000000...)
(11860) DBB: write, last tick
(11866) DBB: write request from dla, addr 80100240 id 0
(11866) DBB: write data from dla (00000000 00000000...)
(11866) DBB: write, last tick
(11872) DBB: write request from dla, addr 80100240 id 0
(11872) DBB: write data from dla (00000000 00000000...)
(11872) DBB: write, last tick
(11878) DBB: write request from dla, addr 80100240 id 0
(11878) DBB: write data from dla (00000000 00000000...)
(11878) DBB: write, last tick
(11884) DBB: write request from dla, addr 80100240 id 0
(11884) DBB: write data from dla (00000000 00000000...)
(11884) DBB: write, last tick
(11890) DBB: write request from dla, addr 80100240 id 0
(11890) DBB: write data from dla (00000000 00000000...)
(11890) DBB: write, last tick
(11896) DBB: write request from dla, addr 80100240 id 0
(11896) DBB: write data from dla (00000000 00000000...)
(11896) DBB: write, last tick
(11902) DBB: write request from dla, addr 80100240 id 0
(11902) DBB: write data from dla (00000000 00000000...)
(11902) DBB: write, last tick
(11908) DBB: write request from dla, addr 80100240 id 0
(11908) DBB: write data from dla (00000000 00000000...)
(11908) DBB: write, last tick
(11914) DBB: write request from dla, addr 80100240 id 0
(11914) DBB: write data from dla (00000000 00000000...)
(11914) DBB: write, last tick
(11920) DBB: write request from dla, addr 80100240 id 0
(11920) DBB: write data from dla (00000000 00000000...)
(11920) DBB: write, last tick
(11926) DBB: write request from dla, addr 80100240 id 0
(11926) DBB: write data from dla (00000000 00000000...)
(11926) DBB: write, last tick
(11932) DBB: write request from dla, addr 80100240 id 0
(11932) DBB: write data from dla (00000000 00000000...)
(11932) DBB: write, last tick
(11938) DBB: write request from dla, addr 80100240 id 0
(11938) DBB: write data from dla (00000000 00000000...)
(11938) DBB: write, last tick
(11944) DBB: write request from dla, addr 80100240 id 0
(11944) DBB: write data from dla (00000000 00000000...)
(11944) DBB: write, last tick
(11950) DBB: write request from dla, addr 80100240 id 0
(11950) DBB: write data from dla (00000000 00000000...)
(11950) DBB: write, last tick
(11956) DBB: write request from dla, addr 80100240 id 0
(11956) DBB: write data from dla (00000000 00000000...)
(11956) DBB: write, last tick
(11962) DBB: write request from dla, addr 80100240 id 0
(11962) DBB: write data from dla (00000000 00000000...)
(11962) DBB: write, last tick
(11968) DBB: write request from dla, addr 80100240 id 0
(11968) DBB: write data from dla (00000000 00000000...)
(11968) DBB: write, last tick
(11974) DBB: write request from dla, addr 80100240 id 0
(11974) DBB: write data from dla (00000000 00000000...)
(11974) DBB: write, last tick
(11980) DBB: write request from dla, addr 80100240 id 0
(11980) DBB: write data from dla (00000000 00000000...)
(11980) DBB: write, last tick
(11986) DBB: write request from dla, addr 80100240 id 0
(11986) DBB: write data from dla (00000000 00000000...)
(11986) DBB: write, last tick
(11992) DBB: write request from dla, addr 80100240 id 0
(11992) DBB: write data from dla (00000000 00000000...)
(11992) DBB: write, last tick
(11998) DBB: write request from dla, addr 80100240 id 0
(11998) DBB: write data from dla (00000000 00000000...)
(11998) DBB: write, last tick
(12004) DBB: write request from dla, addr 80100240 id 0
(12004) DBB: write data from dla (00000000 00000000...)
(12004) DBB: write, last tick
(12010) DBB: write request from dla, addr 80100240 id 0
(12010) DBB: write data from dla (00000000 00000000...)
(12010) DBB: write, last tick
(12016) DBB: write request from dla, addr 80100240 id 0
(12016) DBB: write data from dla (00000000 00000000...)
(12016) DBB: write, last tick
(12022) DBB: write request from dla, addr 80100240 id 0
(12022) DBB: write data from dla (00000000 00000000...)
(12022) DBB: write, last tick
(12028) DBB: write request from dla, addr 80100240 id 0
(12028) DBB: write data from dla (00000000 00000000...)
(12028) DBB: write, last tick
(12034) DBB: write request from dla, addr 80100240 id 0
(12034) DBB: write data from dla (00000000 00000000...)
(12034) DBB: write, last tick
(12040) DBB: write request from dla, addr 80100240 id 0
(12040) DBB: write data from dla (00000000 00000000...)
(12040) DBB: write, last tick
(12046) DBB: write request from dla, addr 80100240 id 0
(12046) DBB: write data from dla (00000000 00000000...)
(12046) DBB: write, last tick
(12052) DBB: write request from dla, addr 80100240 id 0
(12052) DBB: write data from dla (00000000 00000000...)
(12052) DBB: write, last tick
(12058) DBB: write request from dla, addr 80100240 id 0
(12058) DBB: write data from dla (00000000 00000000...)
(12058) DBB: write, last tick
(12064) DBB: write request from dla, addr 80100240 id 0
(12064) DBB: write data from dla (00000000 00000000...)
(12064) DBB: write, last tick
(12070) DBB: write request from dla, addr 80100240 id 0
(12070) DBB: write data from dla (00000000 00000000...)
(12070) DBB: write, last tick
(12076) DBB: write request from dla, addr 80100240 id 0
(12076) DBB: write data from dla (00000000 00000000...)
(12076) DBB: write, last tick
(12082) DBB: write request from dla, addr 80100240 id 0
(12082) DBB: write data from dla (00000000 00000000...)
(12082) DBB: write, last tick
(12088) DBB: write request from dla, addr 80100240 id 0
(12088) DBB: write data from dla (00000000 00000000...)
(12088) DBB: write, last tick
(12094) DBB: write request from dla, addr 80100240 id 0
(12094) DBB: write data from dla (00000000 00000000...)
(12094) DBB: write, last tick
(12100) DBB: write request from dla, addr 80100240 id 0
(12100) DBB: write data from dla (00000000 00000000...)
(12100) DBB: write, last tick
(12106) DBB: write request from dla, addr 80100240 id 0
(12106) DBB: write data from dla (00000000 00000000...)
(12106) DBB: write, last tick
(12112) DBB: write request from dla, addr 80100280 id 0
(12112) DBB: write data from dla (00000063 00000000...)
(12112) DBB: write, last tick
(12118) DBB: write request from dla, addr 80100280 id 0
(12118) DBB: write data from dla (00002000 00000000...)
(12118) DBB: write, last tick
(12124) DBB: write request from dla, addr 80100280 id 0
(12124) DBB: write data from dla (00630000 00000000...)
(12124) DBB: write, last tick
(12130) DBB: write request from dla, addr 80100280 id 0
(12130) DBB: write data from dla (21000000 00000000...)
(12130) DBB: write, last tick
(12136) DBB: write request from dla, addr 80100280 id 0
(12136) DBB: write data from dla (00000000 00000063...)
(12136) DBB: write, last tick
(12142) DBB: write request from dla, addr 80100280 id 0
(12142) DBB: write data from dla (00000000 00002200...)
(12142) DBB: write, last tick
(12148) DBB: write request from dla, addr 80100280 id 0
(12148) DBB: write data from dla (00000000 00630000...)
(12148) DBB: write, last tick
(12154) DBB: write request from dla, addr 80100280 id 0
(12154) DBB: write data from dla (00000000 23000000...)
(12154) DBB: write, last tick
(12160) DBB: write request from dla, addr 80100280 id 0
(12160) DBB: write data from dla (00000000 00000000...)
(12160) DBB: write, last tick
(12166) DBB: write request from dla, addr 80100280 id 0
(12166) DBB: write data from dla (00000000 00000000...)
(12166) DBB: write, last tick
(12172) DBB: write request from dla, addr 80100280 id 0
(12172) DBB: write data from dla (00000000 00000000...)
(12172) DBB: write, last tick
(12178) DBB: write request from dla, addr 80100280 id 0
(12178) DBB: write data from dla (00000000 00000000...)
(12178) DBB: write, last tick
(12184) DBB: write request from dla, addr 80100280 id 0
(12184) DBB: write data from dla (00000000 00000000...)
(12184) DBB: write, last tick
(12190) DBB: write request from dla, addr 80100280 id 0
(12190) DBB: write data from dla (00000000 00000000...)
(12190) DBB: write, last tick
(12196) DBB: write request from dla, addr 80100280 id 0
(12196) DBB: write data from dla (00000000 00000000...)
(12196) DBB: write, last tick
(12202) DBB: write request from dla, addr 80100280 id 0
(12202) DBB: write data from dla (00000000 00000000...)
(12202) DBB: write, last tick
(12208) DBB: write request from dla, addr 80100280 id 0
(12208) DBB: write data from dla (00000000 00000000...)
(12208) DBB: write, last tick
(12214) DBB: write request from dla, addr 80100280 id 0
(12214) DBB: write data from dla (00000000 00000000...)
(12214) DBB: write, last tick
(12220) DBB: write request from dla, addr 80100280 id 0
(12220) DBB: write data from dla (00000000 00000000...)
(12220) DBB: write, last tick
(12226) DBB: write request from dla, addr 80100280 id 0
(12226) DBB: write data from dla (00000000 00000000...)
(12226) DBB: write, last tick
(12232) DBB: write request from dla, addr 80100280 id 0
(12232) DBB: write data from dla (00000000 00000000...)
(12232) DBB: write, last tick
(12238) DBB: write request from dla, addr 80100280 id 0
(12238) DBB: write data from dla (00000000 00000000...)
(12238) DBB: write, last tick
(12244) DBB: write request from dla, addr 80100280 id 0
(12244) DBB: write data from dla (00000000 00000000...)
(12244) DBB: write, last tick
(12250) DBB: write request from dla, addr 80100280 id 0
(12250) DBB: write data from dla (00000000 00000000...)
(12250) DBB: write, last tick
(12256) DBB: write request from dla, addr 80100280 id 0
(12256) DBB: write data from dla (00000000 00000000...)
(12256) DBB: write, last tick
(12262) DBB: write request from dla, addr 80100280 id 0
(12262) DBB: write data from dla (00000000 00000000...)
(12262) DBB: write, last tick
(12268) DBB: write request from dla, addr 80100280 id 0
(12268) DBB: write data from dla (00000000 00000000...)
(12268) DBB: write, last tick
(12274) DBB: write request from dla, addr 80100280 id 0
(12274) DBB: write data from dla (00000000 00000000...)
(12274) DBB: write, last tick
(12280) DBB: write request from dla, addr 80100280 id 0
(12280) DBB: write data from dla (00000000 00000000...)
(12280) DBB: write, last tick
(12286) DBB: write request from dla, addr 80100280 id 0
(12286) DBB: write data from dla (00000000 00000000...)
(12286) DBB: write, last tick
(12292) DBB: write request from dla, addr 80100280 id 0
(12292) DBB: write data from dla (00000000 00000000...)
(12292) DBB: write, last tick
(12298) DBB: write request from dla, addr 80100280 id 0
(12298) DBB: write data from dla (00000000 00000000...)
(12298) DBB: write, last tick
(12304) DBB: write request from dla, addr 80100280 id 0
(12304) DBB: write data from dla (00000000 00000000...)
(12304) DBB: write, last tick
(12310) DBB: write request from dla, addr 80100280 id 0
(12310) DBB: write data from dla (00000000 00000000...)
(12310) DBB: write, last tick
(12316) DBB: write request from dla, addr 80100280 id 0
(12316) DBB: write data from dla (00000000 00000000...)
(12316) DBB: write, last tick
(12322) DBB: write request from dla, addr 80100280 id 0
(12322) DBB: write data from dla (00000000 00000000...)
(12322) DBB: write, last tick
(12328) DBB: write request from dla, addr 80100280 id 0
(12328) DBB: write data from dla (00000000 00000000...)
(12328) DBB: write, last tick
(12334) DBB: write request from dla, addr 80100280 id 0
(12334) DBB: write data from dla (00000000 00000000...)
(12334) DBB: write, last tick
(12340) DBB: write request from dla, addr 80100280 id 0
(12340) DBB: write data from dla (00000000 00000000...)
(12340) DBB: write, last tick
(12346) DBB: write request from dla, addr 80100280 id 0
(12346) DBB: write data from dla (00000000 00000000...)
(12346) DBB: write, last tick
(12352) DBB: write request from dla, addr 80100280 id 0
(12352) DBB: write data from dla (00000000 00000000...)
(12352) DBB: write, last tick
(12358) DBB: write request from dla, addr 80100280 id 0
(12358) DBB: write data from dla (00000000 00000000...)
(12358) DBB: write, last tick
(12364) DBB: write request from dla, addr 80100280 id 0
(12364) DBB: write data from dla (00000000 00000000...)
(12364) DBB: write, last tick
(12370) DBB: write request from dla, addr 80100280 id 0
(12370) DBB: write data from dla (00000000 00000000...)
(12370) DBB: write, last tick
(12376) DBB: write request from dla, addr 80100280 id 0
(12376) DBB: write data from dla (00000000 00000000...)
(12376) DBB: write, last tick
(12382) DBB: write request from dla, addr 80100280 id 0
(12382) DBB: write data from dla (00000000 00000000...)
(12382) DBB: write, last tick
(12388) DBB: write request from dla, addr 80100280 id 0
(12388) DBB: write data from dla (00000000 00000000...)
(12388) DBB: write, last tick
(12394) DBB: write request from dla, addr 80100280 id 0
(12394) DBB: write data from dla (00000000 00000000...)
(12394) DBB: write, last tick
(12400) DBB: write request from dla, addr 80100280 id 0
(12400) DBB: write data from dla (00000000 00000000...)
(12400) DBB: write, last tick
(12406) DBB: write request from dla, addr 80100280 id 0
(12406) DBB: write data from dla (00000000 00000000...)
(12406) DBB: write, last tick
(12412) DBB: write request from dla, addr 80100280 id 0
(12412) DBB: write data from dla (00000000 00000000...)
(12412) DBB: write, last tick
(12418) DBB: write request from dla, addr 80100280 id 0
(12418) DBB: write data from dla (00000000 00000000...)
(12418) DBB: write, last tick
(12424) DBB: write request from dla, addr 80100280 id 0
(12424) DBB: write data from dla (00000000 00000000...)
(12424) DBB: write, last tick
(12430) DBB: write request from dla, addr 80100280 id 0
(12430) DBB: write data from dla (00000000 00000000...)
(12430) DBB: write, last tick
(12436) DBB: write request from dla, addr 80100280 id 0
(12436) DBB: write data from dla (00000000 00000000...)
(12436) DBB: write, last tick
(12442) DBB: write request from dla, addr 80100280 id 0
(12442) DBB: write data from dla (00000000 00000000...)
(12442) DBB: write, last tick
(12448) DBB: write request from dla, addr 80100280 id 0
(12448) DBB: write data from dla (00000000 00000000...)
(12448) DBB: write, last tick
(12454) DBB: write request from dla, addr 80100280 id 0
(12454) DBB: write data from dla (00000000 00000000...)
(12454) DBB: write, last tick
(12460) DBB: write request from dla, addr 80100280 id 0
(12460) DBB: write data from dla (00000000 00000000...)
(12460) DBB: write, last tick
(12466) DBB: write request from dla, addr 80100280 id 0
(12466) DBB: write data from dla (00000000 00000000...)
(12466) DBB: write, last tick
(12472) DBB: write request from dla, addr 80100280 id 0
(12472) DBB: write data from dla (00000000 00000000...)
(12472) DBB: write, last tick
(12478) DBB: write request from dla, addr 80100280 id 0
(12478) DBB: write data from dla (00000000 00000000...)
(12478) DBB: write, last tick
(12484) DBB: write request from dla, addr 80100280 id 0
(12484) DBB: write data from dla (00000000 00000000...)
(12484) DBB: write, last tick
(12490) DBB: write request from dla, addr 80100280 id 0
(12490) DBB: write data from dla (00000000 00000000...)
(12490) DBB: write, last tick
(12496) DBB: write request from dla, addr 801002c0 id 0
(12496) DBB: write data from dla (00000024 00000000...)
(12496) DBB: write, last tick
(12502) DBB: write request from dla, addr 801002c0 id 0
(12502) DBB: write data from dla (00002000 00000000...)
(12502) DBB: write, last tick
(12508) DBB: write request from dla, addr 801002c0 id 0
(12508) DBB: write data from dla (00240000 00000000...)
(12508) DBB: write, last tick
(12514) DBB: write request from dla, addr 801002c0 id 0
(12514) DBB: write data from dla (21000000 00000000...)
(12514) DBB: write, last tick
(12520) DBB: write request from dla, addr 801002c0 id 0
(12520) DBB: write data from dla (00000000 00000024...)
(12520) DBB: write, last tick
(12526) DBB: write request from dla, addr 801002c0 id 0
(12526) DBB: write data from dla (00000000 00002200...)
(12526) DBB: write, last tick
(12532) DBB: write request from dla, addr 801002c0 id 0
(12532) DBB: write data from dla (00000000 00240000...)
(12532) DBB: write, last tick
(12538) DBB: write request from dla, addr 801002c0 id 0
(12538) DBB: write data from dla (00000000 23000000...)
(12538) DBB: write, last tick
(12544) DBB: write request from dla, addr 801002c0 id 0
(12544) DBB: write data from dla (00000000 00000000...)
(12544) DBB: write, last tick
(12550) DBB: write request from dla, addr 801002c0 id 0
(12550) DBB: write data from dla (00000000 00000000...)
(12550) DBB: write, last tick
(12556) DBB: write request from dla, addr 801002c0 id 0
(12556) DBB: write data from dla (00000000 00000000...)
(12556) DBB: write, last tick
(12562) DBB: write request from dla, addr 801002c0 id 0
(12562) DBB: write data from dla (00000000 00000000...)
(12562) DBB: write, last tick
(12568) DBB: write request from dla, addr 801002c0 id 0
(12568) DBB: write data from dla (00000000 00000000...)
(12568) DBB: write, last tick
(12574) DBB: write request from dla, addr 801002c0 id 0
(12574) DBB: write data from dla (00000000 00000000...)
(12574) DBB: write, last tick
(12580) DBB: write request from dla, addr 801002c0 id 0
(12580) DBB: write data from dla (00000000 00000000...)
(12580) DBB: write, last tick
(12586) DBB: write request from dla, addr 801002c0 id 0
(12586) DBB: write data from dla (00000000 00000000...)
(12586) DBB: write, last tick
(12592) DBB: write request from dla, addr 801002c0 id 0
(12592) DBB: write data from dla (00000000 00000000...)
(12592) DBB: write, last tick
(12598) DBB: write request from dla, addr 801002c0 id 0
(12598) DBB: write data from dla (00000000 00000000...)
(12598) DBB: write, last tick
(12604) DBB: write request from dla, addr 801002c0 id 0
(12604) DBB: write data from dla (00000000 00000000...)
(12604) DBB: write, last tick
(12610) DBB: write request from dla, addr 801002c0 id 0
(12610) DBB: write data from dla (00000000 00000000...)
(12610) DBB: write, last tick
(12616) DBB: write request from dla, addr 801002c0 id 0
(12616) DBB: write data from dla (00000000 00000000...)
(12616) DBB: write, last tick
(12622) DBB: write request from dla, addr 801002c0 id 0
(12622) DBB: write data from dla (00000000 00000000...)
(12622) DBB: write, last tick
(12628) DBB: write request from dla, addr 801002c0 id 0
(12628) DBB: write data from dla (00000000 00000000...)
(12628) DBB: write, last tick
(12634) DBB: write request from dla, addr 801002c0 id 0
(12634) DBB: write data from dla (00000000 00000000...)
(12634) DBB: write, last tick
(12640) DBB: write request from dla, addr 801002c0 id 0
(12640) DBB: write data from dla (00000000 00000000...)
(12640) DBB: write, last tick
(12646) DBB: write request from dla, addr 801002c0 id 0
(12646) DBB: write data from dla (00000000 00000000...)
(12646) DBB: write, last tick
(12652) DBB: write request from dla, addr 801002c0 id 0
(12652) DBB: write data from dla (00000000 00000000...)
(12652) DBB: write, last tick
(12658) DBB: write request from dla, addr 801002c0 id 0
(12658) DBB: write data from dla (00000000 00000000...)
(12658) DBB: write, last tick
(12664) DBB: write request from dla, addr 801002c0 id 0
(12664) DBB: write data from dla (00000000 00000000...)
(12664) DBB: write, last tick
(12670) DBB: write request from dla, addr 801002c0 id 0
(12670) DBB: write data from dla (00000000 00000000...)
(12670) DBB: write, last tick
(12676) DBB: write request from dla, addr 801002c0 id 0
(12676) DBB: write data from dla (00000000 00000000...)
(12676) DBB: write, last tick
(12682) DBB: write request from dla, addr 801002c0 id 0
(12682) DBB: write data from dla (00000000 00000000...)
(12682) DBB: write, last tick
(12688) DBB: write request from dla, addr 801002c0 id 0
(12688) DBB: write data from dla (00000000 00000000...)
(12688) DBB: write, last tick
(12694) DBB: write request from dla, addr 801002c0 id 0
(12694) DBB: write data from dla (00000000 00000000...)
(12694) DBB: write, last tick
(12700) DBB: write request from dla, addr 801002c0 id 0
(12700) DBB: write data from dla (00000000 00000000...)
(12700) DBB: write, last tick
(12706) DBB: write request from dla, addr 801002c0 id 0
(12706) DBB: write data from dla (00000000 00000000...)
(12706) DBB: write, last tick
(12712) DBB: write request from dla, addr 801002c0 id 0
(12712) DBB: write data from dla (00000000 00000000...)
(12712) DBB: write, last tick
(12718) DBB: write request from dla, addr 801002c0 id 0
(12718) DBB: write data from dla (00000000 00000000...)
(12718) DBB: write, last tick
(12724) DBB: write request from dla, addr 801002c0 id 0
(12724) DBB: write data from dla (00000000 00000000...)
(12724) DBB: write, last tick
(12730) DBB: write request from dla, addr 801002c0 id 0
(12730) DBB: write data from dla (00000000 00000000...)
(12730) DBB: write, last tick
(12736) DBB: write request from dla, addr 801002c0 id 0
(12736) DBB: write data from dla (00000000 00000000...)
(12736) DBB: write, last tick
(12742) DBB: write request from dla, addr 801002c0 id 0
(12742) DBB: write data from dla (00000000 00000000...)
(12742) DBB: write, last tick
(12748) DBB: write request from dla, addr 801002c0 id 0
(12748) DBB: write data from dla (00000000 00000000...)
(12748) DBB: write, last tick
(12754) DBB: write request from dla, addr 801002c0 id 0
(12754) DBB: write data from dla (00000000 00000000...)
(12754) DBB: write, last tick
(12760) DBB: write request from dla, addr 801002c0 id 0
(12760) DBB: write data from dla (00000000 00000000...)
(12760) DBB: write, last tick
(12766) DBB: write request from dla, addr 801002c0 id 0
(12766) DBB: write data from dla (00000000 00000000...)
(12766) DBB: write, last tick
(12772) DBB: write request from dla, addr 801002c0 id 0
(12772) DBB: write data from dla (00000000 00000000...)
(12772) DBB: write, last tick
(12778) DBB: write request from dla, addr 801002c0 id 0
(12778) DBB: write data from dla (00000000 00000000...)
(12778) DBB: write, last tick
(12784) DBB: write request from dla, addr 801002c0 id 0
(12784) DBB: write data from dla (00000000 00000000...)
(12784) DBB: write, last tick
(12790) DBB: write request from dla, addr 801002c0 id 0
(12790) DBB: write data from dla (00000000 00000000...)
(12790) DBB: write, last tick
(12796) DBB: write request from dla, addr 801002c0 id 0
(12796) DBB: write data from dla (00000000 00000000...)
(12796) DBB: write, last tick
(12802) DBB: write request from dla, addr 801002c0 id 0
(12802) DBB: write data from dla (00000000 00000000...)
(12802) DBB: write, last tick
(12808) DBB: write request from dla, addr 801002c0 id 0
(12808) DBB: write data from dla (00000000 00000000...)
(12808) DBB: write, last tick
(12814) DBB: write request from dla, addr 801002c0 id 0
(12814) DBB: write data from dla (00000000 00000000...)
(12814) DBB: write, last tick
(12820) DBB: write request from dla, addr 801002c0 id 0
(12820) DBB: write data from dla (00000000 00000000...)
(12820) DBB: write, last tick
(12826) DBB: write request from dla, addr 801002c0 id 0
(12826) DBB: write data from dla (00000000 00000000...)
(12826) DBB: write, last tick
(12832) DBB: write request from dla, addr 801002c0 id 0
(12832) DBB: write data from dla (00000000 00000000...)
(12832) DBB: write, last tick
(12838) DBB: write request from dla, addr 801002c0 id 0
(12838) DBB: write data from dla (00000000 00000000...)
(12838) DBB: write, last tick
(12844) DBB: write request from dla, addr 801002c0 id 0
(12844) DBB: write data from dla (00000000 00000000...)
(12844) DBB: write, last tick
(12850) DBB: write request from dla, addr 801002c0 id 0
(12850) DBB: write data from dla (00000000 00000000...)
(12850) DBB: write, last tick
(12856) DBB: write request from dla, addr 801002c0 id 0
(12856) DBB: write data from dla (00000000 00000000...)
(12856) DBB: write, last tick
(12862) DBB: write request from dla, addr 801002c0 id 0
(12862) DBB: write data from dla (00000000 00000000...)
(12862) DBB: write, last tick
(12868) DBB: write request from dla, addr 801002c0 id 0
(12868) DBB: write data from dla (00000000 00000000...)
(12868) DBB: write, last tick
(12874) DBB: write request from dla, addr 801002c0 id 0
(12874) DBB: write data from dla (00000000 00000000...)
(12874) DBB: write, last tick
(12880) DBB: write request from dla, addr 80100300 id 0
(12880) DBB: write data from dla (00000044 00000000...)
(12880) DBB: write, last tick
(12886) DBB: write request from dla, addr 80100300 id 0
(12886) DBB: write data from dla (00002000 00000000...)
(12886) DBB: write, last tick
(12892) DBB: write request from dla, addr 80100300 id 0
(12892) DBB: write data from dla (00440000 00000000...)
(12892) DBB: write, last tick
(12898) DBB: write request from dla, addr 80100300 id 0
(12898) DBB: write data from dla (21000000 00000000...)
(12898) DBB: write, last tick
(12904) DBB: write request from dla, addr 80100300 id 0
(12904) DBB: write data from dla (00000000 00000044...)
(12904) DBB: write, last tick
(12910) DBB: write request from dla, addr 80100300 id 0
(12910) DBB: write data from dla (00000000 00002200...)
(12910) DBB: write, last tick
(12916) DBB: write request from dla, addr 80100300 id 0
(12916) DBB: write data from dla (00000000 00440000...)
(12916) DBB: write, last tick
(12922) DBB: write request from dla, addr 80100300 id 0
(12922) DBB: write data from dla (00000000 23000000...)
(12922) DBB: write, last tick
(12928) DBB: write request from dla, addr 80100300 id 0
(12928) DBB: write data from dla (00000000 00000000...)
(12928) DBB: write, last tick
(12934) DBB: write request from dla, addr 80100300 id 0
(12934) DBB: write data from dla (00000000 00000000...)
(12934) DBB: write, last tick
(12940) DBB: write request from dla, addr 80100300 id 0
(12940) DBB: write data from dla (00000000 00000000...)
(12940) DBB: write, last tick
(12946) DBB: write request from dla, addr 80100300 id 0
(12946) DBB: write data from dla (00000000 00000000...)
(12946) DBB: write, last tick
(12952) DBB: write request from dla, addr 80100300 id 0
(12952) DBB: write data from dla (00000000 00000000...)
(12952) DBB: write, last tick
(12958) DBB: write request from dla, addr 80100300 id 0
(12958) DBB: write data from dla (00000000 00000000...)
(12958) DBB: write, last tick
(12964) DBB: write request from dla, addr 80100300 id 0
(12964) DBB: write data from dla (00000000 00000000...)
(12964) DBB: write, last tick
(12970) DBB: write request from dla, addr 80100300 id 0
(12970) DBB: write data from dla (00000000 00000000...)
(12970) DBB: write, last tick
(12976) DBB: write request from dla, addr 80100300 id 0
(12976) DBB: write data from dla (00000000 00000000...)
(12976) DBB: write, last tick
(12982) DBB: write request from dla, addr 80100300 id 0
(12982) DBB: write data from dla (00000000 00000000...)
(12982) DBB: write, last tick
(12988) DBB: write request from dla, addr 80100300 id 0
(12988) DBB: write data from dla (00000000 00000000...)
(12988) DBB: write, last tick
(12994) DBB: write request from dla, addr 80100300 id 0
(12994) DBB: write data from dla (00000000 00000000...)
(12994) DBB: write, last tick
(13000) DBB: write request from dla, addr 80100300 id 0
(13000) DBB: write data from dla (00000000 00000000...)
(13000) DBB: write, last tick
(13006) DBB: write request from dla, addr 80100300 id 0
(13006) DBB: write data from dla (00000000 00000000...)
(13006) DBB: write, last tick
(13012) DBB: write request from dla, addr 80100300 id 0
(13012) DBB: write data from dla (00000000 00000000...)
(13012) DBB: write, last tick
(13018) DBB: write request from dla, addr 80100300 id 0
(13018) DBB: write data from dla (00000000 00000000...)
(13018) DBB: write, last tick
(13024) DBB: write request from dla, addr 80100300 id 0
(13024) DBB: write data from dla (00000000 00000000...)
(13024) DBB: write, last tick
(13030) DBB: write request from dla, addr 80100300 id 0
(13030) DBB: write data from dla (00000000 00000000...)
(13030) DBB: write, last tick
(13036) DBB: write request from dla, addr 80100300 id 0
(13036) DBB: write data from dla (00000000 00000000...)
(13036) DBB: write, last tick
(13042) DBB: write request from dla, addr 80100300 id 0
(13042) DBB: write data from dla (00000000 00000000...)
(13042) DBB: write, last tick
(13048) DBB: write request from dla, addr 80100300 id 0
(13048) DBB: write data from dla (00000000 00000000...)
(13048) DBB: write, last tick
(13054) DBB: write request from dla, addr 80100300 id 0
(13054) DBB: write data from dla (00000000 00000000...)
(13054) DBB: write, last tick
(13060) DBB: write request from dla, addr 80100300 id 0
(13060) DBB: write data from dla (00000000 00000000...)
(13060) DBB: write, last tick
(13066) DBB: write request from dla, addr 80100300 id 0
(13066) DBB: write data from dla (00000000 00000000...)
(13066) DBB: write, last tick
(13072) DBB: write request from dla, addr 80100300 id 0
(13072) DBB: write data from dla (00000000 00000000...)
(13072) DBB: write, last tick
(13078) DBB: write request from dla, addr 80100300 id 0
(13078) DBB: write data from dla (00000000 00000000...)
(13078) DBB: write, last tick
(13084) DBB: write request from dla, addr 80100300 id 0
(13084) DBB: write data from dla (00000000 00000000...)
(13084) DBB: write, last tick
(13090) DBB: write request from dla, addr 80100300 id 0
(13090) DBB: write data from dla (00000000 00000000...)
(13090) DBB: write, last tick
(13096) DBB: write request from dla, addr 80100300 id 0
(13096) DBB: write data from dla (00000000 00000000...)
(13096) DBB: write, last tick
(13102) DBB: write request from dla, addr 80100300 id 0
(13102) DBB: write data from dla (00000000 00000000...)
(13102) DBB: write, last tick
(13108) DBB: write request from dla, addr 80100300 id 0
(13108) DBB: write data from dla (00000000 00000000...)
(13108) DBB: write, last tick
(13114) DBB: write request from dla, addr 80100300 id 0
(13114) DBB: write data from dla (00000000 00000000...)
(13114) DBB: write, last tick
(13120) DBB: write request from dla, addr 80100300 id 0
(13120) DBB: write data from dla (00000000 00000000...)
(13120) DBB: write, last tick
(13126) DBB: write request from dla, addr 80100300 id 0
(13126) DBB: write data from dla (00000000 00000000...)
(13126) DBB: write, last tick
(13132) DBB: write request from dla, addr 80100300 id 0
(13132) DBB: write data from dla (00000000 00000000...)
(13132) DBB: write, last tick
(13138) DBB: write request from dla, addr 80100300 id 0
(13138) DBB: write data from dla (00000000 00000000...)
(13138) DBB: write, last tick
(13144) DBB: write request from dla, addr 80100300 id 0
(13144) DBB: write data from dla (00000000 00000000...)
(13144) DBB: write, last tick
(13150) DBB: write request from dla, addr 80100300 id 0
(13150) DBB: write data from dla (00000000 00000000...)
(13150) DBB: write, last tick
(13156) DBB: write request from dla, addr 80100300 id 0
(13156) DBB: write data from dla (00000000 00000000...)
(13156) DBB: write, last tick
(13162) DBB: write request from dla, addr 80100300 id 0
(13162) DBB: write data from dla (00000000 00000000...)
(13162) DBB: write, last tick
(13168) DBB: write request from dla, addr 80100300 id 0
(13168) DBB: write data from dla (00000000 00000000...)
(13168) DBB: write, last tick
(13174) DBB: write request from dla, addr 80100300 id 0
(13174) DBB: write data from dla (00000000 00000000...)
(13174) DBB: write, last tick
(13180) DBB: write request from dla, addr 80100300 id 0
(13180) DBB: write data from dla (00000000 00000000...)
(13180) DBB: write, last tick
(13186) DBB: write request from dla, addr 80100300 id 0
(13186) DBB: write data from dla (00000000 00000000...)
(13186) DBB: write, last tick
(13192) DBB: write request from dla, addr 80100300 id 0
(13192) DBB: write data from dla (00000000 00000000...)
(13192) DBB: write, last tick
(13198) DBB: write request from dla, addr 80100300 id 0
(13198) DBB: write data from dla (00000000 00000000...)
(13198) DBB: write, last tick
(13204) DBB: write request from dla, addr 80100300 id 0
(13204) DBB: write data from dla (00000000 00000000...)
(13204) DBB: write, last tick
(13210) DBB: write request from dla, addr 80100300 id 0
(13210) DBB: write data from dla (00000000 00000000...)
(13210) DBB: write, last tick
(13216) DBB: write request from dla, addr 80100300 id 0
(13216) DBB: write data from dla (00000000 00000000...)
(13216) DBB: write, last tick
(13222) DBB: write request from dla, addr 80100300 id 0
(13222) DBB: write data from dla (00000000 00000000...)
(13222) DBB: write, last tick
(13228) DBB: write request from dla, addr 80100300 id 0
(13228) DBB: write data from dla (00000000 00000000...)
(13228) DBB: write, last tick
(13234) DBB: write request from dla, addr 80100300 id 0
(13234) DBB: write data from dla (00000000 00000000...)
(13234) DBB: write, last tick
(13240) DBB: write request from dla, addr 80100300 id 0
(13240) DBB: write data from dla (00000000 00000000...)
(13240) DBB: write, last tick
(13246) DBB: write request from dla, addr 80100300 id 0
(13246) DBB: write data from dla (00000000 00000000...)
(13246) DBB: write, last tick
(13252) DBB: write request from dla, addr 80100300 id 0
(13252) DBB: write data from dla (00000000 00000000...)
(13252) DBB: write, last tick
(13258) DBB: write request from dla, addr 80100300 id 0
(13258) DBB: write data from dla (00000000 00000000...)
(13258) DBB: write, last tick
(13264) DBB: write request from dla, addr 80100340 id 0
(13264) DBB: write data from dla (00000064 00000000...)
(13264) DBB: write, last tick
(13270) DBB: write request from dla, addr 80100340 id 0
(13270) DBB: write data from dla (00002000 00000000...)
(13270) DBB: write, last tick
(13276) DBB: write request from dla, addr 80100340 id 0
(13276) DBB: write data from dla (00640000 00000000...)
(13276) DBB: write, last tick
(13282) DBB: write request from dla, addr 80100340 id 0
(13282) DBB: write data from dla (21000000 00000000...)
(13282) DBB: write, last tick
(13288) DBB: write request from dla, addr 80100340 id 0
(13288) DBB: write data from dla (00000000 00000064...)
(13288) DBB: write, last tick
(13294) DBB: write request from dla, addr 80100340 id 0
(13294) DBB: write data from dla (00000000 00002200...)
(13294) DBB: write, last tick
(13300) DBB: write request from dla, addr 80100340 id 0
(13300) DBB: write data from dla (00000000 00640000...)
(13300) DBB: write, last tick
(13306) DBB: write request from dla, addr 80100340 id 0
(13306) DBB: write data from dla (00000000 23000000...)
(13306) DBB: write, last tick
(13312) DBB: write request from dla, addr 80100340 id 0
(13312) DBB: write data from dla (00000000 00000000...)
(13312) DBB: write, last tick
(13318) DBB: write request from dla, addr 80100340 id 0
(13318) DBB: write data from dla (00000000 00000000...)
(13318) DBB: write, last tick
(13324) DBB: write request from dla, addr 80100340 id 0
(13324) DBB: write data from dla (00000000 00000000...)
(13324) DBB: write, last tick
(13330) DBB: write request from dla, addr 80100340 id 0
(13330) DBB: write data from dla (00000000 00000000...)
(13330) DBB: write, last tick
(13336) DBB: write request from dla, addr 80100340 id 0
(13336) DBB: write data from dla (00000000 00000000...)
(13336) DBB: write, last tick
(13342) DBB: write request from dla, addr 80100340 id 0
(13342) DBB: write data from dla (00000000 00000000...)
(13342) DBB: write, last tick
(13348) DBB: write request from dla, addr 80100340 id 0
(13348) DBB: write data from dla (00000000 00000000...)
(13348) DBB: write, last tick
(13354) DBB: write request from dla, addr 80100340 id 0
(13354) DBB: write data from dla (00000000 00000000...)
(13354) DBB: write, last tick
(13360) DBB: write request from dla, addr 80100340 id 0
(13360) DBB: write data from dla (00000000 00000000...)
(13360) DBB: write, last tick
(13366) DBB: write request from dla, addr 80100340 id 0
(13366) DBB: write data from dla (00000000 00000000...)
(13366) DBB: write, last tick
(13372) DBB: write request from dla, addr 80100340 id 0
(13372) DBB: write data from dla (00000000 00000000...)
(13372) DBB: write, last tick
(13378) DBB: write request from dla, addr 80100340 id 0
(13378) DBB: write data from dla (00000000 00000000...)
(13378) DBB: write, last tick
(13384) DBB: write request from dla, addr 80100340 id 0
(13384) DBB: write data from dla (00000000 00000000...)
(13384) DBB: write, last tick
(13390) DBB: write request from dla, addr 80100340 id 0
(13390) DBB: write data from dla (00000000 00000000...)
(13390) DBB: write, last tick
(13396) DBB: write request from dla, addr 80100340 id 0
(13396) DBB: write data from dla (00000000 00000000...)
(13396) DBB: write, last tick
(13402) DBB: write request from dla, addr 80100340 id 0
(13402) DBB: write data from dla (00000000 00000000...)
(13402) DBB: write, last tick
(13408) DBB: write request from dla, addr 80100340 id 0
(13408) DBB: write data from dla (00000000 00000000...)
(13408) DBB: write, last tick
(13414) DBB: write request from dla, addr 80100340 id 0
(13414) DBB: write data from dla (00000000 00000000...)
(13414) DBB: write, last tick
(13420) DBB: write request from dla, addr 80100340 id 0
(13420) DBB: write data from dla (00000000 00000000...)
(13420) DBB: write, last tick
(13426) DBB: write request from dla, addr 80100340 id 0
(13426) DBB: write data from dla (00000000 00000000...)
(13426) DBB: write, last tick
(13432) DBB: write request from dla, addr 80100340 id 0
(13432) DBB: write data from dla (00000000 00000000...)
(13432) DBB: write, last tick
(13438) DBB: write request from dla, addr 80100340 id 0
(13438) DBB: write data from dla (00000000 00000000...)
(13438) DBB: write, last tick
(13444) DBB: write request from dla, addr 80100340 id 0
(13444) DBB: write data from dla (00000000 00000000...)
(13444) DBB: write, last tick
(13450) DBB: write request from dla, addr 80100340 id 0
(13450) DBB: write data from dla (00000000 00000000...)
(13450) DBB: write, last tick
(13456) DBB: write request from dla, addr 80100340 id 0
(13456) DBB: write data from dla (00000000 00000000...)
(13456) DBB: write, last tick
(13462) DBB: write request from dla, addr 80100340 id 0
(13462) DBB: write data from dla (00000000 00000000...)
(13462) DBB: write, last tick
(13468) DBB: write request from dla, addr 80100340 id 0
(13468) DBB: write data from dla (00000000 00000000...)
(13468) DBB: write, last tick
(13474) DBB: write request from dla, addr 80100340 id 0
(13474) DBB: write data from dla (00000000 00000000...)
(13474) DBB: write, last tick
(13480) DBB: write request from dla, addr 80100340 id 0
(13480) DBB: write data from dla (00000000 00000000...)
(13480) DBB: write, last tick
(13486) DBB: write request from dla, addr 80100340 id 0
(13486) DBB: write data from dla (00000000 00000000...)
(13486) DBB: write, last tick
(13492) DBB: write request from dla, addr 80100340 id 0
(13492) DBB: write data from dla (00000000 00000000...)
(13492) DBB: write, last tick
(13498) DBB: write request from dla, addr 80100340 id 0
(13498) DBB: write data from dla (00000000 00000000...)
(13498) DBB: write, last tick
(13504) DBB: write request from dla, addr 80100340 id 0
(13504) DBB: write data from dla (00000000 00000000...)
(13504) DBB: write, last tick
(13510) DBB: write request from dla, addr 80100340 id 0
(13510) DBB: write data from dla (00000000 00000000...)
(13510) DBB: write, last tick
(13516) DBB: write request from dla, addr 80100340 id 0
(13516) DBB: write data from dla (00000000 00000000...)
(13516) DBB: write, last tick
(13522) DBB: write request from dla, addr 80100340 id 0
(13522) DBB: write data from dla (00000000 00000000...)
(13522) DBB: write, last tick
(13528) DBB: write request from dla, addr 80100340 id 0
(13528) DBB: write data from dla (00000000 00000000...)
(13528) DBB: write, last tick
(13534) DBB: write request from dla, addr 80100340 id 0
(13534) DBB: write data from dla (00000000 00000000...)
(13534) DBB: write, last tick
(13540) DBB: write request from dla, addr 80100340 id 0
(13540) DBB: write data from dla (00000000 00000000...)
(13540) DBB: write, last tick
(13546) DBB: write request from dla, addr 80100340 id 0
(13546) DBB: write data from dla (00000000 00000000...)
(13546) DBB: write, last tick
(13552) DBB: write request from dla, addr 80100340 id 0
(13552) DBB: write data from dla (00000000 00000000...)
(13552) DBB: write, last tick
(13558) DBB: write request from dla, addr 80100340 id 0
(13558) DBB: write data from dla (00000000 00000000...)
(13558) DBB: write, last tick
(13564) DBB: write request from dla, addr 80100340 id 0
(13564) DBB: write data from dla (00000000 00000000...)
(13564) DBB: write, last tick
(13570) DBB: write request from dla, addr 80100340 id 0
(13570) DBB: write data from dla (00000000 00000000...)
(13570) DBB: write, last tick
(13576) DBB: write request from dla, addr 80100340 id 0
(13576) DBB: write data from dla (00000000 00000000...)
(13576) DBB: write, last tick
(13582) DBB: write request from dla, addr 80100340 id 0
(13582) DBB: write data from dla (00000000 00000000...)
(13582) DBB: write, last tick
(13588) DBB: write request from dla, addr 80100340 id 0
(13588) DBB: write data from dla (00000000 00000000...)
(13588) DBB: write, last tick
(13594) DBB: write request from dla, addr 80100340 id 0
(13594) DBB: write data from dla (00000000 00000000...)
(13594) DBB: write, last tick
(13600) DBB: write request from dla, addr 80100340 id 0
(13600) DBB: write data from dla (00000000 00000000...)
(13600) DBB: write, last tick
(13606) DBB: write request from dla, addr 80100340 id 0
(13606) DBB: write data from dla (00000000 00000000...)
(13606) DBB: write, last tick
(13612) DBB: write request from dla, addr 80100340 id 0
(13612) DBB: write data from dla (00000000 00000000...)
(13612) DBB: write, last tick
(13618) DBB: write request from dla, addr 80100340 id 0
(13618) DBB: write data from dla (00000000 00000000...)
(13618) DBB: write, last tick
(13624) DBB: write request from dla, addr 80100340 id 0
(13624) DBB: write data from dla (00000000 00000000...)
(13624) DBB: write, last tick
(13630) DBB: write request from dla, addr 80100340 id 0
(13630) DBB: write data from dla (00000000 00000000...)
(13630) DBB: write, last tick
(13636) DBB: write request from dla, addr 80100340 id 0
(13636) DBB: write data from dla (00000000 00000000...)
(13636) DBB: write, last tick
(13642) DBB: write request from dla, addr 80100340 id 0
(13642) DBB: write data from dla (00000000 00000000...)
(13642) DBB: write, last tick
(13648) DBB: write request from dla, addr 80100380 id 0
(13648) DBB: write data from dla (00000015 00000000...)
(13648) DBB: write, last tick
(13654) DBB: write request from dla, addr 80100380 id 0
(13654) DBB: write data from dla (00002000 00000000...)
(13654) DBB: write, last tick
(13660) DBB: write request from dla, addr 80100380 id 0
(13660) DBB: write data from dla (00150000 00000000...)
(13660) DBB: write, last tick
(13666) DBB: write request from dla, addr 80100380 id 0
(13666) DBB: write data from dla (21000000 00000000...)
(13666) DBB: write, last tick
(13672) DBB: write request from dla, addr 80100380 id 0
(13672) DBB: write data from dla (00000000 00000015...)
(13672) DBB: write, last tick
(13678) DBB: write request from dla, addr 80100380 id 0
(13678) DBB: write data from dla (00000000 00002200...)
(13678) DBB: write, last tick
(13684) DBB: write request from dla, addr 80100380 id 0
(13684) DBB: write data from dla (00000000 00150000...)
(13684) DBB: write, last tick
(13690) DBB: write request from dla, addr 80100380 id 0
(13690) DBB: write data from dla (00000000 23000000...)
(13690) DBB: write, last tick
(13696) DBB: write request from dla, addr 80100380 id 0
(13696) DBB: write data from dla (00000000 00000000...)
(13696) DBB: write, last tick
(13702) DBB: write request from dla, addr 80100380 id 0
(13702) DBB: write data from dla (00000000 00000000...)
(13702) DBB: write, last tick
(13708) DBB: write request from dla, addr 80100380 id 0
(13708) DBB: write data from dla (00000000 00000000...)
(13708) DBB: write, last tick
(13714) DBB: write request from dla, addr 80100380 id 0
(13714) DBB: write data from dla (00000000 00000000...)
(13714) DBB: write, last tick
(13720) DBB: write request from dla, addr 80100380 id 0
(13720) DBB: write data from dla (00000000 00000000...)
(13720) DBB: write, last tick
(13726) DBB: write request from dla, addr 80100380 id 0
(13726) DBB: write data from dla (00000000 00000000...)
(13726) DBB: write, last tick
(13732) DBB: write request from dla, addr 80100380 id 0
(13732) DBB: write data from dla (00000000 00000000...)
(13732) DBB: write, last tick
(13738) DBB: write request from dla, addr 80100380 id 0
(13738) DBB: write data from dla (00000000 00000000...)
(13738) DBB: write, last tick
(13744) DBB: write request from dla, addr 80100380 id 0
(13744) DBB: write data from dla (00000000 00000000...)
(13744) DBB: write, last tick
(13750) DBB: write request from dla, addr 80100380 id 0
(13750) DBB: write data from dla (00000000 00000000...)
(13750) DBB: write, last tick
(13756) DBB: write request from dla, addr 80100380 id 0
(13756) DBB: write data from dla (00000000 00000000...)
(13756) DBB: write, last tick
(13762) DBB: write request from dla, addr 80100380 id 0
(13762) DBB: write data from dla (00000000 00000000...)
(13762) DBB: write, last tick
(13768) DBB: write request from dla, addr 80100380 id 0
(13768) DBB: write data from dla (00000000 00000000...)
(13768) DBB: write, last tick
(13774) DBB: write request from dla, addr 80100380 id 0
(13774) DBB: write data from dla (00000000 00000000...)
(13774) DBB: write, last tick
(13780) DBB: write request from dla, addr 80100380 id 0
(13780) DBB: write data from dla (00000000 00000000...)
(13780) DBB: write, last tick
(13786) DBB: write request from dla, addr 80100380 id 0
(13786) DBB: write data from dla (00000000 00000000...)
(13786) DBB: write, last tick
(13792) DBB: write request from dla, addr 80100380 id 0
(13792) DBB: write data from dla (00000000 00000000...)
(13792) DBB: write, last tick
(13798) DBB: write request from dla, addr 80100380 id 0
(13798) DBB: write data from dla (00000000 00000000...)
(13798) DBB: write, last tick
(13804) DBB: write request from dla, addr 80100380 id 0
(13804) DBB: write data from dla (00000000 00000000...)
(13804) DBB: write, last tick
(13810) DBB: write request from dla, addr 80100380 id 0
(13810) DBB: write data from dla (00000000 00000000...)
(13810) DBB: write, last tick
(13816) DBB: write request from dla, addr 80100380 id 0
(13816) DBB: write data from dla (00000000 00000000...)
(13816) DBB: write, last tick
(13822) DBB: write request from dla, addr 80100380 id 0
(13822) DBB: write data from dla (00000000 00000000...)
(13822) DBB: write, last tick
(13828) DBB: write request from dla, addr 80100380 id 0
(13828) DBB: write data from dla (00000000 00000000...)
(13828) DBB: write, last tick
(13834) DBB: write request from dla, addr 80100380 id 0
(13834) DBB: write data from dla (00000000 00000000...)
(13834) DBB: write, last tick
(13840) DBB: write request from dla, addr 80100380 id 0
(13840) DBB: write data from dla (00000000 00000000...)
(13840) DBB: write, last tick
(13846) DBB: write request from dla, addr 80100380 id 0
(13846) DBB: write data from dla (00000000 00000000...)
(13846) DBB: write, last tick
(13852) DBB: write request from dla, addr 80100380 id 0
(13852) DBB: write data from dla (00000000 00000000...)
(13852) DBB: write, last tick
(13858) DBB: write request from dla, addr 80100380 id 0
(13858) DBB: write data from dla (00000000 00000000...)
(13858) DBB: write, last tick
(13864) DBB: write request from dla, addr 80100380 id 0
(13864) DBB: write data from dla (00000000 00000000...)
(13864) DBB: write, last tick
(13870) DBB: write request from dla, addr 80100380 id 0
(13870) DBB: write data from dla (00000000 00000000...)
(13870) DBB: write, last tick
(13876) DBB: write request from dla, addr 80100380 id 0
(13876) DBB: write data from dla (00000000 00000000...)
(13876) DBB: write, last tick
(13882) DBB: write request from dla, addr 80100380 id 0
(13882) DBB: write data from dla (00000000 00000000...)
(13882) DBB: write, last tick
(13888) DBB: write request from dla, addr 80100380 id 0
(13888) DBB: write data from dla (00000000 00000000...)
(13888) DBB: write, last tick
(13894) DBB: write request from dla, addr 80100380 id 0
(13894) DBB: write data from dla (00000000 00000000...)
(13894) DBB: write, last tick
(13900) DBB: write request from dla, addr 80100380 id 0
(13900) DBB: write data from dla (00000000 00000000...)
(13900) DBB: write, last tick
(13906) DBB: write request from dla, addr 80100380 id 0
(13906) DBB: write data from dla (00000000 00000000...)
(13906) DBB: write, last tick
(13912) DBB: write request from dla, addr 80100380 id 0
(13912) DBB: write data from dla (00000000 00000000...)
(13912) DBB: write, last tick
(13918) DBB: write request from dla, addr 80100380 id 0
(13918) DBB: write data from dla (00000000 00000000...)
(13918) DBB: write, last tick
(13924) DBB: write request from dla, addr 80100380 id 0
(13924) DBB: write data from dla (00000000 00000000...)
(13924) DBB: write, last tick
(13930) DBB: write request from dla, addr 80100380 id 0
(13930) DBB: write data from dla (00000000 00000000...)
(13930) DBB: write, last tick
(13936) DBB: write request from dla, addr 80100380 id 0
(13936) DBB: write data from dla (00000000 00000000...)
(13936) DBB: write, last tick
(13942) DBB: write request from dla, addr 80100380 id 0
(13942) DBB: write data from dla (00000000 00000000...)
(13942) DBB: write, last tick
(13948) DBB: write request from dla, addr 80100380 id 0
(13948) DBB: write data from dla (00000000 00000000...)
(13948) DBB: write, last tick
(13954) DBB: write request from dla, addr 80100380 id 0
(13954) DBB: write data from dla (00000000 00000000...)
(13954) DBB: write, last tick
(13960) DBB: write request from dla, addr 80100380 id 0
(13960) DBB: write data from dla (00000000 00000000...)
(13960) DBB: write, last tick
(13966) DBB: write request from dla, addr 80100380 id 0
(13966) DBB: write data from dla (00000000 00000000...)
(13966) DBB: write, last tick
(13972) DBB: write request from dla, addr 80100380 id 0
(13972) DBB: write data from dla (00000000 00000000...)
(13972) DBB: write, last tick
(13978) DBB: write request from dla, addr 80100380 id 0
(13978) DBB: write data from dla (00000000 00000000...)
(13978) DBB: write, last tick
(13984) DBB: write request from dla, addr 80100380 id 0
(13984) DBB: write data from dla (00000000 00000000...)
(13984) DBB: write, last tick
(13990) DBB: write request from dla, addr 80100380 id 0
(13990) DBB: write data from dla (00000000 00000000...)
(13990) DBB: write, last tick
(13996) DBB: write request from dla, addr 80100380 id 0
(13996) DBB: write data from dla (00000000 00000000...)
(13996) DBB: write, last tick
(14002) DBB: write request from dla, addr 80100380 id 0
(14002) DBB: write data from dla (00000000 00000000...)
(14002) DBB: write, last tick
(14008) DBB: write request from dla, addr 80100380 id 0
(14008) DBB: write data from dla (00000000 00000000...)
(14008) DBB: write, last tick
(14014) DBB: write request from dla, addr 80100380 id 0
(14014) DBB: write data from dla (00000000 00000000...)
(14014) DBB: write, last tick
(14020) DBB: write request from dla, addr 80100380 id 0
(14020) DBB: write data from dla (00000000 00000000...)
(14020) DBB: write, last tick
(14026) DBB: write request from dla, addr 80100380 id 0
(14026) DBB: write data from dla (00000000 00000000...)
(14026) DBB: write, last tick
(14032) DBB: write request from dla, addr 801003c0 id 0
(14032) DBB: write data from dla (00000035 00000000...)
(14032) DBB: write, last tick
(14038) DBB: write request from dla, addr 801003c0 id 0
(14038) DBB: write data from dla (00002000 00000000...)
(14038) DBB: write, last tick
(14044) DBB: write request from dla, addr 801003c0 id 0
(14044) DBB: write data from dla (00350000 00000000...)
(14044) DBB: write, last tick
(14050) DBB: write request from dla, addr 801003c0 id 0
(14050) DBB: write data from dla (21000000 00000000...)
(14050) DBB: write, last tick
(14056) DBB: write request from dla, addr 801003c0 id 0
(14056) DBB: write data from dla (00000000 00000035...)
(14056) DBB: write, last tick
(14062) DBB: write request from dla, addr 801003c0 id 0
(14062) DBB: write data from dla (00000000 00002200...)
(14062) DBB: write, last tick
(14068) DBB: write request from dla, addr 801003c0 id 0
(14068) DBB: write data from dla (00000000 00350000...)
(14068) DBB: write, last tick
(14074) DBB: write request from dla, addr 801003c0 id 0
(14074) DBB: write data from dla (00000000 23000000...)
(14074) DBB: write, last tick
(14080) DBB: write request from dla, addr 801003c0 id 0
(14080) DBB: write data from dla (00000000 00000000...)
(14080) DBB: write, last tick
(14086) DBB: write request from dla, addr 801003c0 id 0
(14086) DBB: write data from dla (00000000 00000000...)
(14086) DBB: write, last tick
(14092) DBB: write request from dla, addr 801003c0 id 0
(14092) DBB: write data from dla (00000000 00000000...)
(14092) DBB: write, last tick
(14098) DBB: write request from dla, addr 801003c0 id 0
(14098) DBB: write data from dla (00000000 00000000...)
(14098) DBB: write, last tick
(14104) DBB: write request from dla, addr 801003c0 id 0
(14104) DBB: write data from dla (00000000 00000000...)
(14104) DBB: write, last tick
(14110) DBB: write request from dla, addr 801003c0 id 0
(14110) DBB: write data from dla (00000000 00000000...)
(14110) DBB: write, last tick
(14116) DBB: write request from dla, addr 801003c0 id 0
(14116) DBB: write data from dla (00000000 00000000...)
(14116) DBB: write, last tick
(14122) DBB: write request from dla, addr 801003c0 id 0
(14122) DBB: write data from dla (00000000 00000000...)
(14122) DBB: write, last tick
(14128) DBB: write request from dla, addr 801003c0 id 0
(14128) DBB: write data from dla (00000000 00000000...)
(14128) DBB: write, last tick
(14134) DBB: write request from dla, addr 801003c0 id 0
(14134) DBB: write data from dla (00000000 00000000...)
(14134) DBB: write, last tick
(14140) DBB: write request from dla, addr 801003c0 id 0
(14140) DBB: write data from dla (00000000 00000000...)
(14140) DBB: write, last tick
(14146) DBB: write request from dla, addr 801003c0 id 0
(14146) DBB: write data from dla (00000000 00000000...)
(14146) DBB: write, last tick
(14152) DBB: write request from dla, addr 801003c0 id 0
(14152) DBB: write data from dla (00000000 00000000...)
(14152) DBB: write, last tick
(14158) DBB: write request from dla, addr 801003c0 id 0
(14158) DBB: write data from dla (00000000 00000000...)
(14158) DBB: write, last tick
(14164) DBB: write request from dla, addr 801003c0 id 0
(14164) DBB: write data from dla (00000000 00000000...)
(14164) DBB: write, last tick
(14170) DBB: write request from dla, addr 801003c0 id 0
(14170) DBB: write data from dla (00000000 00000000...)
(14170) DBB: write, last tick
(14176) DBB: write request from dla, addr 801003c0 id 0
(14176) DBB: write data from dla (00000000 00000000...)
(14176) DBB: write, last tick
(14182) DBB: write request from dla, addr 801003c0 id 0
(14182) DBB: write data from dla (00000000 00000000...)
(14182) DBB: write, last tick
(14188) DBB: write request from dla, addr 801003c0 id 0
(14188) DBB: write data from dla (00000000 00000000...)
(14188) DBB: write, last tick
(14194) DBB: write request from dla, addr 801003c0 id 0
(14194) DBB: write data from dla (00000000 00000000...)
(14194) DBB: write, last tick
(14200) DBB: write request from dla, addr 801003c0 id 0
(14200) DBB: write data from dla (00000000 00000000...)
(14200) DBB: write, last tick
(14206) DBB: write request from dla, addr 801003c0 id 0
(14206) DBB: write data from dla (00000000 00000000...)
(14206) DBB: write, last tick
(14212) DBB: write request from dla, addr 801003c0 id 0
(14212) DBB: write data from dla (00000000 00000000...)
(14212) DBB: write, last tick
(14218) DBB: write request from dla, addr 801003c0 id 0
(14218) DBB: write data from dla (00000000 00000000...)
(14218) DBB: write, last tick
(14224) DBB: write request from dla, addr 801003c0 id 0
(14224) DBB: write data from dla (00000000 00000000...)
(14224) DBB: write, last tick
(14230) DBB: write request from dla, addr 801003c0 id 0
(14230) DBB: write data from dla (00000000 00000000...)
(14230) DBB: write, last tick
(14236) DBB: write request from dla, addr 801003c0 id 0
(14236) DBB: write data from dla (00000000 00000000...)
(14236) DBB: write, last tick
(14242) DBB: write request from dla, addr 801003c0 id 0
(14242) DBB: write data from dla (00000000 00000000...)
(14242) DBB: write, last tick
(14248) DBB: write request from dla, addr 801003c0 id 0
(14248) DBB: write data from dla (00000000 00000000...)
(14248) DBB: write, last tick
(14254) DBB: write request from dla, addr 801003c0 id 0
(14254) DBB: write data from dla (00000000 00000000...)
(14254) DBB: write, last tick
(14260) DBB: write request from dla, addr 801003c0 id 0
(14260) DBB: write data from dla (00000000 00000000...)
(14260) DBB: write, last tick
(14266) DBB: write request from dla, addr 801003c0 id 0
(14266) DBB: write data from dla (00000000 00000000...)
(14266) DBB: write, last tick
(14272) DBB: write request from dla, addr 801003c0 id 0
(14272) DBB: write data from dla (00000000 00000000...)
(14272) DBB: write, last tick
(14278) DBB: write request from dla, addr 801003c0 id 0
(14278) DBB: write data from dla (00000000 00000000...)
(14278) DBB: write, last tick
(14284) DBB: write request from dla, addr 801003c0 id 0
(14284) DBB: write data from dla (00000000 00000000...)
(14284) DBB: write, last tick
(14290) DBB: write request from dla, addr 801003c0 id 0
(14290) DBB: write data from dla (00000000 00000000...)
(14290) DBB: write, last tick
(14296) DBB: write request from dla, addr 801003c0 id 0
(14296) DBB: write data from dla (00000000 00000000...)
(14296) DBB: write, last tick
(14302) DBB: write request from dla, addr 801003c0 id 0
(14302) DBB: write data from dla (00000000 00000000...)
(14302) DBB: write, last tick
(14308) DBB: write request from dla, addr 801003c0 id 0
(14308) DBB: write data from dla (00000000 00000000...)
(14308) DBB: write, last tick
(14314) DBB: write request from dla, addr 801003c0 id 0
(14314) DBB: write data from dla (00000000 00000000...)
(14314) DBB: write, last tick
(14320) DBB: write request from dla, addr 801003c0 id 0
(14320) DBB: write data from dla (00000000 00000000...)
(14320) DBB: write, last tick
(14326) DBB: write request from dla, addr 801003c0 id 0
(14326) DBB: write data from dla (00000000 00000000...)
(14326) DBB: write, last tick
(14332) DBB: write request from dla, addr 801003c0 id 0
(14332) DBB: write data from dla (00000000 00000000...)
(14332) DBB: write, last tick
(14338) DBB: write request from dla, addr 801003c0 id 0
(14338) DBB: write data from dla (00000000 00000000...)
(14338) DBB: write, last tick
(14344) DBB: write request from dla, addr 801003c0 id 0
(14344) DBB: write data from dla (00000000 00000000...)
(14344) DBB: write, last tick
(14350) DBB: write request from dla, addr 801003c0 id 0
(14350) DBB: write data from dla (00000000 00000000...)
(14350) DBB: write, last tick
(14356) DBB: write request from dla, addr 801003c0 id 0
(14356) DBB: write data from dla (00000000 00000000...)
(14356) DBB: write, last tick
(14362) DBB: write request from dla, addr 801003c0 id 0
(14362) DBB: write data from dla (00000000 00000000...)
(14362) DBB: write, last tick
(14368) DBB: write request from dla, addr 801003c0 id 0
(14368) DBB: write data from dla (00000000 00000000...)
(14368) DBB: write, last tick
(14374) DBB: write request from dla, addr 801003c0 id 0
(14374) DBB: write data from dla (00000000 00000000...)
(14374) DBB: write, last tick
(14380) DBB: write request from dla, addr 801003c0 id 0
(14380) DBB: write data from dla (00000000 00000000...)
(14380) DBB: write, last tick
(14386) DBB: write request from dla, addr 801003c0 id 0
(14386) DBB: write data from dla (00000000 00000000...)
(14386) DBB: write, last tick
(14392) DBB: write request from dla, addr 801003c0 id 0
(14392) DBB: write data from dla (00000000 00000000...)
(14392) DBB: write, last tick
(14398) DBB: write request from dla, addr 801003c0 id 0
(14398) DBB: write data from dla (00000000 00000000...)
(14398) DBB: write, last tick
(14404) DBB: write request from dla, addr 801003c0 id 0
(14404) DBB: write data from dla (00000000 00000000...)
(14404) DBB: write, last tick
(14410) DBB: write request from dla, addr 801003c0 id 0
(14410) DBB: write data from dla (00000000 00000000...)
(14410) DBB: write, last tick
(14416) DBB: write request from dla, addr 80100400 id 0
(14416) DBB: write data from dla (00000055 00000000...)
(14416) DBB: write, last tick
(14422) DBB: write request from dla, addr 80100400 id 0
(14422) DBB: write data from dla (00002000 00000000...)
(14422) DBB: write, last tick
(14428) DBB: write request from dla, addr 80100400 id 0
(14428) DBB: write data from dla (00550000 00000000...)
(14428) DBB: write, last tick
(14434) DBB: write request from dla, addr 80100400 id 0
(14434) DBB: write data from dla (21000000 00000000...)
(14434) DBB: write, last tick
(14440) DBB: write request from dla, addr 80100400 id 0
(14440) DBB: write data from dla (00000000 00000055...)
(14440) DBB: write, last tick
(14446) DBB: write request from dla, addr 80100400 id 0
(14446) DBB: write data from dla (00000000 00002200...)
(14446) DBB: write, last tick
(14452) DBB: write request from dla, addr 80100400 id 0
(14452) DBB: write data from dla (00000000 00550000...)
(14452) DBB: write, last tick
(14458) DBB: write request from dla, addr 80100400 id 0
(14458) DBB: write data from dla (00000000 23000000...)
(14458) DBB: write, last tick
(14464) DBB: write request from dla, addr 80100400 id 0
(14464) DBB: write data from dla (00000000 00000000...)
(14464) DBB: write, last tick
(14470) DBB: write request from dla, addr 80100400 id 0
(14470) DBB: write data from dla (00000000 00000000...)
(14470) DBB: write, last tick
(14476) DBB: write request from dla, addr 80100400 id 0
(14476) DBB: write data from dla (00000000 00000000...)
(14476) DBB: write, last tick
(14482) DBB: write request from dla, addr 80100400 id 0
(14482) DBB: write data from dla (00000000 00000000...)
(14482) DBB: write, last tick
(14488) DBB: write request from dla, addr 80100400 id 0
(14488) DBB: write data from dla (00000000 00000000...)
(14488) DBB: write, last tick
(14494) DBB: write request from dla, addr 80100400 id 0
(14494) DBB: write data from dla (00000000 00000000...)
(14494) DBB: write, last tick
(14500) DBB: write request from dla, addr 80100400 id 0
(14500) DBB: write data from dla (00000000 00000000...)
(14500) DBB: write, last tick
(14506) DBB: write request from dla, addr 80100400 id 0
(14506) DBB: write data from dla (00000000 00000000...)
(14506) DBB: write, last tick
(14512) DBB: write request from dla, addr 80100400 id 0
(14512) DBB: write data from dla (00000000 00000000...)
(14512) DBB: write, last tick
(14518) DBB: write request from dla, addr 80100400 id 0
(14518) DBB: write data from dla (00000000 00000000...)
(14518) DBB: write, last tick
(14524) DBB: write request from dla, addr 80100400 id 0
(14524) DBB: write data from dla (00000000 00000000...)
(14524) DBB: write, last tick
(14530) DBB: write request from dla, addr 80100400 id 0
(14530) DBB: write data from dla (00000000 00000000...)
(14530) DBB: write, last tick
(14536) DBB: write request from dla, addr 80100400 id 0
(14536) DBB: write data from dla (00000000 00000000...)
(14536) DBB: write, last tick
(14542) DBB: write request from dla, addr 80100400 id 0
(14542) DBB: write data from dla (00000000 00000000...)
(14542) DBB: write, last tick
(14548) DBB: write request from dla, addr 80100400 id 0
(14548) DBB: write data from dla (00000000 00000000...)
(14548) DBB: write, last tick
(14554) DBB: write request from dla, addr 80100400 id 0
(14554) DBB: write data from dla (00000000 00000000...)
(14554) DBB: write, last tick
(14560) DBB: write request from dla, addr 80100400 id 0
(14560) DBB: write data from dla (00000000 00000000...)
(14560) DBB: write, last tick
(14566) DBB: write request from dla, addr 80100400 id 0
(14566) DBB: write data from dla (00000000 00000000...)
(14566) DBB: write, last tick
(14572) DBB: write request from dla, addr 80100400 id 0
(14572) DBB: write data from dla (00000000 00000000...)
(14572) DBB: write, last tick
(14578) DBB: write request from dla, addr 80100400 id 0
(14578) DBB: write data from dla (00000000 00000000...)
(14578) DBB: write, last tick
(14584) DBB: write request from dla, addr 80100400 id 0
(14584) DBB: write data from dla (00000000 00000000...)
(14584) DBB: write, last tick
(14590) DBB: write request from dla, addr 80100400 id 0
(14590) DBB: write data from dla (00000000 00000000...)
(14590) DBB: write, last tick
(14596) DBB: write request from dla, addr 80100400 id 0
(14596) DBB: write data from dla (00000000 00000000...)
(14596) DBB: write, last tick
(14602) DBB: write request from dla, addr 80100400 id 0
(14602) DBB: write data from dla (00000000 00000000...)
(14602) DBB: write, last tick
(14608) DBB: write request from dla, addr 80100400 id 0
(14608) DBB: write data from dla (00000000 00000000...)
(14608) DBB: write, last tick
(14614) DBB: write request from dla, addr 80100400 id 0
(14614) DBB: write data from dla (00000000 00000000...)
(14614) DBB: write, last tick
(14620) DBB: write request from dla, addr 80100400 id 0
(14620) DBB: write data from dla (00000000 00000000...)
(14620) DBB: write, last tick
(14626) DBB: write request from dla, addr 80100400 id 0
(14626) DBB: write data from dla (00000000 00000000...)
(14626) DBB: write, last tick
(14632) DBB: write request from dla, addr 80100400 id 0
(14632) DBB: write data from dla (00000000 00000000...)
(14632) DBB: write, last tick
(14638) DBB: write request from dla, addr 80100400 id 0
(14638) DBB: write data from dla (00000000 00000000...)
(14638) DBB: write, last tick
(14644) DBB: write request from dla, addr 80100400 id 0
(14644) DBB: write data from dla (00000000 00000000...)
(14644) DBB: write, last tick
(14650) DBB: write request from dla, addr 80100400 id 0
(14650) DBB: write data from dla (00000000 00000000...)
(14650) DBB: write, last tick
(14656) DBB: write request from dla, addr 80100400 id 0
(14656) DBB: write data from dla (00000000 00000000...)
(14656) DBB: write, last tick
(14662) DBB: write request from dla, addr 80100400 id 0
(14662) DBB: write data from dla (00000000 00000000...)
(14662) DBB: write, last tick
(14668) DBB: write request from dla, addr 80100400 id 0
(14668) DBB: write data from dla (00000000 00000000...)
(14668) DBB: write, last tick
(14674) DBB: write request from dla, addr 80100400 id 0
(14674) DBB: write data from dla (00000000 00000000...)
(14674) DBB: write, last tick
(14680) DBB: write request from dla, addr 80100400 id 0
(14680) DBB: write data from dla (00000000 00000000...)
(14680) DBB: write, last tick
(14686) DBB: write request from dla, addr 80100400 id 0
(14686) DBB: write data from dla (00000000 00000000...)
(14686) DBB: write, last tick
(14692) DBB: write request from dla, addr 80100400 id 0
(14692) DBB: write data from dla (00000000 00000000...)
(14692) DBB: write, last tick
(14698) DBB: write request from dla, addr 80100400 id 0
(14698) DBB: write data from dla (00000000 00000000...)
(14698) DBB: write, last tick
(14704) DBB: write request from dla, addr 80100400 id 0
(14704) DBB: write data from dla (00000000 00000000...)
(14704) DBB: write, last tick
(14710) DBB: write request from dla, addr 80100400 id 0
(14710) DBB: write data from dla (00000000 00000000...)
(14710) DBB: write, last tick
(14716) DBB: write request from dla, addr 80100400 id 0
(14716) DBB: write data from dla (00000000 00000000...)
(14716) DBB: write, last tick
(14722) DBB: write request from dla, addr 80100400 id 0
(14722) DBB: write data from dla (00000000 00000000...)
(14722) DBB: write, last tick
(14728) DBB: write request from dla, addr 80100400 id 0
(14728) DBB: write data from dla (00000000 00000000...)
(14728) DBB: write, last tick
(14734) DBB: write request from dla, addr 80100400 id 0
(14734) DBB: write data from dla (00000000 00000000...)
(14734) DBB: write, last tick
(14740) DBB: write request from dla, addr 80100400 id 0
(14740) DBB: write data from dla (00000000 00000000...)
(14740) DBB: write, last tick
(14746) DBB: write request from dla, addr 80100400 id 0
(14746) DBB: write data from dla (00000000 00000000...)
(14746) DBB: write, last tick
(14752) DBB: write request from dla, addr 80100400 id 0
(14752) DBB: write data from dla (00000000 00000000...)
(14752) DBB: write, last tick
(14758) DBB: write request from dla, addr 80100400 id 0
(14758) DBB: write data from dla (00000000 00000000...)
(14758) DBB: write, last tick
(14764) DBB: write request from dla, addr 80100400 id 0
(14764) DBB: write data from dla (00000000 00000000...)
(14764) DBB: write, last tick
(14770) DBB: write request from dla, addr 80100400 id 0
(14770) DBB: write data from dla (00000000 00000000...)
(14770) DBB: write, last tick
(14776) DBB: write request from dla, addr 80100400 id 0
(14776) DBB: write data from dla (00000000 00000000...)
(14776) DBB: write, last tick
(14782) DBB: write request from dla, addr 80100400 id 0
(14782) DBB: write data from dla (00000000 00000000...)
(14782) DBB: write, last tick
(14788) DBB: write request from dla, addr 80100400 id 0
(14788) DBB: write data from dla (00000000 00000000...)
(14788) DBB: write, last tick
(14794) DBB: write request from dla, addr 80100400 id 0
(14794) DBB: write data from dla (00000000 00000000...)
(14794) DBB: write, last tick
(14800) DBB: write request from dla, addr 80100440 id 0
(14800) DBB: write data from dla (00000065 00000000...)
(14800) DBB: write, last tick
(14806) DBB: write request from dla, addr 80100440 id 0
(14806) DBB: write data from dla (00002000 00000000...)
(14806) DBB: write, last tick
(14812) DBB: write request from dla, addr 80100440 id 0
(14812) DBB: write data from dla (00650000 00000000...)
(14812) DBB: write, last tick
(14818) DBB: write request from dla, addr 80100440 id 0
(14818) DBB: write data from dla (21000000 00000000...)
(14818) DBB: write, last tick
(14824) DBB: write request from dla, addr 80100440 id 0
(14824) DBB: write data from dla (00000000 00000065...)
(14824) DBB: write, last tick
(14830) DBB: write request from dla, addr 80100440 id 0
(14830) DBB: write data from dla (00000000 00002200...)
(14830) DBB: write, last tick
(14836) DBB: write request from dla, addr 80100440 id 0
(14836) DBB: write data from dla (00000000 00650000...)
(14836) DBB: write, last tick
(14842) DBB: write request from dla, addr 80100440 id 0
(14842) DBB: write data from dla (00000000 23000000...)
(14842) DBB: write, last tick
(14848) DBB: write request from dla, addr 80100440 id 0
(14848) DBB: write data from dla (00000000 00000000...)
(14848) DBB: write, last tick
(14854) DBB: write request from dla, addr 80100440 id 0
(14854) DBB: write data from dla (00000000 00000000...)
(14854) DBB: write, last tick
(14860) DBB: write request from dla, addr 80100440 id 0
(14860) DBB: write data from dla (00000000 00000000...)
(14860) DBB: write, last tick
(14866) DBB: write request from dla, addr 80100440 id 0
(14866) DBB: write data from dla (00000000 00000000...)
(14866) DBB: write, last tick
(14872) DBB: write request from dla, addr 80100440 id 0
(14872) DBB: write data from dla (00000000 00000000...)
(14872) DBB: write, last tick
(14878) DBB: write request from dla, addr 80100440 id 0
(14878) DBB: write data from dla (00000000 00000000...)
(14878) DBB: write, last tick
(14884) DBB: write request from dla, addr 80100440 id 0
(14884) DBB: write data from dla (00000000 00000000...)
(14884) DBB: write, last tick
(14890) DBB: write request from dla, addr 80100440 id 0
(14890) DBB: write data from dla (00000000 00000000...)
(14890) DBB: write, last tick
(14896) DBB: write request from dla, addr 80100440 id 0
(14896) DBB: write data from dla (00000000 00000000...)
(14896) DBB: write, last tick
(14902) DBB: write request from dla, addr 80100440 id 0
(14902) DBB: write data from dla (00000000 00000000...)
(14902) DBB: write, last tick
(14908) DBB: write request from dla, addr 80100440 id 0
(14908) DBB: write data from dla (00000000 00000000...)
(14908) DBB: write, last tick
(14914) DBB: write request from dla, addr 80100440 id 0
(14914) DBB: write data from dla (00000000 00000000...)
(14914) DBB: write, last tick
(14920) DBB: write request from dla, addr 80100440 id 0
(14920) DBB: write data from dla (00000000 00000000...)
(14920) DBB: write, last tick
(14926) DBB: write request from dla, addr 80100440 id 0
(14926) DBB: write data from dla (00000000 00000000...)
(14926) DBB: write, last tick
(14932) DBB: write request from dla, addr 80100440 id 0
(14932) DBB: write data from dla (00000000 00000000...)
(14932) DBB: write, last tick
(14938) DBB: write request from dla, addr 80100440 id 0
(14938) DBB: write data from dla (00000000 00000000...)
(14938) DBB: write, last tick
(14944) DBB: write request from dla, addr 80100440 id 0
(14944) DBB: write data from dla (00000000 00000000...)
(14944) DBB: write, last tick
(14950) DBB: write request from dla, addr 80100440 id 0
(14950) DBB: write data from dla (00000000 00000000...)
(14950) DBB: write, last tick
(14956) DBB: write request from dla, addr 80100440 id 0
(14956) DBB: write data from dla (00000000 00000000...)
(14956) DBB: write, last tick
(14962) DBB: write request from dla, addr 80100440 id 0
(14962) DBB: write data from dla (00000000 00000000...)
(14962) DBB: write, last tick
(14968) DBB: write request from dla, addr 80100440 id 0
(14968) DBB: write data from dla (00000000 00000000...)
(14968) DBB: write, last tick
(14974) DBB: write request from dla, addr 80100440 id 0
(14974) DBB: write data from dla (00000000 00000000...)
(14974) DBB: write, last tick
(14980) DBB: write request from dla, addr 80100440 id 0
(14980) DBB: write data from dla (00000000 00000000...)
(14980) DBB: write, last tick
(14986) DBB: write request from dla, addr 80100440 id 0
(14986) DBB: write data from dla (00000000 00000000...)
(14986) DBB: write, last tick
(14992) DBB: write request from dla, addr 80100440 id 0
(14992) DBB: write data from dla (00000000 00000000...)
(14992) DBB: write, last tick
(14998) DBB: write request from dla, addr 80100440 id 0
(14998) DBB: write data from dla (00000000 00000000...)
(14998) DBB: write, last tick
(15004) DBB: write request from dla, addr 80100440 id 0
(15004) DBB: write data from dla (00000000 00000000...)
(15004) DBB: write, last tick
(15010) DBB: write request from dla, addr 80100440 id 0
(15010) DBB: write data from dla (00000000 00000000...)
(15010) DBB: write, last tick
(15016) DBB: write request from dla, addr 80100440 id 0
(15016) DBB: write data from dla (00000000 00000000...)
(15016) DBB: write, last tick
(15022) DBB: write request from dla, addr 80100440 id 0
(15022) DBB: write data from dla (00000000 00000000...)
(15022) DBB: write, last tick
(15028) DBB: write request from dla, addr 80100440 id 0
(15028) DBB: write data from dla (00000000 00000000...)
(15028) DBB: write, last tick
(15034) DBB: write request from dla, addr 80100440 id 0
(15034) DBB: write data from dla (00000000 00000000...)
(15034) DBB: write, last tick
(15040) DBB: write request from dla, addr 80100440 id 0
(15040) DBB: write data from dla (00000000 00000000...)
(15040) DBB: write, last tick
(15046) DBB: write request from dla, addr 80100440 id 0
(15046) DBB: write data from dla (00000000 00000000...)
(15046) DBB: write, last tick
(15052) DBB: write request from dla, addr 80100440 id 0
(15052) DBB: write data from dla (00000000 00000000...)
(15052) DBB: write, last tick
(15058) DBB: write request from dla, addr 80100440 id 0
(15058) DBB: write data from dla (00000000 00000000...)
(15058) DBB: write, last tick
(15064) DBB: write request from dla, addr 80100440 id 0
(15064) DBB: write data from dla (00000000 00000000...)
(15064) DBB: write, last tick
(15070) DBB: write request from dla, addr 80100440 id 0
(15070) DBB: write data from dla (00000000 00000000...)
(15070) DBB: write, last tick
(15076) DBB: write request from dla, addr 80100440 id 0
(15076) DBB: write data from dla (00000000 00000000...)
(15076) DBB: write, last tick
(15082) DBB: write request from dla, addr 80100440 id 0
(15082) DBB: write data from dla (00000000 00000000...)
(15082) DBB: write, last tick
(15088) DBB: write request from dla, addr 80100440 id 0
(15088) DBB: write data from dla (00000000 00000000...)
(15088) DBB: write, last tick
(15094) DBB: write request from dla, addr 80100440 id 0
(15094) DBB: write data from dla (00000000 00000000...)
(15094) DBB: write, last tick
(15100) DBB: write request from dla, addr 80100440 id 0
(15100) DBB: write data from dla (00000000 00000000...)
(15100) DBB: write, last tick
(15106) DBB: write request from dla, addr 80100440 id 0
(15106) DBB: write data from dla (00000000 00000000...)
(15106) DBB: write, last tick
(15112) DBB: write request from dla, addr 80100440 id 0
(15112) DBB: write data from dla (00000000 00000000...)
(15112) DBB: write, last tick
(15118) DBB: write request from dla, addr 80100440 id 0
(15118) DBB: write data from dla (00000000 00000000...)
(15118) DBB: write, last tick
(15124) DBB: write request from dla, addr 80100440 id 0
(15124) DBB: write data from dla (00000000 00000000...)
(15124) DBB: write, last tick
(15130) DBB: write request from dla, addr 80100440 id 0
(15130) DBB: write data from dla (00000000 00000000...)
(15130) DBB: write, last tick
(15136) DBB: write request from dla, addr 80100440 id 0
(15136) DBB: write data from dla (00000000 00000000...)
(15136) DBB: write, last tick
(15142) DBB: write request from dla, addr 80100440 id 0
(15142) DBB: write data from dla (00000000 00000000...)
(15142) DBB: write, last tick
(15148) DBB: write request from dla, addr 80100440 id 0
(15148) DBB: write data from dla (00000000 00000000...)
(15148) DBB: write, last tick
(15154) DBB: write request from dla, addr 80100440 id 0
(15154) DBB: write data from dla (00000000 00000000...)
(15154) DBB: write, last tick
(15160) DBB: write request from dla, addr 80100440 id 0
(15160) DBB: write data from dla (00000000 00000000...)
(15160) DBB: write, last tick
(15166) DBB: write request from dla, addr 80100440 id 0
(15166) DBB: write data from dla (00000000 00000000...)
(15166) DBB: write, last tick
(15172) DBB: write request from dla, addr 80100440 id 0
(15172) DBB: write data from dla (00000000 00000000...)
(15172) DBB: write, last tick
(15178) DBB: write request from dla, addr 80100440 id 0
(15178) DBB: write data from dla (00000000 00000000...)
(15178) DBB: write, last tick
(15184) DBB: write request from dla, addr 80100480 id 0
(15184) DBB: write data from dla (00000026 00000000...)
(15184) DBB: write, last tick
(15190) DBB: write request from dla, addr 80100480 id 0
(15190) DBB: write data from dla (00002000 00000000...)
(15190) DBB: write, last tick
(15196) DBB: write request from dla, addr 80100480 id 0
(15196) DBB: write data from dla (00260000 00000000...)
(15196) DBB: write, last tick
(15202) DBB: write request from dla, addr 80100480 id 0
(15202) DBB: write data from dla (21000000 00000000...)
(15202) DBB: write, last tick
(15208) DBB: write request from dla, addr 80100480 id 0
(15208) DBB: write data from dla (00000000 00000026...)
(15208) DBB: write, last tick
(15214) DBB: write request from dla, addr 80100480 id 0
(15214) DBB: write data from dla (00000000 00002200...)
(15214) DBB: write, last tick
(15220) DBB: write request from dla, addr 80100480 id 0
(15220) DBB: write data from dla (00000000 00260000...)
(15220) DBB: write, last tick
(15226) DBB: write request from dla, addr 80100480 id 0
(15226) DBB: write data from dla (00000000 23000000...)
(15226) DBB: write, last tick
(15232) DBB: write request from dla, addr 80100480 id 0
(15232) DBB: write data from dla (00000000 00000000...)
(15232) DBB: write, last tick
(15238) DBB: write request from dla, addr 80100480 id 0
(15238) DBB: write data from dla (00000000 00000000...)
(15238) DBB: write, last tick
(15244) DBB: write request from dla, addr 80100480 id 0
(15244) DBB: write data from dla (00000000 00000000...)
(15244) DBB: write, last tick
(15250) DBB: write request from dla, addr 80100480 id 0
(15250) DBB: write data from dla (00000000 00000000...)
(15250) DBB: write, last tick
(15256) DBB: write request from dla, addr 80100480 id 0
(15256) DBB: write data from dla (00000000 00000000...)
(15256) DBB: write, last tick
(15262) DBB: write request from dla, addr 80100480 id 0
(15262) DBB: write data from dla (00000000 00000000...)
(15262) DBB: write, last tick
(15268) DBB: write request from dla, addr 80100480 id 0
(15268) DBB: write data from dla (00000000 00000000...)
(15268) DBB: write, last tick
(15274) DBB: write request from dla, addr 80100480 id 0
(15274) DBB: write data from dla (00000000 00000000...)
(15274) DBB: write, last tick
(15280) DBB: write request from dla, addr 80100480 id 0
(15280) DBB: write data from dla (00000000 00000000...)
(15280) DBB: write, last tick
(15286) DBB: write request from dla, addr 80100480 id 0
(15286) DBB: write data from dla (00000000 00000000...)
(15286) DBB: write, last tick
(15292) DBB: write request from dla, addr 80100480 id 0
(15292) DBB: write data from dla (00000000 00000000...)
(15292) DBB: write, last tick
(15298) DBB: write request from dla, addr 80100480 id 0
(15298) DBB: write data from dla (00000000 00000000...)
(15298) DBB: write, last tick
(15304) DBB: write request from dla, addr 80100480 id 0
(15304) DBB: write data from dla (00000000 00000000...)
(15304) DBB: write, last tick
(15310) DBB: write request from dla, addr 80100480 id 0
(15310) DBB: write data from dla (00000000 00000000...)
(15310) DBB: write, last tick
(15316) DBB: write request from dla, addr 80100480 id 0
(15316) DBB: write data from dla (00000000 00000000...)
(15316) DBB: write, last tick
(15322) DBB: write request from dla, addr 80100480 id 0
(15322) DBB: write data from dla (00000000 00000000...)
(15322) DBB: write, last tick
(15328) DBB: write request from dla, addr 80100480 id 0
(15328) DBB: write data from dla (00000000 00000000...)
(15328) DBB: write, last tick
(15334) DBB: write request from dla, addr 80100480 id 0
(15334) DBB: write data from dla (00000000 00000000...)
(15334) DBB: write, last tick
(15340) DBB: write request from dla, addr 80100480 id 0
(15340) DBB: write data from dla (00000000 00000000...)
(15340) DBB: write, last tick
(15346) DBB: write request from dla, addr 80100480 id 0
(15346) DBB: write data from dla (00000000 00000000...)
(15346) DBB: write, last tick
(15352) DBB: write request from dla, addr 80100480 id 0
(15352) DBB: write data from dla (00000000 00000000...)
(15352) DBB: write, last tick
(15358) DBB: write request from dla, addr 80100480 id 0
(15358) DBB: write data from dla (00000000 00000000...)
(15358) DBB: write, last tick
(15364) DBB: write request from dla, addr 80100480 id 0
(15364) DBB: write data from dla (00000000 00000000...)
(15364) DBB: write, last tick
(15370) DBB: write request from dla, addr 80100480 id 0
(15370) DBB: write data from dla (00000000 00000000...)
(15370) DBB: write, last tick
(15376) DBB: write request from dla, addr 80100480 id 0
(15376) DBB: write data from dla (00000000 00000000...)
(15376) DBB: write, last tick
(15382) DBB: write request from dla, addr 80100480 id 0
(15382) DBB: write data from dla (00000000 00000000...)
(15382) DBB: write, last tick
(15388) DBB: write request from dla, addr 80100480 id 0
(15388) DBB: write data from dla (00000000 00000000...)
(15388) DBB: write, last tick
(15394) DBB: write request from dla, addr 80100480 id 0
(15394) DBB: write data from dla (00000000 00000000...)
(15394) DBB: write, last tick
(15400) DBB: write request from dla, addr 80100480 id 0
(15400) DBB: write data from dla (00000000 00000000...)
(15400) DBB: write, last tick
(15406) DBB: write request from dla, addr 80100480 id 0
(15406) DBB: write data from dla (00000000 00000000...)
(15406) DBB: write, last tick
(15412) DBB: write request from dla, addr 80100480 id 0
(15412) DBB: write data from dla (00000000 00000000...)
(15412) DBB: write, last tick
(15418) DBB: write request from dla, addr 80100480 id 0
(15418) DBB: write data from dla (00000000 00000000...)
(15418) DBB: write, last tick
(15424) DBB: write request from dla, addr 80100480 id 0
(15424) DBB: write data from dla (00000000 00000000...)
(15424) DBB: write, last tick
(15430) DBB: write request from dla, addr 80100480 id 0
(15430) DBB: write data from dla (00000000 00000000...)
(15430) DBB: write, last tick
(15436) DBB: write request from dla, addr 80100480 id 0
(15436) DBB: write data from dla (00000000 00000000...)
(15436) DBB: write, last tick
(15442) DBB: write request from dla, addr 80100480 id 0
(15442) DBB: write data from dla (00000000 00000000...)
(15442) DBB: write, last tick
(15448) DBB: write request from dla, addr 80100480 id 0
(15448) DBB: write data from dla (00000000 00000000...)
(15448) DBB: write, last tick
(15454) DBB: write request from dla, addr 80100480 id 0
(15454) DBB: write data from dla (00000000 00000000...)
(15454) DBB: write, last tick
(15460) DBB: write request from dla, addr 80100480 id 0
(15460) DBB: write data from dla (00000000 00000000...)
(15460) DBB: write, last tick
(15466) DBB: write request from dla, addr 80100480 id 0
(15466) DBB: write data from dla (00000000 00000000...)
(15466) DBB: write, last tick
(15472) DBB: write request from dla, addr 80100480 id 0
(15472) DBB: write data from dla (00000000 00000000...)
(15472) DBB: write, last tick
(15478) DBB: write request from dla, addr 80100480 id 0
(15478) DBB: write data from dla (00000000 00000000...)
(15478) DBB: write, last tick
(15484) DBB: write request from dla, addr 80100480 id 0
(15484) DBB: write data from dla (00000000 00000000...)
(15484) DBB: write, last tick
(15490) DBB: write request from dla, addr 80100480 id 0
(15490) DBB: write data from dla (00000000 00000000...)
(15490) DBB: write, last tick
(15496) DBB: write request from dla, addr 80100480 id 0
(15496) DBB: write data from dla (00000000 00000000...)
(15496) DBB: write, last tick
(15502) DBB: write request from dla, addr 80100480 id 0
(15502) DBB: write data from dla (00000000 00000000...)
(15502) DBB: write, last tick
(15508) DBB: write request from dla, addr 80100480 id 0
(15508) DBB: write data from dla (00000000 00000000...)
(15508) DBB: write, last tick
(15514) DBB: write request from dla, addr 80100480 id 0
(15514) DBB: write data from dla (00000000 00000000...)
(15514) DBB: write, last tick
(15520) DBB: write request from dla, addr 80100480 id 0
(15520) DBB: write data from dla (00000000 00000000...)
(15520) DBB: write, last tick
(15526) DBB: write request from dla, addr 80100480 id 0
(15526) DBB: write data from dla (00000000 00000000...)
(15526) DBB: write, last tick
(15532) DBB: write request from dla, addr 80100480 id 0
(15532) DBB: write data from dla (00000000 00000000...)
(15532) DBB: write, last tick
(15538) DBB: write request from dla, addr 80100480 id 0
(15538) DBB: write data from dla (00000000 00000000...)
(15538) DBB: write, last tick
(15544) DBB: write request from dla, addr 80100480 id 0
(15544) DBB: write data from dla (00000000 00000000...)
(15544) DBB: write, last tick
(15550) DBB: write request from dla, addr 80100480 id 0
(15550) DBB: write data from dla (00000000 00000000...)
(15550) DBB: write, last tick
(15556) DBB: write request from dla, addr 80100480 id 0
(15556) DBB: write data from dla (00000000 00000000...)
(15556) DBB: write, last tick
(15562) DBB: write request from dla, addr 80100480 id 0
(15562) DBB: write data from dla (00000000 00000000...)
(15562) DBB: write, last tick
(15568) DBB: write request from dla, addr 801004c0 id 0
(15568) DBB: write data from dla (00000046 00000000...)
(15568) DBB: write, last tick
(15574) DBB: write request from dla, addr 801004c0 id 0
(15574) DBB: write data from dla (00002000 00000000...)
(15574) DBB: write, last tick
(15580) DBB: write request from dla, addr 801004c0 id 0
(15580) DBB: write data from dla (00460000 00000000...)
(15580) DBB: write, last tick
(15586) DBB: write request from dla, addr 801004c0 id 0
(15586) DBB: write data from dla (21000000 00000000...)
(15586) DBB: write, last tick
(15592) DBB: write request from dla, addr 801004c0 id 0
(15592) DBB: write data from dla (00000000 00000046...)
(15592) DBB: write, last tick
(15598) DBB: write request from dla, addr 801004c0 id 0
(15598) DBB: write data from dla (00000000 00002200...)
(15598) DBB: write, last tick
(15604) DBB: write request from dla, addr 801004c0 id 0
(15604) DBB: write data from dla (00000000 00460000...)
(15604) DBB: write, last tick
(15610) DBB: write request from dla, addr 801004c0 id 0
(15610) DBB: write data from dla (00000000 23000000...)
(15610) DBB: write, last tick
(15616) DBB: write request from dla, addr 801004c0 id 0
(15616) DBB: write data from dla (00000000 00000000...)
(15616) DBB: write, last tick
(15622) DBB: write request from dla, addr 801004c0 id 0
(15622) DBB: write data from dla (00000000 00000000...)
(15622) DBB: write, last tick
(15628) DBB: write request from dla, addr 801004c0 id 0
(15628) DBB: write data from dla (00000000 00000000...)
(15628) DBB: write, last tick
(15634) DBB: write request from dla, addr 801004c0 id 0
(15634) DBB: write data from dla (00000000 00000000...)
(15634) DBB: write, last tick
(15640) DBB: write request from dla, addr 801004c0 id 0
(15640) DBB: write data from dla (00000000 00000000...)
(15640) DBB: write, last tick
(15646) DBB: write request from dla, addr 801004c0 id 0
(15646) DBB: write data from dla (00000000 00000000...)
(15646) DBB: write, last tick
(15652) DBB: write request from dla, addr 801004c0 id 0
(15652) DBB: write data from dla (00000000 00000000...)
(15652) DBB: write, last tick
(15658) DBB: write request from dla, addr 801004c0 id 0
(15658) DBB: write data from dla (00000000 00000000...)
(15658) DBB: write, last tick
(15664) DBB: write request from dla, addr 801004c0 id 0
(15664) DBB: write data from dla (00000000 00000000...)
(15664) DBB: write, last tick
(15670) DBB: write request from dla, addr 801004c0 id 0
(15670) DBB: write data from dla (00000000 00000000...)
(15670) DBB: write, last tick
(15676) DBB: write request from dla, addr 801004c0 id 0
(15676) DBB: write data from dla (00000000 00000000...)
(15676) DBB: write, last tick
(15682) DBB: write request from dla, addr 801004c0 id 0
(15682) DBB: write data from dla (00000000 00000000...)
(15682) DBB: write, last tick
(15688) DBB: write request from dla, addr 801004c0 id 0
(15688) DBB: write data from dla (00000000 00000000...)
(15688) DBB: write, last tick
(15694) DBB: write request from dla, addr 801004c0 id 0
(15694) DBB: write data from dla (00000000 00000000...)
(15694) DBB: write, last tick
(15700) DBB: write request from dla, addr 801004c0 id 0
(15700) DBB: write data from dla (00000000 00000000...)
(15700) DBB: write, last tick
(15706) DBB: write request from dla, addr 801004c0 id 0
(15706) DBB: write data from dla (00000000 00000000...)
(15706) DBB: write, last tick
(15712) DBB: write request from dla, addr 801004c0 id 0
(15712) DBB: write data from dla (00000000 00000000...)
(15712) DBB: write, last tick
(15718) DBB: write request from dla, addr 801004c0 id 0
(15718) DBB: write data from dla (00000000 00000000...)
(15718) DBB: write, last tick
(15724) DBB: write request from dla, addr 801004c0 id 0
(15724) DBB: write data from dla (00000000 00000000...)
(15724) DBB: write, last tick
(15730) DBB: write request from dla, addr 801004c0 id 0
(15730) DBB: write data from dla (00000000 00000000...)
(15730) DBB: write, last tick
(15736) DBB: write request from dla, addr 801004c0 id 0
(15736) DBB: write data from dla (00000000 00000000...)
(15736) DBB: write, last tick
(15742) DBB: write request from dla, addr 801004c0 id 0
(15742) DBB: write data from dla (00000000 00000000...)
(15742) DBB: write, last tick
(15748) DBB: write request from dla, addr 801004c0 id 0
(15748) DBB: write data from dla (00000000 00000000...)
(15748) DBB: write, last tick
(15754) DBB: write request from dla, addr 801004c0 id 0
(15754) DBB: write data from dla (00000000 00000000...)
(15754) DBB: write, last tick
(15760) DBB: write request from dla, addr 801004c0 id 0
(15760) DBB: write data from dla (00000000 00000000...)
(15760) DBB: write, last tick
(15766) DBB: write request from dla, addr 801004c0 id 0
(15766) DBB: write data from dla (00000000 00000000...)
(15766) DBB: write, last tick
(15772) DBB: write request from dla, addr 801004c0 id 0
(15772) DBB: write data from dla (00000000 00000000...)
(15772) DBB: write, last tick
(15778) DBB: write request from dla, addr 801004c0 id 0
(15778) DBB: write data from dla (00000000 00000000...)
(15778) DBB: write, last tick
(15784) DBB: write request from dla, addr 801004c0 id 0
(15784) DBB: write data from dla (00000000 00000000...)
(15784) DBB: write, last tick
(15790) DBB: write request from dla, addr 801004c0 id 0
(15790) DBB: write data from dla (00000000 00000000...)
(15790) DBB: write, last tick
(15796) DBB: write request from dla, addr 801004c0 id 0
(15796) DBB: write data from dla (00000000 00000000...)
(15796) DBB: write, last tick
(15802) DBB: write request from dla, addr 801004c0 id 0
(15802) DBB: write data from dla (00000000 00000000...)
(15802) DBB: write, last tick
(15808) DBB: write request from dla, addr 801004c0 id 0
(15808) DBB: write data from dla (00000000 00000000...)
(15808) DBB: write, last tick
(15814) DBB: write request from dla, addr 801004c0 id 0
(15814) DBB: write data from dla (00000000 00000000...)
(15814) DBB: write, last tick
(15820) DBB: write request from dla, addr 801004c0 id 0
(15820) DBB: write data from dla (00000000 00000000...)
(15820) DBB: write, last tick
(15826) DBB: write request from dla, addr 801004c0 id 0
(15826) DBB: write data from dla (00000000 00000000...)
(15826) DBB: write, last tick
(15832) DBB: write request from dla, addr 801004c0 id 0
(15832) DBB: write data from dla (00000000 00000000...)
(15832) DBB: write, last tick
(15838) DBB: write request from dla, addr 801004c0 id 0
(15838) DBB: write data from dla (00000000 00000000...)
(15838) DBB: write, last tick
(15844) DBB: write request from dla, addr 801004c0 id 0
(15844) DBB: write data from dla (00000000 00000000...)
(15844) DBB: write, last tick
(15850) DBB: write request from dla, addr 801004c0 id 0
(15850) DBB: write data from dla (00000000 00000000...)
(15850) DBB: write, last tick
(15856) DBB: write request from dla, addr 801004c0 id 0
(15856) DBB: write data from dla (00000000 00000000...)
(15856) DBB: write, last tick
(15862) DBB: write request from dla, addr 801004c0 id 0
(15862) DBB: write data from dla (00000000 00000000...)
(15862) DBB: write, last tick
(15868) DBB: write request from dla, addr 801004c0 id 0
(15868) DBB: write data from dla (00000000 00000000...)
(15868) DBB: write, last tick
(15874) DBB: write request from dla, addr 801004c0 id 0
(15874) DBB: write data from dla (00000000 00000000...)
(15874) DBB: write, last tick
(15880) DBB: write request from dla, addr 801004c0 id 0
(15880) DBB: write data from dla (00000000 00000000...)
(15880) DBB: write, last tick
(15886) DBB: write request from dla, addr 801004c0 id 0
(15886) DBB: write data from dla (00000000 00000000...)
(15886) DBB: write, last tick
(15892) DBB: write request from dla, addr 801004c0 id 0
(15892) DBB: write data from dla (00000000 00000000...)
(15892) DBB: write, last tick
(15898) DBB: write request from dla, addr 801004c0 id 0
(15898) DBB: write data from dla (00000000 00000000...)
(15898) DBB: write, last tick
(15904) DBB: write request from dla, addr 801004c0 id 0
(15904) DBB: write data from dla (00000000 00000000...)
(15904) DBB: write, last tick
(15910) DBB: write request from dla, addr 801004c0 id 0
(15910) DBB: write data from dla (00000000 00000000...)
(15910) DBB: write, last tick
(15916) DBB: write request from dla, addr 801004c0 id 0
(15916) DBB: write data from dla (00000000 00000000...)
(15916) DBB: write, last tick
(15922) DBB: write request from dla, addr 801004c0 id 0
(15922) DBB: write data from dla (00000000 00000000...)
(15922) DBB: write, last tick
(15928) DBB: write request from dla, addr 801004c0 id 0
(15928) DBB: write data from dla (00000000 00000000...)
(15928) DBB: write, last tick
(15934) DBB: write request from dla, addr 801004c0 id 0
(15934) DBB: write data from dla (00000000 00000000...)
(15934) DBB: write, last tick
(15940) DBB: write request from dla, addr 801004c0 id 0
(15940) DBB: write data from dla (00000000 00000000...)
(15940) DBB: write, last tick
(15946) DBB: write request from dla, addr 801004c0 id 0
(15946) DBB: write data from dla (00000000 00000000...)
(15946) DBB: write, last tick
(15952) DBB: write request from dla, addr 80100500 id 0
(15952) DBB: write data from dla (00000066 00000000...)
(15952) DBB: write, last tick
(15958) DBB: write request from dla, addr 80100500 id 0
(15958) DBB: write data from dla (00002000 00000000...)
(15958) DBB: write, last tick
(15964) DBB: write request from dla, addr 80100500 id 0
(15964) DBB: write data from dla (00660000 00000000...)
(15964) DBB: write, last tick
(15970) DBB: write request from dla, addr 80100500 id 0
(15970) DBB: write data from dla (21000000 00000000...)
(15970) DBB: write, last tick
(15976) DBB: write request from dla, addr 80100500 id 0
(15976) DBB: write data from dla (00000000 00000066...)
(15976) DBB: write, last tick
(15982) DBB: write request from dla, addr 80100500 id 0
(15982) DBB: write data from dla (00000000 00002200...)
(15982) DBB: write, last tick
(15988) DBB: write request from dla, addr 80100500 id 0
(15988) DBB: write data from dla (00000000 00660000...)
(15988) DBB: write, last tick
(15994) DBB: write request from dla, addr 80100500 id 0
(15994) DBB: write data from dla (00000000 23000000...)
(15994) DBB: write, last tick
(16000) DBB: write request from dla, addr 80100500 id 0
(16000) DBB: write data from dla (00000000 00000000...)
(16000) DBB: write, last tick
(16006) DBB: write request from dla, addr 80100500 id 0
(16006) DBB: write data from dla (00000000 00000000...)
(16006) DBB: write, last tick
(16012) DBB: write request from dla, addr 80100500 id 0
(16012) DBB: write data from dla (00000000 00000000...)
(16012) DBB: write, last tick
(16018) DBB: write request from dla, addr 80100500 id 0
(16018) DBB: write data from dla (00000000 00000000...)
(16018) DBB: write, last tick
(16024) DBB: write request from dla, addr 80100500 id 0
(16024) DBB: write data from dla (00000000 00000000...)
(16024) DBB: write, last tick
(16030) DBB: write request from dla, addr 80100500 id 0
(16030) DBB: write data from dla (00000000 00000000...)
(16030) DBB: write, last tick
(16036) DBB: write request from dla, addr 80100500 id 0
(16036) DBB: write data from dla (00000000 00000000...)
(16036) DBB: write, last tick
(16042) DBB: write request from dla, addr 80100500 id 0
(16042) DBB: write data from dla (00000000 00000000...)
(16042) DBB: write, last tick
(16048) DBB: write request from dla, addr 80100500 id 0
(16048) DBB: write data from dla (00000000 00000000...)
(16048) DBB: write, last tick
(16054) DBB: write request from dla, addr 80100500 id 0
(16054) DBB: write data from dla (00000000 00000000...)
(16054) DBB: write, last tick
(16060) DBB: write request from dla, addr 80100500 id 0
(16060) DBB: write data from dla (00000000 00000000...)
(16060) DBB: write, last tick
(16066) DBB: write request from dla, addr 80100500 id 0
(16066) DBB: write data from dla (00000000 00000000...)
(16066) DBB: write, last tick
(16072) DBB: write request from dla, addr 80100500 id 0
(16072) DBB: write data from dla (00000000 00000000...)
(16072) DBB: write, last tick
(16078) DBB: write request from dla, addr 80100500 id 0
(16078) DBB: write data from dla (00000000 00000000...)
(16078) DBB: write, last tick
(16084) DBB: write request from dla, addr 80100500 id 0
(16084) DBB: write data from dla (00000000 00000000...)
(16084) DBB: write, last tick
(16090) DBB: write request from dla, addr 80100500 id 0
(16090) DBB: write data from dla (00000000 00000000...)
(16090) DBB: write, last tick
(16096) DBB: write request from dla, addr 80100500 id 0
(16096) DBB: write data from dla (00000000 00000000...)
(16096) DBB: write, last tick
(16102) DBB: write request from dla, addr 80100500 id 0
(16102) DBB: write data from dla (00000000 00000000...)
(16102) DBB: write, last tick
(16108) DBB: write request from dla, addr 80100500 id 0
(16108) DBB: write data from dla (00000000 00000000...)
(16108) DBB: write, last tick
(16114) DBB: write request from dla, addr 80100500 id 0
(16114) DBB: write data from dla (00000000 00000000...)
(16114) DBB: write, last tick
(16120) DBB: write request from dla, addr 80100500 id 0
(16120) DBB: write data from dla (00000000 00000000...)
(16120) DBB: write, last tick
(16126) DBB: write request from dla, addr 80100500 id 0
(16126) DBB: write data from dla (00000000 00000000...)
(16126) DBB: write, last tick
(16132) DBB: write request from dla, addr 80100500 id 0
(16132) DBB: write data from dla (00000000 00000000...)
(16132) DBB: write, last tick
(16138) DBB: write request from dla, addr 80100500 id 0
(16138) DBB: write data from dla (00000000 00000000...)
(16138) DBB: write, last tick
(16144) DBB: write request from dla, addr 80100500 id 0
(16144) DBB: write data from dla (00000000 00000000...)
(16144) DBB: write, last tick
(16150) DBB: write request from dla, addr 80100500 id 0
(16150) DBB: write data from dla (00000000 00000000...)
(16150) DBB: write, last tick
(16156) DBB: write request from dla, addr 80100500 id 0
(16156) DBB: write data from dla (00000000 00000000...)
(16156) DBB: write, last tick
(16162) DBB: write request from dla, addr 80100500 id 0
(16162) DBB: write data from dla (00000000 00000000...)
(16162) DBB: write, last tick
(16168) DBB: write request from dla, addr 80100500 id 0
(16168) DBB: write data from dla (00000000 00000000...)
(16168) DBB: write, last tick
(16174) DBB: write request from dla, addr 80100500 id 0
(16174) DBB: write data from dla (00000000 00000000...)
(16174) DBB: write, last tick
(16180) DBB: write request from dla, addr 80100500 id 0
(16180) DBB: write data from dla (00000000 00000000...)
(16180) DBB: write, last tick
(16186) DBB: write request from dla, addr 80100500 id 0
(16186) DBB: write data from dla (00000000 00000000...)
(16186) DBB: write, last tick
(16192) DBB: write request from dla, addr 80100500 id 0
(16192) DBB: write data from dla (00000000 00000000...)
(16192) DBB: write, last tick
(16198) DBB: write request from dla, addr 80100500 id 0
(16198) DBB: write data from dla (00000000 00000000...)
(16198) DBB: write, last tick
(16204) DBB: write request from dla, addr 80100500 id 0
(16204) DBB: write data from dla (00000000 00000000...)
(16204) DBB: write, last tick
(16210) DBB: write request from dla, addr 80100500 id 0
(16210) DBB: write data from dla (00000000 00000000...)
(16210) DBB: write, last tick
(16216) DBB: write request from dla, addr 80100500 id 0
(16216) DBB: write data from dla (00000000 00000000...)
(16216) DBB: write, last tick
(16222) DBB: write request from dla, addr 80100500 id 0
(16222) DBB: write data from dla (00000000 00000000...)
(16222) DBB: write, last tick
(16228) DBB: write request from dla, addr 80100500 id 0
(16228) DBB: write data from dla (00000000 00000000...)
(16228) DBB: write, last tick
(16234) DBB: write request from dla, addr 80100500 id 0
(16234) DBB: write data from dla (00000000 00000000...)
(16234) DBB: write, last tick
(16240) DBB: write request from dla, addr 80100500 id 0
(16240) DBB: write data from dla (00000000 00000000...)
(16240) DBB: write, last tick
(16246) DBB: write request from dla, addr 80100500 id 0
(16246) DBB: write data from dla (00000000 00000000...)
(16246) DBB: write, last tick
(16252) DBB: write request from dla, addr 80100500 id 0
(16252) DBB: write data from dla (00000000 00000000...)
(16252) DBB: write, last tick
(16258) DBB: write request from dla, addr 80100500 id 0
(16258) DBB: write data from dla (00000000 00000000...)
(16258) DBB: write, last tick
(16264) DBB: write request from dla, addr 80100500 id 0
(16264) DBB: write data from dla (00000000 00000000...)
(16264) DBB: write, last tick
(16270) DBB: write request from dla, addr 80100500 id 0
(16270) DBB: write data from dla (00000000 00000000...)
(16270) DBB: write, last tick
(16276) DBB: write request from dla, addr 80100500 id 0
(16276) DBB: write data from dla (00000000 00000000...)
(16276) DBB: write, last tick
(16282) DBB: write request from dla, addr 80100500 id 0
(16282) DBB: write data from dla (00000000 00000000...)
(16282) DBB: write, last tick
(16288) DBB: write request from dla, addr 80100500 id 0
(16288) DBB: write data from dla (00000000 00000000...)
(16288) DBB: write, last tick
(16294) DBB: write request from dla, addr 80100500 id 0
(16294) DBB: write data from dla (00000000 00000000...)
(16294) DBB: write, last tick
(16300) DBB: write request from dla, addr 80100500 id 0
(16300) DBB: write data from dla (00000000 00000000...)
(16300) DBB: write, last tick
(16306) DBB: write request from dla, addr 80100500 id 0
(16306) DBB: write data from dla (00000000 00000000...)
(16306) DBB: write, last tick
(16312) DBB: write request from dla, addr 80100500 id 0
(16312) DBB: write data from dla (00000000 00000000...)
(16312) DBB: write, last tick
(16318) DBB: write request from dla, addr 80100500 id 0
(16318) DBB: write data from dla (00000000 00000000...)
(16318) DBB: write, last tick
(16324) DBB: write request from dla, addr 80100500 id 0
(16324) DBB: write data from dla (00000000 00000000...)
(16324) DBB: write, last tick
(16330) DBB: write request from dla, addr 80100500 id 0
(16330) DBB: write data from dla (00000000 00000000...)
(16330) DBB: write, last tick
(16336) DBB: write request from dla, addr 80100540 id 0
(16336) DBB: write data from dla (00000016 00000000...)
(16336) DBB: write, last tick
(16342) DBB: write request from dla, addr 80100540 id 0
(16342) DBB: write data from dla (00002000 00000000...)
(16342) DBB: write, last tick
(16348) DBB: write request from dla, addr 80100540 id 0
(16348) DBB: write data from dla (00160000 00000000...)
(16348) DBB: write, last tick
(16354) DBB: write request from dla, addr 80100540 id 0
(16354) DBB: write data from dla (21000000 00000000...)
(16354) DBB: write, last tick
(16360) DBB: write request from dla, addr 80100540 id 0
(16360) DBB: write data from dla (00000000 00000016...)
(16360) DBB: write, last tick
(16366) DBB: write request from dla, addr 80100540 id 0
(16366) DBB: write data from dla (00000000 00002200...)
(16366) DBB: write, last tick
(16372) DBB: write request from dla, addr 80100540 id 0
(16372) DBB: write data from dla (00000000 00160000...)
(16372) DBB: write, last tick
(16378) DBB: write request from dla, addr 80100540 id 0
(16378) DBB: write data from dla (00000000 23000000...)
(16378) DBB: write, last tick
(16384) DBB: write request from dla, addr 80100540 id 0
(16384) DBB: write data from dla (00000000 00000000...)
(16384) DBB: write, last tick
(16390) DBB: write request from dla, addr 80100540 id 0
(16390) DBB: write data from dla (00000000 00000000...)
(16390) DBB: write, last tick
(16396) DBB: write request from dla, addr 80100540 id 0
(16396) DBB: write data from dla (00000000 00000000...)
(16396) DBB: write, last tick
(16402) DBB: write request from dla, addr 80100540 id 0
(16402) DBB: write data from dla (00000000 00000000...)
(16402) DBB: write, last tick
(16408) DBB: write request from dla, addr 80100540 id 0
(16408) DBB: write data from dla (00000000 00000000...)
(16408) DBB: write, last tick
(16414) DBB: write request from dla, addr 80100540 id 0
(16414) DBB: write data from dla (00000000 00000000...)
(16414) DBB: write, last tick
(16420) DBB: write request from dla, addr 80100540 id 0
(16420) DBB: write data from dla (00000000 00000000...)
(16420) DBB: write, last tick
(16426) DBB: write request from dla, addr 80100540 id 0
(16426) DBB: write data from dla (00000000 00000000...)
(16426) DBB: write, last tick
(16432) DBB: write request from dla, addr 80100540 id 0
(16432) DBB: write data from dla (00000000 00000000...)
(16432) DBB: write, last tick
(16438) DBB: write request from dla, addr 80100540 id 0
(16438) DBB: write data from dla (00000000 00000000...)
(16438) DBB: write, last tick
(16444) DBB: write request from dla, addr 80100540 id 0
(16444) DBB: write data from dla (00000000 00000000...)
(16444) DBB: write, last tick
(16450) DBB: write request from dla, addr 80100540 id 0
(16450) DBB: write data from dla (00000000 00000000...)
(16450) DBB: write, last tick
(16456) DBB: write request from dla, addr 80100540 id 0
(16456) DBB: write data from dla (00000000 00000000...)
(16456) DBB: write, last tick
(16462) DBB: write request from dla, addr 80100540 id 0
(16462) DBB: write data from dla (00000000 00000000...)
(16462) DBB: write, last tick
(16468) DBB: write request from dla, addr 80100540 id 0
(16468) DBB: write data from dla (00000000 00000000...)
(16468) DBB: write, last tick
(16474) DBB: write request from dla, addr 80100540 id 0
(16474) DBB: write data from dla (00000000 00000000...)
(16474) DBB: write, last tick
(16480) DBB: write request from dla, addr 80100540 id 0
(16480) DBB: write data from dla (00000000 00000000...)
(16480) DBB: write, last tick
(16486) DBB: write request from dla, addr 80100540 id 0
(16486) DBB: write data from dla (00000000 00000000...)
(16486) DBB: write, last tick
(16492) DBB: write request from dla, addr 80100540 id 0
(16492) DBB: write data from dla (00000000 00000000...)
(16492) DBB: write, last tick
(16498) DBB: write request from dla, addr 80100540 id 0
(16498) DBB: write data from dla (00000000 00000000...)
(16498) DBB: write, last tick
(16504) DBB: write request from dla, addr 80100540 id 0
(16504) DBB: write data from dla (00000000 00000000...)
(16504) DBB: write, last tick
(16510) DBB: write request from dla, addr 80100540 id 0
(16510) DBB: write data from dla (00000000 00000000...)
(16510) DBB: write, last tick
(16516) DBB: write request from dla, addr 80100540 id 0
(16516) DBB: write data from dla (00000000 00000000...)
(16516) DBB: write, last tick
(16522) DBB: write request from dla, addr 80100540 id 0
(16522) DBB: write data from dla (00000000 00000000...)
(16522) DBB: write, last tick
(16528) DBB: write request from dla, addr 80100540 id 0
(16528) DBB: write data from dla (00000000 00000000...)
(16528) DBB: write, last tick
(16534) DBB: write request from dla, addr 80100540 id 0
(16534) DBB: write data from dla (00000000 00000000...)
(16534) DBB: write, last tick
(16540) DBB: write request from dla, addr 80100540 id 0
(16540) DBB: write data from dla (00000000 00000000...)
(16540) DBB: write, last tick
(16546) DBB: write request from dla, addr 80100540 id 0
(16546) DBB: write data from dla (00000000 00000000...)
(16546) DBB: write, last tick
(16552) DBB: write request from dla, addr 80100540 id 0
(16552) DBB: write data from dla (00000000 00000000...)
(16552) DBB: write, last tick
(16558) DBB: write request from dla, addr 80100540 id 0
(16558) DBB: write data from dla (00000000 00000000...)
(16558) DBB: write, last tick
(16564) DBB: write request from dla, addr 80100540 id 0
(16564) DBB: write data from dla (00000000 00000000...)
(16564) DBB: write, last tick
(16570) DBB: write request from dla, addr 80100540 id 0
(16570) DBB: write data from dla (00000000 00000000...)
(16570) DBB: write, last tick
(16576) DBB: write request from dla, addr 80100540 id 0
(16576) DBB: write data from dla (00000000 00000000...)
(16576) DBB: write, last tick
(16582) DBB: write request from dla, addr 80100540 id 0
(16582) DBB: write data from dla (00000000 00000000...)
(16582) DBB: write, last tick
(16588) DBB: write request from dla, addr 80100540 id 0
(16588) DBB: write data from dla (00000000 00000000...)
(16588) DBB: write, last tick
(16594) DBB: write request from dla, addr 80100540 id 0
(16594) DBB: write data from dla (00000000 00000000...)
(16594) DBB: write, last tick
(16600) DBB: write request from dla, addr 80100540 id 0
(16600) DBB: write data from dla (00000000 00000000...)
(16600) DBB: write, last tick
(16606) DBB: write request from dla, addr 80100540 id 0
(16606) DBB: write data from dla (00000000 00000000...)
(16606) DBB: write, last tick
(16612) DBB: write request from dla, addr 80100540 id 0
(16612) DBB: write data from dla (00000000 00000000...)
(16612) DBB: write, last tick
(16618) DBB: write request from dla, addr 80100540 id 0
(16618) DBB: write data from dla (00000000 00000000...)
(16618) DBB: write, last tick
(16624) DBB: write request from dla, addr 80100540 id 0
(16624) DBB: write data from dla (00000000 00000000...)
(16624) DBB: write, last tick
(16630) DBB: write request from dla, addr 80100540 id 0
(16630) DBB: write data from dla (00000000 00000000...)
(16630) DBB: write, last tick
(16636) DBB: write request from dla, addr 80100540 id 0
(16636) DBB: write data from dla (00000000 00000000...)
(16636) DBB: write, last tick
(16642) DBB: write request from dla, addr 80100540 id 0
(16642) DBB: write data from dla (00000000 00000000...)
(16642) DBB: write, last tick
(16648) DBB: write request from dla, addr 80100540 id 0
(16648) DBB: write data from dla (00000000 00000000...)
(16648) DBB: write, last tick
(16654) DBB: write request from dla, addr 80100540 id 0
(16654) DBB: write data from dla (00000000 00000000...)
(16654) DBB: write, last tick
(16660) DBB: write request from dla, addr 80100540 id 0
(16660) DBB: write data from dla (00000000 00000000...)
(16660) DBB: write, last tick
(16666) DBB: write request from dla, addr 80100540 id 0
(16666) DBB: write data from dla (00000000 00000000...)
(16666) DBB: write, last tick
(16672) DBB: write request from dla, addr 80100540 id 0
(16672) DBB: write data from dla (00000000 00000000...)
(16672) DBB: write, last tick
(16678) DBB: write request from dla, addr 80100540 id 0
(16678) DBB: write data from dla (00000000 00000000...)
(16678) DBB: write, last tick
(16684) DBB: write request from dla, addr 80100540 id 0
(16684) DBB: write data from dla (00000000 00000000...)
(16684) DBB: write, last tick
(16690) DBB: write request from dla, addr 80100540 id 0
(16690) DBB: write data from dla (00000000 00000000...)
(16690) DBB: write, last tick
(16696) DBB: write request from dla, addr 80100540 id 0
(16696) DBB: write data from dla (00000000 00000000...)
(16696) DBB: write, last tick
(16702) DBB: write request from dla, addr 80100540 id 0
(16702) DBB: write data from dla (00000000 00000000...)
(16702) DBB: write, last tick
(16708) DBB: write request from dla, addr 80100540 id 0
(16708) DBB: write data from dla (00000000 00000000...)
(16708) DBB: write, last tick
(16714) DBB: write request from dla, addr 80100540 id 0
(16714) DBB: write data from dla (00000000 00000000...)
(16714) DBB: write, last tick
(16720) DBB: write request from dla, addr 80100580 id 0
(16720) DBB: write data from dla (00000036 00000000...)
(16720) DBB: write, last tick
(16726) DBB: write request from dla, addr 80100580 id 0
(16726) DBB: write data from dla (00002000 00000000...)
(16726) DBB: write, last tick
(16732) DBB: write request from dla, addr 80100580 id 0
(16732) DBB: write data from dla (00360000 00000000...)
(16732) DBB: write, last tick
(16738) DBB: write request from dla, addr 80100580 id 0
(16738) DBB: write data from dla (21000000 00000000...)
(16738) DBB: write, last tick
(16744) DBB: write request from dla, addr 80100580 id 0
(16744) DBB: write data from dla (00000000 00000036...)
(16744) DBB: write, last tick
(16750) DBB: write request from dla, addr 80100580 id 0
(16750) DBB: write data from dla (00000000 00002200...)
(16750) DBB: write, last tick
(16756) DBB: write request from dla, addr 80100580 id 0
(16756) DBB: write data from dla (00000000 00360000...)
(16756) DBB: write, last tick
(16762) DBB: write request from dla, addr 80100580 id 0
(16762) DBB: write data from dla (00000000 23000000...)
(16762) DBB: write, last tick
(16768) DBB: write request from dla, addr 80100580 id 0
(16768) DBB: write data from dla (00000000 00000000...)
(16768) DBB: write, last tick
(16774) DBB: write request from dla, addr 80100580 id 0
(16774) DBB: write data from dla (00000000 00000000...)
(16774) DBB: write, last tick
(16780) DBB: write request from dla, addr 80100580 id 0
(16780) DBB: write data from dla (00000000 00000000...)
(16780) DBB: write, last tick
(16786) DBB: write request from dla, addr 80100580 id 0
(16786) DBB: write data from dla (00000000 00000000...)
(16786) DBB: write, last tick
(16792) DBB: write request from dla, addr 80100580 id 0
(16792) DBB: write data from dla (00000000 00000000...)
(16792) DBB: write, last tick
(16798) DBB: write request from dla, addr 80100580 id 0
(16798) DBB: write data from dla (00000000 00000000...)
(16798) DBB: write, last tick
(16804) DBB: write request from dla, addr 80100580 id 0
(16804) DBB: write data from dla (00000000 00000000...)
(16804) DBB: write, last tick
(16810) DBB: write request from dla, addr 80100580 id 0
(16810) DBB: write data from dla (00000000 00000000...)
(16810) DBB: write, last tick
(16816) DBB: write request from dla, addr 80100580 id 0
(16816) DBB: write data from dla (00000000 00000000...)
(16816) DBB: write, last tick
(16822) DBB: write request from dla, addr 80100580 id 0
(16822) DBB: write data from dla (00000000 00000000...)
(16822) DBB: write, last tick
(16828) DBB: write request from dla, addr 80100580 id 0
(16828) DBB: write data from dla (00000000 00000000...)
(16828) DBB: write, last tick
(16834) DBB: write request from dla, addr 80100580 id 0
(16834) DBB: write data from dla (00000000 00000000...)
(16834) DBB: write, last tick
(16840) DBB: write request from dla, addr 80100580 id 0
(16840) DBB: write data from dla (00000000 00000000...)
(16840) DBB: write, last tick
(16846) DBB: write request from dla, addr 80100580 id 0
(16846) DBB: write data from dla (00000000 00000000...)
(16846) DBB: write, last tick
(16852) DBB: write request from dla, addr 80100580 id 0
(16852) DBB: write data from dla (00000000 00000000...)
(16852) DBB: write, last tick
(16858) DBB: write request from dla, addr 80100580 id 0
(16858) DBB: write data from dla (00000000 00000000...)
(16858) DBB: write, last tick
(16864) DBB: write request from dla, addr 80100580 id 0
(16864) DBB: write data from dla (00000000 00000000...)
(16864) DBB: write, last tick
(16870) DBB: write request from dla, addr 80100580 id 0
(16870) DBB: write data from dla (00000000 00000000...)
(16870) DBB: write, last tick
(16876) DBB: write request from dla, addr 80100580 id 0
(16876) DBB: write data from dla (00000000 00000000...)
(16876) DBB: write, last tick
(16882) DBB: write request from dla, addr 80100580 id 0
(16882) DBB: write data from dla (00000000 00000000...)
(16882) DBB: write, last tick
(16888) DBB: write request from dla, addr 80100580 id 0
(16888) DBB: write data from dla (00000000 00000000...)
(16888) DBB: write, last tick
(16894) DBB: write request from dla, addr 80100580 id 0
(16894) DBB: write data from dla (00000000 00000000...)
(16894) DBB: write, last tick
(16900) DBB: write request from dla, addr 80100580 id 0
(16900) DBB: write data from dla (00000000 00000000...)
(16900) DBB: write, last tick
(16906) DBB: write request from dla, addr 80100580 id 0
(16906) DBB: write data from dla (00000000 00000000...)
(16906) DBB: write, last tick
(16912) DBB: write request from dla, addr 80100580 id 0
(16912) DBB: write data from dla (00000000 00000000...)
(16912) DBB: write, last tick
(16918) DBB: write request from dla, addr 80100580 id 0
(16918) DBB: write data from dla (00000000 00000000...)
(16918) DBB: write, last tick
(16924) DBB: write request from dla, addr 80100580 id 0
(16924) DBB: write data from dla (00000000 00000000...)
(16924) DBB: write, last tick
(16930) DBB: write request from dla, addr 80100580 id 0
(16930) DBB: write data from dla (00000000 00000000...)
(16930) DBB: write, last tick
(16936) DBB: write request from dla, addr 80100580 id 0
(16936) DBB: write data from dla (00000000 00000000...)
(16936) DBB: write, last tick
(16942) DBB: write request from dla, addr 80100580 id 0
(16942) DBB: write data from dla (00000000 00000000...)
(16942) DBB: write, last tick
(16948) DBB: write request from dla, addr 80100580 id 0
(16948) DBB: write data from dla (00000000 00000000...)
(16948) DBB: write, last tick
(16954) DBB: write request from dla, addr 80100580 id 0
(16954) DBB: write data from dla (00000000 00000000...)
(16954) DBB: write, last tick
(16960) DBB: write request from dla, addr 80100580 id 0
(16960) DBB: write data from dla (00000000 00000000...)
(16960) DBB: write, last tick
(16966) DBB: write request from dla, addr 80100580 id 0
(16966) DBB: write data from dla (00000000 00000000...)
(16966) DBB: write, last tick
(16972) DBB: write request from dla, addr 80100580 id 0
(16972) DBB: write data from dla (00000000 00000000...)
(16972) DBB: write, last tick
(16978) DBB: write request from dla, addr 80100580 id 0
(16978) DBB: write data from dla (00000000 00000000...)
(16978) DBB: write, last tick
(16984) DBB: write request from dla, addr 80100580 id 0
(16984) DBB: write data from dla (00000000 00000000...)
(16984) DBB: write, last tick
(16990) DBB: write request from dla, addr 80100580 id 0
(16990) DBB: write data from dla (00000000 00000000...)
(16990) DBB: write, last tick
(16996) DBB: write request from dla, addr 80100580 id 0
(16996) DBB: write data from dla (00000000 00000000...)
(16996) DBB: write, last tick
(17002) DBB: write request from dla, addr 80100580 id 0
(17002) DBB: write data from dla (00000000 00000000...)
(17002) DBB: write, last tick
(17008) DBB: write request from dla, addr 80100580 id 0
(17008) DBB: write data from dla (00000000 00000000...)
(17008) DBB: write, last tick
(17014) DBB: write request from dla, addr 80100580 id 0
(17014) DBB: write data from dla (00000000 00000000...)
(17014) DBB: write, last tick
(17020) DBB: write request from dla, addr 80100580 id 0
(17020) DBB: write data from dla (00000000 00000000...)
(17020) DBB: write, last tick
(17026) DBB: write request from dla, addr 80100580 id 0
(17026) DBB: write data from dla (00000000 00000000...)
(17026) DBB: write, last tick
(17032) DBB: write request from dla, addr 80100580 id 0
(17032) DBB: write data from dla (00000000 00000000...)
(17032) DBB: write, last tick
(17038) DBB: write request from dla, addr 80100580 id 0
(17038) DBB: write data from dla (00000000 00000000...)
(17038) DBB: write, last tick
(17044) DBB: write request from dla, addr 80100580 id 0
(17044) DBB: write data from dla (00000000 00000000...)
(17044) DBB: write, last tick
(17050) DBB: write request from dla, addr 80100580 id 0
(17050) DBB: write data from dla (00000000 00000000...)
(17050) DBB: write, last tick
(17056) DBB: write request from dla, addr 80100580 id 0
(17056) DBB: write data from dla (00000000 00000000...)
(17056) DBB: write, last tick
(17062) DBB: write request from dla, addr 80100580 id 0
(17062) DBB: write data from dla (00000000 00000000...)
(17062) DBB: write, last tick
(17068) DBB: write request from dla, addr 80100580 id 0
(17068) DBB: write data from dla (00000000 00000000...)
(17068) DBB: write, last tick
(17074) DBB: write request from dla, addr 80100580 id 0
(17074) DBB: write data from dla (00000000 00000000...)
(17074) DBB: write, last tick
(17080) DBB: write request from dla, addr 80100580 id 0
(17080) DBB: write data from dla (00000000 00000000...)
(17080) DBB: write, last tick
(17086) DBB: write request from dla, addr 80100580 id 0
(17086) DBB: write data from dla (00000000 00000000...)
(17086) DBB: write, last tick
(17092) DBB: write request from dla, addr 80100580 id 0
(17092) DBB: write data from dla (00000000 00000000...)
(17092) DBB: write, last tick
(17098) DBB: write request from dla, addr 80100580 id 0
(17098) DBB: write data from dla (00000000 00000000...)
(17098) DBB: write, last tick
(17104) DBB: write request from dla, addr 801005c0 id 0
(17104) DBB: write data from dla (00000056 00000000...)
(17104) DBB: write, last tick
(17110) DBB: write request from dla, addr 801005c0 id 0
(17110) DBB: write data from dla (00002000 00000000...)
(17110) DBB: write, last tick
(17116) DBB: write request from dla, addr 801005c0 id 0
(17116) DBB: write data from dla (00560000 00000000...)
(17116) DBB: write, last tick
(17122) DBB: write request from dla, addr 801005c0 id 0
(17122) DBB: write data from dla (21000000 00000000...)
(17122) DBB: write, last tick
(17128) DBB: write request from dla, addr 801005c0 id 0
(17128) DBB: write data from dla (00000000 00000056...)
(17128) DBB: write, last tick
(17134) DBB: write request from dla, addr 801005c0 id 0
(17134) DBB: write data from dla (00000000 00002200...)
(17134) DBB: write, last tick
(17140) DBB: write request from dla, addr 801005c0 id 0
(17140) DBB: write data from dla (00000000 00560000...)
(17140) DBB: write, last tick
(17146) DBB: write request from dla, addr 801005c0 id 0
(17146) DBB: write data from dla (00000000 23000000...)
(17146) DBB: write, last tick
(17152) DBB: write request from dla, addr 801005c0 id 0
(17152) DBB: write data from dla (00000000 00000000...)
(17152) DBB: write, last tick
(17158) DBB: write request from dla, addr 801005c0 id 0
(17158) DBB: write data from dla (00000000 00000000...)
(17158) DBB: write, last tick
(17164) DBB: write request from dla, addr 801005c0 id 0
(17164) DBB: write data from dla (00000000 00000000...)
(17164) DBB: write, last tick
(17170) DBB: write request from dla, addr 801005c0 id 0
(17170) DBB: write data from dla (00000000 00000000...)
(17170) DBB: write, last tick
(17176) DBB: write request from dla, addr 801005c0 id 0
(17176) DBB: write data from dla (00000000 00000000...)
(17176) DBB: write, last tick
(17182) DBB: write request from dla, addr 801005c0 id 0
(17182) DBB: write data from dla (00000000 00000000...)
(17182) DBB: write, last tick
(17188) DBB: write request from dla, addr 801005c0 id 0
(17188) DBB: write data from dla (00000000 00000000...)
(17188) DBB: write, last tick
(17194) DBB: write request from dla, addr 801005c0 id 0
(17194) DBB: write data from dla (00000000 00000000...)
(17194) DBB: write, last tick
(17200) DBB: write request from dla, addr 801005c0 id 0
(17200) DBB: write data from dla (00000000 00000000...)
(17200) DBB: write, last tick
(17206) DBB: write request from dla, addr 801005c0 id 0
(17206) DBB: write data from dla (00000000 00000000...)
(17206) DBB: write, last tick
(17212) DBB: write request from dla, addr 801005c0 id 0
(17212) DBB: write data from dla (00000000 00000000...)
(17212) DBB: write, last tick
(17218) DBB: write request from dla, addr 801005c0 id 0
(17218) DBB: write data from dla (00000000 00000000...)
(17218) DBB: write, last tick
(17224) DBB: write request from dla, addr 801005c0 id 0
(17224) DBB: write data from dla (00000000 00000000...)
(17224) DBB: write, last tick
(17230) DBB: write request from dla, addr 801005c0 id 0
(17230) DBB: write data from dla (00000000 00000000...)
(17230) DBB: write, last tick
(17236) DBB: write request from dla, addr 801005c0 id 0
(17236) DBB: write data from dla (00000000 00000000...)
(17236) DBB: write, last tick
(17242) DBB: write request from dla, addr 801005c0 id 0
(17242) DBB: write data from dla (00000000 00000000...)
(17242) DBB: write, last tick
(17248) DBB: write request from dla, addr 801005c0 id 0
(17248) DBB: write data from dla (00000000 00000000...)
(17248) DBB: write, last tick
(17254) DBB: write request from dla, addr 801005c0 id 0
(17254) DBB: write data from dla (00000000 00000000...)
(17254) DBB: write, last tick
(17260) DBB: write request from dla, addr 801005c0 id 0
(17260) DBB: write data from dla (00000000 00000000...)
(17260) DBB: write, last tick
(17266) DBB: write request from dla, addr 801005c0 id 0
(17266) DBB: write data from dla (00000000 00000000...)
(17266) DBB: write, last tick
(17272) DBB: write request from dla, addr 801005c0 id 0
(17272) DBB: write data from dla (00000000 00000000...)
(17272) DBB: write, last tick
(17278) DBB: write request from dla, addr 801005c0 id 0
(17278) DBB: write data from dla (00000000 00000000...)
(17278) DBB: write, last tick
(17284) DBB: write request from dla, addr 801005c0 id 0
(17284) DBB: write data from dla (00000000 00000000...)
(17284) DBB: write, last tick
(17290) DBB: write request from dla, addr 801005c0 id 0
(17290) DBB: write data from dla (00000000 00000000...)
(17290) DBB: write, last tick
(17296) DBB: write request from dla, addr 801005c0 id 0
(17296) DBB: write data from dla (00000000 00000000...)
(17296) DBB: write, last tick
(17302) DBB: write request from dla, addr 801005c0 id 0
(17302) DBB: write data from dla (00000000 00000000...)
(17302) DBB: write, last tick
(17308) DBB: write request from dla, addr 801005c0 id 0
(17308) DBB: write data from dla (00000000 00000000...)
(17308) DBB: write, last tick
(17314) DBB: write request from dla, addr 801005c0 id 0
(17314) DBB: write data from dla (00000000 00000000...)
(17314) DBB: write, last tick
(17320) DBB: write request from dla, addr 801005c0 id 0
(17320) DBB: write data from dla (00000000 00000000...)
(17320) DBB: write, last tick
(17326) DBB: write request from dla, addr 801005c0 id 0
(17326) DBB: write data from dla (00000000 00000000...)
(17326) DBB: write, last tick
(17332) DBB: write request from dla, addr 801005c0 id 0
(17332) DBB: write data from dla (00000000 00000000...)
(17332) DBB: write, last tick
(17338) DBB: write request from dla, addr 801005c0 id 0
(17338) DBB: write data from dla (00000000 00000000...)
(17338) DBB: write, last tick
(17344) DBB: write request from dla, addr 801005c0 id 0
(17344) DBB: write data from dla (00000000 00000000...)
(17344) DBB: write, last tick
(17350) DBB: write request from dla, addr 801005c0 id 0
(17350) DBB: write data from dla (00000000 00000000...)
(17350) DBB: write, last tick
(17356) DBB: write request from dla, addr 801005c0 id 0
(17356) DBB: write data from dla (00000000 00000000...)
(17356) DBB: write, last tick
(17362) DBB: write request from dla, addr 801005c0 id 0
(17362) DBB: write data from dla (00000000 00000000...)
(17362) DBB: write, last tick
(17368) DBB: write request from dla, addr 801005c0 id 0
(17368) DBB: write data from dla (00000000 00000000...)
(17368) DBB: write, last tick
(17374) DBB: write request from dla, addr 801005c0 id 0
(17374) DBB: write data from dla (00000000 00000000...)
(17374) DBB: write, last tick
(17380) DBB: write request from dla, addr 801005c0 id 0
(17380) DBB: write data from dla (00000000 00000000...)
(17380) DBB: write, last tick
(17386) DBB: write request from dla, addr 801005c0 id 0
(17386) DBB: write data from dla (00000000 00000000...)
(17386) DBB: write, last tick
(17392) DBB: write request from dla, addr 801005c0 id 0
(17392) DBB: write data from dla (00000000 00000000...)
(17392) DBB: write, last tick
(17398) DBB: write request from dla, addr 801005c0 id 0
(17398) DBB: write data from dla (00000000 00000000...)
(17398) DBB: write, last tick
(17404) DBB: write request from dla, addr 801005c0 id 0
(17404) DBB: write data from dla (00000000 00000000...)
(17404) DBB: write, last tick
(17410) DBB: write request from dla, addr 801005c0 id 0
(17410) DBB: write data from dla (00000000 00000000...)
(17410) DBB: write, last tick
(17416) DBB: write request from dla, addr 801005c0 id 0
(17416) DBB: write data from dla (00000000 00000000...)
(17416) DBB: write, last tick
(17422) DBB: write request from dla, addr 801005c0 id 0
(17422) DBB: write data from dla (00000000 00000000...)
(17422) DBB: write, last tick
(17428) DBB: write request from dla, addr 801005c0 id 0
(17428) DBB: write data from dla (00000000 00000000...)
(17428) DBB: write, last tick
(17434) DBB: write request from dla, addr 801005c0 id 0
(17434) DBB: write data from dla (00000000 00000000...)
(17434) DBB: write, last tick
(17440) DBB: write request from dla, addr 801005c0 id 0
(17440) DBB: write data from dla (00000000 00000000...)
(17440) DBB: write, last tick
(17446) DBB: write request from dla, addr 801005c0 id 0
(17446) DBB: write data from dla (00000000 00000000...)
(17446) DBB: write, last tick
(17452) DBB: write request from dla, addr 801005c0 id 0
(17452) DBB: write data from dla (00000000 00000000...)
(17452) DBB: write, last tick
(17458) DBB: write request from dla, addr 801005c0 id 0
(17458) DBB: write data from dla (00000000 00000000...)
(17458) DBB: write, last tick
(17464) DBB: write request from dla, addr 801005c0 id 0
(17464) DBB: write data from dla (00000000 00000000...)
(17464) DBB: write, last tick
(17470) DBB: write request from dla, addr 801005c0 id 0
(17470) DBB: write data from dla (00000000 00000000...)
(17470) DBB: write, last tick
(17476) DBB: write request from dla, addr 801005c0 id 0
(17476) DBB: write data from dla (00000000 00000000...)
(17476) DBB: write, last tick
(17482) DBB: write request from dla, addr 801005c0 id 0
(17482) DBB: write data from dla (00000000 00000000...)
(17482) DBB: write, last tick
(17488) DBB: write request from dla, addr 80100600 id 0
(17488) DBB: write data from dla (00000066 00000000...)
(17488) DBB: write, last tick
(17494) DBB: write request from dla, addr 80100600 id 0
(17494) DBB: write data from dla (00002000 00000000...)
(17494) DBB: write, last tick
(17500) DBB: write request from dla, addr 80100600 id 0
(17500) DBB: write data from dla (00660000 00000000...)
(17500) DBB: write, last tick
(17506) DBB: write request from dla, addr 80100600 id 0
(17506) DBB: write data from dla (21000000 00000000...)
(17506) DBB: write, last tick
(17512) DBB: write request from dla, addr 80100600 id 0
(17512) DBB: write data from dla (00000000 00000066...)
(17512) DBB: write, last tick
(17518) DBB: write request from dla, addr 80100600 id 0
(17518) DBB: write data from dla (00000000 00002200...)
(17518) DBB: write, last tick
(17524) DBB: write request from dla, addr 80100600 id 0
(17524) DBB: write data from dla (00000000 00660000...)
(17524) DBB: write, last tick
(17530) DBB: write request from dla, addr 80100600 id 0
(17530) DBB: write data from dla (00000000 23000000...)
(17530) DBB: write, last tick
(17536) DBB: write request from dla, addr 80100600 id 0
(17536) DBB: write data from dla (00000000 00000000...)
(17536) DBB: write, last tick
(17542) DBB: write request from dla, addr 80100600 id 0
(17542) DBB: write data from dla (00000000 00000000...)
(17542) DBB: write, last tick
(17548) DBB: write request from dla, addr 80100600 id 0
(17548) DBB: write data from dla (00000000 00000000...)
(17548) DBB: write, last tick
(17554) DBB: write request from dla, addr 80100600 id 0
(17554) DBB: write data from dla (00000000 00000000...)
(17554) DBB: write, last tick
(17560) DBB: write request from dla, addr 80100600 id 0
(17560) DBB: write data from dla (00000000 00000000...)
(17560) DBB: write, last tick
(17566) DBB: write request from dla, addr 80100600 id 0
(17566) DBB: write data from dla (00000000 00000000...)
(17566) DBB: write, last tick
(17572) DBB: write request from dla, addr 80100600 id 0
(17572) DBB: write data from dla (00000000 00000000...)
(17572) DBB: write, last tick
(17578) DBB: write request from dla, addr 80100600 id 0
(17578) DBB: write data from dla (00000000 00000000...)
(17578) DBB: write, last tick
(17584) DBB: write request from dla, addr 80100600 id 0
(17584) DBB: write data from dla (00000000 00000000...)
(17584) DBB: write, last tick
(17590) DBB: write request from dla, addr 80100600 id 0
(17590) DBB: write data from dla (00000000 00000000...)
(17590) DBB: write, last tick
(17596) DBB: write request from dla, addr 80100600 id 0
(17596) DBB: write data from dla (00000000 00000000...)
(17596) DBB: write, last tick
(17602) DBB: write request from dla, addr 80100600 id 0
(17602) DBB: write data from dla (00000000 00000000...)
(17602) DBB: write, last tick
(17608) DBB: write request from dla, addr 80100600 id 0
(17608) DBB: write data from dla (00000000 00000000...)
(17608) DBB: write, last tick
(17614) DBB: write request from dla, addr 80100600 id 0
(17614) DBB: write data from dla (00000000 00000000...)
(17614) DBB: write, last tick
(17620) DBB: write request from dla, addr 80100600 id 0
(17620) DBB: write data from dla (00000000 00000000...)
(17620) DBB: write, last tick
(17626) DBB: write request from dla, addr 80100600 id 0
(17626) DBB: write data from dla (00000000 00000000...)
(17626) DBB: write, last tick
(17632) DBB: write request from dla, addr 80100600 id 0
(17632) DBB: write data from dla (00000000 00000000...)
(17632) DBB: write, last tick
(17638) DBB: write request from dla, addr 80100600 id 0
(17638) DBB: write data from dla (00000000 00000000...)
(17638) DBB: write, last tick
(17644) DBB: write request from dla, addr 80100600 id 0
(17644) DBB: write data from dla (00000000 00000000...)
(17644) DBB: write, last tick
(17650) DBB: write request from dla, addr 80100600 id 0
(17650) DBB: write data from dla (00000000 00000000...)
(17650) DBB: write, last tick
(17656) DBB: write request from dla, addr 80100600 id 0
(17656) DBB: write data from dla (00000000 00000000...)
(17656) DBB: write, last tick
(17662) DBB: write request from dla, addr 80100600 id 0
(17662) DBB: write data from dla (00000000 00000000...)
(17662) DBB: write, last tick
(17668) DBB: write request from dla, addr 80100600 id 0
(17668) DBB: write data from dla (00000000 00000000...)
(17668) DBB: write, last tick
(17674) DBB: write request from dla, addr 80100600 id 0
(17674) DBB: write data from dla (00000000 00000000...)
(17674) DBB: write, last tick
(17680) DBB: write request from dla, addr 80100600 id 0
(17680) DBB: write data from dla (00000000 00000000...)
(17680) DBB: write, last tick
(17686) DBB: write request from dla, addr 80100600 id 0
(17686) DBB: write data from dla (00000000 00000000...)
(17686) DBB: write, last tick
(17692) DBB: write request from dla, addr 80100600 id 0
(17692) DBB: write data from dla (00000000 00000000...)
(17692) DBB: write, last tick
(17698) DBB: write request from dla, addr 80100600 id 0
(17698) DBB: write data from dla (00000000 00000000...)
(17698) DBB: write, last tick
(17704) DBB: write request from dla, addr 80100600 id 0
(17704) DBB: write data from dla (00000000 00000000...)
(17704) DBB: write, last tick
(17710) DBB: write request from dla, addr 80100600 id 0
(17710) DBB: write data from dla (00000000 00000000...)
(17710) DBB: write, last tick
(17716) DBB: write request from dla, addr 80100600 id 0
(17716) DBB: write data from dla (00000000 00000000...)
(17716) DBB: write, last tick
(17722) DBB: write request from dla, addr 80100600 id 0
(17722) DBB: write data from dla (00000000 00000000...)
(17722) DBB: write, last tick
(17728) DBB: write request from dla, addr 80100600 id 0
(17728) DBB: write data from dla (00000000 00000000...)
(17728) DBB: write, last tick
(17734) DBB: write request from dla, addr 80100600 id 0
(17734) DBB: write data from dla (00000000 00000000...)
(17734) DBB: write, last tick
(17740) DBB: write request from dla, addr 80100600 id 0
(17740) DBB: write data from dla (00000000 00000000...)
(17740) DBB: write, last tick
(17746) DBB: write request from dla, addr 80100600 id 0
(17746) DBB: write data from dla (00000000 00000000...)
(17746) DBB: write, last tick
(17752) DBB: write request from dla, addr 80100600 id 0
(17752) DBB: write data from dla (00000000 00000000...)
(17752) DBB: write, last tick
(17758) DBB: write request from dla, addr 80100600 id 0
(17758) DBB: write data from dla (00000000 00000000...)
(17758) DBB: write, last tick
(17764) DBB: write request from dla, addr 80100600 id 0
(17764) DBB: write data from dla (00000000 00000000...)
(17764) DBB: write, last tick
(17770) DBB: write request from dla, addr 80100600 id 0
(17770) DBB: write data from dla (00000000 00000000...)
(17770) DBB: write, last tick
(17776) DBB: write request from dla, addr 80100600 id 0
(17776) DBB: write data from dla (00000000 00000000...)
(17776) DBB: write, last tick
(17782) DBB: write request from dla, addr 80100600 id 0
(17782) DBB: write data from dla (00000000 00000000...)
(17782) DBB: write, last tick
(17788) DBB: write request from dla, addr 80100600 id 0
(17788) DBB: write data from dla (00000000 00000000...)
(17788) DBB: write, last tick
(17794) DBB: write request from dla, addr 80100600 id 0
(17794) DBB: write data from dla (00000000 00000000...)
(17794) DBB: write, last tick
(17800) DBB: write request from dla, addr 80100600 id 0
(17800) DBB: write data from dla (00000000 00000000...)
(17800) DBB: write, last tick
(17806) DBB: write request from dla, addr 80100600 id 0
(17806) DBB: write data from dla (00000000 00000000...)
(17806) DBB: write, last tick
(17812) DBB: write request from dla, addr 80100600 id 0
(17812) DBB: write data from dla (00000000 00000000...)
(17812) DBB: write, last tick
(17818) DBB: write request from dla, addr 80100600 id 0
(17818) DBB: write data from dla (00000000 00000000...)
(17818) DBB: write, last tick
(17824) DBB: write request from dla, addr 80100600 id 0
(17824) DBB: write data from dla (00000000 00000000...)
(17824) DBB: write, last tick
(17830) DBB: write request from dla, addr 80100600 id 0
(17830) DBB: write data from dla (00000000 00000000...)
(17830) DBB: write, last tick
(17836) DBB: write request from dla, addr 80100600 id 0
(17836) DBB: write data from dla (00000000 00000000...)
(17836) DBB: write, last tick
(17842) DBB: write request from dla, addr 80100600 id 0
(17842) DBB: write data from dla (00000000 00000000...)
(17842) DBB: write, last tick
(17848) DBB: write request from dla, addr 80100600 id 0
(17848) DBB: write data from dla (00000000 00000000...)
(17848) DBB: write, last tick
(17854) DBB: write request from dla, addr 80100600 id 0
(17854) DBB: write data from dla (00000000 00000000...)
(17854) DBB: write, last tick
(17860) DBB: write request from dla, addr 80100600 id 0
(17860) DBB: write data from dla (00000000 00000000...)
(17860) DBB: write, last tick
(17866) DBB: write request from dla, addr 80100600 id 0
(17866) DBB: write data from dla (00000000 00000000...)
(17866) DBB: write, last tick
(17872) DBB: write request from dla, addr 80100640 id 0
(17872) DBB: write data from dla (00000021 00000000...)
(17872) DBB: write, last tick
(17878) DBB: write request from dla, addr 80100640 id 0
(17878) DBB: write data from dla (00003000 00000000...)
(17878) DBB: write, last tick
(17884) DBB: write request from dla, addr 80100640 id 0
(17884) DBB: write data from dla (00210000 00000000...)
(17884) DBB: write, last tick
(17890) DBB: write request from dla, addr 80100640 id 0
(17890) DBB: write data from dla (31000000 00000000...)
(17890) DBB: write, last tick
(17896) DBB: write request from dla, addr 80100640 id 0
(17896) DBB: write data from dla (00000000 00000021...)
(17896) DBB: write, last tick
(17902) DBB: write request from dla, addr 80100640 id 0
(17902) DBB: write data from dla (00000000 00003200...)
(17902) DBB: write, last tick
(17908) DBB: write request from dla, addr 80100640 id 0
(17908) DBB: write data from dla (00000000 00210000...)
(17908) DBB: write, last tick
(17914) DBB: write request from dla, addr 80100640 id 0
(17914) DBB: write data from dla (00000000 33000000...)
(17914) DBB: write, last tick
(17920) DBB: write request from dla, addr 80100640 id 0
(17920) DBB: write data from dla (00000000 00000000...)
(17920) DBB: write, last tick
(17926) DBB: write request from dla, addr 80100640 id 0
(17926) DBB: write data from dla (00000000 00000000...)
(17926) DBB: write, last tick
(17932) DBB: write request from dla, addr 80100640 id 0
(17932) DBB: write data from dla (00000000 00000000...)
(17932) DBB: write, last tick
(17938) DBB: write request from dla, addr 80100640 id 0
(17938) DBB: write data from dla (00000000 00000000...)
(17938) DBB: write, last tick
(17944) DBB: write request from dla, addr 80100640 id 0
(17944) DBB: write data from dla (00000000 00000000...)
(17944) DBB: write, last tick
(17950) DBB: write request from dla, addr 80100640 id 0
(17950) DBB: write data from dla (00000000 00000000...)
(17950) DBB: write, last tick
(17956) DBB: write request from dla, addr 80100640 id 0
(17956) DBB: write data from dla (00000000 00000000...)
(17956) DBB: write, last tick
(17962) DBB: write request from dla, addr 80100640 id 0
(17962) DBB: write data from dla (00000000 00000000...)
(17962) DBB: write, last tick
(17968) DBB: write request from dla, addr 80100640 id 0
(17968) DBB: write data from dla (00000000 00000000...)
(17968) DBB: write, last tick
(17974) DBB: write request from dla, addr 80100640 id 0
(17974) DBB: write data from dla (00000000 00000000...)
(17974) DBB: write, last tick
(17980) DBB: write request from dla, addr 80100640 id 0
(17980) DBB: write data from dla (00000000 00000000...)
(17980) DBB: write, last tick
(17986) DBB: write request from dla, addr 80100640 id 0
(17986) DBB: write data from dla (00000000 00000000...)
(17986) DBB: write, last tick
(17992) DBB: write request from dla, addr 80100640 id 0
(17992) DBB: write data from dla (00000000 00000000...)
(17992) DBB: write, last tick
(17998) DBB: write request from dla, addr 80100640 id 0
(17998) DBB: write data from dla (00000000 00000000...)
(17998) DBB: write, last tick
(18004) DBB: write request from dla, addr 80100640 id 0
(18004) DBB: write data from dla (00000000 00000000...)
(18004) DBB: write, last tick
(18010) DBB: write request from dla, addr 80100640 id 0
(18010) DBB: write data from dla (00000000 00000000...)
(18010) DBB: write, last tick
(18016) DBB: write request from dla, addr 80100640 id 0
(18016) DBB: write data from dla (00000000 00000000...)
(18016) DBB: write, last tick
(18022) DBB: write request from dla, addr 80100640 id 0
(18022) DBB: write data from dla (00000000 00000000...)
(18022) DBB: write, last tick
(18028) DBB: write request from dla, addr 80100640 id 0
(18028) DBB: write data from dla (00000000 00000000...)
(18028) DBB: write, last tick
(18034) DBB: write request from dla, addr 80100640 id 0
(18034) DBB: write data from dla (00000000 00000000...)
(18034) DBB: write, last tick
(18040) DBB: write request from dla, addr 80100640 id 0
(18040) DBB: write data from dla (00000000 00000000...)
(18040) DBB: write, last tick
(18046) DBB: write request from dla, addr 80100640 id 0
(18046) DBB: write data from dla (00000000 00000000...)
(18046) DBB: write, last tick
(18052) DBB: write request from dla, addr 80100640 id 0
(18052) DBB: write data from dla (00000000 00000000...)
(18052) DBB: write, last tick
(18058) DBB: write request from dla, addr 80100640 id 0
(18058) DBB: write data from dla (00000000 00000000...)
(18058) DBB: write, last tick
(18064) DBB: write request from dla, addr 80100640 id 0
(18064) DBB: write data from dla (00000000 00000000...)
(18064) DBB: write, last tick
(18070) DBB: write request from dla, addr 80100640 id 0
(18070) DBB: write data from dla (00000000 00000000...)
(18070) DBB: write, last tick
(18076) DBB: write request from dla, addr 80100640 id 0
(18076) DBB: write data from dla (00000000 00000000...)
(18076) DBB: write, last tick
(18082) DBB: write request from dla, addr 80100640 id 0
(18082) DBB: write data from dla (00000000 00000000...)
(18082) DBB: write, last tick
(18088) DBB: write request from dla, addr 80100640 id 0
(18088) DBB: write data from dla (00000000 00000000...)
(18088) DBB: write, last tick
(18094) DBB: write request from dla, addr 80100640 id 0
(18094) DBB: write data from dla (00000000 00000000...)
(18094) DBB: write, last tick
(18100) DBB: write request from dla, addr 80100640 id 0
(18100) DBB: write data from dla (00000000 00000000...)
(18100) DBB: write, last tick
(18106) DBB: write request from dla, addr 80100640 id 0
(18106) DBB: write data from dla (00000000 00000000...)
(18106) DBB: write, last tick
(18112) DBB: write request from dla, addr 80100640 id 0
(18112) DBB: write data from dla (00000000 00000000...)
(18112) DBB: write, last tick
(18118) DBB: write request from dla, addr 80100640 id 0
(18118) DBB: write data from dla (00000000 00000000...)
(18118) DBB: write, last tick
(18124) DBB: write request from dla, addr 80100640 id 0
(18124) DBB: write data from dla (00000000 00000000...)
(18124) DBB: write, last tick
(18130) DBB: write request from dla, addr 80100640 id 0
(18130) DBB: write data from dla (00000000 00000000...)
(18130) DBB: write, last tick
(18136) DBB: write request from dla, addr 80100640 id 0
(18136) DBB: write data from dla (00000000 00000000...)
(18136) DBB: write, last tick
(18142) DBB: write request from dla, addr 80100640 id 0
(18142) DBB: write data from dla (00000000 00000000...)
(18142) DBB: write, last tick
(18148) DBB: write request from dla, addr 80100640 id 0
(18148) DBB: write data from dla (00000000 00000000...)
(18148) DBB: write, last tick
(18154) DBB: write request from dla, addr 80100640 id 0
(18154) DBB: write data from dla (00000000 00000000...)
(18154) DBB: write, last tick
(18160) DBB: write request from dla, addr 80100640 id 0
(18160) DBB: write data from dla (00000000 00000000...)
(18160) DBB: write, last tick
(18166) DBB: write request from dla, addr 80100640 id 0
(18166) DBB: write data from dla (00000000 00000000...)
(18166) DBB: write, last tick
(18172) DBB: write request from dla, addr 80100640 id 0
(18172) DBB: write data from dla (00000000 00000000...)
(18172) DBB: write, last tick
(18178) DBB: write request from dla, addr 80100640 id 0
(18178) DBB: write data from dla (00000000 00000000...)
(18178) DBB: write, last tick
(18184) DBB: write request from dla, addr 80100640 id 0
(18184) DBB: write data from dla (00000000 00000000...)
(18184) DBB: write, last tick
(18190) DBB: write request from dla, addr 80100640 id 0
(18190) DBB: write data from dla (00000000 00000000...)
(18190) DBB: write, last tick
(18196) DBB: write request from dla, addr 80100640 id 0
(18196) DBB: write data from dla (00000000 00000000...)
(18196) DBB: write, last tick
(18202) DBB: write request from dla, addr 80100640 id 0
(18202) DBB: write data from dla (00000000 00000000...)
(18202) DBB: write, last tick
(18208) DBB: write request from dla, addr 80100640 id 0
(18208) DBB: write data from dla (00000000 00000000...)
(18208) DBB: write, last tick
(18214) DBB: write request from dla, addr 80100640 id 0
(18214) DBB: write data from dla (00000000 00000000...)
(18214) DBB: write, last tick
(18220) DBB: write request from dla, addr 80100640 id 0
(18220) DBB: write data from dla (00000000 00000000...)
(18220) DBB: write, last tick
(18226) DBB: write request from dla, addr 80100640 id 0
(18226) DBB: write data from dla (00000000 00000000...)
(18226) DBB: write, last tick
(18232) DBB: write request from dla, addr 80100640 id 0
(18232) DBB: write data from dla (00000000 00000000...)
(18232) DBB: write, last tick
(18238) DBB: write request from dla, addr 80100640 id 0
(18238) DBB: write data from dla (00000000 00000000...)
(18238) DBB: write, last tick
(18244) DBB: write request from dla, addr 80100640 id 0
(18244) DBB: write data from dla (00000000 00000000...)
(18244) DBB: write, last tick
(18250) DBB: write request from dla, addr 80100640 id 0
(18250) DBB: write data from dla (00000000 00000000...)
(18250) DBB: write, last tick
(18256) DBB: write request from dla, addr 80100680 id 0
(18256) DBB: write data from dla (00000041 00000000...)
(18256) DBB: write, last tick
(18262) DBB: write request from dla, addr 80100680 id 0
(18262) DBB: write data from dla (00003000 00000000...)
(18262) DBB: write, last tick
(18268) DBB: write request from dla, addr 80100680 id 0
(18268) DBB: write data from dla (00410000 00000000...)
(18268) DBB: write, last tick
(18274) DBB: write request from dla, addr 80100680 id 0
(18274) DBB: write data from dla (31000000 00000000...)
(18274) DBB: write, last tick
(18280) DBB: write request from dla, addr 80100680 id 0
(18280) DBB: write data from dla (00000000 00000041...)
(18280) DBB: write, last tick
(18286) DBB: write request from dla, addr 80100680 id 0
(18286) DBB: write data from dla (00000000 00003200...)
(18286) DBB: write, last tick
(18292) DBB: write request from dla, addr 80100680 id 0
(18292) DBB: write data from dla (00000000 00410000...)
(18292) DBB: write, last tick
(18298) DBB: write request from dla, addr 80100680 id 0
(18298) DBB: write data from dla (00000000 33000000...)
(18298) DBB: write, last tick
(18304) DBB: write request from dla, addr 80100680 id 0
(18304) DBB: write data from dla (00000000 00000000...)
(18304) DBB: write, last tick
(18310) DBB: write request from dla, addr 80100680 id 0
(18310) DBB: write data from dla (00000000 00000000...)
(18310) DBB: write, last tick
(18316) DBB: write request from dla, addr 80100680 id 0
(18316) DBB: write data from dla (00000000 00000000...)
(18316) DBB: write, last tick
(18322) DBB: write request from dla, addr 80100680 id 0
(18322) DBB: write data from dla (00000000 00000000...)
(18322) DBB: write, last tick
(18328) DBB: write request from dla, addr 80100680 id 0
(18328) DBB: write data from dla (00000000 00000000...)
(18328) DBB: write, last tick
(18334) DBB: write request from dla, addr 80100680 id 0
(18334) DBB: write data from dla (00000000 00000000...)
(18334) DBB: write, last tick
(18340) DBB: write request from dla, addr 80100680 id 0
(18340) DBB: write data from dla (00000000 00000000...)
(18340) DBB: write, last tick
(18346) DBB: write request from dla, addr 80100680 id 0
(18346) DBB: write data from dla (00000000 00000000...)
(18346) DBB: write, last tick
(18352) DBB: write request from dla, addr 80100680 id 0
(18352) DBB: write data from dla (00000000 00000000...)
(18352) DBB: write, last tick
(18358) DBB: write request from dla, addr 80100680 id 0
(18358) DBB: write data from dla (00000000 00000000...)
(18358) DBB: write, last tick
(18364) DBB: write request from dla, addr 80100680 id 0
(18364) DBB: write data from dla (00000000 00000000...)
(18364) DBB: write, last tick
(18370) DBB: write request from dla, addr 80100680 id 0
(18370) DBB: write data from dla (00000000 00000000...)
(18370) DBB: write, last tick
(18376) DBB: write request from dla, addr 80100680 id 0
(18376) DBB: write data from dla (00000000 00000000...)
(18376) DBB: write, last tick
(18382) DBB: write request from dla, addr 80100680 id 0
(18382) DBB: write data from dla (00000000 00000000...)
(18382) DBB: write, last tick
(18388) DBB: write request from dla, addr 80100680 id 0
(18388) DBB: write data from dla (00000000 00000000...)
(18388) DBB: write, last tick
(18394) DBB: write request from dla, addr 80100680 id 0
(18394) DBB: write data from dla (00000000 00000000...)
(18394) DBB: write, last tick
(18400) DBB: write request from dla, addr 80100680 id 0
(18400) DBB: write data from dla (00000000 00000000...)
(18400) DBB: write, last tick
(18406) DBB: write request from dla, addr 80100680 id 0
(18406) DBB: write data from dla (00000000 00000000...)
(18406) DBB: write, last tick
(18412) DBB: write request from dla, addr 80100680 id 0
(18412) DBB: write data from dla (00000000 00000000...)
(18412) DBB: write, last tick
(18418) DBB: write request from dla, addr 80100680 id 0
(18418) DBB: write data from dla (00000000 00000000...)
(18418) DBB: write, last tick
(18424) DBB: write request from dla, addr 80100680 id 0
(18424) DBB: write data from dla (00000000 00000000...)
(18424) DBB: write, last tick
(18430) DBB: write request from dla, addr 80100680 id 0
(18430) DBB: write data from dla (00000000 00000000...)
(18430) DBB: write, last tick
(18436) DBB: write request from dla, addr 80100680 id 0
(18436) DBB: write data from dla (00000000 00000000...)
(18436) DBB: write, last tick
(18442) DBB: write request from dla, addr 80100680 id 0
(18442) DBB: write data from dla (00000000 00000000...)
(18442) DBB: write, last tick
(18448) DBB: write request from dla, addr 80100680 id 0
(18448) DBB: write data from dla (00000000 00000000...)
(18448) DBB: write, last tick
(18454) DBB: write request from dla, addr 80100680 id 0
(18454) DBB: write data from dla (00000000 00000000...)
(18454) DBB: write, last tick
(18460) DBB: write request from dla, addr 80100680 id 0
(18460) DBB: write data from dla (00000000 00000000...)
(18460) DBB: write, last tick
(18466) DBB: write request from dla, addr 80100680 id 0
(18466) DBB: write data from dla (00000000 00000000...)
(18466) DBB: write, last tick
(18472) DBB: write request from dla, addr 80100680 id 0
(18472) DBB: write data from dla (00000000 00000000...)
(18472) DBB: write, last tick
(18478) DBB: write request from dla, addr 80100680 id 0
(18478) DBB: write data from dla (00000000 00000000...)
(18478) DBB: write, last tick
(18484) DBB: write request from dla, addr 80100680 id 0
(18484) DBB: write data from dla (00000000 00000000...)
(18484) DBB: write, last tick
(18490) DBB: write request from dla, addr 80100680 id 0
(18490) DBB: write data from dla (00000000 00000000...)
(18490) DBB: write, last tick
(18496) DBB: write request from dla, addr 80100680 id 0
(18496) DBB: write data from dla (00000000 00000000...)
(18496) DBB: write, last tick
(18502) DBB: write request from dla, addr 80100680 id 0
(18502) DBB: write data from dla (00000000 00000000...)
(18502) DBB: write, last tick
(18508) DBB: write request from dla, addr 80100680 id 0
(18508) DBB: write data from dla (00000000 00000000...)
(18508) DBB: write, last tick
(18514) DBB: write request from dla, addr 80100680 id 0
(18514) DBB: write data from dla (00000000 00000000...)
(18514) DBB: write, last tick
(18520) DBB: write request from dla, addr 80100680 id 0
(18520) DBB: write data from dla (00000000 00000000...)
(18520) DBB: write, last tick
(18526) DBB: write request from dla, addr 80100680 id 0
(18526) DBB: write data from dla (00000000 00000000...)
(18526) DBB: write, last tick
(18532) DBB: write request from dla, addr 80100680 id 0
(18532) DBB: write data from dla (00000000 00000000...)
(18532) DBB: write, last tick
(18538) DBB: write request from dla, addr 80100680 id 0
(18538) DBB: write data from dla (00000000 00000000...)
(18538) DBB: write, last tick
(18544) DBB: write request from dla, addr 80100680 id 0
(18544) DBB: write data from dla (00000000 00000000...)
(18544) DBB: write, last tick
(18550) DBB: write request from dla, addr 80100680 id 0
(18550) DBB: write data from dla (00000000 00000000...)
(18550) DBB: write, last tick
(18556) DBB: write request from dla, addr 80100680 id 0
(18556) DBB: write data from dla (00000000 00000000...)
(18556) DBB: write, last tick
(18562) DBB: write request from dla, addr 80100680 id 0
(18562) DBB: write data from dla (00000000 00000000...)
(18562) DBB: write, last tick
(18568) DBB: write request from dla, addr 80100680 id 0
(18568) DBB: write data from dla (00000000 00000000...)
(18568) DBB: write, last tick
(18574) DBB: write request from dla, addr 80100680 id 0
(18574) DBB: write data from dla (00000000 00000000...)
(18574) DBB: write, last tick
(18580) DBB: write request from dla, addr 80100680 id 0
(18580) DBB: write data from dla (00000000 00000000...)
(18580) DBB: write, last tick
(18586) DBB: write request from dla, addr 80100680 id 0
(18586) DBB: write data from dla (00000000 00000000...)
(18586) DBB: write, last tick
(18592) DBB: write request from dla, addr 80100680 id 0
(18592) DBB: write data from dla (00000000 00000000...)
(18592) DBB: write, last tick
(18598) DBB: write request from dla, addr 80100680 id 0
(18598) DBB: write data from dla (00000000 00000000...)
(18598) DBB: write, last tick
(18604) DBB: write request from dla, addr 80100680 id 0
(18604) DBB: write data from dla (00000000 00000000...)
(18604) DBB: write, last tick
(18610) DBB: write request from dla, addr 80100680 id 0
(18610) DBB: write data from dla (00000000 00000000...)
(18610) DBB: write, last tick
(18616) DBB: write request from dla, addr 80100680 id 0
(18616) DBB: write data from dla (00000000 00000000...)
(18616) DBB: write, last tick
(18622) DBB: write request from dla, addr 80100680 id 0
(18622) DBB: write data from dla (00000000 00000000...)
(18622) DBB: write, last tick
(18628) DBB: write request from dla, addr 80100680 id 0
(18628) DBB: write data from dla (00000000 00000000...)
(18628) DBB: write, last tick
(18634) DBB: write request from dla, addr 80100680 id 0
(18634) DBB: write data from dla (00000000 00000000...)
(18634) DBB: write, last tick
(18640) DBB: write request from dla, addr 801006c0 id 0
(18640) DBB: write data from dla (00000061 00000000...)
(18640) DBB: write, last tick
(18646) DBB: write request from dla, addr 801006c0 id 0
(18646) DBB: write data from dla (00003000 00000000...)
(18646) DBB: write, last tick
(18652) DBB: write request from dla, addr 801006c0 id 0
(18652) DBB: write data from dla (00610000 00000000...)
(18652) DBB: write, last tick
(18658) DBB: write request from dla, addr 801006c0 id 0
(18658) DBB: write data from dla (31000000 00000000...)
(18658) DBB: write, last tick
(18664) DBB: write request from dla, addr 801006c0 id 0
(18664) DBB: write data from dla (00000000 00000061...)
(18664) DBB: write, last tick
(18670) DBB: write request from dla, addr 801006c0 id 0
(18670) DBB: write data from dla (00000000 00003200...)
(18670) DBB: write, last tick
(18676) DBB: write request from dla, addr 801006c0 id 0
(18676) DBB: write data from dla (00000000 00610000...)
(18676) DBB: write, last tick
(18682) DBB: write request from dla, addr 801006c0 id 0
(18682) DBB: write data from dla (00000000 33000000...)
(18682) DBB: write, last tick
(18688) DBB: write request from dla, addr 801006c0 id 0
(18688) DBB: write data from dla (00000000 00000000...)
(18688) DBB: write, last tick
(18694) DBB: write request from dla, addr 801006c0 id 0
(18694) DBB: write data from dla (00000000 00000000...)
(18694) DBB: write, last tick
(18700) DBB: write request from dla, addr 801006c0 id 0
(18700) DBB: write data from dla (00000000 00000000...)
(18700) DBB: write, last tick
(18706) DBB: write request from dla, addr 801006c0 id 0
(18706) DBB: write data from dla (00000000 00000000...)
(18706) DBB: write, last tick
(18712) DBB: write request from dla, addr 801006c0 id 0
(18712) DBB: write data from dla (00000000 00000000...)
(18712) DBB: write, last tick
(18718) DBB: write request from dla, addr 801006c0 id 0
(18718) DBB: write data from dla (00000000 00000000...)
(18718) DBB: write, last tick
(18724) DBB: write request from dla, addr 801006c0 id 0
(18724) DBB: write data from dla (00000000 00000000...)
(18724) DBB: write, last tick
(18730) DBB: write request from dla, addr 801006c0 id 0
(18730) DBB: write data from dla (00000000 00000000...)
(18730) DBB: write, last tick
(18736) DBB: write request from dla, addr 801006c0 id 0
(18736) DBB: write data from dla (00000000 00000000...)
(18736) DBB: write, last tick
(18742) DBB: write request from dla, addr 801006c0 id 0
(18742) DBB: write data from dla (00000000 00000000...)
(18742) DBB: write, last tick
(18748) DBB: write request from dla, addr 801006c0 id 0
(18748) DBB: write data from dla (00000000 00000000...)
(18748) DBB: write, last tick
(18754) DBB: write request from dla, addr 801006c0 id 0
(18754) DBB: write data from dla (00000000 00000000...)
(18754) DBB: write, last tick
(18760) DBB: write request from dla, addr 801006c0 id 0
(18760) DBB: write data from dla (00000000 00000000...)
(18760) DBB: write, last tick
(18766) DBB: write request from dla, addr 801006c0 id 0
(18766) DBB: write data from dla (00000000 00000000...)
(18766) DBB: write, last tick
(18772) DBB: write request from dla, addr 801006c0 id 0
(18772) DBB: write data from dla (00000000 00000000...)
(18772) DBB: write, last tick
(18778) DBB: write request from dla, addr 801006c0 id 0
(18778) DBB: write data from dla (00000000 00000000...)
(18778) DBB: write, last tick
(18784) DBB: write request from dla, addr 801006c0 id 0
(18784) DBB: write data from dla (00000000 00000000...)
(18784) DBB: write, last tick
(18790) DBB: write request from dla, addr 801006c0 id 0
(18790) DBB: write data from dla (00000000 00000000...)
(18790) DBB: write, last tick
(18796) DBB: write request from dla, addr 801006c0 id 0
(18796) DBB: write data from dla (00000000 00000000...)
(18796) DBB: write, last tick
(18802) DBB: write request from dla, addr 801006c0 id 0
(18802) DBB: write data from dla (00000000 00000000...)
(18802) DBB: write, last tick
(18808) DBB: write request from dla, addr 801006c0 id 0
(18808) DBB: write data from dla (00000000 00000000...)
(18808) DBB: write, last tick
(18814) DBB: write request from dla, addr 801006c0 id 0
(18814) DBB: write data from dla (00000000 00000000...)
(18814) DBB: write, last tick
(18820) DBB: write request from dla, addr 801006c0 id 0
(18820) DBB: write data from dla (00000000 00000000...)
(18820) DBB: write, last tick
(18826) DBB: write request from dla, addr 801006c0 id 0
(18826) DBB: write data from dla (00000000 00000000...)
(18826) DBB: write, last tick
(18832) DBB: write request from dla, addr 801006c0 id 0
(18832) DBB: write data from dla (00000000 00000000...)
(18832) DBB: write, last tick
(18838) DBB: write request from dla, addr 801006c0 id 0
(18838) DBB: write data from dla (00000000 00000000...)
(18838) DBB: write, last tick
(18844) DBB: write request from dla, addr 801006c0 id 0
(18844) DBB: write data from dla (00000000 00000000...)
(18844) DBB: write, last tick
(18850) DBB: write request from dla, addr 801006c0 id 0
(18850) DBB: write data from dla (00000000 00000000...)
(18850) DBB: write, last tick
(18856) DBB: write request from dla, addr 801006c0 id 0
(18856) DBB: write data from dla (00000000 00000000...)
(18856) DBB: write, last tick
(18862) DBB: write request from dla, addr 801006c0 id 0
(18862) DBB: write data from dla (00000000 00000000...)
(18862) DBB: write, last tick
(18868) DBB: write request from dla, addr 801006c0 id 0
(18868) DBB: write data from dla (00000000 00000000...)
(18868) DBB: write, last tick
(18874) DBB: write request from dla, addr 801006c0 id 0
(18874) DBB: write data from dla (00000000 00000000...)
(18874) DBB: write, last tick
(18880) DBB: write request from dla, addr 801006c0 id 0
(18880) DBB: write data from dla (00000000 00000000...)
(18880) DBB: write, last tick
(18886) DBB: write request from dla, addr 801006c0 id 0
(18886) DBB: write data from dla (00000000 00000000...)
(18886) DBB: write, last tick
(18892) DBB: write request from dla, addr 801006c0 id 0
(18892) DBB: write data from dla (00000000 00000000...)
(18892) DBB: write, last tick
(18898) DBB: write request from dla, addr 801006c0 id 0
(18898) DBB: write data from dla (00000000 00000000...)
(18898) DBB: write, last tick
(18904) DBB: write request from dla, addr 801006c0 id 0
(18904) DBB: write data from dla (00000000 00000000...)
(18904) DBB: write, last tick
(18910) DBB: write request from dla, addr 801006c0 id 0
(18910) DBB: write data from dla (00000000 00000000...)
(18910) DBB: write, last tick
(18916) DBB: write request from dla, addr 801006c0 id 0
(18916) DBB: write data from dla (00000000 00000000...)
(18916) DBB: write, last tick
(18922) DBB: write request from dla, addr 801006c0 id 0
(18922) DBB: write data from dla (00000000 00000000...)
(18922) DBB: write, last tick
(18928) DBB: write request from dla, addr 801006c0 id 0
(18928) DBB: write data from dla (00000000 00000000...)
(18928) DBB: write, last tick
(18934) DBB: write request from dla, addr 801006c0 id 0
(18934) DBB: write data from dla (00000000 00000000...)
(18934) DBB: write, last tick
(18940) DBB: write request from dla, addr 801006c0 id 0
(18940) DBB: write data from dla (00000000 00000000...)
(18940) DBB: write, last tick
(18946) DBB: write request from dla, addr 801006c0 id 0
(18946) DBB: write data from dla (00000000 00000000...)
(18946) DBB: write, last tick
(18952) DBB: write request from dla, addr 801006c0 id 0
(18952) DBB: write data from dla (00000000 00000000...)
(18952) DBB: write, last tick
(18958) DBB: write request from dla, addr 801006c0 id 0
(18958) DBB: write data from dla (00000000 00000000...)
(18958) DBB: write, last tick
(18964) DBB: write request from dla, addr 801006c0 id 0
(18964) DBB: write data from dla (00000000 00000000...)
(18964) DBB: write, last tick
(18970) DBB: write request from dla, addr 801006c0 id 0
(18970) DBB: write data from dla (00000000 00000000...)
(18970) DBB: write, last tick
(18976) DBB: write request from dla, addr 801006c0 id 0
(18976) DBB: write data from dla (00000000 00000000...)
(18976) DBB: write, last tick
(18982) DBB: write request from dla, addr 801006c0 id 0
(18982) DBB: write data from dla (00000000 00000000...)
(18982) DBB: write, last tick
(18988) DBB: write request from dla, addr 801006c0 id 0
(18988) DBB: write data from dla (00000000 00000000...)
(18988) DBB: write, last tick
(18994) DBB: write request from dla, addr 801006c0 id 0
(18994) DBB: write data from dla (00000000 00000000...)
(18994) DBB: write, last tick
(19000) DBB: write request from dla, addr 801006c0 id 0
(19000) DBB: write data from dla (00000000 00000000...)
(19000) DBB: write, last tick
(19006) DBB: write request from dla, addr 801006c0 id 0
(19006) DBB: write data from dla (00000000 00000000...)
(19006) DBB: write, last tick
(19012) DBB: write request from dla, addr 801006c0 id 0
(19012) DBB: write data from dla (00000000 00000000...)
(19012) DBB: write, last tick
(19018) DBB: write request from dla, addr 801006c0 id 0
(19018) DBB: write data from dla (00000000 00000000...)
(19018) DBB: write, last tick
(19024) DBB: write request from dla, addr 80100700 id 0
(19024) DBB: write data from dla (00000012 00000000...)
(19024) DBB: write, last tick
(19030) DBB: write request from dla, addr 80100700 id 0
(19030) DBB: write data from dla (00003000 00000000...)
(19030) DBB: write, last tick
(19036) DBB: write request from dla, addr 80100700 id 0
(19036) DBB: write data from dla (00120000 00000000...)
(19036) DBB: write, last tick
(19042) DBB: write request from dla, addr 80100700 id 0
(19042) DBB: write data from dla (31000000 00000000...)
(19042) DBB: write, last tick
(19048) DBB: write request from dla, addr 80100700 id 0
(19048) DBB: write data from dla (00000000 00000012...)
(19048) DBB: write, last tick
(19054) DBB: write request from dla, addr 80100700 id 0
(19054) DBB: write data from dla (00000000 00003200...)
(19054) DBB: write, last tick
(19060) DBB: write request from dla, addr 80100700 id 0
(19060) DBB: write data from dla (00000000 00120000...)
(19060) DBB: write, last tick
(19066) DBB: write request from dla, addr 80100700 id 0
(19066) DBB: write data from dla (00000000 33000000...)
(19066) DBB: write, last tick
(19072) DBB: write request from dla, addr 80100700 id 0
(19072) DBB: write data from dla (00000000 00000000...)
(19072) DBB: write, last tick
(19078) DBB: write request from dla, addr 80100700 id 0
(19078) DBB: write data from dla (00000000 00000000...)
(19078) DBB: write, last tick
(19084) DBB: write request from dla, addr 80100700 id 0
(19084) DBB: write data from dla (00000000 00000000...)
(19084) DBB: write, last tick
(19090) DBB: write request from dla, addr 80100700 id 0
(19090) DBB: write data from dla (00000000 00000000...)
(19090) DBB: write, last tick
(19096) DBB: write request from dla, addr 80100700 id 0
(19096) DBB: write data from dla (00000000 00000000...)
(19096) DBB: write, last tick
(19102) DBB: write request from dla, addr 80100700 id 0
(19102) DBB: write data from dla (00000000 00000000...)
(19102) DBB: write, last tick
(19108) DBB: write request from dla, addr 80100700 id 0
(19108) DBB: write data from dla (00000000 00000000...)
(19108) DBB: write, last tick
(19114) DBB: write request from dla, addr 80100700 id 0
(19114) DBB: write data from dla (00000000 00000000...)
(19114) DBB: write, last tick
(19120) DBB: write request from dla, addr 80100700 id 0
(19120) DBB: write data from dla (00000000 00000000...)
(19120) DBB: write, last tick
(19126) DBB: write request from dla, addr 80100700 id 0
(19126) DBB: write data from dla (00000000 00000000...)
(19126) DBB: write, last tick
(19132) DBB: write request from dla, addr 80100700 id 0
(19132) DBB: write data from dla (00000000 00000000...)
(19132) DBB: write, last tick
(19138) DBB: write request from dla, addr 80100700 id 0
(19138) DBB: write data from dla (00000000 00000000...)
(19138) DBB: write, last tick
(19144) DBB: write request from dla, addr 80100700 id 0
(19144) DBB: write data from dla (00000000 00000000...)
(19144) DBB: write, last tick
(19150) DBB: write request from dla, addr 80100700 id 0
(19150) DBB: write data from dla (00000000 00000000...)
(19150) DBB: write, last tick
(19156) DBB: write request from dla, addr 80100700 id 0
(19156) DBB: write data from dla (00000000 00000000...)
(19156) DBB: write, last tick
(19162) DBB: write request from dla, addr 80100700 id 0
(19162) DBB: write data from dla (00000000 00000000...)
(19162) DBB: write, last tick
(19168) DBB: write request from dla, addr 80100700 id 0
(19168) DBB: write data from dla (00000000 00000000...)
(19168) DBB: write, last tick
(19174) DBB: write request from dla, addr 80100700 id 0
(19174) DBB: write data from dla (00000000 00000000...)
(19174) DBB: write, last tick
(19180) DBB: write request from dla, addr 80100700 id 0
(19180) DBB: write data from dla (00000000 00000000...)
(19180) DBB: write, last tick
(19186) DBB: write request from dla, addr 80100700 id 0
(19186) DBB: write data from dla (00000000 00000000...)
(19186) DBB: write, last tick
(19192) DBB: write request from dla, addr 80100700 id 0
(19192) DBB: write data from dla (00000000 00000000...)
(19192) DBB: write, last tick
(19198) DBB: write request from dla, addr 80100700 id 0
(19198) DBB: write data from dla (00000000 00000000...)
(19198) DBB: write, last tick
(19204) DBB: write request from dla, addr 80100700 id 0
(19204) DBB: write data from dla (00000000 00000000...)
(19204) DBB: write, last tick
(19210) DBB: write request from dla, addr 80100700 id 0
(19210) DBB: write data from dla (00000000 00000000...)
(19210) DBB: write, last tick
(19216) DBB: write request from dla, addr 80100700 id 0
(19216) DBB: write data from dla (00000000 00000000...)
(19216) DBB: write, last tick
(19222) DBB: write request from dla, addr 80100700 id 0
(19222) DBB: write data from dla (00000000 00000000...)
(19222) DBB: write, last tick
(19228) DBB: write request from dla, addr 80100700 id 0
(19228) DBB: write data from dla (00000000 00000000...)
(19228) DBB: write, last tick
(19234) DBB: write request from dla, addr 80100700 id 0
(19234) DBB: write data from dla (00000000 00000000...)
(19234) DBB: write, last tick
(19240) DBB: write request from dla, addr 80100700 id 0
(19240) DBB: write data from dla (00000000 00000000...)
(19240) DBB: write, last tick
(19246) DBB: write request from dla, addr 80100700 id 0
(19246) DBB: write data from dla (00000000 00000000...)
(19246) DBB: write, last tick
(19252) DBB: write request from dla, addr 80100700 id 0
(19252) DBB: write data from dla (00000000 00000000...)
(19252) DBB: write, last tick
(19258) DBB: write request from dla, addr 80100700 id 0
(19258) DBB: write data from dla (00000000 00000000...)
(19258) DBB: write, last tick
(19264) DBB: write request from dla, addr 80100700 id 0
(19264) DBB: write data from dla (00000000 00000000...)
(19264) DBB: write, last tick
(19270) DBB: write request from dla, addr 80100700 id 0
(19270) DBB: write data from dla (00000000 00000000...)
(19270) DBB: write, last tick
(19276) DBB: write request from dla, addr 80100700 id 0
(19276) DBB: write data from dla (00000000 00000000...)
(19276) DBB: write, last tick
(19282) DBB: write request from dla, addr 80100700 id 0
(19282) DBB: write data from dla (00000000 00000000...)
(19282) DBB: write, last tick
(19288) DBB: write request from dla, addr 80100700 id 0
(19288) DBB: write data from dla (00000000 00000000...)
(19288) DBB: write, last tick
(19294) DBB: write request from dla, addr 80100700 id 0
(19294) DBB: write data from dla (00000000 00000000...)
(19294) DBB: write, last tick
(19300) DBB: write request from dla, addr 80100700 id 0
(19300) DBB: write data from dla (00000000 00000000...)
(19300) DBB: write, last tick
(19306) DBB: write request from dla, addr 80100700 id 0
(19306) DBB: write data from dla (00000000 00000000...)
(19306) DBB: write, last tick
(19312) DBB: write request from dla, addr 80100700 id 0
(19312) DBB: write data from dla (00000000 00000000...)
(19312) DBB: write, last tick
(19318) DBB: write request from dla, addr 80100700 id 0
(19318) DBB: write data from dla (00000000 00000000...)
(19318) DBB: write, last tick
(19324) DBB: write request from dla, addr 80100700 id 0
(19324) DBB: write data from dla (00000000 00000000...)
(19324) DBB: write, last tick
(19330) DBB: write request from dla, addr 80100700 id 0
(19330) DBB: write data from dla (00000000 00000000...)
(19330) DBB: write, last tick
(19336) DBB: write request from dla, addr 80100700 id 0
(19336) DBB: write data from dla (00000000 00000000...)
(19336) DBB: write, last tick
(19342) DBB: write request from dla, addr 80100700 id 0
(19342) DBB: write data from dla (00000000 00000000...)
(19342) DBB: write, last tick
(19348) DBB: write request from dla, addr 80100700 id 0
(19348) DBB: write data from dla (00000000 00000000...)
(19348) DBB: write, last tick
(19354) DBB: write request from dla, addr 80100700 id 0
(19354) DBB: write data from dla (00000000 00000000...)
(19354) DBB: write, last tick
(19360) DBB: write request from dla, addr 80100700 id 0
(19360) DBB: write data from dla (00000000 00000000...)
(19360) DBB: write, last tick
(19366) DBB: write request from dla, addr 80100700 id 0
(19366) DBB: write data from dla (00000000 00000000...)
(19366) DBB: write, last tick
(19372) DBB: write request from dla, addr 80100700 id 0
(19372) DBB: write data from dla (00000000 00000000...)
(19372) DBB: write, last tick
(19378) DBB: write request from dla, addr 80100700 id 0
(19378) DBB: write data from dla (00000000 00000000...)
(19378) DBB: write, last tick
(19384) DBB: write request from dla, addr 80100700 id 0
(19384) DBB: write data from dla (00000000 00000000...)
(19384) DBB: write, last tick
(19390) DBB: write request from dla, addr 80100700 id 0
(19390) DBB: write data from dla (00000000 00000000...)
(19390) DBB: write, last tick
(19396) DBB: write request from dla, addr 80100700 id 0
(19396) DBB: write data from dla (00000000 00000000...)
(19396) DBB: write, last tick
(19402) DBB: write request from dla, addr 80100700 id 0
(19402) DBB: write data from dla (00000000 00000000...)
(19402) DBB: write, last tick
(19408) DBB: write request from dla, addr 80100740 id 0
(19408) DBB: write data from dla (00000032 00000000...)
(19408) DBB: write, last tick
(19414) DBB: write request from dla, addr 80100740 id 0
(19414) DBB: write data from dla (00003000 00000000...)
(19414) DBB: write, last tick
(19420) DBB: write request from dla, addr 80100740 id 0
(19420) DBB: write data from dla (00320000 00000000...)
(19420) DBB: write, last tick
(19426) DBB: write request from dla, addr 80100740 id 0
(19426) DBB: write data from dla (31000000 00000000...)
(19426) DBB: write, last tick
(19432) DBB: write request from dla, addr 80100740 id 0
(19432) DBB: write data from dla (00000000 00000032...)
(19432) DBB: write, last tick
(19438) DBB: write request from dla, addr 80100740 id 0
(19438) DBB: write data from dla (00000000 00003200...)
(19438) DBB: write, last tick
(19444) DBB: write request from dla, addr 80100740 id 0
(19444) DBB: write data from dla (00000000 00320000...)
(19444) DBB: write, last tick
(19450) DBB: write request from dla, addr 80100740 id 0
(19450) DBB: write data from dla (00000000 33000000...)
(19450) DBB: write, last tick
(19456) DBB: write request from dla, addr 80100740 id 0
(19456) DBB: write data from dla (00000000 00000000...)
(19456) DBB: write, last tick
(19462) DBB: write request from dla, addr 80100740 id 0
(19462) DBB: write data from dla (00000000 00000000...)
(19462) DBB: write, last tick
(19468) DBB: write request from dla, addr 80100740 id 0
(19468) DBB: write data from dla (00000000 00000000...)
(19468) DBB: write, last tick
(19474) DBB: write request from dla, addr 80100740 id 0
(19474) DBB: write data from dla (00000000 00000000...)
(19474) DBB: write, last tick
(19480) DBB: write request from dla, addr 80100740 id 0
(19480) DBB: write data from dla (00000000 00000000...)
(19480) DBB: write, last tick
(19486) DBB: write request from dla, addr 80100740 id 0
(19486) DBB: write data from dla (00000000 00000000...)
(19486) DBB: write, last tick
(19492) DBB: write request from dla, addr 80100740 id 0
(19492) DBB: write data from dla (00000000 00000000...)
(19492) DBB: write, last tick
(19498) DBB: write request from dla, addr 80100740 id 0
(19498) DBB: write data from dla (00000000 00000000...)
(19498) DBB: write, last tick
(19504) DBB: write request from dla, addr 80100740 id 0
(19504) DBB: write data from dla (00000000 00000000...)
(19504) DBB: write, last tick
(19510) DBB: write request from dla, addr 80100740 id 0
(19510) DBB: write data from dla (00000000 00000000...)
(19510) DBB: write, last tick
(19516) DBB: write request from dla, addr 80100740 id 0
(19516) DBB: write data from dla (00000000 00000000...)
(19516) DBB: write, last tick
(19522) DBB: write request from dla, addr 80100740 id 0
(19522) DBB: write data from dla (00000000 00000000...)
(19522) DBB: write, last tick
(19528) DBB: write request from dla, addr 80100740 id 0
(19528) DBB: write data from dla (00000000 00000000...)
(19528) DBB: write, last tick
(19534) DBB: write request from dla, addr 80100740 id 0
(19534) DBB: write data from dla (00000000 00000000...)
(19534) DBB: write, last tick
(19540) DBB: write request from dla, addr 80100740 id 0
(19540) DBB: write data from dla (00000000 00000000...)
(19540) DBB: write, last tick
(19546) DBB: write request from dla, addr 80100740 id 0
(19546) DBB: write data from dla (00000000 00000000...)
(19546) DBB: write, last tick
(19552) DBB: write request from dla, addr 80100740 id 0
(19552) DBB: write data from dla (00000000 00000000...)
(19552) DBB: write, last tick
(19558) DBB: write request from dla, addr 80100740 id 0
(19558) DBB: write data from dla (00000000 00000000...)
(19558) DBB: write, last tick
(19564) DBB: write request from dla, addr 80100740 id 0
(19564) DBB: write data from dla (00000000 00000000...)
(19564) DBB: write, last tick
(19570) DBB: write request from dla, addr 80100740 id 0
(19570) DBB: write data from dla (00000000 00000000...)
(19570) DBB: write, last tick
(19576) DBB: write request from dla, addr 80100740 id 0
(19576) DBB: write data from dla (00000000 00000000...)
(19576) DBB: write, last tick
(19582) DBB: write request from dla, addr 80100740 id 0
(19582) DBB: write data from dla (00000000 00000000...)
(19582) DBB: write, last tick
(19588) DBB: write request from dla, addr 80100740 id 0
(19588) DBB: write data from dla (00000000 00000000...)
(19588) DBB: write, last tick
(19594) DBB: write request from dla, addr 80100740 id 0
(19594) DBB: write data from dla (00000000 00000000...)
(19594) DBB: write, last tick
(19600) DBB: write request from dla, addr 80100740 id 0
(19600) DBB: write data from dla (00000000 00000000...)
(19600) DBB: write, last tick
(19606) DBB: write request from dla, addr 80100740 id 0
(19606) DBB: write data from dla (00000000 00000000...)
(19606) DBB: write, last tick
(19612) DBB: write request from dla, addr 80100740 id 0
(19612) DBB: write data from dla (00000000 00000000...)
(19612) DBB: write, last tick
(19618) DBB: write request from dla, addr 80100740 id 0
(19618) DBB: write data from dla (00000000 00000000...)
(19618) DBB: write, last tick
(19624) DBB: write request from dla, addr 80100740 id 0
(19624) DBB: write data from dla (00000000 00000000...)
(19624) DBB: write, last tick
(19630) DBB: write request from dla, addr 80100740 id 0
(19630) DBB: write data from dla (00000000 00000000...)
(19630) DBB: write, last tick
(19636) DBB: write request from dla, addr 80100740 id 0
(19636) DBB: write data from dla (00000000 00000000...)
(19636) DBB: write, last tick
(19642) DBB: write request from dla, addr 80100740 id 0
(19642) DBB: write data from dla (00000000 00000000...)
(19642) DBB: write, last tick
(19648) DBB: write request from dla, addr 80100740 id 0
(19648) DBB: write data from dla (00000000 00000000...)
(19648) DBB: write, last tick
(19654) DBB: write request from dla, addr 80100740 id 0
(19654) DBB: write data from dla (00000000 00000000...)
(19654) DBB: write, last tick
(19660) DBB: write request from dla, addr 80100740 id 0
(19660) DBB: write data from dla (00000000 00000000...)
(19660) DBB: write, last tick
(19666) DBB: write request from dla, addr 80100740 id 0
(19666) DBB: write data from dla (00000000 00000000...)
(19666) DBB: write, last tick
(19672) DBB: write request from dla, addr 80100740 id 0
(19672) DBB: write data from dla (00000000 00000000...)
(19672) DBB: write, last tick
(19678) DBB: write request from dla, addr 80100740 id 0
(19678) DBB: write data from dla (00000000 00000000...)
(19678) DBB: write, last tick
(19684) DBB: write request from dla, addr 80100740 id 0
(19684) DBB: write data from dla (00000000 00000000...)
(19684) DBB: write, last tick
(19690) DBB: write request from dla, addr 80100740 id 0
(19690) DBB: write data from dla (00000000 00000000...)
(19690) DBB: write, last tick
(19696) DBB: write request from dla, addr 80100740 id 0
(19696) DBB: write data from dla (00000000 00000000...)
(19696) DBB: write, last tick
(19702) DBB: write request from dla, addr 80100740 id 0
(19702) DBB: write data from dla (00000000 00000000...)
(19702) DBB: write, last tick
(19708) DBB: write request from dla, addr 80100740 id 0
(19708) DBB: write data from dla (00000000 00000000...)
(19708) DBB: write, last tick
(19714) DBB: write request from dla, addr 80100740 id 0
(19714) DBB: write data from dla (00000000 00000000...)
(19714) DBB: write, last tick
(19720) DBB: write request from dla, addr 80100740 id 0
(19720) DBB: write data from dla (00000000 00000000...)
(19720) DBB: write, last tick
(19726) DBB: write request from dla, addr 80100740 id 0
(19726) DBB: write data from dla (00000000 00000000...)
(19726) DBB: write, last tick
(19732) DBB: write request from dla, addr 80100740 id 0
(19732) DBB: write data from dla (00000000 00000000...)
(19732) DBB: write, last tick
(19738) DBB: write request from dla, addr 80100740 id 0
(19738) DBB: write data from dla (00000000 00000000...)
(19738) DBB: write, last tick
(19744) DBB: write request from dla, addr 80100740 id 0
(19744) DBB: write data from dla (00000000 00000000...)
(19744) DBB: write, last tick
(19750) DBB: write request from dla, addr 80100740 id 0
(19750) DBB: write data from dla (00000000 00000000...)
(19750) DBB: write, last tick
(19756) DBB: write request from dla, addr 80100740 id 0
(19756) DBB: write data from dla (00000000 00000000...)
(19756) DBB: write, last tick
(19762) DBB: write request from dla, addr 80100740 id 0
(19762) DBB: write data from dla (00000000 00000000...)
(19762) DBB: write, last tick
(19768) DBB: write request from dla, addr 80100740 id 0
(19768) DBB: write data from dla (00000000 00000000...)
(19768) DBB: write, last tick
(19774) DBB: write request from dla, addr 80100740 id 0
(19774) DBB: write data from dla (00000000 00000000...)
(19774) DBB: write, last tick
(19780) DBB: write request from dla, addr 80100740 id 0
(19780) DBB: write data from dla (00000000 00000000...)
(19780) DBB: write, last tick
(19786) DBB: write request from dla, addr 80100740 id 0
(19786) DBB: write data from dla (00000000 00000000...)
(19786) DBB: write, last tick
(19792) DBB: write request from dla, addr 80100780 id 0
(19792) DBB: write data from dla (00000052 00000000...)
(19792) DBB: write, last tick
(19798) DBB: write request from dla, addr 80100780 id 0
(19798) DBB: write data from dla (00003000 00000000...)
(19798) DBB: write, last tick
(19804) DBB: write request from dla, addr 80100780 id 0
(19804) DBB: write data from dla (00520000 00000000...)
(19804) DBB: write, last tick
(19810) DBB: write request from dla, addr 80100780 id 0
(19810) DBB: write data from dla (31000000 00000000...)
(19810) DBB: write, last tick
(19816) DBB: write request from dla, addr 80100780 id 0
(19816) DBB: write data from dla (00000000 00000052...)
(19816) DBB: write, last tick
(19822) DBB: write request from dla, addr 80100780 id 0
(19822) DBB: write data from dla (00000000 00003200...)
(19822) DBB: write, last tick
(19828) DBB: write request from dla, addr 80100780 id 0
(19828) DBB: write data from dla (00000000 00520000...)
(19828) DBB: write, last tick
(19834) DBB: write request from dla, addr 80100780 id 0
(19834) DBB: write data from dla (00000000 33000000...)
(19834) DBB: write, last tick
(19840) DBB: write request from dla, addr 80100780 id 0
(19840) DBB: write data from dla (00000000 00000000...)
(19840) DBB: write, last tick
(19846) DBB: write request from dla, addr 80100780 id 0
(19846) DBB: write data from dla (00000000 00000000...)
(19846) DBB: write, last tick
(19852) DBB: write request from dla, addr 80100780 id 0
(19852) DBB: write data from dla (00000000 00000000...)
(19852) DBB: write, last tick
(19858) DBB: write request from dla, addr 80100780 id 0
(19858) DBB: write data from dla (00000000 00000000...)
(19858) DBB: write, last tick
(19864) DBB: write request from dla, addr 80100780 id 0
(19864) DBB: write data from dla (00000000 00000000...)
(19864) DBB: write, last tick
(19870) DBB: write request from dla, addr 80100780 id 0
(19870) DBB: write data from dla (00000000 00000000...)
(19870) DBB: write, last tick
(19876) DBB: write request from dla, addr 80100780 id 0
(19876) DBB: write data from dla (00000000 00000000...)
(19876) DBB: write, last tick
(19882) DBB: write request from dla, addr 80100780 id 0
(19882) DBB: write data from dla (00000000 00000000...)
(19882) DBB: write, last tick
(19888) DBB: write request from dla, addr 80100780 id 0
(19888) DBB: write data from dla (00000000 00000000...)
(19888) DBB: write, last tick
(19894) DBB: write request from dla, addr 80100780 id 0
(19894) DBB: write data from dla (00000000 00000000...)
(19894) DBB: write, last tick
(19900) DBB: write request from dla, addr 80100780 id 0
(19900) DBB: write data from dla (00000000 00000000...)
(19900) DBB: write, last tick
(19906) DBB: write request from dla, addr 80100780 id 0
(19906) DBB: write data from dla (00000000 00000000...)
(19906) DBB: write, last tick
(19912) DBB: write request from dla, addr 80100780 id 0
(19912) DBB: write data from dla (00000000 00000000...)
(19912) DBB: write, last tick
(19918) DBB: write request from dla, addr 80100780 id 0
(19918) DBB: write data from dla (00000000 00000000...)
(19918) DBB: write, last tick
(19924) DBB: write request from dla, addr 80100780 id 0
(19924) DBB: write data from dla (00000000 00000000...)
(19924) DBB: write, last tick
(19930) DBB: write request from dla, addr 80100780 id 0
(19930) DBB: write data from dla (00000000 00000000...)
(19930) DBB: write, last tick
(19936) DBB: write request from dla, addr 80100780 id 0
(19936) DBB: write data from dla (00000000 00000000...)
(19936) DBB: write, last tick
(19942) DBB: write request from dla, addr 80100780 id 0
(19942) DBB: write data from dla (00000000 00000000...)
(19942) DBB: write, last tick
(19948) DBB: write request from dla, addr 80100780 id 0
(19948) DBB: write data from dla (00000000 00000000...)
(19948) DBB: write, last tick
(19954) DBB: write request from dla, addr 80100780 id 0
(19954) DBB: write data from dla (00000000 00000000...)
(19954) DBB: write, last tick
(19960) DBB: write request from dla, addr 80100780 id 0
(19960) DBB: write data from dla (00000000 00000000...)
(19960) DBB: write, last tick
(19966) DBB: write request from dla, addr 80100780 id 0
(19966) DBB: write data from dla (00000000 00000000...)
(19966) DBB: write, last tick
(19972) DBB: write request from dla, addr 80100780 id 0
(19972) DBB: write data from dla (00000000 00000000...)
(19972) DBB: write, last tick
(19978) DBB: write request from dla, addr 80100780 id 0
(19978) DBB: write data from dla (00000000 00000000...)
(19978) DBB: write, last tick
(19984) DBB: write request from dla, addr 80100780 id 0
(19984) DBB: write data from dla (00000000 00000000...)
(19984) DBB: write, last tick
(19990) DBB: write request from dla, addr 80100780 id 0
(19990) DBB: write data from dla (00000000 00000000...)
(19990) DBB: write, last tick
(19996) DBB: write request from dla, addr 80100780 id 0
(19996) DBB: write data from dla (00000000 00000000...)
(19996) DBB: write, last tick
(20002) DBB: write request from dla, addr 80100780 id 0
(20002) DBB: write data from dla (00000000 00000000...)
(20002) DBB: write, last tick
(20008) DBB: write request from dla, addr 80100780 id 0
(20008) DBB: write data from dla (00000000 00000000...)
(20008) DBB: write, last tick
(20014) DBB: write request from dla, addr 80100780 id 0
(20014) DBB: write data from dla (00000000 00000000...)
(20014) DBB: write, last tick
(20020) DBB: write request from dla, addr 80100780 id 0
(20020) DBB: write data from dla (00000000 00000000...)
(20020) DBB: write, last tick
(20026) DBB: write request from dla, addr 80100780 id 0
(20026) DBB: write data from dla (00000000 00000000...)
(20026) DBB: write, last tick
(20032) DBB: write request from dla, addr 80100780 id 0
(20032) DBB: write data from dla (00000000 00000000...)
(20032) DBB: write, last tick
(20038) DBB: write request from dla, addr 80100780 id 0
(20038) DBB: write data from dla (00000000 00000000...)
(20038) DBB: write, last tick
(20044) DBB: write request from dla, addr 80100780 id 0
(20044) DBB: write data from dla (00000000 00000000...)
(20044) DBB: write, last tick
(20050) DBB: write request from dla, addr 80100780 id 0
(20050) DBB: write data from dla (00000000 00000000...)
(20050) DBB: write, last tick
(20056) DBB: write request from dla, addr 80100780 id 0
(20056) DBB: write data from dla (00000000 00000000...)
(20056) DBB: write, last tick
(20062) DBB: write request from dla, addr 80100780 id 0
(20062) DBB: write data from dla (00000000 00000000...)
(20062) DBB: write, last tick
(20068) DBB: write request from dla, addr 80100780 id 0
(20068) DBB: write data from dla (00000000 00000000...)
(20068) DBB: write, last tick
(20074) DBB: write request from dla, addr 80100780 id 0
(20074) DBB: write data from dla (00000000 00000000...)
(20074) DBB: write, last tick
(20080) DBB: write request from dla, addr 80100780 id 0
(20080) DBB: write data from dla (00000000 00000000...)
(20080) DBB: write, last tick
(20086) DBB: write request from dla, addr 80100780 id 0
(20086) DBB: write data from dla (00000000 00000000...)
(20086) DBB: write, last tick
(20092) DBB: write request from dla, addr 80100780 id 0
(20092) DBB: write data from dla (00000000 00000000...)
(20092) DBB: write, last tick
(20098) DBB: write request from dla, addr 80100780 id 0
(20098) DBB: write data from dla (00000000 00000000...)
(20098) DBB: write, last tick
(20104) DBB: write request from dla, addr 80100780 id 0
(20104) DBB: write data from dla (00000000 00000000...)
(20104) DBB: write, last tick
(20110) DBB: write request from dla, addr 80100780 id 0
(20110) DBB: write data from dla (00000000 00000000...)
(20110) DBB: write, last tick
(20116) DBB: write request from dla, addr 80100780 id 0
(20116) DBB: write data from dla (00000000 00000000...)
(20116) DBB: write, last tick
(20122) DBB: write request from dla, addr 80100780 id 0
(20122) DBB: write data from dla (00000000 00000000...)
(20122) DBB: write, last tick
(20128) DBB: write request from dla, addr 80100780 id 0
(20128) DBB: write data from dla (00000000 00000000...)
(20128) DBB: write, last tick
(20134) DBB: write request from dla, addr 80100780 id 0
(20134) DBB: write data from dla (00000000 00000000...)
(20134) DBB: write, last tick
(20140) DBB: write request from dla, addr 80100780 id 0
(20140) DBB: write data from dla (00000000 00000000...)
(20140) DBB: write, last tick
(20146) DBB: write request from dla, addr 80100780 id 0
(20146) DBB: write data from dla (00000000 00000000...)
(20146) DBB: write, last tick
(20152) DBB: write request from dla, addr 80100780 id 0
(20152) DBB: write data from dla (00000000 00000000...)
(20152) DBB: write, last tick
(20158) DBB: write request from dla, addr 80100780 id 0
(20158) DBB: write data from dla (00000000 00000000...)
(20158) DBB: write, last tick
(20164) DBB: write request from dla, addr 80100780 id 0
(20164) DBB: write data from dla (00000000 00000000...)
(20164) DBB: write, last tick
(20170) DBB: write request from dla, addr 80100780 id 0
(20170) DBB: write data from dla (00000000 00000000...)
(20170) DBB: write, last tick
(20176) DBB: write request from dla, addr 801007c0 id 0
(20176) DBB: write data from dla (00000062 00000000...)
(20176) DBB: write, last tick
(20182) DBB: write request from dla, addr 801007c0 id 0
(20182) DBB: write data from dla (00003000 00000000...)
(20182) DBB: write, last tick
(20188) DBB: write request from dla, addr 801007c0 id 0
(20188) DBB: write data from dla (00620000 00000000...)
(20188) DBB: write, last tick
(20194) DBB: write request from dla, addr 801007c0 id 0
(20194) DBB: write data from dla (31000000 00000000...)
(20194) DBB: write, last tick
(20200) DBB: write request from dla, addr 801007c0 id 0
(20200) DBB: write data from dla (00000000 00000062...)
(20200) DBB: write, last tick
(20206) DBB: write request from dla, addr 801007c0 id 0
(20206) DBB: write data from dla (00000000 00003200...)
(20206) DBB: write, last tick
(20212) DBB: write request from dla, addr 801007c0 id 0
(20212) DBB: write data from dla (00000000 00620000...)
(20212) DBB: write, last tick
(20218) DBB: write request from dla, addr 801007c0 id 0
(20218) DBB: write data from dla (00000000 33000000...)
(20218) DBB: write, last tick
(20224) DBB: write request from dla, addr 801007c0 id 0
(20224) DBB: write data from dla (00000000 00000000...)
(20224) DBB: write, last tick
(20230) DBB: write request from dla, addr 801007c0 id 0
(20230) DBB: write data from dla (00000000 00000000...)
(20230) DBB: write, last tick
(20236) DBB: write request from dla, addr 801007c0 id 0
(20236) DBB: write data from dla (00000000 00000000...)
(20236) DBB: write, last tick
(20242) DBB: write request from dla, addr 801007c0 id 0
(20242) DBB: write data from dla (00000000 00000000...)
(20242) DBB: write, last tick
(20248) DBB: write request from dla, addr 801007c0 id 0
(20248) DBB: write data from dla (00000000 00000000...)
(20248) DBB: write, last tick
(20254) DBB: write request from dla, addr 801007c0 id 0
(20254) DBB: write data from dla (00000000 00000000...)
(20254) DBB: write, last tick
(20260) DBB: write request from dla, addr 801007c0 id 0
(20260) DBB: write data from dla (00000000 00000000...)
(20260) DBB: write, last tick
(20266) DBB: write request from dla, addr 801007c0 id 0
(20266) DBB: write data from dla (00000000 00000000...)
(20266) DBB: write, last tick
(20272) DBB: write request from dla, addr 801007c0 id 0
(20272) DBB: write data from dla (00000000 00000000...)
(20272) DBB: write, last tick
(20278) DBB: write request from dla, addr 801007c0 id 0
(20278) DBB: write data from dla (00000000 00000000...)
(20278) DBB: write, last tick
(20284) DBB: write request from dla, addr 801007c0 id 0
(20284) DBB: write data from dla (00000000 00000000...)
(20284) DBB: write, last tick
(20290) DBB: write request from dla, addr 801007c0 id 0
(20290) DBB: write data from dla (00000000 00000000...)
(20290) DBB: write, last tick
(20296) DBB: write request from dla, addr 801007c0 id 0
(20296) DBB: write data from dla (00000000 00000000...)
(20296) DBB: write, last tick
(20302) DBB: write request from dla, addr 801007c0 id 0
(20302) DBB: write data from dla (00000000 00000000...)
(20302) DBB: write, last tick
(20308) DBB: write request from dla, addr 801007c0 id 0
(20308) DBB: write data from dla (00000000 00000000...)
(20308) DBB: write, last tick
(20314) DBB: write request from dla, addr 801007c0 id 0
(20314) DBB: write data from dla (00000000 00000000...)
(20314) DBB: write, last tick
(20320) DBB: write request from dla, addr 801007c0 id 0
(20320) DBB: write data from dla (00000000 00000000...)
(20320) DBB: write, last tick
(20326) DBB: write request from dla, addr 801007c0 id 0
(20326) DBB: write data from dla (00000000 00000000...)
(20326) DBB: write, last tick
(20332) DBB: write request from dla, addr 801007c0 id 0
(20332) DBB: write data from dla (00000000 00000000...)
(20332) DBB: write, last tick
(20338) DBB: write request from dla, addr 801007c0 id 0
(20338) DBB: write data from dla (00000000 00000000...)
(20338) DBB: write, last tick
(20344) DBB: write request from dla, addr 801007c0 id 0
(20344) DBB: write data from dla (00000000 00000000...)
(20344) DBB: write, last tick
(20350) DBB: write request from dla, addr 801007c0 id 0
(20350) DBB: write data from dla (00000000 00000000...)
(20350) DBB: write, last tick
(20356) DBB: write request from dla, addr 801007c0 id 0
(20356) DBB: write data from dla (00000000 00000000...)
(20356) DBB: write, last tick
(20362) DBB: write request from dla, addr 801007c0 id 0
(20362) DBB: write data from dla (00000000 00000000...)
(20362) DBB: write, last tick
(20368) DBB: write request from dla, addr 801007c0 id 0
(20368) DBB: write data from dla (00000000 00000000...)
(20368) DBB: write, last tick
(20374) DBB: write request from dla, addr 801007c0 id 0
(20374) DBB: write data from dla (00000000 00000000...)
(20374) DBB: write, last tick
(20380) DBB: write request from dla, addr 801007c0 id 0
(20380) DBB: write data from dla (00000000 00000000...)
(20380) DBB: write, last tick
(20386) DBB: write request from dla, addr 801007c0 id 0
(20386) DBB: write data from dla (00000000 00000000...)
(20386) DBB: write, last tick
(20392) DBB: write request from dla, addr 801007c0 id 0
(20392) DBB: write data from dla (00000000 00000000...)
(20392) DBB: write, last tick
(20398) DBB: write request from dla, addr 801007c0 id 0
(20398) DBB: write data from dla (00000000 00000000...)
(20398) DBB: write, last tick
(20404) DBB: write request from dla, addr 801007c0 id 0
(20404) DBB: write data from dla (00000000 00000000...)
(20404) DBB: write, last tick
(20410) DBB: write request from dla, addr 801007c0 id 0
(20410) DBB: write data from dla (00000000 00000000...)
(20410) DBB: write, last tick
(20416) DBB: write request from dla, addr 801007c0 id 0
(20416) DBB: write data from dla (00000000 00000000...)
(20416) DBB: write, last tick
(20422) DBB: write request from dla, addr 801007c0 id 0
(20422) DBB: write data from dla (00000000 00000000...)
(20422) DBB: write, last tick
(20428) DBB: write request from dla, addr 801007c0 id 0
(20428) DBB: write data from dla (00000000 00000000...)
(20428) DBB: write, last tick
(20434) DBB: write request from dla, addr 801007c0 id 0
(20434) DBB: write data from dla (00000000 00000000...)
(20434) DBB: write, last tick
(20440) DBB: write request from dla, addr 801007c0 id 0
(20440) DBB: write data from dla (00000000 00000000...)
(20440) DBB: write, last tick
(20446) DBB: write request from dla, addr 801007c0 id 0
(20446) DBB: write data from dla (00000000 00000000...)
(20446) DBB: write, last tick
(20452) DBB: write request from dla, addr 801007c0 id 0
(20452) DBB: write data from dla (00000000 00000000...)
(20452) DBB: write, last tick
(20458) DBB: write request from dla, addr 801007c0 id 0
(20458) DBB: write data from dla (00000000 00000000...)
(20458) DBB: write, last tick
(20464) DBB: write request from dla, addr 801007c0 id 0
(20464) DBB: write data from dla (00000000 00000000...)
(20464) DBB: write, last tick
(20470) DBB: write request from dla, addr 801007c0 id 0
(20470) DBB: write data from dla (00000000 00000000...)
(20470) DBB: write, last tick
(20476) DBB: write request from dla, addr 801007c0 id 0
(20476) DBB: write data from dla (00000000 00000000...)
(20476) DBB: write, last tick
(20482) DBB: write request from dla, addr 801007c0 id 0
(20482) DBB: write data from dla (00000000 00000000...)
(20482) DBB: write, last tick
(20488) DBB: write request from dla, addr 801007c0 id 0
(20488) DBB: write data from dla (00000000 00000000...)
(20488) DBB: write, last tick
(20494) DBB: write request from dla, addr 801007c0 id 0
(20494) DBB: write data from dla (00000000 00000000...)
(20494) DBB: write, last tick
(20500) DBB: write request from dla, addr 801007c0 id 0
(20500) DBB: write data from dla (00000000 00000000...)
(20500) DBB: write, last tick
(20506) DBB: write request from dla, addr 801007c0 id 0
(20506) DBB: write data from dla (00000000 00000000...)
(20506) DBB: write, last tick
(20512) DBB: write request from dla, addr 801007c0 id 0
(20512) DBB: write data from dla (00000000 00000000...)
(20512) DBB: write, last tick
(20518) DBB: write request from dla, addr 801007c0 id 0
(20518) DBB: write data from dla (00000000 00000000...)
(20518) DBB: write, last tick
(20524) DBB: write request from dla, addr 801007c0 id 0
(20524) DBB: write data from dla (00000000 00000000...)
(20524) DBB: write, last tick
(20530) DBB: write request from dla, addr 801007c0 id 0
(20530) DBB: write data from dla (00000000 00000000...)
(20530) DBB: write, last tick
(20536) DBB: write request from dla, addr 801007c0 id 0
(20536) DBB: write data from dla (00000000 00000000...)
(20536) DBB: write, last tick
(20542) DBB: write request from dla, addr 801007c0 id 0
(20542) DBB: write data from dla (00000000 00000000...)
(20542) DBB: write, last tick
(20548) DBB: write request from dla, addr 801007c0 id 0
(20548) DBB: write data from dla (00000000 00000000...)
(20548) DBB: write, last tick
(20554) DBB: write request from dla, addr 801007c0 id 0
(20554) DBB: write data from dla (00000000 00000000...)
(20554) DBB: write, last tick
(20560) DBB: write request from dla, addr 80100800 id 0
(20560) DBB: write data from dla (00000023 00000000...)
(20560) DBB: write, last tick
(20566) DBB: write request from dla, addr 80100800 id 0
(20566) DBB: write data from dla (00003000 00000000...)
(20566) DBB: write, last tick
(20572) DBB: write request from dla, addr 80100800 id 0
(20572) DBB: write data from dla (00230000 00000000...)
(20572) DBB: write, last tick
(20578) DBB: write request from dla, addr 80100800 id 0
(20578) DBB: write data from dla (31000000 00000000...)
(20578) DBB: write, last tick
(20584) DBB: write request from dla, addr 80100800 id 0
(20584) DBB: write data from dla (00000000 00000023...)
(20584) DBB: write, last tick
(20590) DBB: write request from dla, addr 80100800 id 0
(20590) DBB: write data from dla (00000000 00003200...)
(20590) DBB: write, last tick
(20596) DBB: write request from dla, addr 80100800 id 0
(20596) DBB: write data from dla (00000000 00230000...)
(20596) DBB: write, last tick
(20602) DBB: write request from dla, addr 80100800 id 0
(20602) DBB: write data from dla (00000000 33000000...)
(20602) DBB: write, last tick
(20608) DBB: write request from dla, addr 80100800 id 0
(20608) DBB: write data from dla (00000000 00000000...)
(20608) DBB: write, last tick
(20614) DBB: write request from dla, addr 80100800 id 0
(20614) DBB: write data from dla (00000000 00000000...)
(20614) DBB: write, last tick
(20620) DBB: write request from dla, addr 80100800 id 0
(20620) DBB: write data from dla (00000000 00000000...)
(20620) DBB: write, last tick
(20626) DBB: write request from dla, addr 80100800 id 0
(20626) DBB: write data from dla (00000000 00000000...)
(20626) DBB: write, last tick
(20632) DBB: write request from dla, addr 80100800 id 0
(20632) DBB: write data from dla (00000000 00000000...)
(20632) DBB: write, last tick
(20638) DBB: write request from dla, addr 80100800 id 0
(20638) DBB: write data from dla (00000000 00000000...)
(20638) DBB: write, last tick
(20644) DBB: write request from dla, addr 80100800 id 0
(20644) DBB: write data from dla (00000000 00000000...)
(20644) DBB: write, last tick
(20650) DBB: write request from dla, addr 80100800 id 0
(20650) DBB: write data from dla (00000000 00000000...)
(20650) DBB: write, last tick
(20656) DBB: write request from dla, addr 80100800 id 0
(20656) DBB: write data from dla (00000000 00000000...)
(20656) DBB: write, last tick
(20662) DBB: write request from dla, addr 80100800 id 0
(20662) DBB: write data from dla (00000000 00000000...)
(20662) DBB: write, last tick
(20668) DBB: write request from dla, addr 80100800 id 0
(20668) DBB: write data from dla (00000000 00000000...)
(20668) DBB: write, last tick
(20674) DBB: write request from dla, addr 80100800 id 0
(20674) DBB: write data from dla (00000000 00000000...)
(20674) DBB: write, last tick
(20680) DBB: write request from dla, addr 80100800 id 0
(20680) DBB: write data from dla (00000000 00000000...)
(20680) DBB: write, last tick
(20686) DBB: write request from dla, addr 80100800 id 0
(20686) DBB: write data from dla (00000000 00000000...)
(20686) DBB: write, last tick
(20692) DBB: write request from dla, addr 80100800 id 0
(20692) DBB: write data from dla (00000000 00000000...)
(20692) DBB: write, last tick
(20698) DBB: write request from dla, addr 80100800 id 0
(20698) DBB: write data from dla (00000000 00000000...)
(20698) DBB: write, last tick
(20704) DBB: write request from dla, addr 80100800 id 0
(20704) DBB: write data from dla (00000000 00000000...)
(20704) DBB: write, last tick
(20710) DBB: write request from dla, addr 80100800 id 0
(20710) DBB: write data from dla (00000000 00000000...)
(20710) DBB: write, last tick
(20716) DBB: write request from dla, addr 80100800 id 0
(20716) DBB: write data from dla (00000000 00000000...)
(20716) DBB: write, last tick
(20722) DBB: write request from dla, addr 80100800 id 0
(20722) DBB: write data from dla (00000000 00000000...)
(20722) DBB: write, last tick
(20728) DBB: write request from dla, addr 80100800 id 0
(20728) DBB: write data from dla (00000000 00000000...)
(20728) DBB: write, last tick
(20734) DBB: write request from dla, addr 80100800 id 0
(20734) DBB: write data from dla (00000000 00000000...)
(20734) DBB: write, last tick
(20740) DBB: write request from dla, addr 80100800 id 0
(20740) DBB: write data from dla (00000000 00000000...)
(20740) DBB: write, last tick
(20746) DBB: write request from dla, addr 80100800 id 0
(20746) DBB: write data from dla (00000000 00000000...)
(20746) DBB: write, last tick
(20752) DBB: write request from dla, addr 80100800 id 0
(20752) DBB: write data from dla (00000000 00000000...)
(20752) DBB: write, last tick
(20758) DBB: write request from dla, addr 80100800 id 0
(20758) DBB: write data from dla (00000000 00000000...)
(20758) DBB: write, last tick
(20764) DBB: write request from dla, addr 80100800 id 0
(20764) DBB: write data from dla (00000000 00000000...)
(20764) DBB: write, last tick
(20770) DBB: write request from dla, addr 80100800 id 0
(20770) DBB: write data from dla (00000000 00000000...)
(20770) DBB: write, last tick
(20776) DBB: write request from dla, addr 80100800 id 0
(20776) DBB: write data from dla (00000000 00000000...)
(20776) DBB: write, last tick
(20782) DBB: write request from dla, addr 80100800 id 0
(20782) DBB: write data from dla (00000000 00000000...)
(20782) DBB: write, last tick
(20788) DBB: write request from dla, addr 80100800 id 0
(20788) DBB: write data from dla (00000000 00000000...)
(20788) DBB: write, last tick
(20794) DBB: write request from dla, addr 80100800 id 0
(20794) DBB: write data from dla (00000000 00000000...)
(20794) DBB: write, last tick
(20800) DBB: write request from dla, addr 80100800 id 0
(20800) DBB: write data from dla (00000000 00000000...)
(20800) DBB: write, last tick
(20806) DBB: write request from dla, addr 80100800 id 0
(20806) DBB: write data from dla (00000000 00000000...)
(20806) DBB: write, last tick
(20812) DBB: write request from dla, addr 80100800 id 0
(20812) DBB: write data from dla (00000000 00000000...)
(20812) DBB: write, last tick
(20818) DBB: write request from dla, addr 80100800 id 0
(20818) DBB: write data from dla (00000000 00000000...)
(20818) DBB: write, last tick
(20824) DBB: write request from dla, addr 80100800 id 0
(20824) DBB: write data from dla (00000000 00000000...)
(20824) DBB: write, last tick
(20830) DBB: write request from dla, addr 80100800 id 0
(20830) DBB: write data from dla (00000000 00000000...)
(20830) DBB: write, last tick
(20836) DBB: write request from dla, addr 80100800 id 0
(20836) DBB: write data from dla (00000000 00000000...)
(20836) DBB: write, last tick
(20842) DBB: write request from dla, addr 80100800 id 0
(20842) DBB: write data from dla (00000000 00000000...)
(20842) DBB: write, last tick
(20848) DBB: write request from dla, addr 80100800 id 0
(20848) DBB: write data from dla (00000000 00000000...)
(20848) DBB: write, last tick
(20854) DBB: write request from dla, addr 80100800 id 0
(20854) DBB: write data from dla (00000000 00000000...)
(20854) DBB: write, last tick
(20860) DBB: write request from dla, addr 80100800 id 0
(20860) DBB: write data from dla (00000000 00000000...)
(20860) DBB: write, last tick
(20866) DBB: write request from dla, addr 80100800 id 0
(20866) DBB: write data from dla (00000000 00000000...)
(20866) DBB: write, last tick
(20872) DBB: write request from dla, addr 80100800 id 0
(20872) DBB: write data from dla (00000000 00000000...)
(20872) DBB: write, last tick
(20878) DBB: write request from dla, addr 80100800 id 0
(20878) DBB: write data from dla (00000000 00000000...)
(20878) DBB: write, last tick
(20884) DBB: write request from dla, addr 80100800 id 0
(20884) DBB: write data from dla (00000000 00000000...)
(20884) DBB: write, last tick
(20890) DBB: write request from dla, addr 80100800 id 0
(20890) DBB: write data from dla (00000000 00000000...)
(20890) DBB: write, last tick
(20896) DBB: write request from dla, addr 80100800 id 0
(20896) DBB: write data from dla (00000000 00000000...)
(20896) DBB: write, last tick
(20902) DBB: write request from dla, addr 80100800 id 0
(20902) DBB: write data from dla (00000000 00000000...)
(20902) DBB: write, last tick
(20908) DBB: write request from dla, addr 80100800 id 0
(20908) DBB: write data from dla (00000000 00000000...)
(20908) DBB: write, last tick
(20914) DBB: write request from dla, addr 80100800 id 0
(20914) DBB: write data from dla (00000000 00000000...)
(20914) DBB: write, last tick
(20920) DBB: write request from dla, addr 80100800 id 0
(20920) DBB: write data from dla (00000000 00000000...)
(20920) DBB: write, last tick
(20926) DBB: write request from dla, addr 80100800 id 0
(20926) DBB: write data from dla (00000000 00000000...)
(20926) DBB: write, last tick
(20932) DBB: write request from dla, addr 80100800 id 0
(20932) DBB: write data from dla (00000000 00000000...)
(20932) DBB: write, last tick
(20938) DBB: write request from dla, addr 80100800 id 0
(20938) DBB: write data from dla (00000000 00000000...)
(20938) DBB: write, last tick
(20944) DBB: write request from dla, addr 80100840 id 0
(20944) DBB: write data from dla (00000043 00000000...)
(20944) DBB: write, last tick
(20950) DBB: write request from dla, addr 80100840 id 0
(20950) DBB: write data from dla (00003000 00000000...)
(20950) DBB: write, last tick
(20956) DBB: write request from dla, addr 80100840 id 0
(20956) DBB: write data from dla (00430000 00000000...)
(20956) DBB: write, last tick
(20962) DBB: write request from dla, addr 80100840 id 0
(20962) DBB: write data from dla (31000000 00000000...)
(20962) DBB: write, last tick
(20968) DBB: write request from dla, addr 80100840 id 0
(20968) DBB: write data from dla (00000000 00000043...)
(20968) DBB: write, last tick
(20974) DBB: write request from dla, addr 80100840 id 0
(20974) DBB: write data from dla (00000000 00003200...)
(20974) DBB: write, last tick
(20980) DBB: write request from dla, addr 80100840 id 0
(20980) DBB: write data from dla (00000000 00430000...)
(20980) DBB: write, last tick
(20986) DBB: write request from dla, addr 80100840 id 0
(20986) DBB: write data from dla (00000000 33000000...)
(20986) DBB: write, last tick
(20992) DBB: write request from dla, addr 80100840 id 0
(20992) DBB: write data from dla (00000000 00000000...)
(20992) DBB: write, last tick
(20998) DBB: write request from dla, addr 80100840 id 0
(20998) DBB: write data from dla (00000000 00000000...)
(20998) DBB: write, last tick
(21004) DBB: write request from dla, addr 80100840 id 0
(21004) DBB: write data from dla (00000000 00000000...)
(21004) DBB: write, last tick
(21010) DBB: write request from dla, addr 80100840 id 0
(21010) DBB: write data from dla (00000000 00000000...)
(21010) DBB: write, last tick
(21016) DBB: write request from dla, addr 80100840 id 0
(21016) DBB: write data from dla (00000000 00000000...)
(21016) DBB: write, last tick
(21022) DBB: write request from dla, addr 80100840 id 0
(21022) DBB: write data from dla (00000000 00000000...)
(21022) DBB: write, last tick
(21028) DBB: write request from dla, addr 80100840 id 0
(21028) DBB: write data from dla (00000000 00000000...)
(21028) DBB: write, last tick
(21034) DBB: write request from dla, addr 80100840 id 0
(21034) DBB: write data from dla (00000000 00000000...)
(21034) DBB: write, last tick
(21040) DBB: write request from dla, addr 80100840 id 0
(21040) DBB: write data from dla (00000000 00000000...)
(21040) DBB: write, last tick
(21046) DBB: write request from dla, addr 80100840 id 0
(21046) DBB: write data from dla (00000000 00000000...)
(21046) DBB: write, last tick
(21052) DBB: write request from dla, addr 80100840 id 0
(21052) DBB: write data from dla (00000000 00000000...)
(21052) DBB: write, last tick
(21058) DBB: write request from dla, addr 80100840 id 0
(21058) DBB: write data from dla (00000000 00000000...)
(21058) DBB: write, last tick
(21064) DBB: write request from dla, addr 80100840 id 0
(21064) DBB: write data from dla (00000000 00000000...)
(21064) DBB: write, last tick
(21070) DBB: write request from dla, addr 80100840 id 0
(21070) DBB: write data from dla (00000000 00000000...)
(21070) DBB: write, last tick
(21076) DBB: write request from dla, addr 80100840 id 0
(21076) DBB: write data from dla (00000000 00000000...)
(21076) DBB: write, last tick
(21082) DBB: write request from dla, addr 80100840 id 0
(21082) DBB: write data from dla (00000000 00000000...)
(21082) DBB: write, last tick
(21088) DBB: write request from dla, addr 80100840 id 0
(21088) DBB: write data from dla (00000000 00000000...)
(21088) DBB: write, last tick
(21094) DBB: write request from dla, addr 80100840 id 0
(21094) DBB: write data from dla (00000000 00000000...)
(21094) DBB: write, last tick
(21100) DBB: write request from dla, addr 80100840 id 0
(21100) DBB: write data from dla (00000000 00000000...)
(21100) DBB: write, last tick
(21106) DBB: write request from dla, addr 80100840 id 0
(21106) DBB: write data from dla (00000000 00000000...)
(21106) DBB: write, last tick
(21112) DBB: write request from dla, addr 80100840 id 0
(21112) DBB: write data from dla (00000000 00000000...)
(21112) DBB: write, last tick
(21118) DBB: write request from dla, addr 80100840 id 0
(21118) DBB: write data from dla (00000000 00000000...)
(21118) DBB: write, last tick
(21124) DBB: write request from dla, addr 80100840 id 0
(21124) DBB: write data from dla (00000000 00000000...)
(21124) DBB: write, last tick
(21130) DBB: write request from dla, addr 80100840 id 0
(21130) DBB: write data from dla (00000000 00000000...)
(21130) DBB: write, last tick
(21136) DBB: write request from dla, addr 80100840 id 0
(21136) DBB: write data from dla (00000000 00000000...)
(21136) DBB: write, last tick
(21142) DBB: write request from dla, addr 80100840 id 0
(21142) DBB: write data from dla (00000000 00000000...)
(21142) DBB: write, last tick
(21148) DBB: write request from dla, addr 80100840 id 0
(21148) DBB: write data from dla (00000000 00000000...)
(21148) DBB: write, last tick
(21154) DBB: write request from dla, addr 80100840 id 0
(21154) DBB: write data from dla (00000000 00000000...)
(21154) DBB: write, last tick
(21160) DBB: write request from dla, addr 80100840 id 0
(21160) DBB: write data from dla (00000000 00000000...)
(21160) DBB: write, last tick
(21166) DBB: write request from dla, addr 80100840 id 0
(21166) DBB: write data from dla (00000000 00000000...)
(21166) DBB: write, last tick
(21172) DBB: write request from dla, addr 80100840 id 0
(21172) DBB: write data from dla (00000000 00000000...)
(21172) DBB: write, last tick
(21178) DBB: write request from dla, addr 80100840 id 0
(21178) DBB: write data from dla (00000000 00000000...)
(21178) DBB: write, last tick
(21184) DBB: write request from dla, addr 80100840 id 0
(21184) DBB: write data from dla (00000000 00000000...)
(21184) DBB: write, last tick
(21190) DBB: write request from dla, addr 80100840 id 0
(21190) DBB: write data from dla (00000000 00000000...)
(21190) DBB: write, last tick
(21196) DBB: write request from dla, addr 80100840 id 0
(21196) DBB: write data from dla (00000000 00000000...)
(21196) DBB: write, last tick
(21202) DBB: write request from dla, addr 80100840 id 0
(21202) DBB: write data from dla (00000000 00000000...)
(21202) DBB: write, last tick
(21208) DBB: write request from dla, addr 80100840 id 0
(21208) DBB: write data from dla (00000000 00000000...)
(21208) DBB: write, last tick
(21214) DBB: write request from dla, addr 80100840 id 0
(21214) DBB: write data from dla (00000000 00000000...)
(21214) DBB: write, last tick
(21220) DBB: write request from dla, addr 80100840 id 0
(21220) DBB: write data from dla (00000000 00000000...)
(21220) DBB: write, last tick
(21226) DBB: write request from dla, addr 80100840 id 0
(21226) DBB: write data from dla (00000000 00000000...)
(21226) DBB: write, last tick
(21232) DBB: write request from dla, addr 80100840 id 0
(21232) DBB: write data from dla (00000000 00000000...)
(21232) DBB: write, last tick
(21238) DBB: write request from dla, addr 80100840 id 0
(21238) DBB: write data from dla (00000000 00000000...)
(21238) DBB: write, last tick
(21244) DBB: write request from dla, addr 80100840 id 0
(21244) DBB: write data from dla (00000000 00000000...)
(21244) DBB: write, last tick
(21250) DBB: write request from dla, addr 80100840 id 0
(21250) DBB: write data from dla (00000000 00000000...)
(21250) DBB: write, last tick
(21256) DBB: write request from dla, addr 80100840 id 0
(21256) DBB: write data from dla (00000000 00000000...)
(21256) DBB: write, last tick
(21262) DBB: write request from dla, addr 80100840 id 0
(21262) DBB: write data from dla (00000000 00000000...)
(21262) DBB: write, last tick
(21268) DBB: write request from dla, addr 80100840 id 0
(21268) DBB: write data from dla (00000000 00000000...)
(21268) DBB: write, last tick
(21274) DBB: write request from dla, addr 80100840 id 0
(21274) DBB: write data from dla (00000000 00000000...)
(21274) DBB: write, last tick
(21280) DBB: write request from dla, addr 80100840 id 0
(21280) DBB: write data from dla (00000000 00000000...)
(21280) DBB: write, last tick
(21286) DBB: write request from dla, addr 80100840 id 0
(21286) DBB: write data from dla (00000000 00000000...)
(21286) DBB: write, last tick
(21292) DBB: write request from dla, addr 80100840 id 0
(21292) DBB: write data from dla (00000000 00000000...)
(21292) DBB: write, last tick
(21298) DBB: write request from dla, addr 80100840 id 0
(21298) DBB: write data from dla (00000000 00000000...)
(21298) DBB: write, last tick
(21304) DBB: write request from dla, addr 80100840 id 0
(21304) DBB: write data from dla (00000000 00000000...)
(21304) DBB: write, last tick
(21310) DBB: write request from dla, addr 80100840 id 0
(21310) DBB: write data from dla (00000000 00000000...)
(21310) DBB: write, last tick
(21316) DBB: write request from dla, addr 80100840 id 0
(21316) DBB: write data from dla (00000000 00000000...)
(21316) DBB: write, last tick
(21322) DBB: write request from dla, addr 80100840 id 0
(21322) DBB: write data from dla (00000000 00000000...)
(21322) DBB: write, last tick
(21328) DBB: write request from dla, addr 80100880 id 0
(21328) DBB: write data from dla (00000063 00000000...)
(21328) DBB: write, last tick
(21334) DBB: write request from dla, addr 80100880 id 0
(21334) DBB: write data from dla (00003000 00000000...)
(21334) DBB: write, last tick
(21340) DBB: write request from dla, addr 80100880 id 0
(21340) DBB: write data from dla (00630000 00000000...)
(21340) DBB: write, last tick
(21346) DBB: write request from dla, addr 80100880 id 0
(21346) DBB: write data from dla (31000000 00000000...)
(21346) DBB: write, last tick
(21352) DBB: write request from dla, addr 80100880 id 0
(21352) DBB: write data from dla (00000000 00000063...)
(21352) DBB: write, last tick
(21358) DBB: write request from dla, addr 80100880 id 0
(21358) DBB: write data from dla (00000000 00003200...)
(21358) DBB: write, last tick
(21364) DBB: write request from dla, addr 80100880 id 0
(21364) DBB: write data from dla (00000000 00630000...)
(21364) DBB: write, last tick
(21370) DBB: write request from dla, addr 80100880 id 0
(21370) DBB: write data from dla (00000000 33000000...)
(21370) DBB: write, last tick
(21376) DBB: write request from dla, addr 80100880 id 0
(21376) DBB: write data from dla (00000000 00000000...)
(21376) DBB: write, last tick
(21382) DBB: write request from dla, addr 80100880 id 0
(21382) DBB: write data from dla (00000000 00000000...)
(21382) DBB: write, last tick
(21388) DBB: write request from dla, addr 80100880 id 0
(21388) DBB: write data from dla (00000000 00000000...)
(21388) DBB: write, last tick
(21394) DBB: write request from dla, addr 80100880 id 0
(21394) DBB: write data from dla (00000000 00000000...)
(21394) DBB: write, last tick
(21400) DBB: write request from dla, addr 80100880 id 0
(21400) DBB: write data from dla (00000000 00000000...)
(21400) DBB: write, last tick
(21406) DBB: write request from dla, addr 80100880 id 0
(21406) DBB: write data from dla (00000000 00000000...)
(21406) DBB: write, last tick
(21412) DBB: write request from dla, addr 80100880 id 0
(21412) DBB: write data from dla (00000000 00000000...)
(21412) DBB: write, last tick
(21418) DBB: write request from dla, addr 80100880 id 0
(21418) DBB: write data from dla (00000000 00000000...)
(21418) DBB: write, last tick
(21424) DBB: write request from dla, addr 80100880 id 0
(21424) DBB: write data from dla (00000000 00000000...)
(21424) DBB: write, last tick
(21430) DBB: write request from dla, addr 80100880 id 0
(21430) DBB: write data from dla (00000000 00000000...)
(21430) DBB: write, last tick
(21436) DBB: write request from dla, addr 80100880 id 0
(21436) DBB: write data from dla (00000000 00000000...)
(21436) DBB: write, last tick
(21442) DBB: write request from dla, addr 80100880 id 0
(21442) DBB: write data from dla (00000000 00000000...)
(21442) DBB: write, last tick
(21448) DBB: write request from dla, addr 80100880 id 0
(21448) DBB: write data from dla (00000000 00000000...)
(21448) DBB: write, last tick
(21454) DBB: write request from dla, addr 80100880 id 0
(21454) DBB: write data from dla (00000000 00000000...)
(21454) DBB: write, last tick
(21460) DBB: write request from dla, addr 80100880 id 0
(21460) DBB: write data from dla (00000000 00000000...)
(21460) DBB: write, last tick
(21466) DBB: write request from dla, addr 80100880 id 0
(21466) DBB: write data from dla (00000000 00000000...)
(21466) DBB: write, last tick
(21472) DBB: write request from dla, addr 80100880 id 0
(21472) DBB: write data from dla (00000000 00000000...)
(21472) DBB: write, last tick
(21478) DBB: write request from dla, addr 80100880 id 0
(21478) DBB: write data from dla (00000000 00000000...)
(21478) DBB: write, last tick
(21484) DBB: write request from dla, addr 80100880 id 0
(21484) DBB: write data from dla (00000000 00000000...)
(21484) DBB: write, last tick
(21490) DBB: write request from dla, addr 80100880 id 0
(21490) DBB: write data from dla (00000000 00000000...)
(21490) DBB: write, last tick
(21496) DBB: write request from dla, addr 80100880 id 0
(21496) DBB: write data from dla (00000000 00000000...)
(21496) DBB: write, last tick
(21502) DBB: write request from dla, addr 80100880 id 0
(21502) DBB: write data from dla (00000000 00000000...)
(21502) DBB: write, last tick
(21508) DBB: write request from dla, addr 80100880 id 0
(21508) DBB: write data from dla (00000000 00000000...)
(21508) DBB: write, last tick
(21514) DBB: write request from dla, addr 80100880 id 0
(21514) DBB: write data from dla (00000000 00000000...)
(21514) DBB: write, last tick
(21520) DBB: write request from dla, addr 80100880 id 0
(21520) DBB: write data from dla (00000000 00000000...)
(21520) DBB: write, last tick
(21526) DBB: write request from dla, addr 80100880 id 0
(21526) DBB: write data from dla (00000000 00000000...)
(21526) DBB: write, last tick
(21532) DBB: write request from dla, addr 80100880 id 0
(21532) DBB: write data from dla (00000000 00000000...)
(21532) DBB: write, last tick
(21538) DBB: write request from dla, addr 80100880 id 0
(21538) DBB: write data from dla (00000000 00000000...)
(21538) DBB: write, last tick
(21544) DBB: write request from dla, addr 80100880 id 0
(21544) DBB: write data from dla (00000000 00000000...)
(21544) DBB: write, last tick
(21550) DBB: write request from dla, addr 80100880 id 0
(21550) DBB: write data from dla (00000000 00000000...)
(21550) DBB: write, last tick
(21556) DBB: write request from dla, addr 80100880 id 0
(21556) DBB: write data from dla (00000000 00000000...)
(21556) DBB: write, last tick
(21562) DBB: write request from dla, addr 80100880 id 0
(21562) DBB: write data from dla (00000000 00000000...)
(21562) DBB: write, last tick
(21568) DBB: write request from dla, addr 80100880 id 0
(21568) DBB: write data from dla (00000000 00000000...)
(21568) DBB: write, last tick
(21574) DBB: write request from dla, addr 80100880 id 0
(21574) DBB: write data from dla (00000000 00000000...)
(21574) DBB: write, last tick
(21580) DBB: write request from dla, addr 80100880 id 0
(21580) DBB: write data from dla (00000000 00000000...)
(21580) DBB: write, last tick
(21586) DBB: write request from dla, addr 80100880 id 0
(21586) DBB: write data from dla (00000000 00000000...)
(21586) DBB: write, last tick
(21592) DBB: write request from dla, addr 80100880 id 0
(21592) DBB: write data from dla (00000000 00000000...)
(21592) DBB: write, last tick
(21598) DBB: write request from dla, addr 80100880 id 0
(21598) DBB: write data from dla (00000000 00000000...)
(21598) DBB: write, last tick
(21604) DBB: write request from dla, addr 80100880 id 0
(21604) DBB: write data from dla (00000000 00000000...)
(21604) DBB: write, last tick
(21610) DBB: write request from dla, addr 80100880 id 0
(21610) DBB: write data from dla (00000000 00000000...)
(21610) DBB: write, last tick
(21616) DBB: write request from dla, addr 80100880 id 0
(21616) DBB: write data from dla (00000000 00000000...)
(21616) DBB: write, last tick
(21622) DBB: write request from dla, addr 80100880 id 0
(21622) DBB: write data from dla (00000000 00000000...)
(21622) DBB: write, last tick
(21628) DBB: write request from dla, addr 80100880 id 0
(21628) DBB: write data from dla (00000000 00000000...)
(21628) DBB: write, last tick
(21634) DBB: write request from dla, addr 80100880 id 0
(21634) DBB: write data from dla (00000000 00000000...)
(21634) DBB: write, last tick
(21640) DBB: write request from dla, addr 80100880 id 0
(21640) DBB: write data from dla (00000000 00000000...)
(21640) DBB: write, last tick
(21646) DBB: write request from dla, addr 80100880 id 0
(21646) DBB: write data from dla (00000000 00000000...)
(21646) DBB: write, last tick
(21652) DBB: write request from dla, addr 80100880 id 0
(21652) DBB: write data from dla (00000000 00000000...)
(21652) DBB: write, last tick
(21658) DBB: write request from dla, addr 80100880 id 0
(21658) DBB: write data from dla (00000000 00000000...)
(21658) DBB: write, last tick
(21664) DBB: write request from dla, addr 80100880 id 0
(21664) DBB: write data from dla (00000000 00000000...)
(21664) DBB: write, last tick
(21670) DBB: write request from dla, addr 80100880 id 0
(21670) DBB: write data from dla (00000000 00000000...)
(21670) DBB: write, last tick
(21676) DBB: write request from dla, addr 80100880 id 0
(21676) DBB: write data from dla (00000000 00000000...)
(21676) DBB: write, last tick
(21682) DBB: write request from dla, addr 80100880 id 0
(21682) DBB: write data from dla (00000000 00000000...)
(21682) DBB: write, last tick
(21688) DBB: write request from dla, addr 80100880 id 0
(21688) DBB: write data from dla (00000000 00000000...)
(21688) DBB: write, last tick
(21694) DBB: write request from dla, addr 80100880 id 0
(21694) DBB: write data from dla (00000000 00000000...)
(21694) DBB: write, last tick
(21700) DBB: write request from dla, addr 80100880 id 0
(21700) DBB: write data from dla (00000000 00000000...)
(21700) DBB: write, last tick
(21706) DBB: write request from dla, addr 80100880 id 0
(21706) DBB: write data from dla (00000000 00000000...)
(21706) DBB: write, last tick
(21712) DBB: write request from dla, addr 801008c0 id 0
(21712) DBB: write data from dla (00000014 00000000...)
(21712) DBB: write, last tick
(21718) DBB: write request from dla, addr 801008c0 id 0
(21718) DBB: write data from dla (00003000 00000000...)
(21718) DBB: write, last tick
(21724) DBB: write request from dla, addr 801008c0 id 0
(21724) DBB: write data from dla (00140000 00000000...)
(21724) DBB: write, last tick
(21730) DBB: write request from dla, addr 801008c0 id 0
(21730) DBB: write data from dla (31000000 00000000...)
(21730) DBB: write, last tick
(21736) DBB: write request from dla, addr 801008c0 id 0
(21736) DBB: write data from dla (00000000 00000014...)
(21736) DBB: write, last tick
(21742) DBB: write request from dla, addr 801008c0 id 0
(21742) DBB: write data from dla (00000000 00003200...)
(21742) DBB: write, last tick
(21748) DBB: write request from dla, addr 801008c0 id 0
(21748) DBB: write data from dla (00000000 00140000...)
(21748) DBB: write, last tick
(21754) DBB: write request from dla, addr 801008c0 id 0
(21754) DBB: write data from dla (00000000 33000000...)
(21754) DBB: write, last tick
(21760) DBB: write request from dla, addr 801008c0 id 0
(21760) DBB: write data from dla (00000000 00000000...)
(21760) DBB: write, last tick
(21766) DBB: write request from dla, addr 801008c0 id 0
(21766) DBB: write data from dla (00000000 00000000...)
(21766) DBB: write, last tick
(21772) DBB: write request from dla, addr 801008c0 id 0
(21772) DBB: write data from dla (00000000 00000000...)
(21772) DBB: write, last tick
(21778) DBB: write request from dla, addr 801008c0 id 0
(21778) DBB: write data from dla (00000000 00000000...)
(21778) DBB: write, last tick
(21784) DBB: write request from dla, addr 801008c0 id 0
(21784) DBB: write data from dla (00000000 00000000...)
(21784) DBB: write, last tick
(21790) DBB: write request from dla, addr 801008c0 id 0
(21790) DBB: write data from dla (00000000 00000000...)
(21790) DBB: write, last tick
(21796) DBB: write request from dla, addr 801008c0 id 0
(21796) DBB: write data from dla (00000000 00000000...)
(21796) DBB: write, last tick
(21802) DBB: write request from dla, addr 801008c0 id 0
(21802) DBB: write data from dla (00000000 00000000...)
(21802) DBB: write, last tick
(21808) DBB: write request from dla, addr 801008c0 id 0
(21808) DBB: write data from dla (00000000 00000000...)
(21808) DBB: write, last tick
(21814) DBB: write request from dla, addr 801008c0 id 0
(21814) DBB: write data from dla (00000000 00000000...)
(21814) DBB: write, last tick
(21820) DBB: write request from dla, addr 801008c0 id 0
(21820) DBB: write data from dla (00000000 00000000...)
(21820) DBB: write, last tick
(21826) DBB: write request from dla, addr 801008c0 id 0
(21826) DBB: write data from dla (00000000 00000000...)
(21826) DBB: write, last tick
(21832) DBB: write request from dla, addr 801008c0 id 0
(21832) DBB: write data from dla (00000000 00000000...)
(21832) DBB: write, last tick
(21838) DBB: write request from dla, addr 801008c0 id 0
(21838) DBB: write data from dla (00000000 00000000...)
(21838) DBB: write, last tick
(21844) DBB: write request from dla, addr 801008c0 id 0
(21844) DBB: write data from dla (00000000 00000000...)
(21844) DBB: write, last tick
(21850) DBB: write request from dla, addr 801008c0 id 0
(21850) DBB: write data from dla (00000000 00000000...)
(21850) DBB: write, last tick
(21856) DBB: write request from dla, addr 801008c0 id 0
(21856) DBB: write data from dla (00000000 00000000...)
(21856) DBB: write, last tick
(21862) DBB: write request from dla, addr 801008c0 id 0
(21862) DBB: write data from dla (00000000 00000000...)
(21862) DBB: write, last tick
(21868) DBB: write request from dla, addr 801008c0 id 0
(21868) DBB: write data from dla (00000000 00000000...)
(21868) DBB: write, last tick
(21874) DBB: write request from dla, addr 801008c0 id 0
(21874) DBB: write data from dla (00000000 00000000...)
(21874) DBB: write, last tick
(21880) DBB: write request from dla, addr 801008c0 id 0
(21880) DBB: write data from dla (00000000 00000000...)
(21880) DBB: write, last tick
(21886) DBB: write request from dla, addr 801008c0 id 0
(21886) DBB: write data from dla (00000000 00000000...)
(21886) DBB: write, last tick
(21892) DBB: write request from dla, addr 801008c0 id 0
(21892) DBB: write data from dla (00000000 00000000...)
(21892) DBB: write, last tick
(21898) DBB: write request from dla, addr 801008c0 id 0
(21898) DBB: write data from dla (00000000 00000000...)
(21898) DBB: write, last tick
(21904) DBB: write request from dla, addr 801008c0 id 0
(21904) DBB: write data from dla (00000000 00000000...)
(21904) DBB: write, last tick
(21910) DBB: write request from dla, addr 801008c0 id 0
(21910) DBB: write data from dla (00000000 00000000...)
(21910) DBB: write, last tick
(21916) DBB: write request from dla, addr 801008c0 id 0
(21916) DBB: write data from dla (00000000 00000000...)
(21916) DBB: write, last tick
(21922) DBB: write request from dla, addr 801008c0 id 0
(21922) DBB: write data from dla (00000000 00000000...)
(21922) DBB: write, last tick
(21928) DBB: write request from dla, addr 801008c0 id 0
(21928) DBB: write data from dla (00000000 00000000...)
(21928) DBB: write, last tick
(21934) DBB: write request from dla, addr 801008c0 id 0
(21934) DBB: write data from dla (00000000 00000000...)
(21934) DBB: write, last tick
(21940) DBB: write request from dla, addr 801008c0 id 0
(21940) DBB: write data from dla (00000000 00000000...)
(21940) DBB: write, last tick
(21946) DBB: write request from dla, addr 801008c0 id 0
(21946) DBB: write data from dla (00000000 00000000...)
(21946) DBB: write, last tick
(21952) DBB: write request from dla, addr 801008c0 id 0
(21952) DBB: write data from dla (00000000 00000000...)
(21952) DBB: write, last tick
(21958) DBB: write request from dla, addr 801008c0 id 0
(21958) DBB: write data from dla (00000000 00000000...)
(21958) DBB: write, last tick
(21964) DBB: write request from dla, addr 801008c0 id 0
(21964) DBB: write data from dla (00000000 00000000...)
(21964) DBB: write, last tick
(21970) DBB: write request from dla, addr 801008c0 id 0
(21970) DBB: write data from dla (00000000 00000000...)
(21970) DBB: write, last tick
(21976) DBB: write request from dla, addr 801008c0 id 0
(21976) DBB: write data from dla (00000000 00000000...)
(21976) DBB: write, last tick
(21982) DBB: write request from dla, addr 801008c0 id 0
(21982) DBB: write data from dla (00000000 00000000...)
(21982) DBB: write, last tick
(21988) DBB: write request from dla, addr 801008c0 id 0
(21988) DBB: write data from dla (00000000 00000000...)
(21988) DBB: write, last tick
(21994) DBB: write request from dla, addr 801008c0 id 0
(21994) DBB: write data from dla (00000000 00000000...)
(21994) DBB: write, last tick
(22000) DBB: write request from dla, addr 801008c0 id 0
(22000) DBB: write data from dla (00000000 00000000...)
(22000) DBB: write, last tick
(22006) DBB: write request from dla, addr 801008c0 id 0
(22006) DBB: write data from dla (00000000 00000000...)
(22006) DBB: write, last tick
(22012) DBB: write request from dla, addr 801008c0 id 0
(22012) DBB: write data from dla (00000000 00000000...)
(22012) DBB: write, last tick
(22018) DBB: write request from dla, addr 801008c0 id 0
(22018) DBB: write data from dla (00000000 00000000...)
(22018) DBB: write, last tick
(22024) DBB: write request from dla, addr 801008c0 id 0
(22024) DBB: write data from dla (00000000 00000000...)
(22024) DBB: write, last tick
(22030) DBB: write request from dla, addr 801008c0 id 0
(22030) DBB: write data from dla (00000000 00000000...)
(22030) DBB: write, last tick
(22036) DBB: write request from dla, addr 801008c0 id 0
(22036) DBB: write data from dla (00000000 00000000...)
(22036) DBB: write, last tick
(22042) DBB: write request from dla, addr 801008c0 id 0
(22042) DBB: write data from dla (00000000 00000000...)
(22042) DBB: write, last tick
(22048) DBB: write request from dla, addr 801008c0 id 0
(22048) DBB: write data from dla (00000000 00000000...)
(22048) DBB: write, last tick
(22054) DBB: write request from dla, addr 801008c0 id 0
(22054) DBB: write data from dla (00000000 00000000...)
(22054) DBB: write, last tick
(22060) DBB: write request from dla, addr 801008c0 id 0
(22060) DBB: write data from dla (00000000 00000000...)
(22060) DBB: write, last tick
(22066) DBB: write request from dla, addr 801008c0 id 0
(22066) DBB: write data from dla (00000000 00000000...)
(22066) DBB: write, last tick
(22072) DBB: write request from dla, addr 801008c0 id 0
(22072) DBB: write data from dla (00000000 00000000...)
(22072) DBB: write, last tick
(22078) DBB: write request from dla, addr 801008c0 id 0
(22078) DBB: write data from dla (00000000 00000000...)
(22078) DBB: write, last tick
(22084) DBB: write request from dla, addr 801008c0 id 0
(22084) DBB: write data from dla (00000000 00000000...)
(22084) DBB: write, last tick
(22090) DBB: write request from dla, addr 801008c0 id 0
(22090) DBB: write data from dla (00000000 00000000...)
(22090) DBB: write, last tick
(22096) DBB: write request from dla, addr 80100900 id 0
(22096) DBB: write data from dla (00000034 00000000...)
(22096) DBB: write, last tick
(22102) DBB: write request from dla, addr 80100900 id 0
(22102) DBB: write data from dla (00003000 00000000...)
(22102) DBB: write, last tick
(22108) DBB: write request from dla, addr 80100900 id 0
(22108) DBB: write data from dla (00340000 00000000...)
(22108) DBB: write, last tick
(22114) DBB: write request from dla, addr 80100900 id 0
(22114) DBB: write data from dla (31000000 00000000...)
(22114) DBB: write, last tick
(22120) DBB: write request from dla, addr 80100900 id 0
(22120) DBB: write data from dla (00000000 00000034...)
(22120) DBB: write, last tick
(22126) DBB: write request from dla, addr 80100900 id 0
(22126) DBB: write data from dla (00000000 00003200...)
(22126) DBB: write, last tick
(22132) DBB: write request from dla, addr 80100900 id 0
(22132) DBB: write data from dla (00000000 00340000...)
(22132) DBB: write, last tick
(22138) DBB: write request from dla, addr 80100900 id 0
(22138) DBB: write data from dla (00000000 33000000...)
(22138) DBB: write, last tick
(22144) DBB: write request from dla, addr 80100900 id 0
(22144) DBB: write data from dla (00000000 00000000...)
(22144) DBB: write, last tick
(22150) DBB: write request from dla, addr 80100900 id 0
(22150) DBB: write data from dla (00000000 00000000...)
(22150) DBB: write, last tick
(22156) DBB: write request from dla, addr 80100900 id 0
(22156) DBB: write data from dla (00000000 00000000...)
(22156) DBB: write, last tick
(22162) DBB: write request from dla, addr 80100900 id 0
(22162) DBB: write data from dla (00000000 00000000...)
(22162) DBB: write, last tick
(22168) DBB: write request from dla, addr 80100900 id 0
(22168) DBB: write data from dla (00000000 00000000...)
(22168) DBB: write, last tick
(22174) DBB: write request from dla, addr 80100900 id 0
(22174) DBB: write data from dla (00000000 00000000...)
(22174) DBB: write, last tick
(22180) DBB: write request from dla, addr 80100900 id 0
(22180) DBB: write data from dla (00000000 00000000...)
(22180) DBB: write, last tick
(22186) DBB: write request from dla, addr 80100900 id 0
(22186) DBB: write data from dla (00000000 00000000...)
(22186) DBB: write, last tick
(22192) DBB: write request from dla, addr 80100900 id 0
(22192) DBB: write data from dla (00000000 00000000...)
(22192) DBB: write, last tick
(22198) DBB: write request from dla, addr 80100900 id 0
(22198) DBB: write data from dla (00000000 00000000...)
(22198) DBB: write, last tick
(22204) DBB: write request from dla, addr 80100900 id 0
(22204) DBB: write data from dla (00000000 00000000...)
(22204) DBB: write, last tick
(22210) DBB: write request from dla, addr 80100900 id 0
(22210) DBB: write data from dla (00000000 00000000...)
(22210) DBB: write, last tick
(22216) DBB: write request from dla, addr 80100900 id 0
(22216) DBB: write data from dla (00000000 00000000...)
(22216) DBB: write, last tick
(22222) DBB: write request from dla, addr 80100900 id 0
(22222) DBB: write data from dla (00000000 00000000...)
(22222) DBB: write, last tick
(22228) DBB: write request from dla, addr 80100900 id 0
(22228) DBB: write data from dla (00000000 00000000...)
(22228) DBB: write, last tick
(22234) DBB: write request from dla, addr 80100900 id 0
(22234) DBB: write data from dla (00000000 00000000...)
(22234) DBB: write, last tick
(22240) DBB: write request from dla, addr 80100900 id 0
(22240) DBB: write data from dla (00000000 00000000...)
(22240) DBB: write, last tick
(22246) DBB: write request from dla, addr 80100900 id 0
(22246) DBB: write data from dla (00000000 00000000...)
(22246) DBB: write, last tick
(22252) DBB: write request from dla, addr 80100900 id 0
(22252) DBB: write data from dla (00000000 00000000...)
(22252) DBB: write, last tick
(22258) DBB: write request from dla, addr 80100900 id 0
(22258) DBB: write data from dla (00000000 00000000...)
(22258) DBB: write, last tick
(22264) DBB: write request from dla, addr 80100900 id 0
(22264) DBB: write data from dla (00000000 00000000...)
(22264) DBB: write, last tick
(22270) DBB: write request from dla, addr 80100900 id 0
(22270) DBB: write data from dla (00000000 00000000...)
(22270) DBB: write, last tick
(22276) DBB: write request from dla, addr 80100900 id 0
(22276) DBB: write data from dla (00000000 00000000...)
(22276) DBB: write, last tick
(22282) DBB: write request from dla, addr 80100900 id 0
(22282) DBB: write data from dla (00000000 00000000...)
(22282) DBB: write, last tick
(22288) DBB: write request from dla, addr 80100900 id 0
(22288) DBB: write data from dla (00000000 00000000...)
(22288) DBB: write, last tick
(22294) DBB: write request from dla, addr 80100900 id 0
(22294) DBB: write data from dla (00000000 00000000...)
(22294) DBB: write, last tick
(22300) DBB: write request from dla, addr 80100900 id 0
(22300) DBB: write data from dla (00000000 00000000...)
(22300) DBB: write, last tick
(22306) DBB: write request from dla, addr 80100900 id 0
(22306) DBB: write data from dla (00000000 00000000...)
(22306) DBB: write, last tick
(22312) DBB: write request from dla, addr 80100900 id 0
(22312) DBB: write data from dla (00000000 00000000...)
(22312) DBB: write, last tick
(22318) DBB: write request from dla, addr 80100900 id 0
(22318) DBB: write data from dla (00000000 00000000...)
(22318) DBB: write, last tick
(22324) DBB: write request from dla, addr 80100900 id 0
(22324) DBB: write data from dla (00000000 00000000...)
(22324) DBB: write, last tick
(22330) DBB: write request from dla, addr 80100900 id 0
(22330) DBB: write data from dla (00000000 00000000...)
(22330) DBB: write, last tick
(22336) DBB: write request from dla, addr 80100900 id 0
(22336) DBB: write data from dla (00000000 00000000...)
(22336) DBB: write, last tick
(22342) DBB: write request from dla, addr 80100900 id 0
(22342) DBB: write data from dla (00000000 00000000...)
(22342) DBB: write, last tick
(22348) DBB: write request from dla, addr 80100900 id 0
(22348) DBB: write data from dla (00000000 00000000...)
(22348) DBB: write, last tick
(22354) DBB: write request from dla, addr 80100900 id 0
(22354) DBB: write data from dla (00000000 00000000...)
(22354) DBB: write, last tick
(22360) DBB: write request from dla, addr 80100900 id 0
(22360) DBB: write data from dla (00000000 00000000...)
(22360) DBB: write, last tick
(22366) DBB: write request from dla, addr 80100900 id 0
(22366) DBB: write data from dla (00000000 00000000...)
(22366) DBB: write, last tick
(22372) DBB: write request from dla, addr 80100900 id 0
(22372) DBB: write data from dla (00000000 00000000...)
(22372) DBB: write, last tick
(22378) DBB: write request from dla, addr 80100900 id 0
(22378) DBB: write data from dla (00000000 00000000...)
(22378) DBB: write, last tick
(22384) DBB: write request from dla, addr 80100900 id 0
(22384) DBB: write data from dla (00000000 00000000...)
(22384) DBB: write, last tick
(22390) DBB: write request from dla, addr 80100900 id 0
(22390) DBB: write data from dla (00000000 00000000...)
(22390) DBB: write, last tick
(22396) DBB: write request from dla, addr 80100900 id 0
(22396) DBB: write data from dla (00000000 00000000...)
(22396) DBB: write, last tick
(22402) DBB: write request from dla, addr 80100900 id 0
(22402) DBB: write data from dla (00000000 00000000...)
(22402) DBB: write, last tick
(22408) DBB: write request from dla, addr 80100900 id 0
(22408) DBB: write data from dla (00000000 00000000...)
(22408) DBB: write, last tick
(22414) DBB: write request from dla, addr 80100900 id 0
(22414) DBB: write data from dla (00000000 00000000...)
(22414) DBB: write, last tick
(22420) DBB: write request from dla, addr 80100900 id 0
(22420) DBB: write data from dla (00000000 00000000...)
(22420) DBB: write, last tick
(22426) DBB: write request from dla, addr 80100900 id 0
(22426) DBB: write data from dla (00000000 00000000...)
(22426) DBB: write, last tick
(22432) DBB: write request from dla, addr 80100900 id 0
(22432) DBB: write data from dla (00000000 00000000...)
(22432) DBB: write, last tick
(22438) DBB: write request from dla, addr 80100900 id 0
(22438) DBB: write data from dla (00000000 00000000...)
(22438) DBB: write, last tick
(22444) DBB: write request from dla, addr 80100900 id 0
(22444) DBB: write data from dla (00000000 00000000...)
(22444) DBB: write, last tick
(22450) DBB: write request from dla, addr 80100900 id 0
(22450) DBB: write data from dla (00000000 00000000...)
(22450) DBB: write, last tick
(22456) DBB: write request from dla, addr 80100900 id 0
(22456) DBB: write data from dla (00000000 00000000...)
(22456) DBB: write, last tick
(22462) DBB: write request from dla, addr 80100900 id 0
(22462) DBB: write data from dla (00000000 00000000...)
(22462) DBB: write, last tick
(22468) DBB: write request from dla, addr 80100900 id 0
(22468) DBB: write data from dla (00000000 00000000...)
(22468) DBB: write, last tick
(22474) DBB: write request from dla, addr 80100900 id 0
(22474) DBB: write data from dla (00000000 00000000...)
(22474) DBB: write, last tick
(22480) DBB: write request from dla, addr 80100940 id 0
(22480) DBB: write data from dla (00000054 00000000...)
(22480) DBB: write, last tick
(22486) DBB: write request from dla, addr 80100940 id 0
(22486) DBB: write data from dla (00003000 00000000...)
(22486) DBB: write, last tick
(22492) DBB: write request from dla, addr 80100940 id 0
(22492) DBB: write data from dla (00540000 00000000...)
(22492) DBB: write, last tick
(22498) DBB: write request from dla, addr 80100940 id 0
(22498) DBB: write data from dla (31000000 00000000...)
(22498) DBB: write, last tick
(22504) DBB: write request from dla, addr 80100940 id 0
(22504) DBB: write data from dla (00000000 00000054...)
(22504) DBB: write, last tick
(22510) DBB: write request from dla, addr 80100940 id 0
(22510) DBB: write data from dla (00000000 00003200...)
(22510) DBB: write, last tick
(22516) DBB: write request from dla, addr 80100940 id 0
(22516) DBB: write data from dla (00000000 00540000...)
(22516) DBB: write, last tick
(22522) DBB: write request from dla, addr 80100940 id 0
(22522) DBB: write data from dla (00000000 33000000...)
(22522) DBB: write, last tick
(22528) DBB: write request from dla, addr 80100940 id 0
(22528) DBB: write data from dla (00000000 00000000...)
(22528) DBB: write, last tick
(22534) DBB: write request from dla, addr 80100940 id 0
(22534) DBB: write data from dla (00000000 00000000...)
(22534) DBB: write, last tick
(22540) DBB: write request from dla, addr 80100940 id 0
(22540) DBB: write data from dla (00000000 00000000...)
(22540) DBB: write, last tick
(22546) DBB: write request from dla, addr 80100940 id 0
(22546) DBB: write data from dla (00000000 00000000...)
(22546) DBB: write, last tick
(22552) DBB: write request from dla, addr 80100940 id 0
(22552) DBB: write data from dla (00000000 00000000...)
(22552) DBB: write, last tick
(22558) DBB: write request from dla, addr 80100940 id 0
(22558) DBB: write data from dla (00000000 00000000...)
(22558) DBB: write, last tick
(22564) DBB: write request from dla, addr 80100940 id 0
(22564) DBB: write data from dla (00000000 00000000...)
(22564) DBB: write, last tick
(22570) DBB: write request from dla, addr 80100940 id 0
(22570) DBB: write data from dla (00000000 00000000...)
(22570) DBB: write, last tick
(22576) DBB: write request from dla, addr 80100940 id 0
(22576) DBB: write data from dla (00000000 00000000...)
(22576) DBB: write, last tick
(22582) DBB: write request from dla, addr 80100940 id 0
(22582) DBB: write data from dla (00000000 00000000...)
(22582) DBB: write, last tick
(22588) DBB: write request from dla, addr 80100940 id 0
(22588) DBB: write data from dla (00000000 00000000...)
(22588) DBB: write, last tick
(22594) DBB: write request from dla, addr 80100940 id 0
(22594) DBB: write data from dla (00000000 00000000...)
(22594) DBB: write, last tick
(22600) DBB: write request from dla, addr 80100940 id 0
(22600) DBB: write data from dla (00000000 00000000...)
(22600) DBB: write, last tick
(22606) DBB: write request from dla, addr 80100940 id 0
(22606) DBB: write data from dla (00000000 00000000...)
(22606) DBB: write, last tick
(22612) DBB: write request from dla, addr 80100940 id 0
(22612) DBB: write data from dla (00000000 00000000...)
(22612) DBB: write, last tick
(22618) DBB: write request from dla, addr 80100940 id 0
(22618) DBB: write data from dla (00000000 00000000...)
(22618) DBB: write, last tick
(22624) DBB: write request from dla, addr 80100940 id 0
(22624) DBB: write data from dla (00000000 00000000...)
(22624) DBB: write, last tick
(22630) DBB: write request from dla, addr 80100940 id 0
(22630) DBB: write data from dla (00000000 00000000...)
(22630) DBB: write, last tick
(22636) DBB: write request from dla, addr 80100940 id 0
(22636) DBB: write data from dla (00000000 00000000...)
(22636) DBB: write, last tick
(22642) DBB: write request from dla, addr 80100940 id 0
(22642) DBB: write data from dla (00000000 00000000...)
(22642) DBB: write, last tick
(22648) DBB: write request from dla, addr 80100940 id 0
(22648) DBB: write data from dla (00000000 00000000...)
(22648) DBB: write, last tick
(22654) DBB: write request from dla, addr 80100940 id 0
(22654) DBB: write data from dla (00000000 00000000...)
(22654) DBB: write, last tick
(22660) DBB: write request from dla, addr 80100940 id 0
(22660) DBB: write data from dla (00000000 00000000...)
(22660) DBB: write, last tick
(22666) DBB: write request from dla, addr 80100940 id 0
(22666) DBB: write data from dla (00000000 00000000...)
(22666) DBB: write, last tick
(22672) DBB: write request from dla, addr 80100940 id 0
(22672) DBB: write data from dla (00000000 00000000...)
(22672) DBB: write, last tick
(22678) DBB: write request from dla, addr 80100940 id 0
(22678) DBB: write data from dla (00000000 00000000...)
(22678) DBB: write, last tick
(22684) DBB: write request from dla, addr 80100940 id 0
(22684) DBB: write data from dla (00000000 00000000...)
(22684) DBB: write, last tick
(22690) DBB: write request from dla, addr 80100940 id 0
(22690) DBB: write data from dla (00000000 00000000...)
(22690) DBB: write, last tick
(22696) DBB: write request from dla, addr 80100940 id 0
(22696) DBB: write data from dla (00000000 00000000...)
(22696) DBB: write, last tick
(22702) DBB: write request from dla, addr 80100940 id 0
(22702) DBB: write data from dla (00000000 00000000...)
(22702) DBB: write, last tick
(22708) DBB: write request from dla, addr 80100940 id 0
(22708) DBB: write data from dla (00000000 00000000...)
(22708) DBB: write, last tick
(22714) DBB: write request from dla, addr 80100940 id 0
(22714) DBB: write data from dla (00000000 00000000...)
(22714) DBB: write, last tick
(22720) DBB: write request from dla, addr 80100940 id 0
(22720) DBB: write data from dla (00000000 00000000...)
(22720) DBB: write, last tick
(22726) DBB: write request from dla, addr 80100940 id 0
(22726) DBB: write data from dla (00000000 00000000...)
(22726) DBB: write, last tick
(22732) DBB: write request from dla, addr 80100940 id 0
(22732) DBB: write data from dla (00000000 00000000...)
(22732) DBB: write, last tick
(22738) DBB: write request from dla, addr 80100940 id 0
(22738) DBB: write data from dla (00000000 00000000...)
(22738) DBB: write, last tick
(22744) DBB: write request from dla, addr 80100940 id 0
(22744) DBB: write data from dla (00000000 00000000...)
(22744) DBB: write, last tick
(22750) DBB: write request from dla, addr 80100940 id 0
(22750) DBB: write data from dla (00000000 00000000...)
(22750) DBB: write, last tick
(22756) DBB: write request from dla, addr 80100940 id 0
(22756) DBB: write data from dla (00000000 00000000...)
(22756) DBB: write, last tick
(22762) DBB: write request from dla, addr 80100940 id 0
(22762) DBB: write data from dla (00000000 00000000...)
(22762) DBB: write, last tick
(22768) DBB: write request from dla, addr 80100940 id 0
(22768) DBB: write data from dla (00000000 00000000...)
(22768) DBB: write, last tick
(22774) DBB: write request from dla, addr 80100940 id 0
(22774) DBB: write data from dla (00000000 00000000...)
(22774) DBB: write, last tick
(22780) DBB: write request from dla, addr 80100940 id 0
(22780) DBB: write data from dla (00000000 00000000...)
(22780) DBB: write, last tick
(22786) DBB: write request from dla, addr 80100940 id 0
(22786) DBB: write data from dla (00000000 00000000...)
(22786) DBB: write, last tick
(22792) DBB: write request from dla, addr 80100940 id 0
(22792) DBB: write data from dla (00000000 00000000...)
(22792) DBB: write, last tick
(22798) DBB: write request from dla, addr 80100940 id 0
(22798) DBB: write data from dla (00000000 00000000...)
(22798) DBB: write, last tick
(22804) DBB: write request from dla, addr 80100940 id 0
(22804) DBB: write data from dla (00000000 00000000...)
(22804) DBB: write, last tick
(22810) DBB: write request from dla, addr 80100940 id 0
(22810) DBB: write data from dla (00000000 00000000...)
(22810) DBB: write, last tick
(22816) DBB: write request from dla, addr 80100940 id 0
(22816) DBB: write data from dla (00000000 00000000...)
(22816) DBB: write, last tick
(22822) DBB: write request from dla, addr 80100940 id 0
(22822) DBB: write data from dla (00000000 00000000...)
(22822) DBB: write, last tick
(22828) DBB: write request from dla, addr 80100940 id 0
(22828) DBB: write data from dla (00000000 00000000...)
(22828) DBB: write, last tick
(22834) DBB: write request from dla, addr 80100940 id 0
(22834) DBB: write data from dla (00000000 00000000...)
(22834) DBB: write, last tick
(22840) DBB: write request from dla, addr 80100940 id 0
(22840) DBB: write data from dla (00000000 00000000...)
(22840) DBB: write, last tick
(22846) DBB: write request from dla, addr 80100940 id 0
(22846) DBB: write data from dla (00000000 00000000...)
(22846) DBB: write, last tick
(22852) DBB: write request from dla, addr 80100940 id 0
(22852) DBB: write data from dla (00000000 00000000...)
(22852) DBB: write, last tick
(22858) DBB: write request from dla, addr 80100940 id 0
(22858) DBB: write data from dla (00000000 00000000...)
(22858) DBB: write, last tick
(22864) DBB: write request from dla, addr 80100980 id 0
(22864) DBB: write data from dla (00000064 00000000...)
(22864) DBB: write, last tick
(22870) DBB: write request from dla, addr 80100980 id 0
(22870) DBB: write data from dla (00003000 00000000...)
(22870) DBB: write, last tick
(22876) DBB: write request from dla, addr 80100980 id 0
(22876) DBB: write data from dla (00640000 00000000...)
(22876) DBB: write, last tick
(22882) DBB: write request from dla, addr 80100980 id 0
(22882) DBB: write data from dla (31000000 00000000...)
(22882) DBB: write, last tick
(22888) DBB: write request from dla, addr 80100980 id 0
(22888) DBB: write data from dla (00000000 00000064...)
(22888) DBB: write, last tick
(22894) DBB: write request from dla, addr 80100980 id 0
(22894) DBB: write data from dla (00000000 00003200...)
(22894) DBB: write, last tick
(22900) DBB: write request from dla, addr 80100980 id 0
(22900) DBB: write data from dla (00000000 00640000...)
(22900) DBB: write, last tick
(22906) DBB: write request from dla, addr 80100980 id 0
(22906) DBB: write data from dla (00000000 33000000...)
(22906) DBB: write, last tick
(22912) DBB: write request from dla, addr 80100980 id 0
(22912) DBB: write data from dla (00000000 00000000...)
(22912) DBB: write, last tick
(22918) DBB: write request from dla, addr 80100980 id 0
(22918) DBB: write data from dla (00000000 00000000...)
(22918) DBB: write, last tick
(22924) DBB: write request from dla, addr 80100980 id 0
(22924) DBB: write data from dla (00000000 00000000...)
(22924) DBB: write, last tick
(22930) DBB: write request from dla, addr 80100980 id 0
(22930) DBB: write data from dla (00000000 00000000...)
(22930) DBB: write, last tick
(22936) DBB: write request from dla, addr 80100980 id 0
(22936) DBB: write data from dla (00000000 00000000...)
(22936) DBB: write, last tick
(22942) DBB: write request from dla, addr 80100980 id 0
(22942) DBB: write data from dla (00000000 00000000...)
(22942) DBB: write, last tick
(22948) DBB: write request from dla, addr 80100980 id 0
(22948) DBB: write data from dla (00000000 00000000...)
(22948) DBB: write, last tick
(22954) DBB: write request from dla, addr 80100980 id 0
(22954) DBB: write data from dla (00000000 00000000...)
(22954) DBB: write, last tick
(22960) DBB: write request from dla, addr 80100980 id 0
(22960) DBB: write data from dla (00000000 00000000...)
(22960) DBB: write, last tick
(22966) DBB: write request from dla, addr 80100980 id 0
(22966) DBB: write data from dla (00000000 00000000...)
(22966) DBB: write, last tick
(22972) DBB: write request from dla, addr 80100980 id 0
(22972) DBB: write data from dla (00000000 00000000...)
(22972) DBB: write, last tick
(22978) DBB: write request from dla, addr 80100980 id 0
(22978) DBB: write data from dla (00000000 00000000...)
(22978) DBB: write, last tick
(22984) DBB: write request from dla, addr 80100980 id 0
(22984) DBB: write data from dla (00000000 00000000...)
(22984) DBB: write, last tick
(22990) DBB: write request from dla, addr 80100980 id 0
(22990) DBB: write data from dla (00000000 00000000...)
(22990) DBB: write, last tick
(22996) DBB: write request from dla, addr 80100980 id 0
(22996) DBB: write data from dla (00000000 00000000...)
(22996) DBB: write, last tick
(23002) DBB: write request from dla, addr 80100980 id 0
(23002) DBB: write data from dla (00000000 00000000...)
(23002) DBB: write, last tick
(23008) DBB: write request from dla, addr 80100980 id 0
(23008) DBB: write data from dla (00000000 00000000...)
(23008) DBB: write, last tick
(23014) DBB: write request from dla, addr 80100980 id 0
(23014) DBB: write data from dla (00000000 00000000...)
(23014) DBB: write, last tick
(23020) DBB: write request from dla, addr 80100980 id 0
(23020) DBB: write data from dla (00000000 00000000...)
(23020) DBB: write, last tick
(23026) DBB: write request from dla, addr 80100980 id 0
(23026) DBB: write data from dla (00000000 00000000...)
(23026) DBB: write, last tick
(23032) DBB: write request from dla, addr 80100980 id 0
(23032) DBB: write data from dla (00000000 00000000...)
(23032) DBB: write, last tick
(23038) DBB: write request from dla, addr 80100980 id 0
(23038) DBB: write data from dla (00000000 00000000...)
(23038) DBB: write, last tick
(23044) DBB: write request from dla, addr 80100980 id 0
(23044) DBB: write data from dla (00000000 00000000...)
(23044) DBB: write, last tick
(23050) DBB: write request from dla, addr 80100980 id 0
(23050) DBB: write data from dla (00000000 00000000...)
(23050) DBB: write, last tick
(23056) DBB: write request from dla, addr 80100980 id 0
(23056) DBB: write data from dla (00000000 00000000...)
(23056) DBB: write, last tick
(23062) DBB: write request from dla, addr 80100980 id 0
(23062) DBB: write data from dla (00000000 00000000...)
(23062) DBB: write, last tick
(23068) DBB: write request from dla, addr 80100980 id 0
(23068) DBB: write data from dla (00000000 00000000...)
(23068) DBB: write, last tick
(23074) DBB: write request from dla, addr 80100980 id 0
(23074) DBB: write data from dla (00000000 00000000...)
(23074) DBB: write, last tick
(23080) DBB: write request from dla, addr 80100980 id 0
(23080) DBB: write data from dla (00000000 00000000...)
(23080) DBB: write, last tick
(23086) DBB: write request from dla, addr 80100980 id 0
(23086) DBB: write data from dla (00000000 00000000...)
(23086) DBB: write, last tick
(23092) DBB: write request from dla, addr 80100980 id 0
(23092) DBB: write data from dla (00000000 00000000...)
(23092) DBB: write, last tick
(23098) DBB: write request from dla, addr 80100980 id 0
(23098) DBB: write data from dla (00000000 00000000...)
(23098) DBB: write, last tick
(23104) DBB: write request from dla, addr 80100980 id 0
(23104) DBB: write data from dla (00000000 00000000...)
(23104) DBB: write, last tick
(23110) DBB: write request from dla, addr 80100980 id 0
(23110) DBB: write data from dla (00000000 00000000...)
(23110) DBB: write, last tick
(23116) DBB: write request from dla, addr 80100980 id 0
(23116) DBB: write data from dla (00000000 00000000...)
(23116) DBB: write, last tick
(23122) DBB: write request from dla, addr 80100980 id 0
(23122) DBB: write data from dla (00000000 00000000...)
(23122) DBB: write, last tick
(23128) DBB: write request from dla, addr 80100980 id 0
(23128) DBB: write data from dla (00000000 00000000...)
(23128) DBB: write, last tick
(23134) DBB: write request from dla, addr 80100980 id 0
(23134) DBB: write data from dla (00000000 00000000...)
(23134) DBB: write, last tick
(23140) DBB: write request from dla, addr 80100980 id 0
(23140) DBB: write data from dla (00000000 00000000...)
(23140) DBB: write, last tick
(23146) DBB: write request from dla, addr 80100980 id 0
(23146) DBB: write data from dla (00000000 00000000...)
(23146) DBB: write, last tick
(23152) DBB: write request from dla, addr 80100980 id 0
(23152) DBB: write data from dla (00000000 00000000...)
(23152) DBB: write, last tick
(23158) DBB: write request from dla, addr 80100980 id 0
(23158) DBB: write data from dla (00000000 00000000...)
(23158) DBB: write, last tick
(23164) DBB: write request from dla, addr 80100980 id 0
(23164) DBB: write data from dla (00000000 00000000...)
(23164) DBB: write, last tick
(23170) DBB: write request from dla, addr 80100980 id 0
(23170) DBB: write data from dla (00000000 00000000...)
(23170) DBB: write, last tick
(23176) DBB: write request from dla, addr 80100980 id 0
(23176) DBB: write data from dla (00000000 00000000...)
(23176) DBB: write, last tick
(23182) DBB: write request from dla, addr 80100980 id 0
(23182) DBB: write data from dla (00000000 00000000...)
(23182) DBB: write, last tick
(23188) DBB: write request from dla, addr 80100980 id 0
(23188) DBB: write data from dla (00000000 00000000...)
(23188) DBB: write, last tick
(23194) DBB: write request from dla, addr 80100980 id 0
(23194) DBB: write data from dla (00000000 00000000...)
(23194) DBB: write, last tick
(23200) DBB: write request from dla, addr 80100980 id 0
(23200) DBB: write data from dla (00000000 00000000...)
(23200) DBB: write, last tick
(23206) DBB: write request from dla, addr 80100980 id 0
(23206) DBB: write data from dla (00000000 00000000...)
(23206) DBB: write, last tick
(23212) DBB: write request from dla, addr 80100980 id 0
(23212) DBB: write data from dla (00000000 00000000...)
(23212) DBB: write, last tick
(23218) DBB: write request from dla, addr 80100980 id 0
(23218) DBB: write data from dla (00000000 00000000...)
(23218) DBB: write, last tick
(23224) DBB: write request from dla, addr 80100980 id 0
(23224) DBB: write data from dla (00000000 00000000...)
(23224) DBB: write, last tick
(23230) DBB: write request from dla, addr 80100980 id 0
(23230) DBB: write data from dla (00000000 00000000...)
(23230) DBB: write, last tick
(23236) DBB: write request from dla, addr 80100980 id 0
(23236) DBB: write data from dla (00000000 00000000...)
(23236) DBB: write, last tick
(23242) DBB: write request from dla, addr 80100980 id 0
(23242) DBB: write data from dla (00000000 00000000...)
(23242) DBB: write, last tick
(23248) DBB: write request from dla, addr 801009c0 id 0
(23248) DBB: write data from dla (00000025 00000000...)
(23248) DBB: write, last tick
(23254) DBB: write request from dla, addr 801009c0 id 0
(23254) DBB: write data from dla (00003000 00000000...)
(23254) DBB: write, last tick
(23260) DBB: write request from dla, addr 801009c0 id 0
(23260) DBB: write data from dla (00250000 00000000...)
(23260) DBB: write, last tick
(23266) DBB: write request from dla, addr 801009c0 id 0
(23266) DBB: write data from dla (31000000 00000000...)
(23266) DBB: write, last tick
(23272) DBB: write request from dla, addr 801009c0 id 0
(23272) DBB: write data from dla (00000000 00000025...)
(23272) DBB: write, last tick
(23278) DBB: write request from dla, addr 801009c0 id 0
(23278) DBB: write data from dla (00000000 00003200...)
(23278) DBB: write, last tick
(23284) DBB: write request from dla, addr 801009c0 id 0
(23284) DBB: write data from dla (00000000 00250000...)
(23284) DBB: write, last tick
(23290) DBB: write request from dla, addr 801009c0 id 0
(23290) DBB: write data from dla (00000000 33000000...)
(23290) DBB: write, last tick
(23296) DBB: write request from dla, addr 801009c0 id 0
(23296) DBB: write data from dla (00000000 00000000...)
(23296) DBB: write, last tick
(23302) DBB: write request from dla, addr 801009c0 id 0
(23302) DBB: write data from dla (00000000 00000000...)
(23302) DBB: write, last tick
(23308) DBB: write request from dla, addr 801009c0 id 0
(23308) DBB: write data from dla (00000000 00000000...)
(23308) DBB: write, last tick
(23314) DBB: write request from dla, addr 801009c0 id 0
(23314) DBB: write data from dla (00000000 00000000...)
(23314) DBB: write, last tick
(23320) DBB: write request from dla, addr 801009c0 id 0
(23320) DBB: write data from dla (00000000 00000000...)
(23320) DBB: write, last tick
(23326) DBB: write request from dla, addr 801009c0 id 0
(23326) DBB: write data from dla (00000000 00000000...)
(23326) DBB: write, last tick
(23332) DBB: write request from dla, addr 801009c0 id 0
(23332) DBB: write data from dla (00000000 00000000...)
(23332) DBB: write, last tick
(23338) DBB: write request from dla, addr 801009c0 id 0
(23338) DBB: write data from dla (00000000 00000000...)
(23338) DBB: write, last tick
(23344) DBB: write request from dla, addr 801009c0 id 0
(23344) DBB: write data from dla (00000000 00000000...)
(23344) DBB: write, last tick
(23350) DBB: write request from dla, addr 801009c0 id 0
(23350) DBB: write data from dla (00000000 00000000...)
(23350) DBB: write, last tick
(23356) DBB: write request from dla, addr 801009c0 id 0
(23356) DBB: write data from dla (00000000 00000000...)
(23356) DBB: write, last tick
(23362) DBB: write request from dla, addr 801009c0 id 0
(23362) DBB: write data from dla (00000000 00000000...)
(23362) DBB: write, last tick
(23368) DBB: write request from dla, addr 801009c0 id 0
(23368) DBB: write data from dla (00000000 00000000...)
(23368) DBB: write, last tick
(23374) DBB: write request from dla, addr 801009c0 id 0
(23374) DBB: write data from dla (00000000 00000000...)
(23374) DBB: write, last tick
(23380) DBB: write request from dla, addr 801009c0 id 0
(23380) DBB: write data from dla (00000000 00000000...)
(23380) DBB: write, last tick
(23386) DBB: write request from dla, addr 801009c0 id 0
(23386) DBB: write data from dla (00000000 00000000...)
(23386) DBB: write, last tick
(23392) DBB: write request from dla, addr 801009c0 id 0
(23392) DBB: write data from dla (00000000 00000000...)
(23392) DBB: write, last tick
(23398) DBB: write request from dla, addr 801009c0 id 0
(23398) DBB: write data from dla (00000000 00000000...)
(23398) DBB: write, last tick
(23404) DBB: write request from dla, addr 801009c0 id 0
(23404) DBB: write data from dla (00000000 00000000...)
(23404) DBB: write, last tick
(23410) DBB: write request from dla, addr 801009c0 id 0
(23410) DBB: write data from dla (00000000 00000000...)
(23410) DBB: write, last tick
(23416) DBB: write request from dla, addr 801009c0 id 0
(23416) DBB: write data from dla (00000000 00000000...)
(23416) DBB: write, last tick
(23422) DBB: write request from dla, addr 801009c0 id 0
(23422) DBB: write data from dla (00000000 00000000...)
(23422) DBB: write, last tick
(23428) DBB: write request from dla, addr 801009c0 id 0
(23428) DBB: write data from dla (00000000 00000000...)
(23428) DBB: write, last tick
(23434) DBB: write request from dla, addr 801009c0 id 0
(23434) DBB: write data from dla (00000000 00000000...)
(23434) DBB: write, last tick
(23440) DBB: write request from dla, addr 801009c0 id 0
(23440) DBB: write data from dla (00000000 00000000...)
(23440) DBB: write, last tick
(23446) DBB: write request from dla, addr 801009c0 id 0
(23446) DBB: write data from dla (00000000 00000000...)
(23446) DBB: write, last tick
(23452) DBB: write request from dla, addr 801009c0 id 0
(23452) DBB: write data from dla (00000000 00000000...)
(23452) DBB: write, last tick
(23458) DBB: write request from dla, addr 801009c0 id 0
(23458) DBB: write data from dla (00000000 00000000...)
(23458) DBB: write, last tick
(23464) DBB: write request from dla, addr 801009c0 id 0
(23464) DBB: write data from dla (00000000 00000000...)
(23464) DBB: write, last tick
(23470) DBB: write request from dla, addr 801009c0 id 0
(23470) DBB: write data from dla (00000000 00000000...)
(23470) DBB: write, last tick
(23476) DBB: write request from dla, addr 801009c0 id 0
(23476) DBB: write data from dla (00000000 00000000...)
(23476) DBB: write, last tick
(23482) DBB: write request from dla, addr 801009c0 id 0
(23482) DBB: write data from dla (00000000 00000000...)
(23482) DBB: write, last tick
(23488) DBB: write request from dla, addr 801009c0 id 0
(23488) DBB: write data from dla (00000000 00000000...)
(23488) DBB: write, last tick
(23494) DBB: write request from dla, addr 801009c0 id 0
(23494) DBB: write data from dla (00000000 00000000...)
(23494) DBB: write, last tick
(23500) DBB: write request from dla, addr 801009c0 id 0
(23500) DBB: write data from dla (00000000 00000000...)
(23500) DBB: write, last tick
(23506) DBB: write request from dla, addr 801009c0 id 0
(23506) DBB: write data from dla (00000000 00000000...)
(23506) DBB: write, last tick
(23512) DBB: write request from dla, addr 801009c0 id 0
(23512) DBB: write data from dla (00000000 00000000...)
(23512) DBB: write, last tick
(23518) DBB: write request from dla, addr 801009c0 id 0
(23518) DBB: write data from dla (00000000 00000000...)
(23518) DBB: write, last tick
(23524) DBB: write request from dla, addr 801009c0 id 0
(23524) DBB: write data from dla (00000000 00000000...)
(23524) DBB: write, last tick
(23530) DBB: write request from dla, addr 801009c0 id 0
(23530) DBB: write data from dla (00000000 00000000...)
(23530) DBB: write, last tick
(23536) DBB: write request from dla, addr 801009c0 id 0
(23536) DBB: write data from dla (00000000 00000000...)
(23536) DBB: write, last tick
(23542) DBB: write request from dla, addr 801009c0 id 0
(23542) DBB: write data from dla (00000000 00000000...)
(23542) DBB: write, last tick
(23548) DBB: write request from dla, addr 801009c0 id 0
(23548) DBB: write data from dla (00000000 00000000...)
(23548) DBB: write, last tick
(23554) DBB: write request from dla, addr 801009c0 id 0
(23554) DBB: write data from dla (00000000 00000000...)
(23554) DBB: write, last tick
(23560) DBB: write request from dla, addr 801009c0 id 0
(23560) DBB: write data from dla (00000000 00000000...)
(23560) DBB: write, last tick
(23566) DBB: write request from dla, addr 801009c0 id 0
(23566) DBB: write data from dla (00000000 00000000...)
(23566) DBB: write, last tick
(23572) DBB: write request from dla, addr 801009c0 id 0
(23572) DBB: write data from dla (00000000 00000000...)
(23572) DBB: write, last tick
(23578) DBB: write request from dla, addr 801009c0 id 0
(23578) DBB: write data from dla (00000000 00000000...)
(23578) DBB: write, last tick
(23584) DBB: write request from dla, addr 801009c0 id 0
(23584) DBB: write data from dla (00000000 00000000...)
(23584) DBB: write, last tick
(23590) DBB: write request from dla, addr 801009c0 id 0
(23590) DBB: write data from dla (00000000 00000000...)
(23590) DBB: write, last tick
(23596) DBB: write request from dla, addr 801009c0 id 0
(23596) DBB: write data from dla (00000000 00000000...)
(23596) DBB: write, last tick
(23602) DBB: write request from dla, addr 801009c0 id 0
(23602) DBB: write data from dla (00000000 00000000...)
(23602) DBB: write, last tick
(23608) DBB: write request from dla, addr 801009c0 id 0
(23608) DBB: write data from dla (00000000 00000000...)
(23608) DBB: write, last tick
(23614) DBB: write request from dla, addr 801009c0 id 0
(23614) DBB: write data from dla (00000000 00000000...)
(23614) DBB: write, last tick
(23620) DBB: write request from dla, addr 801009c0 id 0
(23620) DBB: write data from dla (00000000 00000000...)
(23620) DBB: write, last tick
(23626) DBB: write request from dla, addr 801009c0 id 0
(23626) DBB: write data from dla (00000000 00000000...)
(23626) DBB: write, last tick
(23632) DBB: write request from dla, addr 80100a00 id 0
(23632) DBB: write data from dla (00000045 00000000...)
(23632) DBB: write, last tick
(23638) DBB: write request from dla, addr 80100a00 id 0
(23638) DBB: write data from dla (00003000 00000000...)
(23638) DBB: write, last tick
(23644) DBB: write request from dla, addr 80100a00 id 0
(23644) DBB: write data from dla (00450000 00000000...)
(23644) DBB: write, last tick
(23650) DBB: write request from dla, addr 80100a00 id 0
(23650) DBB: write data from dla (31000000 00000000...)
(23650) DBB: write, last tick
(23656) DBB: write request from dla, addr 80100a00 id 0
(23656) DBB: write data from dla (00000000 00000045...)
(23656) DBB: write, last tick
(23662) DBB: write request from dla, addr 80100a00 id 0
(23662) DBB: write data from dla (00000000 00003200...)
(23662) DBB: write, last tick
(23668) DBB: write request from dla, addr 80100a00 id 0
(23668) DBB: write data from dla (00000000 00450000...)
(23668) DBB: write, last tick
(23674) DBB: write request from dla, addr 80100a00 id 0
(23674) DBB: write data from dla (00000000 33000000...)
(23674) DBB: write, last tick
(23680) DBB: write request from dla, addr 80100a00 id 0
(23680) DBB: write data from dla (00000000 00000000...)
(23680) DBB: write, last tick
(23686) DBB: write request from dla, addr 80100a00 id 0
(23686) DBB: write data from dla (00000000 00000000...)
(23686) DBB: write, last tick
(23692) DBB: write request from dla, addr 80100a00 id 0
(23692) DBB: write data from dla (00000000 00000000...)
(23692) DBB: write, last tick
(23698) DBB: write request from dla, addr 80100a00 id 0
(23698) DBB: write data from dla (00000000 00000000...)
(23698) DBB: write, last tick
(23704) DBB: write request from dla, addr 80100a00 id 0
(23704) DBB: write data from dla (00000000 00000000...)
(23704) DBB: write, last tick
(23710) DBB: write request from dla, addr 80100a00 id 0
(23710) DBB: write data from dla (00000000 00000000...)
(23710) DBB: write, last tick
(23716) DBB: write request from dla, addr 80100a00 id 0
(23716) DBB: write data from dla (00000000 00000000...)
(23716) DBB: write, last tick
(23722) DBB: write request from dla, addr 80100a00 id 0
(23722) DBB: write data from dla (00000000 00000000...)
(23722) DBB: write, last tick
(23728) DBB: write request from dla, addr 80100a00 id 0
(23728) DBB: write data from dla (00000000 00000000...)
(23728) DBB: write, last tick
(23734) DBB: write request from dla, addr 80100a00 id 0
(23734) DBB: write data from dla (00000000 00000000...)
(23734) DBB: write, last tick
(23740) DBB: write request from dla, addr 80100a00 id 0
(23740) DBB: write data from dla (00000000 00000000...)
(23740) DBB: write, last tick
(23746) DBB: write request from dla, addr 80100a00 id 0
(23746) DBB: write data from dla (00000000 00000000...)
(23746) DBB: write, last tick
(23752) DBB: write request from dla, addr 80100a00 id 0
(23752) DBB: write data from dla (00000000 00000000...)
(23752) DBB: write, last tick
(23758) DBB: write request from dla, addr 80100a00 id 0
(23758) DBB: write data from dla (00000000 00000000...)
(23758) DBB: write, last tick
(23764) DBB: write request from dla, addr 80100a00 id 0
(23764) DBB: write data from dla (00000000 00000000...)
(23764) DBB: write, last tick
(23770) DBB: write request from dla, addr 80100a00 id 0
(23770) DBB: write data from dla (00000000 00000000...)
(23770) DBB: write, last tick
(23776) DBB: write request from dla, addr 80100a00 id 0
(23776) DBB: write data from dla (00000000 00000000...)
(23776) DBB: write, last tick
(23782) DBB: write request from dla, addr 80100a00 id 0
(23782) DBB: write data from dla (00000000 00000000...)
(23782) DBB: write, last tick
(23788) DBB: write request from dla, addr 80100a00 id 0
(23788) DBB: write data from dla (00000000 00000000...)
(23788) DBB: write, last tick
(23794) DBB: write request from dla, addr 80100a00 id 0
(23794) DBB: write data from dla (00000000 00000000...)
(23794) DBB: write, last tick
(23800) DBB: write request from dla, addr 80100a00 id 0
(23800) DBB: write data from dla (00000000 00000000...)
(23800) DBB: write, last tick
(23806) DBB: write request from dla, addr 80100a00 id 0
(23806) DBB: write data from dla (00000000 00000000...)
(23806) DBB: write, last tick
(23812) DBB: write request from dla, addr 80100a00 id 0
(23812) DBB: write data from dla (00000000 00000000...)
(23812) DBB: write, last tick
(23818) DBB: write request from dla, addr 80100a00 id 0
(23818) DBB: write data from dla (00000000 00000000...)
(23818) DBB: write, last tick
(23824) DBB: write request from dla, addr 80100a00 id 0
(23824) DBB: write data from dla (00000000 00000000...)
(23824) DBB: write, last tick
(23830) DBB: write request from dla, addr 80100a00 id 0
(23830) DBB: write data from dla (00000000 00000000...)
(23830) DBB: write, last tick
(23836) DBB: write request from dla, addr 80100a00 id 0
(23836) DBB: write data from dla (00000000 00000000...)
(23836) DBB: write, last tick
(23842) DBB: write request from dla, addr 80100a00 id 0
(23842) DBB: write data from dla (00000000 00000000...)
(23842) DBB: write, last tick
(23848) DBB: write request from dla, addr 80100a00 id 0
(23848) DBB: write data from dla (00000000 00000000...)
(23848) DBB: write, last tick
(23854) DBB: write request from dla, addr 80100a00 id 0
(23854) DBB: write data from dla (00000000 00000000...)
(23854) DBB: write, last tick
(23860) DBB: write request from dla, addr 80100a00 id 0
(23860) DBB: write data from dla (00000000 00000000...)
(23860) DBB: write, last tick
(23866) DBB: write request from dla, addr 80100a00 id 0
(23866) DBB: write data from dla (00000000 00000000...)
(23866) DBB: write, last tick
(23872) DBB: write request from dla, addr 80100a00 id 0
(23872) DBB: write data from dla (00000000 00000000...)
(23872) DBB: write, last tick
(23878) DBB: write request from dla, addr 80100a00 id 0
(23878) DBB: write data from dla (00000000 00000000...)
(23878) DBB: write, last tick
(23884) DBB: write request from dla, addr 80100a00 id 0
(23884) DBB: write data from dla (00000000 00000000...)
(23884) DBB: write, last tick
(23890) DBB: write request from dla, addr 80100a00 id 0
(23890) DBB: write data from dla (00000000 00000000...)
(23890) DBB: write, last tick
(23896) DBB: write request from dla, addr 80100a00 id 0
(23896) DBB: write data from dla (00000000 00000000...)
(23896) DBB: write, last tick
(23902) DBB: write request from dla, addr 80100a00 id 0
(23902) DBB: write data from dla (00000000 00000000...)
(23902) DBB: write, last tick
(23908) DBB: write request from dla, addr 80100a00 id 0
(23908) DBB: write data from dla (00000000 00000000...)
(23908) DBB: write, last tick
(23914) DBB: write request from dla, addr 80100a00 id 0
(23914) DBB: write data from dla (00000000 00000000...)
(23914) DBB: write, last tick
(23920) DBB: write request from dla, addr 80100a00 id 0
(23920) DBB: write data from dla (00000000 00000000...)
(23920) DBB: write, last tick
(23926) DBB: write request from dla, addr 80100a00 id 0
(23926) DBB: write data from dla (00000000 00000000...)
(23926) DBB: write, last tick
(23932) DBB: write request from dla, addr 80100a00 id 0
(23932) DBB: write data from dla (00000000 00000000...)
(23932) DBB: write, last tick
(23938) DBB: write request from dla, addr 80100a00 id 0
(23938) DBB: write data from dla (00000000 00000000...)
(23938) DBB: write, last tick
(23944) DBB: write request from dla, addr 80100a00 id 0
(23944) DBB: write data from dla (00000000 00000000...)
(23944) DBB: write, last tick
(23950) DBB: write request from dla, addr 80100a00 id 0
(23950) DBB: write data from dla (00000000 00000000...)
(23950) DBB: write, last tick
(23956) DBB: write request from dla, addr 80100a00 id 0
(23956) DBB: write data from dla (00000000 00000000...)
(23956) DBB: write, last tick
(23962) DBB: write request from dla, addr 80100a00 id 0
(23962) DBB: write data from dla (00000000 00000000...)
(23962) DBB: write, last tick
(23968) DBB: write request from dla, addr 80100a00 id 0
(23968) DBB: write data from dla (00000000 00000000...)
(23968) DBB: write, last tick
(23974) DBB: write request from dla, addr 80100a00 id 0
(23974) DBB: write data from dla (00000000 00000000...)
(23974) DBB: write, last tick
(23980) DBB: write request from dla, addr 80100a00 id 0
(23980) DBB: write data from dla (00000000 00000000...)
(23980) DBB: write, last tick
(23986) DBB: write request from dla, addr 80100a00 id 0
(23986) DBB: write data from dla (00000000 00000000...)
(23986) DBB: write, last tick
(23992) DBB: write request from dla, addr 80100a00 id 0
(23992) DBB: write data from dla (00000000 00000000...)
(23992) DBB: write, last tick
(23998) DBB: write request from dla, addr 80100a00 id 0
(23998) DBB: write data from dla (00000000 00000000...)
(23998) DBB: write, last tick
(24004) DBB: write request from dla, addr 80100a00 id 0
(24004) DBB: write data from dla (00000000 00000000...)
(24004) DBB: write, last tick
(24010) DBB: write request from dla, addr 80100a00 id 0
(24010) DBB: write data from dla (00000000 00000000...)
(24010) DBB: write, last tick
(24016) DBB: write request from dla, addr 80100a40 id 0
(24016) DBB: write data from dla (00000065 00000000...)
(24016) DBB: write, last tick
(24022) DBB: write request from dla, addr 80100a40 id 0
(24022) DBB: write data from dla (00003000 00000000...)
(24022) DBB: write, last tick
(24028) DBB: write request from dla, addr 80100a40 id 0
(24028) DBB: write data from dla (00650000 00000000...)
(24028) DBB: write, last tick
(24034) DBB: write request from dla, addr 80100a40 id 0
(24034) DBB: write data from dla (31000000 00000000...)
(24034) DBB: write, last tick
(24040) DBB: write request from dla, addr 80100a40 id 0
(24040) DBB: write data from dla (00000000 00000065...)
(24040) DBB: write, last tick
(24046) DBB: write request from dla, addr 80100a40 id 0
(24046) DBB: write data from dla (00000000 00003200...)
(24046) DBB: write, last tick
(24052) DBB: write request from dla, addr 80100a40 id 0
(24052) DBB: write data from dla (00000000 00650000...)
(24052) DBB: write, last tick
(24058) DBB: write request from dla, addr 80100a40 id 0
(24058) DBB: write data from dla (00000000 33000000...)
(24058) DBB: write, last tick
(24064) DBB: write request from dla, addr 80100a40 id 0
(24064) DBB: write data from dla (00000000 00000000...)
(24064) DBB: write, last tick
(24070) DBB: write request from dla, addr 80100a40 id 0
(24070) DBB: write data from dla (00000000 00000000...)
(24070) DBB: write, last tick
(24076) DBB: write request from dla, addr 80100a40 id 0
(24076) DBB: write data from dla (00000000 00000000...)
(24076) DBB: write, last tick
(24082) DBB: write request from dla, addr 80100a40 id 0
(24082) DBB: write data from dla (00000000 00000000...)
(24082) DBB: write, last tick
(24088) DBB: write request from dla, addr 80100a40 id 0
(24088) DBB: write data from dla (00000000 00000000...)
(24088) DBB: write, last tick
(24094) DBB: write request from dla, addr 80100a40 id 0
(24094) DBB: write data from dla (00000000 00000000...)
(24094) DBB: write, last tick
(24100) DBB: write request from dla, addr 80100a40 id 0
(24100) DBB: write data from dla (00000000 00000000...)
(24100) DBB: write, last tick
(24106) DBB: write request from dla, addr 80100a40 id 0
(24106) DBB: write data from dla (00000000 00000000...)
(24106) DBB: write, last tick
(24112) DBB: write request from dla, addr 80100a40 id 0
(24112) DBB: write data from dla (00000000 00000000...)
(24112) DBB: write, last tick
(24118) DBB: write request from dla, addr 80100a40 id 0
(24118) DBB: write data from dla (00000000 00000000...)
(24118) DBB: write, last tick
(24124) DBB: write request from dla, addr 80100a40 id 0
(24124) DBB: write data from dla (00000000 00000000...)
(24124) DBB: write, last tick
(24130) DBB: write request from dla, addr 80100a40 id 0
(24130) DBB: write data from dla (00000000 00000000...)
(24130) DBB: write, last tick
(24136) DBB: write request from dla, addr 80100a40 id 0
(24136) DBB: write data from dla (00000000 00000000...)
(24136) DBB: write, last tick
(24142) DBB: write request from dla, addr 80100a40 id 0
(24142) DBB: write data from dla (00000000 00000000...)
(24142) DBB: write, last tick
(24148) DBB: write request from dla, addr 80100a40 id 0
(24148) DBB: write data from dla (00000000 00000000...)
(24148) DBB: write, last tick
(24154) DBB: write request from dla, addr 80100a40 id 0
(24154) DBB: write data from dla (00000000 00000000...)
(24154) DBB: write, last tick
(24160) DBB: write request from dla, addr 80100a40 id 0
(24160) DBB: write data from dla (00000000 00000000...)
(24160) DBB: write, last tick
(24166) DBB: write request from dla, addr 80100a40 id 0
(24166) DBB: write data from dla (00000000 00000000...)
(24166) DBB: write, last tick
(24172) DBB: write request from dla, addr 80100a40 id 0
(24172) DBB: write data from dla (00000000 00000000...)
(24172) DBB: write, last tick
(24178) DBB: write request from dla, addr 80100a40 id 0
(24178) DBB: write data from dla (00000000 00000000...)
(24178) DBB: write, last tick
(24184) DBB: write request from dla, addr 80100a40 id 0
(24184) DBB: write data from dla (00000000 00000000...)
(24184) DBB: write, last tick
(24190) DBB: write request from dla, addr 80100a40 id 0
(24190) DBB: write data from dla (00000000 00000000...)
(24190) DBB: write, last tick
(24196) DBB: write request from dla, addr 80100a40 id 0
(24196) DBB: write data from dla (00000000 00000000...)
(24196) DBB: write, last tick
(24202) DBB: write request from dla, addr 80100a40 id 0
(24202) DBB: write data from dla (00000000 00000000...)
(24202) DBB: write, last tick
(24208) DBB: write request from dla, addr 80100a40 id 0
(24208) DBB: write data from dla (00000000 00000000...)
(24208) DBB: write, last tick
(24214) DBB: write request from dla, addr 80100a40 id 0
(24214) DBB: write data from dla (00000000 00000000...)
(24214) DBB: write, last tick
(24220) DBB: write request from dla, addr 80100a40 id 0
(24220) DBB: write data from dla (00000000 00000000...)
(24220) DBB: write, last tick
(24226) DBB: write request from dla, addr 80100a40 id 0
(24226) DBB: write data from dla (00000000 00000000...)
(24226) DBB: write, last tick
(24232) DBB: write request from dla, addr 80100a40 id 0
(24232) DBB: write data from dla (00000000 00000000...)
(24232) DBB: write, last tick
(24238) DBB: write request from dla, addr 80100a40 id 0
(24238) DBB: write data from dla (00000000 00000000...)
(24238) DBB: write, last tick
(24244) DBB: write request from dla, addr 80100a40 id 0
(24244) DBB: write data from dla (00000000 00000000...)
(24244) DBB: write, last tick
(24250) DBB: write request from dla, addr 80100a40 id 0
(24250) DBB: write data from dla (00000000 00000000...)
(24250) DBB: write, last tick
(24256) DBB: write request from dla, addr 80100a40 id 0
(24256) DBB: write data from dla (00000000 00000000...)
(24256) DBB: write, last tick
(24262) DBB: write request from dla, addr 80100a40 id 0
(24262) DBB: write data from dla (00000000 00000000...)
(24262) DBB: write, last tick
(24268) DBB: write request from dla, addr 80100a40 id 0
(24268) DBB: write data from dla (00000000 00000000...)
(24268) DBB: write, last tick
(24274) DBB: write request from dla, addr 80100a40 id 0
(24274) DBB: write data from dla (00000000 00000000...)
(24274) DBB: write, last tick
(24280) DBB: write request from dla, addr 80100a40 id 0
(24280) DBB: write data from dla (00000000 00000000...)
(24280) DBB: write, last tick
(24286) DBB: write request from dla, addr 80100a40 id 0
(24286) DBB: write data from dla (00000000 00000000...)
(24286) DBB: write, last tick
(24292) DBB: write request from dla, addr 80100a40 id 0
(24292) DBB: write data from dla (00000000 00000000...)
(24292) DBB: write, last tick
(24298) DBB: write request from dla, addr 80100a40 id 0
(24298) DBB: write data from dla (00000000 00000000...)
(24298) DBB: write, last tick
(24304) DBB: write request from dla, addr 80100a40 id 0
(24304) DBB: write data from dla (00000000 00000000...)
(24304) DBB: write, last tick
(24310) DBB: write request from dla, addr 80100a40 id 0
(24310) DBB: write data from dla (00000000 00000000...)
(24310) DBB: write, last tick
(24316) DBB: write request from dla, addr 80100a40 id 0
(24316) DBB: write data from dla (00000000 00000000...)
(24316) DBB: write, last tick
(24322) DBB: write request from dla, addr 80100a40 id 0
(24322) DBB: write data from dla (00000000 00000000...)
(24322) DBB: write, last tick
(24328) DBB: write request from dla, addr 80100a40 id 0
(24328) DBB: write data from dla (00000000 00000000...)
(24328) DBB: write, last tick
(24334) DBB: write request from dla, addr 80100a40 id 0
(24334) DBB: write data from dla (00000000 00000000...)
(24334) DBB: write, last tick
(24340) DBB: write request from dla, addr 80100a40 id 0
(24340) DBB: write data from dla (00000000 00000000...)
(24340) DBB: write, last tick
(24346) DBB: write request from dla, addr 80100a40 id 0
(24346) DBB: write data from dla (00000000 00000000...)
(24346) DBB: write, last tick
(24352) DBB: write request from dla, addr 80100a40 id 0
(24352) DBB: write data from dla (00000000 00000000...)
(24352) DBB: write, last tick
(24358) DBB: write request from dla, addr 80100a40 id 0
(24358) DBB: write data from dla (00000000 00000000...)
(24358) DBB: write, last tick
(24364) DBB: write request from dla, addr 80100a40 id 0
(24364) DBB: write data from dla (00000000 00000000...)
(24364) DBB: write, last tick
(24370) DBB: write request from dla, addr 80100a40 id 0
(24370) DBB: write data from dla (00000000 00000000...)
(24370) DBB: write, last tick
(24376) DBB: write request from dla, addr 80100a40 id 0
(24376) DBB: write data from dla (00000000 00000000...)
(24376) DBB: write, last tick
(24382) DBB: write request from dla, addr 80100a40 id 0
(24382) DBB: write data from dla (00000000 00000000...)
(24382) DBB: write, last tick
(24388) DBB: write request from dla, addr 80100a40 id 0
(24388) DBB: write data from dla (00000000 00000000...)
(24388) DBB: write, last tick
(24394) DBB: write request from dla, addr 80100a40 id 0
(24394) DBB: write data from dla (00000000 00000000...)
(24394) DBB: write, last tick
(24400) DBB: write request from dla, addr 80100a80 id 0
(24400) DBB: write data from dla (00000016 00000000...)
(24400) DBB: write, last tick
(24406) DBB: write request from dla, addr 80100a80 id 0
(24406) DBB: write data from dla (00003000 00000000...)
(24406) DBB: write, last tick
(24412) DBB: write request from dla, addr 80100a80 id 0
(24412) DBB: write data from dla (00160000 00000000...)
(24412) DBB: write, last tick
(24418) DBB: write request from dla, addr 80100a80 id 0
(24418) DBB: write data from dla (31000000 00000000...)
(24418) DBB: write, last tick
(24424) DBB: write request from dla, addr 80100a80 id 0
(24424) DBB: write data from dla (00000000 00000016...)
(24424) DBB: write, last tick
(24430) DBB: write request from dla, addr 80100a80 id 0
(24430) DBB: write data from dla (00000000 00003200...)
(24430) DBB: write, last tick
(24436) DBB: write request from dla, addr 80100a80 id 0
(24436) DBB: write data from dla (00000000 00160000...)
(24436) DBB: write, last tick
(24442) DBB: write request from dla, addr 80100a80 id 0
(24442) DBB: write data from dla (00000000 33000000...)
(24442) DBB: write, last tick
(24448) DBB: write request from dla, addr 80100a80 id 0
(24448) DBB: write data from dla (00000000 00000000...)
(24448) DBB: write, last tick
(24454) DBB: write request from dla, addr 80100a80 id 0
(24454) DBB: write data from dla (00000000 00000000...)
(24454) DBB: write, last tick
(24460) DBB: write request from dla, addr 80100a80 id 0
(24460) DBB: write data from dla (00000000 00000000...)
(24460) DBB: write, last tick
(24466) DBB: write request from dla, addr 80100a80 id 0
(24466) DBB: write data from dla (00000000 00000000...)
(24466) DBB: write, last tick
(24472) DBB: write request from dla, addr 80100a80 id 0
(24472) DBB: write data from dla (00000000 00000000...)
(24472) DBB: write, last tick
(24478) DBB: write request from dla, addr 80100a80 id 0
(24478) DBB: write data from dla (00000000 00000000...)
(24478) DBB: write, last tick
(24484) DBB: write request from dla, addr 80100a80 id 0
(24484) DBB: write data from dla (00000000 00000000...)
(24484) DBB: write, last tick
(24490) DBB: write request from dla, addr 80100a80 id 0
(24490) DBB: write data from dla (00000000 00000000...)
(24490) DBB: write, last tick
(24496) DBB: write request from dla, addr 80100a80 id 0
(24496) DBB: write data from dla (00000000 00000000...)
(24496) DBB: write, last tick
(24502) DBB: write request from dla, addr 80100a80 id 0
(24502) DBB: write data from dla (00000000 00000000...)
(24502) DBB: write, last tick
(24508) DBB: write request from dla, addr 80100a80 id 0
(24508) DBB: write data from dla (00000000 00000000...)
(24508) DBB: write, last tick
(24514) DBB: write request from dla, addr 80100a80 id 0
(24514) DBB: write data from dla (00000000 00000000...)
(24514) DBB: write, last tick
(24520) DBB: write request from dla, addr 80100a80 id 0
(24520) DBB: write data from dla (00000000 00000000...)
(24520) DBB: write, last tick
(24526) DBB: write request from dla, addr 80100a80 id 0
(24526) DBB: write data from dla (00000000 00000000...)
(24526) DBB: write, last tick
(24532) DBB: write request from dla, addr 80100a80 id 0
(24532) DBB: write data from dla (00000000 00000000...)
(24532) DBB: write, last tick
(24538) DBB: write request from dla, addr 80100a80 id 0
(24538) DBB: write data from dla (00000000 00000000...)
(24538) DBB: write, last tick
(24544) DBB: write request from dla, addr 80100a80 id 0
(24544) DBB: write data from dla (00000000 00000000...)
(24544) DBB: write, last tick
(24550) DBB: write request from dla, addr 80100a80 id 0
(24550) DBB: write data from dla (00000000 00000000...)
(24550) DBB: write, last tick
(24556) DBB: write request from dla, addr 80100a80 id 0
(24556) DBB: write data from dla (00000000 00000000...)
(24556) DBB: write, last tick
(24562) DBB: write request from dla, addr 80100a80 id 0
(24562) DBB: write data from dla (00000000 00000000...)
(24562) DBB: write, last tick
(24568) DBB: write request from dla, addr 80100a80 id 0
(24568) DBB: write data from dla (00000000 00000000...)
(24568) DBB: write, last tick
(24574) DBB: write request from dla, addr 80100a80 id 0
(24574) DBB: write data from dla (00000000 00000000...)
(24574) DBB: write, last tick
(24580) DBB: write request from dla, addr 80100a80 id 0
(24580) DBB: write data from dla (00000000 00000000...)
(24580) DBB: write, last tick
(24586) DBB: write request from dla, addr 80100a80 id 0
(24586) DBB: write data from dla (00000000 00000000...)
(24586) DBB: write, last tick
(24592) DBB: write request from dla, addr 80100a80 id 0
(24592) DBB: write data from dla (00000000 00000000...)
(24592) DBB: write, last tick
(24598) DBB: write request from dla, addr 80100a80 id 0
(24598) DBB: write data from dla (00000000 00000000...)
(24598) DBB: write, last tick
(24604) DBB: write request from dla, addr 80100a80 id 0
(24604) DBB: write data from dla (00000000 00000000...)
(24604) DBB: write, last tick
(24610) DBB: write request from dla, addr 80100a80 id 0
(24610) DBB: write data from dla (00000000 00000000...)
(24610) DBB: write, last tick
(24616) DBB: write request from dla, addr 80100a80 id 0
(24616) DBB: write data from dla (00000000 00000000...)
(24616) DBB: write, last tick
(24622) DBB: write request from dla, addr 80100a80 id 0
(24622) DBB: write data from dla (00000000 00000000...)
(24622) DBB: write, last tick
(24628) DBB: write request from dla, addr 80100a80 id 0
(24628) DBB: write data from dla (00000000 00000000...)
(24628) DBB: write, last tick
(24634) DBB: write request from dla, addr 80100a80 id 0
(24634) DBB: write data from dla (00000000 00000000...)
(24634) DBB: write, last tick
(24640) DBB: write request from dla, addr 80100a80 id 0
(24640) DBB: write data from dla (00000000 00000000...)
(24640) DBB: write, last tick
(24646) DBB: write request from dla, addr 80100a80 id 0
(24646) DBB: write data from dla (00000000 00000000...)
(24646) DBB: write, last tick
(24652) DBB: write request from dla, addr 80100a80 id 0
(24652) DBB: write data from dla (00000000 00000000...)
(24652) DBB: write, last tick
(24658) DBB: write request from dla, addr 80100a80 id 0
(24658) DBB: write data from dla (00000000 00000000...)
(24658) DBB: write, last tick
(24664) DBB: write request from dla, addr 80100a80 id 0
(24664) DBB: write data from dla (00000000 00000000...)
(24664) DBB: write, last tick
(24670) DBB: write request from dla, addr 80100a80 id 0
(24670) DBB: write data from dla (00000000 00000000...)
(24670) DBB: write, last tick
(24676) DBB: write request from dla, addr 80100a80 id 0
(24676) DBB: write data from dla (00000000 00000000...)
(24676) DBB: write, last tick
(24682) DBB: write request from dla, addr 80100a80 id 0
(24682) DBB: write data from dla (00000000 00000000...)
(24682) DBB: write, last tick
(24688) DBB: write request from dla, addr 80100a80 id 0
(24688) DBB: write data from dla (00000000 00000000...)
(24688) DBB: write, last tick
(24694) DBB: write request from dla, addr 80100a80 id 0
(24694) DBB: write data from dla (00000000 00000000...)
(24694) DBB: write, last tick
(24700) DBB: write request from dla, addr 80100a80 id 0
(24700) DBB: write data from dla (00000000 00000000...)
(24700) DBB: write, last tick
(24706) DBB: write request from dla, addr 80100a80 id 0
(24706) DBB: write data from dla (00000000 00000000...)
(24706) DBB: write, last tick
(24712) DBB: write request from dla, addr 80100a80 id 0
(24712) DBB: write data from dla (00000000 00000000...)
(24712) DBB: write, last tick
(24718) DBB: write request from dla, addr 80100a80 id 0
(24718) DBB: write data from dla (00000000 00000000...)
(24718) DBB: write, last tick
(24724) DBB: write request from dla, addr 80100a80 id 0
(24724) DBB: write data from dla (00000000 00000000...)
(24724) DBB: write, last tick
(24730) DBB: write request from dla, addr 80100a80 id 0
(24730) DBB: write data from dla (00000000 00000000...)
(24730) DBB: write, last tick
(24736) DBB: write request from dla, addr 80100a80 id 0
(24736) DBB: write data from dla (00000000 00000000...)
(24736) DBB: write, last tick
(24742) DBB: write request from dla, addr 80100a80 id 0
(24742) DBB: write data from dla (00000000 00000000...)
(24742) DBB: write, last tick
(24748) DBB: write request from dla, addr 80100a80 id 0
(24748) DBB: write data from dla (00000000 00000000...)
(24748) DBB: write, last tick
(24754) DBB: write request from dla, addr 80100a80 id 0
(24754) DBB: write data from dla (00000000 00000000...)
(24754) DBB: write, last tick
(24760) DBB: write request from dla, addr 80100a80 id 0
(24760) DBB: write data from dla (00000000 00000000...)
(24760) DBB: write, last tick
(24766) DBB: write request from dla, addr 80100a80 id 0
(24766) DBB: write data from dla (00000000 00000000...)
(24766) DBB: write, last tick
(24772) DBB: write request from dla, addr 80100a80 id 0
(24772) DBB: write data from dla (00000000 00000000...)
(24772) DBB: write, last tick
(24778) DBB: write request from dla, addr 80100a80 id 0
(24778) DBB: write data from dla (00000000 00000000...)
(24778) DBB: write, last tick
(24784) DBB: write request from dla, addr 80100ac0 id 0
(24784) DBB: write data from dla (00000036 00000000...)
(24784) DBB: write, last tick
(24790) DBB: write request from dla, addr 80100ac0 id 0
(24790) DBB: write data from dla (00003000 00000000...)
(24790) DBB: write, last tick
(24796) DBB: write request from dla, addr 80100ac0 id 0
(24796) DBB: write data from dla (00360000 00000000...)
(24796) DBB: write, last tick
(24802) DBB: write request from dla, addr 80100ac0 id 0
(24802) DBB: write data from dla (31000000 00000000...)
(24802) DBB: write, last tick
(24808) DBB: write request from dla, addr 80100ac0 id 0
(24808) DBB: write data from dla (00000000 00000036...)
(24808) DBB: write, last tick
(24814) DBB: write request from dla, addr 80100ac0 id 0
(24814) DBB: write data from dla (00000000 00003200...)
(24814) DBB: write, last tick
(24820) DBB: write request from dla, addr 80100ac0 id 0
(24820) DBB: write data from dla (00000000 00360000...)
(24820) DBB: write, last tick
(24826) DBB: write request from dla, addr 80100ac0 id 0
(24826) DBB: write data from dla (00000000 33000000...)
(24826) DBB: write, last tick
(24832) DBB: write request from dla, addr 80100ac0 id 0
(24832) DBB: write data from dla (00000000 00000000...)
(24832) DBB: write, last tick
(24838) DBB: write request from dla, addr 80100ac0 id 0
(24838) DBB: write data from dla (00000000 00000000...)
(24838) DBB: write, last tick
(24844) DBB: write request from dla, addr 80100ac0 id 0
(24844) DBB: write data from dla (00000000 00000000...)
(24844) DBB: write, last tick
(24850) DBB: write request from dla, addr 80100ac0 id 0
(24850) DBB: write data from dla (00000000 00000000...)
(24850) DBB: write, last tick
(24856) DBB: write request from dla, addr 80100ac0 id 0
(24856) DBB: write data from dla (00000000 00000000...)
(24856) DBB: write, last tick
(24862) DBB: write request from dla, addr 80100ac0 id 0
(24862) DBB: write data from dla (00000000 00000000...)
(24862) DBB: write, last tick
(24868) DBB: write request from dla, addr 80100ac0 id 0
(24868) DBB: write data from dla (00000000 00000000...)
(24868) DBB: write, last tick
(24874) DBB: write request from dla, addr 80100ac0 id 0
(24874) DBB: write data from dla (00000000 00000000...)
(24874) DBB: write, last tick
(24880) DBB: write request from dla, addr 80100ac0 id 0
(24880) DBB: write data from dla (00000000 00000000...)
(24880) DBB: write, last tick
(24886) DBB: write request from dla, addr 80100ac0 id 0
(24886) DBB: write data from dla (00000000 00000000...)
(24886) DBB: write, last tick
(24892) DBB: write request from dla, addr 80100ac0 id 0
(24892) DBB: write data from dla (00000000 00000000...)
(24892) DBB: write, last tick
(24898) DBB: write request from dla, addr 80100ac0 id 0
(24898) DBB: write data from dla (00000000 00000000...)
(24898) DBB: write, last tick
(24904) DBB: write request from dla, addr 80100ac0 id 0
(24904) DBB: write data from dla (00000000 00000000...)
(24904) DBB: write, last tick
(24910) DBB: write request from dla, addr 80100ac0 id 0
(24910) DBB: write data from dla (00000000 00000000...)
(24910) DBB: write, last tick
(24916) DBB: write request from dla, addr 80100ac0 id 0
(24916) DBB: write data from dla (00000000 00000000...)
(24916) DBB: write, last tick
(24922) DBB: write request from dla, addr 80100ac0 id 0
(24922) DBB: write data from dla (00000000 00000000...)
(24922) DBB: write, last tick
(24928) DBB: write request from dla, addr 80100ac0 id 0
(24928) DBB: write data from dla (00000000 00000000...)
(24928) DBB: write, last tick
(24934) DBB: write request from dla, addr 80100ac0 id 0
(24934) DBB: write data from dla (00000000 00000000...)
(24934) DBB: write, last tick
(24940) DBB: write request from dla, addr 80100ac0 id 0
(24940) DBB: write data from dla (00000000 00000000...)
(24940) DBB: write, last tick
(24946) DBB: write request from dla, addr 80100ac0 id 0
(24946) DBB: write data from dla (00000000 00000000...)
(24946) DBB: write, last tick
(24952) DBB: write request from dla, addr 80100ac0 id 0
(24952) DBB: write data from dla (00000000 00000000...)
(24952) DBB: write, last tick
(24958) DBB: write request from dla, addr 80100ac0 id 0
(24958) DBB: write data from dla (00000000 00000000...)
(24958) DBB: write, last tick
(24964) DBB: write request from dla, addr 80100ac0 id 0
(24964) DBB: write data from dla (00000000 00000000...)
(24964) DBB: write, last tick
(24970) DBB: write request from dla, addr 80100ac0 id 0
(24970) DBB: write data from dla (00000000 00000000...)
(24970) DBB: write, last tick
(24976) DBB: write request from dla, addr 80100ac0 id 0
(24976) DBB: write data from dla (00000000 00000000...)
(24976) DBB: write, last tick
(24982) DBB: write request from dla, addr 80100ac0 id 0
(24982) DBB: write data from dla (00000000 00000000...)
(24982) DBB: write, last tick
(24988) DBB: write request from dla, addr 80100ac0 id 0
(24988) DBB: write data from dla (00000000 00000000...)
(24988) DBB: write, last tick
(24994) DBB: write request from dla, addr 80100ac0 id 0
(24994) DBB: write data from dla (00000000 00000000...)
(24994) DBB: write, last tick
(25000) DBB: write request from dla, addr 80100ac0 id 0
(25000) DBB: write data from dla (00000000 00000000...)
(25000) DBB: write, last tick
(25006) DBB: write request from dla, addr 80100ac0 id 0
(25006) DBB: write data from dla (00000000 00000000...)
(25006) DBB: write, last tick
(25012) DBB: write request from dla, addr 80100ac0 id 0
(25012) DBB: write data from dla (00000000 00000000...)
(25012) DBB: write, last tick
(25018) DBB: write request from dla, addr 80100ac0 id 0
(25018) DBB: write data from dla (00000000 00000000...)
(25018) DBB: write, last tick
(25024) DBB: write request from dla, addr 80100ac0 id 0
(25024) DBB: write data from dla (00000000 00000000...)
(25024) DBB: write, last tick
(25030) DBB: write request from dla, addr 80100ac0 id 0
(25030) DBB: write data from dla (00000000 00000000...)
(25030) DBB: write, last tick
(25036) DBB: write request from dla, addr 80100ac0 id 0
(25036) DBB: write data from dla (00000000 00000000...)
(25036) DBB: write, last tick
(25042) DBB: write request from dla, addr 80100ac0 id 0
(25042) DBB: write data from dla (00000000 00000000...)
(25042) DBB: write, last tick
(25048) DBB: write request from dla, addr 80100ac0 id 0
(25048) DBB: write data from dla (00000000 00000000...)
(25048) DBB: write, last tick
(25054) DBB: write request from dla, addr 80100ac0 id 0
(25054) DBB: write data from dla (00000000 00000000...)
(25054) DBB: write, last tick
(25060) DBB: write request from dla, addr 80100ac0 id 0
(25060) DBB: write data from dla (00000000 00000000...)
(25060) DBB: write, last tick
(25066) DBB: write request from dla, addr 80100ac0 id 0
(25066) DBB: write data from dla (00000000 00000000...)
(25066) DBB: write, last tick
(25072) DBB: write request from dla, addr 80100ac0 id 0
(25072) DBB: write data from dla (00000000 00000000...)
(25072) DBB: write, last tick
(25078) DBB: write request from dla, addr 80100ac0 id 0
(25078) DBB: write data from dla (00000000 00000000...)
(25078) DBB: write, last tick
(25084) DBB: write request from dla, addr 80100ac0 id 0
(25084) DBB: write data from dla (00000000 00000000...)
(25084) DBB: write, last tick
(25090) DBB: write request from dla, addr 80100ac0 id 0
(25090) DBB: write data from dla (00000000 00000000...)
(25090) DBB: write, last tick
(25096) DBB: write request from dla, addr 80100ac0 id 0
(25096) DBB: write data from dla (00000000 00000000...)
(25096) DBB: write, last tick
(25102) DBB: write request from dla, addr 80100ac0 id 0
(25102) DBB: write data from dla (00000000 00000000...)
(25102) DBB: write, last tick
(25108) DBB: write request from dla, addr 80100ac0 id 0
(25108) DBB: write data from dla (00000000 00000000...)
(25108) DBB: write, last tick
(25114) DBB: write request from dla, addr 80100ac0 id 0
(25114) DBB: write data from dla (00000000 00000000...)
(25114) DBB: write, last tick
(25120) DBB: write request from dla, addr 80100ac0 id 0
(25120) DBB: write data from dla (00000000 00000000...)
(25120) DBB: write, last tick
(25126) DBB: write request from dla, addr 80100ac0 id 0
(25126) DBB: write data from dla (00000000 00000000...)
(25126) DBB: write, last tick
(25132) DBB: write request from dla, addr 80100ac0 id 0
(25132) DBB: write data from dla (00000000 00000000...)
(25132) DBB: write, last tick
(25138) DBB: write request from dla, addr 80100ac0 id 0
(25138) DBB: write data from dla (00000000 00000000...)
(25138) DBB: write, last tick
(25144) DBB: write request from dla, addr 80100ac0 id 0
(25144) DBB: write data from dla (00000000 00000000...)
(25144) DBB: write, last tick
(25150) DBB: write request from dla, addr 80100ac0 id 0
(25150) DBB: write data from dla (00000000 00000000...)
(25150) DBB: write, last tick
(25156) DBB: write request from dla, addr 80100ac0 id 0
(25156) DBB: write data from dla (00000000 00000000...)
(25156) DBB: write, last tick
(25162) DBB: write request from dla, addr 80100ac0 id 0
(25162) DBB: write data from dla (00000000 00000000...)
(25162) DBB: write, last tick
(25168) DBB: write request from dla, addr 80100b00 id 0
(25168) DBB: write data from dla (00000056 00000000...)
(25168) DBB: write, last tick
(25174) DBB: write request from dla, addr 80100b00 id 0
(25174) DBB: write data from dla (00003000 00000000...)
(25174) DBB: write, last tick
(25180) DBB: write request from dla, addr 80100b00 id 0
(25180) DBB: write data from dla (00560000 00000000...)
(25180) DBB: write, last tick
(25186) DBB: write request from dla, addr 80100b00 id 0
(25186) DBB: write data from dla (31000000 00000000...)
(25186) DBB: write, last tick
(25192) DBB: write request from dla, addr 80100b00 id 0
(25192) DBB: write data from dla (00000000 00000056...)
(25192) DBB: write, last tick
(25198) DBB: write request from dla, addr 80100b00 id 0
(25198) DBB: write data from dla (00000000 00003200...)
(25198) DBB: write, last tick
(25204) DBB: write request from dla, addr 80100b00 id 0
(25204) DBB: write data from dla (00000000 00560000...)
(25204) DBB: write, last tick
(25210) DBB: write request from dla, addr 80100b00 id 0
(25210) DBB: write data from dla (00000000 33000000...)
(25210) DBB: write, last tick
(25216) DBB: write request from dla, addr 80100b00 id 0
(25216) DBB: write data from dla (00000000 00000000...)
(25216) DBB: write, last tick
(25222) DBB: write request from dla, addr 80100b00 id 0
(25222) DBB: write data from dla (00000000 00000000...)
(25222) DBB: write, last tick
(25228) DBB: write request from dla, addr 80100b00 id 0
(25228) DBB: write data from dla (00000000 00000000...)
(25228) DBB: write, last tick
(25234) DBB: write request from dla, addr 80100b00 id 0
(25234) DBB: write data from dla (00000000 00000000...)
(25234) DBB: write, last tick
(25240) DBB: write request from dla, addr 80100b00 id 0
(25240) DBB: write data from dla (00000000 00000000...)
(25240) DBB: write, last tick
(25246) DBB: write request from dla, addr 80100b00 id 0
(25246) DBB: write data from dla (00000000 00000000...)
(25246) DBB: write, last tick
(25252) DBB: write request from dla, addr 80100b00 id 0
(25252) DBB: write data from dla (00000000 00000000...)
(25252) DBB: write, last tick
(25258) DBB: write request from dla, addr 80100b00 id 0
(25258) DBB: write data from dla (00000000 00000000...)
(25258) DBB: write, last tick
(25264) DBB: write request from dla, addr 80100b00 id 0
(25264) DBB: write data from dla (00000000 00000000...)
(25264) DBB: write, last tick
(25270) DBB: write request from dla, addr 80100b00 id 0
(25270) DBB: write data from dla (00000000 00000000...)
(25270) DBB: write, last tick
(25276) DBB: write request from dla, addr 80100b00 id 0
(25276) DBB: write data from dla (00000000 00000000...)
(25276) DBB: write, last tick
(25282) DBB: write request from dla, addr 80100b00 id 0
(25282) DBB: write data from dla (00000000 00000000...)
(25282) DBB: write, last tick
(25288) DBB: write request from dla, addr 80100b00 id 0
(25288) DBB: write data from dla (00000000 00000000...)
(25288) DBB: write, last tick
(25294) DBB: write request from dla, addr 80100b00 id 0
(25294) DBB: write data from dla (00000000 00000000...)
(25294) DBB: write, last tick
(25300) DBB: write request from dla, addr 80100b00 id 0
(25300) DBB: write data from dla (00000000 00000000...)
(25300) DBB: write, last tick
(25306) DBB: write request from dla, addr 80100b00 id 0
(25306) DBB: write data from dla (00000000 00000000...)
(25306) DBB: write, last tick
(25312) DBB: write request from dla, addr 80100b00 id 0
(25312) DBB: write data from dla (00000000 00000000...)
(25312) DBB: write, last tick
(25318) DBB: write request from dla, addr 80100b00 id 0
(25318) DBB: write data from dla (00000000 00000000...)
(25318) DBB: write, last tick
(25324) DBB: write request from dla, addr 80100b00 id 0
(25324) DBB: write data from dla (00000000 00000000...)
(25324) DBB: write, last tick
(25330) DBB: write request from dla, addr 80100b00 id 0
(25330) DBB: write data from dla (00000000 00000000...)
(25330) DBB: write, last tick
(25336) DBB: write request from dla, addr 80100b00 id 0
(25336) DBB: write data from dla (00000000 00000000...)
(25336) DBB: write, last tick
(25342) DBB: write request from dla, addr 80100b00 id 0
(25342) DBB: write data from dla (00000000 00000000...)
(25342) DBB: write, last tick
(25348) DBB: write request from dla, addr 80100b00 id 0
(25348) DBB: write data from dla (00000000 00000000...)
(25348) DBB: write, last tick
(25354) DBB: write request from dla, addr 80100b00 id 0
(25354) DBB: write data from dla (00000000 00000000...)
(25354) DBB: write, last tick
(25360) DBB: write request from dla, addr 80100b00 id 0
(25360) DBB: write data from dla (00000000 00000000...)
(25360) DBB: write, last tick
(25366) DBB: write request from dla, addr 80100b00 id 0
(25366) DBB: write data from dla (00000000 00000000...)
(25366) DBB: write, last tick
(25372) DBB: write request from dla, addr 80100b00 id 0
(25372) DBB: write data from dla (00000000 00000000...)
(25372) DBB: write, last tick
(25378) DBB: write request from dla, addr 80100b00 id 0
(25378) DBB: write data from dla (00000000 00000000...)
(25378) DBB: write, last tick
(25384) DBB: write request from dla, addr 80100b00 id 0
(25384) DBB: write data from dla (00000000 00000000...)
(25384) DBB: write, last tick
(25390) DBB: write request from dla, addr 80100b00 id 0
(25390) DBB: write data from dla (00000000 00000000...)
(25390) DBB: write, last tick
(25396) DBB: write request from dla, addr 80100b00 id 0
(25396) DBB: write data from dla (00000000 00000000...)
(25396) DBB: write, last tick
(25402) DBB: write request from dla, addr 80100b00 id 0
(25402) DBB: write data from dla (00000000 00000000...)
(25402) DBB: write, last tick
(25408) DBB: write request from dla, addr 80100b00 id 0
(25408) DBB: write data from dla (00000000 00000000...)
(25408) DBB: write, last tick
(25414) DBB: write request from dla, addr 80100b00 id 0
(25414) DBB: write data from dla (00000000 00000000...)
(25414) DBB: write, last tick
(25420) DBB: write request from dla, addr 80100b00 id 0
(25420) DBB: write data from dla (00000000 00000000...)
(25420) DBB: write, last tick
(25426) DBB: write request from dla, addr 80100b00 id 0
(25426) DBB: write data from dla (00000000 00000000...)
(25426) DBB: write, last tick
(25432) DBB: write request from dla, addr 80100b00 id 0
(25432) DBB: write data from dla (00000000 00000000...)
(25432) DBB: write, last tick
(25438) DBB: write request from dla, addr 80100b00 id 0
(25438) DBB: write data from dla (00000000 00000000...)
(25438) DBB: write, last tick
(25444) DBB: write request from dla, addr 80100b00 id 0
(25444) DBB: write data from dla (00000000 00000000...)
(25444) DBB: write, last tick
(25450) DBB: write request from dla, addr 80100b00 id 0
(25450) DBB: write data from dla (00000000 00000000...)
(25450) DBB: write, last tick
(25456) DBB: write request from dla, addr 80100b00 id 0
(25456) DBB: write data from dla (00000000 00000000...)
(25456) DBB: write, last tick
(25462) DBB: write request from dla, addr 80100b00 id 0
(25462) DBB: write data from dla (00000000 00000000...)
(25462) DBB: write, last tick
(25468) DBB: write request from dla, addr 80100b00 id 0
(25468) DBB: write data from dla (00000000 00000000...)
(25468) DBB: write, last tick
(25474) DBB: write request from dla, addr 80100b00 id 0
(25474) DBB: write data from dla (00000000 00000000...)
(25474) DBB: write, last tick
(25480) DBB: write request from dla, addr 80100b00 id 0
(25480) DBB: write data from dla (00000000 00000000...)
(25480) DBB: write, last tick
(25486) DBB: write request from dla, addr 80100b00 id 0
(25486) DBB: write data from dla (00000000 00000000...)
(25486) DBB: write, last tick
(25492) DBB: write request from dla, addr 80100b00 id 0
(25492) DBB: write data from dla (00000000 00000000...)
(25492) DBB: write, last tick
(25498) DBB: write request from dla, addr 80100b00 id 0
(25498) DBB: write data from dla (00000000 00000000...)
(25498) DBB: write, last tick
(25504) DBB: write request from dla, addr 80100b00 id 0
(25504) DBB: write data from dla (00000000 00000000...)
(25504) DBB: write, last tick
(25510) DBB: write request from dla, addr 80100b00 id 0
(25510) DBB: write data from dla (00000000 00000000...)
(25510) DBB: write, last tick
(25516) DBB: write request from dla, addr 80100b00 id 0
(25516) DBB: write data from dla (00000000 00000000...)
(25516) DBB: write, last tick
(25522) DBB: write request from dla, addr 80100b00 id 0
(25522) DBB: write data from dla (00000000 00000000...)
(25522) DBB: write, last tick
(25528) DBB: write request from dla, addr 80100b00 id 0
(25528) DBB: write data from dla (00000000 00000000...)
(25528) DBB: write, last tick
(25534) DBB: write request from dla, addr 80100b00 id 0
(25534) DBB: write data from dla (00000000 00000000...)
(25534) DBB: write, last tick
(25540) DBB: write request from dla, addr 80100b00 id 0
(25540) DBB: write data from dla (00000000 00000000...)
(25540) DBB: write, last tick
(25546) DBB: write request from dla, addr 80100b00 id 0
(25546) DBB: write data from dla (00000000 00000000...)
(25546) DBB: write, last tick
(25552) DBB: write request from dla, addr 80100b40 id 0
(25552) DBB: write data from dla (00000066 00000000...)
(25552) DBB: write, last tick
(25558) DBB: write request from dla, addr 80100b40 id 0
(25558) DBB: write data from dla (00003000 00000000...)
(25558) DBB: write, last tick
(25564) DBB: write request from dla, addr 80100b40 id 0
(25564) DBB: write data from dla (00660000 00000000...)
(25564) DBB: write, last tick
(25570) DBB: write request from dla, addr 80100b40 id 0
(25570) DBB: write data from dla (31000000 00000000...)
(25570) DBB: write, last tick
(25576) DBB: write request from dla, addr 80100b40 id 0
(25576) DBB: write data from dla (00000000 00000066...)
(25576) DBB: write, last tick
(25582) DBB: write request from dla, addr 80100b40 id 0
(25582) DBB: write data from dla (00000000 00003200...)
(25582) DBB: write, last tick
(25588) DBB: write request from dla, addr 80100b40 id 0
(25588) DBB: write data from dla (00000000 00660000...)
(25588) DBB: write, last tick
(25594) DBB: write request from dla, addr 80100b40 id 0
(25594) DBB: write data from dla (00000000 33000000...)
(25594) DBB: write, last tick
(25600) DBB: write request from dla, addr 80100b40 id 0
(25600) DBB: write data from dla (00000000 00000000...)
(25600) DBB: write, last tick
(25606) DBB: write request from dla, addr 80100b40 id 0
(25606) DBB: write data from dla (00000000 00000000...)
(25606) DBB: write, last tick
(25612) DBB: write request from dla, addr 80100b40 id 0
(25612) DBB: write data from dla (00000000 00000000...)
(25612) DBB: write, last tick
(25618) DBB: write request from dla, addr 80100b40 id 0
(25618) DBB: write data from dla (00000000 00000000...)
(25618) DBB: write, last tick
(25624) DBB: write request from dla, addr 80100b40 id 0
(25624) DBB: write data from dla (00000000 00000000...)
(25624) DBB: write, last tick
(25630) DBB: write request from dla, addr 80100b40 id 0
(25630) DBB: write data from dla (00000000 00000000...)
(25630) DBB: write, last tick
(25636) DBB: write request from dla, addr 80100b40 id 0
(25636) DBB: write data from dla (00000000 00000000...)
(25636) DBB: write, last tick
(25642) DBB: write request from dla, addr 80100b40 id 0
(25642) DBB: write data from dla (00000000 00000000...)
(25642) DBB: write, last tick
(25648) DBB: write request from dla, addr 80100b40 id 0
(25648) DBB: write data from dla (00000000 00000000...)
(25648) DBB: write, last tick
(25654) DBB: write request from dla, addr 80100b40 id 0
(25654) DBB: write data from dla (00000000 00000000...)
(25654) DBB: write, last tick
(25660) DBB: write request from dla, addr 80100b40 id 0
(25660) DBB: write data from dla (00000000 00000000...)
(25660) DBB: write, last tick
(25666) DBB: write request from dla, addr 80100b40 id 0
(25666) DBB: write data from dla (00000000 00000000...)
(25666) DBB: write, last tick
(25672) DBB: write request from dla, addr 80100b40 id 0
(25672) DBB: write data from dla (00000000 00000000...)
(25672) DBB: write, last tick
(25678) DBB: write request from dla, addr 80100b40 id 0
(25678) DBB: write data from dla (00000000 00000000...)
(25678) DBB: write, last tick
(25684) DBB: write request from dla, addr 80100b40 id 0
(25684) DBB: write data from dla (00000000 00000000...)
(25684) DBB: write, last tick
(25690) DBB: write request from dla, addr 80100b40 id 0
(25690) DBB: write data from dla (00000000 00000000...)
(25690) DBB: write, last tick
(25696) DBB: write request from dla, addr 80100b40 id 0
(25696) DBB: write data from dla (00000000 00000000...)
(25696) DBB: write, last tick
(25702) DBB: write request from dla, addr 80100b40 id 0
(25702) DBB: write data from dla (00000000 00000000...)
(25702) DBB: write, last tick
(25708) DBB: write request from dla, addr 80100b40 id 0
(25708) DBB: write data from dla (00000000 00000000...)
(25708) DBB: write, last tick
(25714) DBB: write request from dla, addr 80100b40 id 0
(25714) DBB: write data from dla (00000000 00000000...)
(25714) DBB: write, last tick
(25720) DBB: write request from dla, addr 80100b40 id 0
(25720) DBB: write data from dla (00000000 00000000...)
(25720) DBB: write, last tick
(25726) DBB: write request from dla, addr 80100b40 id 0
(25726) DBB: write data from dla (00000000 00000000...)
(25726) DBB: write, last tick
(25732) DBB: write request from dla, addr 80100b40 id 0
(25732) DBB: write data from dla (00000000 00000000...)
(25732) DBB: write, last tick
(25738) DBB: write request from dla, addr 80100b40 id 0
(25738) DBB: write data from dla (00000000 00000000...)
(25738) DBB: write, last tick
(25744) DBB: write request from dla, addr 80100b40 id 0
(25744) DBB: write data from dla (00000000 00000000...)
(25744) DBB: write, last tick
(25750) DBB: write request from dla, addr 80100b40 id 0
(25750) DBB: write data from dla (00000000 00000000...)
(25750) DBB: write, last tick
(25756) DBB: write request from dla, addr 80100b40 id 0
(25756) DBB: write data from dla (00000000 00000000...)
(25756) DBB: write, last tick
(25762) DBB: write request from dla, addr 80100b40 id 0
(25762) DBB: write data from dla (00000000 00000000...)
(25762) DBB: write, last tick
(25768) DBB: write request from dla, addr 80100b40 id 0
(25768) DBB: write data from dla (00000000 00000000...)
(25768) DBB: write, last tick
(25774) DBB: write request from dla, addr 80100b40 id 0
(25774) DBB: write data from dla (00000000 00000000...)
(25774) DBB: write, last tick
(25780) DBB: write request from dla, addr 80100b40 id 0
(25780) DBB: write data from dla (00000000 00000000...)
(25780) DBB: write, last tick
(25786) DBB: write request from dla, addr 80100b40 id 0
(25786) DBB: write data from dla (00000000 00000000...)
(25786) DBB: write, last tick
(25792) DBB: write request from dla, addr 80100b40 id 0
(25792) DBB: write data from dla (00000000 00000000...)
(25792) DBB: write, last tick
(25798) DBB: write request from dla, addr 80100b40 id 0
(25798) DBB: write data from dla (00000000 00000000...)
(25798) DBB: write, last tick
(25804) DBB: write request from dla, addr 80100b40 id 0
(25804) DBB: write data from dla (00000000 00000000...)
(25804) DBB: write, last tick
(25810) DBB: write request from dla, addr 80100b40 id 0
(25810) DBB: write data from dla (00000000 00000000...)
(25810) DBB: write, last tick
(25816) DBB: write request from dla, addr 80100b40 id 0
(25816) DBB: write data from dla (00000000 00000000...)
(25816) DBB: write, last tick
(25822) DBB: write request from dla, addr 80100b40 id 0
(25822) DBB: write data from dla (00000000 00000000...)
(25822) DBB: write, last tick
(25828) DBB: write request from dla, addr 80100b40 id 0
(25828) DBB: write data from dla (00000000 00000000...)
(25828) DBB: write, last tick
(25834) DBB: write request from dla, addr 80100b40 id 0
(25834) DBB: write data from dla (00000000 00000000...)
(25834) DBB: write, last tick
(25840) DBB: write request from dla, addr 80100b40 id 0
(25840) DBB: write data from dla (00000000 00000000...)
(25840) DBB: write, last tick
(25846) DBB: write request from dla, addr 80100b40 id 0
(25846) DBB: write data from dla (00000000 00000000...)
(25846) DBB: write, last tick
(25852) DBB: write request from dla, addr 80100b40 id 0
(25852) DBB: write data from dla (00000000 00000000...)
(25852) DBB: write, last tick
(25858) DBB: write request from dla, addr 80100b40 id 0
(25858) DBB: write data from dla (00000000 00000000...)
(25858) DBB: write, last tick
(25864) DBB: write request from dla, addr 80100b40 id 0
(25864) DBB: write data from dla (00000000 00000000...)
(25864) DBB: write, last tick
(25870) DBB: write request from dla, addr 80100b40 id 0
(25870) DBB: write data from dla (00000000 00000000...)
(25870) DBB: write, last tick
(25876) DBB: write request from dla, addr 80100b40 id 0
(25876) DBB: write data from dla (00000000 00000000...)
(25876) DBB: write, last tick
(25882) DBB: write request from dla, addr 80100b40 id 0
(25882) DBB: write data from dla (00000000 00000000...)
(25882) DBB: write, last tick
(25888) DBB: write request from dla, addr 80100b40 id 0
(25888) DBB: write data from dla (00000000 00000000...)
(25888) DBB: write, last tick
(25894) DBB: write request from dla, addr 80100b40 id 0
(25894) DBB: write data from dla (00000000 00000000...)
(25894) DBB: write, last tick
(25900) DBB: write request from dla, addr 80100b40 id 0
(25900) DBB: write data from dla (00000000 00000000...)
(25900) DBB: write, last tick
(25906) DBB: write request from dla, addr 80100b40 id 0
(25906) DBB: write data from dla (00000000 00000000...)
(25906) DBB: write, last tick
(25912) DBB: write request from dla, addr 80100b40 id 0
(25912) DBB: write data from dla (00000000 00000000...)
(25912) DBB: write, last tick
(25918) DBB: write request from dla, addr 80100b40 id 0
(25918) DBB: write data from dla (00000000 00000000...)
(25918) DBB: write, last tick
(25924) DBB: write request from dla, addr 80100b40 id 0
(25924) DBB: write data from dla (00000000 00000000...)
(25924) DBB: write, last tick
(25930) DBB: write request from dla, addr 80100b40 id 0
(25930) DBB: write data from dla (00000000 00000000...)
(25930) DBB: write, last tick
(25936) DBB: write request from dla, addr 80100b80 id 0
(25936) DBB: write data from dla (00000026 00000000...)
(25936) DBB: write, last tick
(25942) DBB: write request from dla, addr 80100b80 id 0
(25942) DBB: write data from dla (00003000 00000000...)
(25942) DBB: write, last tick
(25948) DBB: write request from dla, addr 80100b80 id 0
(25948) DBB: write data from dla (00260000 00000000...)
(25948) DBB: write, last tick
(25954) DBB: write request from dla, addr 80100b80 id 0
(25954) DBB: write data from dla (31000000 00000000...)
(25954) DBB: write, last tick
(25960) DBB: write request from dla, addr 80100b80 id 0
(25960) DBB: write data from dla (00000000 00000026...)
(25960) DBB: write, last tick
(25966) DBB: write request from dla, addr 80100b80 id 0
(25966) DBB: write data from dla (00000000 00003200...)
(25966) DBB: write, last tick
(25972) DBB: write request from dla, addr 80100b80 id 0
(25972) DBB: write data from dla (00000000 00260000...)
(25972) DBB: write, last tick
(25978) DBB: write request from dla, addr 80100b80 id 0
(25978) DBB: write data from dla (00000000 33000000...)
(25978) DBB: write, last tick
(25984) DBB: write request from dla, addr 80100b80 id 0
(25984) DBB: write data from dla (00000000 00000000...)
(25984) DBB: write, last tick
(25990) DBB: write request from dla, addr 80100b80 id 0
(25990) DBB: write data from dla (00000000 00000000...)
(25990) DBB: write, last tick
(25996) DBB: write request from dla, addr 80100b80 id 0
(25996) DBB: write data from dla (00000000 00000000...)
(25996) DBB: write, last tick
(26002) DBB: write request from dla, addr 80100b80 id 0
(26002) DBB: write data from dla (00000000 00000000...)
(26002) DBB: write, last tick
(26008) DBB: write request from dla, addr 80100b80 id 0
(26008) DBB: write data from dla (00000000 00000000...)
(26008) DBB: write, last tick
(26014) DBB: write request from dla, addr 80100b80 id 0
(26014) DBB: write data from dla (00000000 00000000...)
(26014) DBB: write, last tick
(26020) DBB: write request from dla, addr 80100b80 id 0
(26020) DBB: write data from dla (00000000 00000000...)
(26020) DBB: write, last tick
(26026) DBB: write request from dla, addr 80100b80 id 0
(26026) DBB: write data from dla (00000000 00000000...)
(26026) DBB: write, last tick
(26032) DBB: write request from dla, addr 80100b80 id 0
(26032) DBB: write data from dla (00000000 00000000...)
(26032) DBB: write, last tick
(26038) DBB: write request from dla, addr 80100b80 id 0
(26038) DBB: write data from dla (00000000 00000000...)
(26038) DBB: write, last tick
(26044) DBB: write request from dla, addr 80100b80 id 0
(26044) DBB: write data from dla (00000000 00000000...)
(26044) DBB: write, last tick
(26050) DBB: write request from dla, addr 80100b80 id 0
(26050) DBB: write data from dla (00000000 00000000...)
(26050) DBB: write, last tick
(26056) DBB: write request from dla, addr 80100b80 id 0
(26056) DBB: write data from dla (00000000 00000000...)
(26056) DBB: write, last tick
(26062) DBB: write request from dla, addr 80100b80 id 0
(26062) DBB: write data from dla (00000000 00000000...)
(26062) DBB: write, last tick
(26068) DBB: write request from dla, addr 80100b80 id 0
(26068) DBB: write data from dla (00000000 00000000...)
(26068) DBB: write, last tick
(26074) DBB: write request from dla, addr 80100b80 id 0
(26074) DBB: write data from dla (00000000 00000000...)
(26074) DBB: write, last tick
(26080) DBB: write request from dla, addr 80100b80 id 0
(26080) DBB: write data from dla (00000000 00000000...)
(26080) DBB: write, last tick
(26086) DBB: write request from dla, addr 80100b80 id 0
(26086) DBB: write data from dla (00000000 00000000...)
(26086) DBB: write, last tick
(26092) DBB: write request from dla, addr 80100b80 id 0
(26092) DBB: write data from dla (00000000 00000000...)
(26092) DBB: write, last tick
(26098) DBB: write request from dla, addr 80100b80 id 0
(26098) DBB: write data from dla (00000000 00000000...)
(26098) DBB: write, last tick
(26104) DBB: write request from dla, addr 80100b80 id 0
(26104) DBB: write data from dla (00000000 00000000...)
(26104) DBB: write, last tick
(26110) DBB: write request from dla, addr 80100b80 id 0
(26110) DBB: write data from dla (00000000 00000000...)
(26110) DBB: write, last tick
(26116) DBB: write request from dla, addr 80100b80 id 0
(26116) DBB: write data from dla (00000000 00000000...)
(26116) DBB: write, last tick
(26122) DBB: write request from dla, addr 80100b80 id 0
(26122) DBB: write data from dla (00000000 00000000...)
(26122) DBB: write, last tick
(26128) DBB: write request from dla, addr 80100b80 id 0
(26128) DBB: write data from dla (00000000 00000000...)
(26128) DBB: write, last tick
(26134) DBB: write request from dla, addr 80100b80 id 0
(26134) DBB: write data from dla (00000000 00000000...)
(26134) DBB: write, last tick
(26140) DBB: write request from dla, addr 80100b80 id 0
(26140) DBB: write data from dla (00000000 00000000...)
(26140) DBB: write, last tick
(26146) DBB: write request from dla, addr 80100b80 id 0
(26146) DBB: write data from dla (00000000 00000000...)
(26146) DBB: write, last tick
(26152) DBB: write request from dla, addr 80100b80 id 0
(26152) DBB: write data from dla (00000000 00000000...)
(26152) DBB: write, last tick
(26158) DBB: write request from dla, addr 80100b80 id 0
(26158) DBB: write data from dla (00000000 00000000...)
(26158) DBB: write, last tick
(26164) DBB: write request from dla, addr 80100b80 id 0
(26164) DBB: write data from dla (00000000 00000000...)
(26164) DBB: write, last tick
(26170) DBB: write request from dla, addr 80100b80 id 0
(26170) DBB: write data from dla (00000000 00000000...)
(26170) DBB: write, last tick
(26176) DBB: write request from dla, addr 80100b80 id 0
(26176) DBB: write data from dla (00000000 00000000...)
(26176) DBB: write, last tick
(26182) DBB: write request from dla, addr 80100b80 id 0
(26182) DBB: write data from dla (00000000 00000000...)
(26182) DBB: write, last tick
(26188) DBB: write request from dla, addr 80100b80 id 0
(26188) DBB: write data from dla (00000000 00000000...)
(26188) DBB: write, last tick
(26194) DBB: write request from dla, addr 80100b80 id 0
(26194) DBB: write data from dla (00000000 00000000...)
(26194) DBB: write, last tick
(26200) DBB: write request from dla, addr 80100b80 id 0
(26200) DBB: write data from dla (00000000 00000000...)
(26200) DBB: write, last tick
(26206) DBB: write request from dla, addr 80100b80 id 0
(26206) DBB: write data from dla (00000000 00000000...)
(26206) DBB: write, last tick
(26212) DBB: write request from dla, addr 80100b80 id 0
(26212) DBB: write data from dla (00000000 00000000...)
(26212) DBB: write, last tick
(26218) DBB: write request from dla, addr 80100b80 id 0
(26218) DBB: write data from dla (00000000 00000000...)
(26218) DBB: write, last tick
(26224) DBB: write request from dla, addr 80100b80 id 0
(26224) DBB: write data from dla (00000000 00000000...)
(26224) DBB: write, last tick
(26230) DBB: write request from dla, addr 80100b80 id 0
(26230) DBB: write data from dla (00000000 00000000...)
(26230) DBB: write, last tick
(26236) DBB: write request from dla, addr 80100b80 id 0
(26236) DBB: write data from dla (00000000 00000000...)
(26236) DBB: write, last tick
(26242) DBB: write request from dla, addr 80100b80 id 0
(26242) DBB: write data from dla (00000000 00000000...)
(26242) DBB: write, last tick
(26248) DBB: write request from dla, addr 80100b80 id 0
(26248) DBB: write data from dla (00000000 00000000...)
(26248) DBB: write, last tick
(26254) DBB: write request from dla, addr 80100b80 id 0
(26254) DBB: write data from dla (00000000 00000000...)
(26254) DBB: write, last tick
(26260) DBB: write request from dla, addr 80100b80 id 0
(26260) DBB: write data from dla (00000000 00000000...)
(26260) DBB: write, last tick
(26266) DBB: write request from dla, addr 80100b80 id 0
(26266) DBB: write data from dla (00000000 00000000...)
(26266) DBB: write, last tick
(26272) DBB: write request from dla, addr 80100b80 id 0
(26272) DBB: write data from dla (00000000 00000000...)
(26272) DBB: write, last tick
(26278) DBB: write request from dla, addr 80100b80 id 0
(26278) DBB: write data from dla (00000000 00000000...)
(26278) DBB: write, last tick
(26284) DBB: write request from dla, addr 80100b80 id 0
(26284) DBB: write data from dla (00000000 00000000...)
(26284) DBB: write, last tick
(26290) DBB: write request from dla, addr 80100b80 id 0
(26290) DBB: write data from dla (00000000 00000000...)
(26290) DBB: write, last tick
(26296) DBB: write request from dla, addr 80100b80 id 0
(26296) DBB: write data from dla (00000000 00000000...)
(26296) DBB: write, last tick
(26302) DBB: write request from dla, addr 80100b80 id 0
(26302) DBB: write data from dla (00000000 00000000...)
(26302) DBB: write, last tick
(26308) DBB: write request from dla, addr 80100b80 id 0
(26308) DBB: write data from dla (00000000 00000000...)
(26308) DBB: write, last tick
(26314) DBB: write request from dla, addr 80100b80 id 0
(26314) DBB: write data from dla (00000000 00000000...)
(26314) DBB: write, last tick
(26320) DBB: write request from dla, addr 80100bc0 id 0
(26320) DBB: write data from dla (00000046 00000000...)
(26320) DBB: write, last tick
(26326) DBB: write request from dla, addr 80100bc0 id 0
(26326) DBB: write data from dla (00003000 00000000...)
(26326) DBB: write, last tick
(26332) DBB: write request from dla, addr 80100bc0 id 0
(26332) DBB: write data from dla (00460000 00000000...)
(26332) DBB: write, last tick
(26338) DBB: write request from dla, addr 80100bc0 id 0
(26338) DBB: write data from dla (31000000 00000000...)
(26338) DBB: write, last tick
(26344) DBB: write request from dla, addr 80100bc0 id 0
(26344) DBB: write data from dla (00000000 00000046...)
(26344) DBB: write, last tick
(26350) DBB: write request from dla, addr 80100bc0 id 0
(26350) DBB: write data from dla (00000000 00003200...)
(26350) DBB: write, last tick
(26356) DBB: write request from dla, addr 80100bc0 id 0
(26356) DBB: write data from dla (00000000 00460000...)
(26356) DBB: write, last tick
(26362) DBB: write request from dla, addr 80100bc0 id 0
(26362) DBB: write data from dla (00000000 33000000...)
(26362) DBB: write, last tick
(26368) DBB: write request from dla, addr 80100bc0 id 0
(26368) DBB: write data from dla (00000000 00000000...)
(26368) DBB: write, last tick
(26374) DBB: write request from dla, addr 80100bc0 id 0
(26374) DBB: write data from dla (00000000 00000000...)
(26374) DBB: write, last tick
(26380) DBB: write request from dla, addr 80100bc0 id 0
(26380) DBB: write data from dla (00000000 00000000...)
(26380) DBB: write, last tick
(26386) DBB: write request from dla, addr 80100bc0 id 0
(26386) DBB: write data from dla (00000000 00000000...)
(26386) DBB: write, last tick
(26392) DBB: write request from dla, addr 80100bc0 id 0
(26392) DBB: write data from dla (00000000 00000000...)
(26392) DBB: write, last tick
(26398) DBB: write request from dla, addr 80100bc0 id 0
(26398) DBB: write data from dla (00000000 00000000...)
(26398) DBB: write, last tick
(26404) DBB: write request from dla, addr 80100bc0 id 0
(26404) DBB: write data from dla (00000000 00000000...)
(26404) DBB: write, last tick
(26410) DBB: write request from dla, addr 80100bc0 id 0
(26410) DBB: write data from dla (00000000 00000000...)
(26410) DBB: write, last tick
(26416) DBB: write request from dla, addr 80100bc0 id 0
(26416) DBB: write data from dla (00000000 00000000...)
(26416) DBB: write, last tick
(26422) DBB: write request from dla, addr 80100bc0 id 0
(26422) DBB: write data from dla (00000000 00000000...)
(26422) DBB: write, last tick
(26428) DBB: write request from dla, addr 80100bc0 id 0
(26428) DBB: write data from dla (00000000 00000000...)
(26428) DBB: write, last tick
(26434) DBB: write request from dla, addr 80100bc0 id 0
(26434) DBB: write data from dla (00000000 00000000...)
(26434) DBB: write, last tick
(26440) DBB: write request from dla, addr 80100bc0 id 0
(26440) DBB: write data from dla (00000000 00000000...)
(26440) DBB: write, last tick
(26446) DBB: write request from dla, addr 80100bc0 id 0
(26446) DBB: write data from dla (00000000 00000000...)
(26446) DBB: write, last tick
(26452) DBB: write request from dla, addr 80100bc0 id 0
(26452) DBB: write data from dla (00000000 00000000...)
(26452) DBB: write, last tick
(26458) DBB: write request from dla, addr 80100bc0 id 0
(26458) DBB: write data from dla (00000000 00000000...)
(26458) DBB: write, last tick
(26464) DBB: write request from dla, addr 80100bc0 id 0
(26464) DBB: write data from dla (00000000 00000000...)
(26464) DBB: write, last tick
(26470) DBB: write request from dla, addr 80100bc0 id 0
(26470) DBB: write data from dla (00000000 00000000...)
(26470) DBB: write, last tick
(26476) DBB: write request from dla, addr 80100bc0 id 0
(26476) DBB: write data from dla (00000000 00000000...)
(26476) DBB: write, last tick
(26482) DBB: write request from dla, addr 80100bc0 id 0
(26482) DBB: write data from dla (00000000 00000000...)
(26482) DBB: write, last tick
(26488) DBB: write request from dla, addr 80100bc0 id 0
(26488) DBB: write data from dla (00000000 00000000...)
(26488) DBB: write, last tick
(26494) DBB: write request from dla, addr 80100bc0 id 0
(26494) DBB: write data from dla (00000000 00000000...)
(26494) DBB: write, last tick
(26500) DBB: write request from dla, addr 80100bc0 id 0
(26500) DBB: write data from dla (00000000 00000000...)
(26500) DBB: write, last tick
(26506) DBB: write request from dla, addr 80100bc0 id 0
(26506) DBB: write data from dla (00000000 00000000...)
(26506) DBB: write, last tick
(26512) DBB: write request from dla, addr 80100bc0 id 0
(26512) DBB: write data from dla (00000000 00000000...)
(26512) DBB: write, last tick
(26518) DBB: write request from dla, addr 80100bc0 id 0
(26518) DBB: write data from dla (00000000 00000000...)
(26518) DBB: write, last tick
(26524) DBB: write request from dla, addr 80100bc0 id 0
(26524) DBB: write data from dla (00000000 00000000...)
(26524) DBB: write, last tick
(26530) DBB: write request from dla, addr 80100bc0 id 0
(26530) DBB: write data from dla (00000000 00000000...)
(26530) DBB: write, last tick
(26536) DBB: write request from dla, addr 80100bc0 id 0
(26536) DBB: write data from dla (00000000 00000000...)
(26536) DBB: write, last tick
(26542) DBB: write request from dla, addr 80100bc0 id 0
(26542) DBB: write data from dla (00000000 00000000...)
(26542) DBB: write, last tick
(26548) DBB: write request from dla, addr 80100bc0 id 0
(26548) DBB: write data from dla (00000000 00000000...)
(26548) DBB: write, last tick
(26554) DBB: write request from dla, addr 80100bc0 id 0
(26554) DBB: write data from dla (00000000 00000000...)
(26554) DBB: write, last tick
(26560) DBB: write request from dla, addr 80100bc0 id 0
(26560) DBB: write data from dla (00000000 00000000...)
(26560) DBB: write, last tick
(26566) DBB: write request from dla, addr 80100bc0 id 0
(26566) DBB: write data from dla (00000000 00000000...)
(26566) DBB: write, last tick
(26572) DBB: write request from dla, addr 80100bc0 id 0
(26572) DBB: write data from dla (00000000 00000000...)
(26572) DBB: write, last tick
(26578) DBB: write request from dla, addr 80100bc0 id 0
(26578) DBB: write data from dla (00000000 00000000...)
(26578) DBB: write, last tick
(26584) DBB: write request from dla, addr 80100bc0 id 0
(26584) DBB: write data from dla (00000000 00000000...)
(26584) DBB: write, last tick
(26590) DBB: write request from dla, addr 80100bc0 id 0
(26590) DBB: write data from dla (00000000 00000000...)
(26590) DBB: write, last tick
(26596) DBB: write request from dla, addr 80100bc0 id 0
(26596) DBB: write data from dla (00000000 00000000...)
(26596) DBB: write, last tick
(26602) DBB: write request from dla, addr 80100bc0 id 0
(26602) DBB: write data from dla (00000000 00000000...)
(26602) DBB: write, last tick
(26608) DBB: write request from dla, addr 80100bc0 id 0
(26608) DBB: write data from dla (00000000 00000000...)
(26608) DBB: write, last tick
(26614) DBB: write request from dla, addr 80100bc0 id 0
(26614) DBB: write data from dla (00000000 00000000...)
(26614) DBB: write, last tick
(26620) DBB: write request from dla, addr 80100bc0 id 0
(26620) DBB: write data from dla (00000000 00000000...)
(26620) DBB: write, last tick
(26626) DBB: write request from dla, addr 80100bc0 id 0
(26626) DBB: write data from dla (00000000 00000000...)
(26626) DBB: write, last tick
(26632) DBB: write request from dla, addr 80100bc0 id 0
(26632) DBB: write data from dla (00000000 00000000...)
(26632) DBB: write, last tick
(26638) DBB: write request from dla, addr 80100bc0 id 0
(26638) DBB: write data from dla (00000000 00000000...)
(26638) DBB: write, last tick
(26644) DBB: write request from dla, addr 80100bc0 id 0
(26644) DBB: write data from dla (00000000 00000000...)
(26644) DBB: write, last tick
(26650) DBB: write request from dla, addr 80100bc0 id 0
(26650) DBB: write data from dla (00000000 00000000...)
(26650) DBB: write, last tick
(26656) DBB: write request from dla, addr 80100bc0 id 0
(26656) DBB: write data from dla (00000000 00000000...)
(26656) DBB: write, last tick
(26662) DBB: write request from dla, addr 80100bc0 id 0
(26662) DBB: write data from dla (00000000 00000000...)
(26662) DBB: write, last tick
(26668) DBB: write request from dla, addr 80100bc0 id 0
(26668) DBB: write data from dla (00000000 00000000...)
(26668) DBB: write, last tick
(26674) DBB: write request from dla, addr 80100bc0 id 0
(26674) DBB: write data from dla (00000000 00000000...)
(26674) DBB: write, last tick
(26680) DBB: write request from dla, addr 80100bc0 id 0
(26680) DBB: write data from dla (00000000 00000000...)
(26680) DBB: write, last tick
(26686) DBB: write request from dla, addr 80100bc0 id 0
(26686) DBB: write data from dla (00000000 00000000...)
(26686) DBB: write, last tick
(26692) DBB: write request from dla, addr 80100bc0 id 0
(26692) DBB: write data from dla (00000000 00000000...)
(26692) DBB: write, last tick
(26698) DBB: write request from dla, addr 80100bc0 id 0
(26698) DBB: write data from dla (00000000 00000000...)
(26698) DBB: write, last tick
(26704) DBB: write request from dla, addr 80100c00 id 0
(26704) DBB: write data from dla (00000066 00000000...)
(26704) DBB: write, last tick
(26710) DBB: write request from dla, addr 80100c00 id 0
(26710) DBB: write data from dla (00003000 00000000...)
(26710) DBB: write, last tick
(26716) DBB: write request from dla, addr 80100c00 id 0
(26716) DBB: write data from dla (00660000 00000000...)
(26716) DBB: write, last tick
(26722) DBB: write request from dla, addr 80100c00 id 0
(26722) DBB: write data from dla (31000000 00000000...)
(26722) DBB: write, last tick
(26728) DBB: write request from dla, addr 80100c00 id 0
(26728) DBB: write data from dla (00000000 00000066...)
(26728) DBB: write, last tick
(26734) DBB: write request from dla, addr 80100c00 id 0
(26734) DBB: write data from dla (00000000 00003200...)
(26734) DBB: write, last tick
(26740) DBB: write request from dla, addr 80100c00 id 0
(26740) DBB: write data from dla (00000000 00660000...)
(26740) DBB: write, last tick
(26746) DBB: write request from dla, addr 80100c00 id 0
(26746) DBB: write data from dla (00000000 33000000...)
(26746) DBB: write, last tick
(26752) DBB: write request from dla, addr 80100c00 id 0
(26752) DBB: write data from dla (00000000 00000000...)
(26752) DBB: write, last tick
(26758) DBB: write request from dla, addr 80100c00 id 0
(26758) DBB: write data from dla (00000000 00000000...)
(26758) DBB: write, last tick
(26764) DBB: write request from dla, addr 80100c00 id 0
(26764) DBB: write data from dla (00000000 00000000...)
(26764) DBB: write, last tick
(26770) DBB: write request from dla, addr 80100c00 id 0
(26770) DBB: write data from dla (00000000 00000000...)
(26770) DBB: write, last tick
(26776) DBB: write request from dla, addr 80100c00 id 0
(26776) DBB: write data from dla (00000000 00000000...)
(26776) DBB: write, last tick
(26782) DBB: write request from dla, addr 80100c00 id 0
(26782) DBB: write data from dla (00000000 00000000...)
(26782) DBB: write, last tick
(26788) DBB: write request from dla, addr 80100c00 id 0
(26788) DBB: write data from dla (00000000 00000000...)
(26788) DBB: write, last tick
(26794) DBB: write request from dla, addr 80100c00 id 0
(26794) DBB: write data from dla (00000000 00000000...)
(26794) DBB: write, last tick
(26800) DBB: write request from dla, addr 80100c00 id 0
(26800) DBB: write data from dla (00000000 00000000...)
(26800) DBB: write, last tick
(26806) DBB: write request from dla, addr 80100c00 id 0
(26806) DBB: write data from dla (00000000 00000000...)
(26806) DBB: write, last tick
(26812) DBB: write request from dla, addr 80100c00 id 0
(26812) DBB: write data from dla (00000000 00000000...)
(26812) DBB: write, last tick
(26818) DBB: write request from dla, addr 80100c00 id 0
(26818) DBB: write data from dla (00000000 00000000...)
(26818) DBB: write, last tick
(26824) DBB: write request from dla, addr 80100c00 id 0
(26824) DBB: write data from dla (00000000 00000000...)
(26824) DBB: write, last tick
(26830) DBB: write request from dla, addr 80100c00 id 0
(26830) DBB: write data from dla (00000000 00000000...)
(26830) DBB: write, last tick
(26836) DBB: write request from dla, addr 80100c00 id 0
(26836) DBB: write data from dla (00000000 00000000...)
(26836) DBB: write, last tick
(26842) DBB: write request from dla, addr 80100c00 id 0
(26842) DBB: write data from dla (00000000 00000000...)
(26842) DBB: write, last tick
(26848) DBB: write request from dla, addr 80100c00 id 0
(26848) DBB: write data from dla (00000000 00000000...)
(26848) DBB: write, last tick
(26854) DBB: write request from dla, addr 80100c00 id 0
(26854) DBB: write data from dla (00000000 00000000...)
(26854) DBB: write, last tick
(26860) DBB: write request from dla, addr 80100c00 id 0
(26860) DBB: write data from dla (00000000 00000000...)
(26860) DBB: write, last tick
(26866) DBB: write request from dla, addr 80100c00 id 0
(26866) DBB: write data from dla (00000000 00000000...)
(26866) DBB: write, last tick
(26872) DBB: write request from dla, addr 80100c00 id 0
(26872) DBB: write data from dla (00000000 00000000...)
(26872) DBB: write, last tick
(26878) DBB: write request from dla, addr 80100c00 id 0
(26878) DBB: write data from dla (00000000 00000000...)
(26878) DBB: write, last tick
(26884) DBB: write request from dla, addr 80100c00 id 0
(26884) DBB: write data from dla (00000000 00000000...)
(26884) DBB: write, last tick
(26890) DBB: write request from dla, addr 80100c00 id 0
(26890) DBB: write data from dla (00000000 00000000...)
(26890) DBB: write, last tick
(26896) DBB: write request from dla, addr 80100c00 id 0
(26896) DBB: write data from dla (00000000 00000000...)
(26896) DBB: write, last tick
(26902) DBB: write request from dla, addr 80100c00 id 0
(26902) DBB: write data from dla (00000000 00000000...)
(26902) DBB: write, last tick
(26908) DBB: write request from dla, addr 80100c00 id 0
(26908) DBB: write data from dla (00000000 00000000...)
(26908) DBB: write, last tick
(26914) DBB: write request from dla, addr 80100c00 id 0
(26914) DBB: write data from dla (00000000 00000000...)
(26914) DBB: write, last tick
(26920) DBB: write request from dla, addr 80100c00 id 0
(26920) DBB: write data from dla (00000000 00000000...)
(26920) DBB: write, last tick
(26926) DBB: write request from dla, addr 80100c00 id 0
(26926) DBB: write data from dla (00000000 00000000...)
(26926) DBB: write, last tick
(26932) DBB: write request from dla, addr 80100c00 id 0
(26932) DBB: write data from dla (00000000 00000000...)
(26932) DBB: write, last tick
(26938) DBB: write request from dla, addr 80100c00 id 0
(26938) DBB: write data from dla (00000000 00000000...)
(26938) DBB: write, last tick
(26944) DBB: write request from dla, addr 80100c00 id 0
(26944) DBB: write data from dla (00000000 00000000...)
(26944) DBB: write, last tick
(26950) DBB: write request from dla, addr 80100c00 id 0
(26950) DBB: write data from dla (00000000 00000000...)
(26950) DBB: write, last tick
(26956) DBB: write request from dla, addr 80100c00 id 0
(26956) DBB: write data from dla (00000000 00000000...)
(26956) DBB: write, last tick
(26962) DBB: write request from dla, addr 80100c00 id 0
(26962) DBB: write data from dla (00000000 00000000...)
(26962) DBB: write, last tick
(26968) DBB: write request from dla, addr 80100c00 id 0
(26968) DBB: write data from dla (00000000 00000000...)
(26968) DBB: write, last tick
(26974) DBB: write request from dla, addr 80100c00 id 0
(26974) DBB: write data from dla (00000000 00000000...)
(26974) DBB: write, last tick
(26980) DBB: write request from dla, addr 80100c00 id 0
(26980) DBB: write data from dla (00000000 00000000...)
(26980) DBB: write, last tick
(26986) DBB: write request from dla, addr 80100c00 id 0
(26986) DBB: write data from dla (00000000 00000000...)
(26986) DBB: write, last tick
(26992) DBB: write request from dla, addr 80100c00 id 0
(26992) DBB: write data from dla (00000000 00000000...)
(26992) DBB: write, last tick
(26998) DBB: write request from dla, addr 80100c00 id 0
(26998) DBB: write data from dla (00000000 00000000...)
(26998) DBB: write, last tick
(27004) DBB: write request from dla, addr 80100c00 id 0
(27004) DBB: write data from dla (00000000 00000000...)
(27004) DBB: write, last tick
(27010) DBB: write request from dla, addr 80100c00 id 0
(27010) DBB: write data from dla (00000000 00000000...)
(27010) DBB: write, last tick
(27016) DBB: write request from dla, addr 80100c00 id 0
(27016) DBB: write data from dla (00000000 00000000...)
(27016) DBB: write, last tick
(27022) DBB: write request from dla, addr 80100c00 id 0
(27022) DBB: write data from dla (00000000 00000000...)
(27022) DBB: write, last tick
(27028) DBB: write request from dla, addr 80100c00 id 0
(27028) DBB: write data from dla (00000000 00000000...)
(27028) DBB: write, last tick
(27034) DBB: write request from dla, addr 80100c00 id 0
(27034) DBB: write data from dla (00000000 00000000...)
(27034) DBB: write, last tick
(27040) DBB: write request from dla, addr 80100c00 id 0
(27040) DBB: write data from dla (00000000 00000000...)
(27040) DBB: write, last tick
(27046) DBB: write request from dla, addr 80100c00 id 0
(27046) DBB: write data from dla (00000000 00000000...)
(27046) DBB: write, last tick
(27052) DBB: write request from dla, addr 80100c00 id 0
(27052) DBB: write data from dla (00000000 00000000...)
(27052) DBB: write, last tick
(27058) DBB: write request from dla, addr 80100c00 id 0
(27058) DBB: write data from dla (00000000 00000000...)
(27058) DBB: write, last tick
(27064) DBB: write request from dla, addr 80100c00 id 0
(27064) DBB: write data from dla (00000000 00000000...)
(27064) DBB: write, last tick
(27070) DBB: write request from dla, addr 80100c00 id 0
(27070) DBB: write data from dla (00000000 00000000...)
(27070) DBB: write, last tick
(27076) DBB: write request from dla, addr 80100c00 id 0
(27076) DBB: write data from dla (00000000 00000000...)
(27076) DBB: write, last tick
(27082) DBB: write request from dla, addr 80100c00 id 0
(27082) DBB: write data from dla (00000000 00000000...)
(27082) DBB: write, last tick
(27088) DBB: write request from dla, addr 80100c40 id 0
(27088) DBB: write data from dla (00000011 00000000...)
(27088) DBB: write, last tick
(27094) DBB: write request from dla, addr 80100c40 id 0
(27094) DBB: write data from dla (00002000 00000000...)
(27094) DBB: write, last tick
(27100) DBB: write request from dla, addr 80100c40 id 0
(27100) DBB: write data from dla (00110000 00000000...)
(27100) DBB: write, last tick
(27106) DBB: write request from dla, addr 80100c40 id 0
(27106) DBB: write data from dla (21000000 00000000...)
(27106) DBB: write, last tick
(27112) DBB: write request from dla, addr 80100c40 id 0
(27112) DBB: write data from dla (00000000 00000011...)
(27112) DBB: write, last tick
(27118) DBB: write request from dla, addr 80100c40 id 0
(27118) DBB: write data from dla (00000000 00002200...)
(27118) DBB: write, last tick
(27124) DBB: write request from dla, addr 80100c40 id 0
(27124) DBB: write data from dla (00000000 00110000...)
(27124) DBB: write, last tick
(27130) DBB: write request from dla, addr 80100c40 id 0
(27130) DBB: write data from dla (00000000 23000000...)
(27130) DBB: write, last tick
(27136) DBB: write request from dla, addr 80100c40 id 0
(27136) DBB: write data from dla (00000000 00000000...)
(27136) DBB: write, last tick
(27142) DBB: write request from dla, addr 80100c40 id 0
(27142) DBB: write data from dla (00000000 00000000...)
(27142) DBB: write, last tick
(27148) DBB: write request from dla, addr 80100c40 id 0
(27148) DBB: write data from dla (00000000 00000000...)
(27148) DBB: write, last tick
(27154) DBB: write request from dla, addr 80100c40 id 0
(27154) DBB: write data from dla (00000000 00000000...)
(27154) DBB: write, last tick
(27160) DBB: write request from dla, addr 80100c40 id 0
(27160) DBB: write data from dla (00000000 00000000...)
(27160) DBB: write, last tick
(27166) DBB: write request from dla, addr 80100c40 id 0
(27166) DBB: write data from dla (00000000 00000000...)
(27166) DBB: write, last tick
(27172) DBB: write request from dla, addr 80100c40 id 0
(27172) DBB: write data from dla (00000000 00000000...)
(27172) DBB: write, last tick
(27178) DBB: write request from dla, addr 80100c40 id 0
(27178) DBB: write data from dla (00000000 00000000...)
(27178) DBB: write, last tick
(27184) DBB: write request from dla, addr 80100c40 id 0
(27184) DBB: write data from dla (00000000 00000000...)
(27184) DBB: write, last tick
(27190) DBB: write request from dla, addr 80100c40 id 0
(27190) DBB: write data from dla (00000000 00000000...)
(27190) DBB: write, last tick
(27196) DBB: write request from dla, addr 80100c40 id 0
(27196) DBB: write data from dla (00000000 00000000...)
(27196) DBB: write, last tick
(27202) DBB: write request from dla, addr 80100c40 id 0
(27202) DBB: write data from dla (00000000 00000000...)
(27202) DBB: write, last tick
(27208) DBB: write request from dla, addr 80100c40 id 0
(27208) DBB: write data from dla (00000000 00000000...)
(27208) DBB: write, last tick
(27214) DBB: write request from dla, addr 80100c40 id 0
(27214) DBB: write data from dla (00000000 00000000...)
(27214) DBB: write, last tick
(27220) DBB: write request from dla, addr 80100c40 id 0
(27220) DBB: write data from dla (00000000 00000000...)
(27220) DBB: write, last tick
(27226) DBB: write request from dla, addr 80100c40 id 0
(27226) DBB: write data from dla (00000000 00000000...)
(27226) DBB: write, last tick
(27232) DBB: write request from dla, addr 80100c40 id 0
(27232) DBB: write data from dla (00000000 00000000...)
(27232) DBB: write, last tick
(27238) DBB: write request from dla, addr 80100c40 id 0
(27238) DBB: write data from dla (00000000 00000000...)
(27238) DBB: write, last tick
(27244) DBB: write request from dla, addr 80100c40 id 0
(27244) DBB: write data from dla (00000000 00000000...)
(27244) DBB: write, last tick
(27250) DBB: write request from dla, addr 80100c40 id 0
(27250) DBB: write data from dla (00000000 00000000...)
(27250) DBB: write, last tick
(27256) DBB: write request from dla, addr 80100c40 id 0
(27256) DBB: write data from dla (00000000 00000000...)
(27256) DBB: write, last tick
(27262) DBB: write request from dla, addr 80100c40 id 0
(27262) DBB: write data from dla (00000000 00000000...)
(27262) DBB: write, last tick
(27268) DBB: write request from dla, addr 80100c40 id 0
(27268) DBB: write data from dla (00000000 00000000...)
(27268) DBB: write, last tick
(27274) DBB: write request from dla, addr 80100c40 id 0
(27274) DBB: write data from dla (00000000 00000000...)
(27274) DBB: write, last tick
(27280) DBB: write request from dla, addr 80100c40 id 0
(27280) DBB: write data from dla (00000000 00000000...)
(27280) DBB: write, last tick
(27286) DBB: write request from dla, addr 80100c40 id 0
(27286) DBB: write data from dla (00000000 00000000...)
(27286) DBB: write, last tick
(27292) DBB: write request from dla, addr 80100c40 id 0
(27292) DBB: write data from dla (00000000 00000000...)
(27292) DBB: write, last tick
(27298) DBB: write request from dla, addr 80100c40 id 0
(27298) DBB: write data from dla (00000000 00000000...)
(27298) DBB: write, last tick
(27304) DBB: write request from dla, addr 80100c40 id 0
(27304) DBB: write data from dla (00000000 00000000...)
(27304) DBB: write, last tick
(27310) DBB: write request from dla, addr 80100c40 id 0
(27310) DBB: write data from dla (00000000 00000000...)
(27310) DBB: write, last tick
(27316) DBB: write request from dla, addr 80100c40 id 0
(27316) DBB: write data from dla (00000000 00000000...)
(27316) DBB: write, last tick
(27322) DBB: write request from dla, addr 80100c40 id 0
(27322) DBB: write data from dla (00000000 00000000...)
(27322) DBB: write, last tick
(27328) DBB: write request from dla, addr 80100c40 id 0
(27328) DBB: write data from dla (00000000 00000000...)
(27328) DBB: write, last tick
(27334) DBB: write request from dla, addr 80100c40 id 0
(27334) DBB: write data from dla (00000000 00000000...)
(27334) DBB: write, last tick
(27340) DBB: write request from dla, addr 80100c40 id 0
(27340) DBB: write data from dla (00000000 00000000...)
(27340) DBB: write, last tick
(27346) DBB: write request from dla, addr 80100c40 id 0
(27346) DBB: write data from dla (00000000 00000000...)
(27346) DBB: write, last tick
(27352) DBB: write request from dla, addr 80100c40 id 0
(27352) DBB: write data from dla (00000000 00000000...)
(27352) DBB: write, last tick
(27358) DBB: write request from dla, addr 80100c40 id 0
(27358) DBB: write data from dla (00000000 00000000...)
(27358) DBB: write, last tick
(27364) DBB: write request from dla, addr 80100c40 id 0
(27364) DBB: write data from dla (00000000 00000000...)
(27364) DBB: write, last tick
(27370) DBB: write request from dla, addr 80100c40 id 0
(27370) DBB: write data from dla (00000000 00000000...)
(27370) DBB: write, last tick
(27376) DBB: write request from dla, addr 80100c40 id 0
(27376) DBB: write data from dla (00000000 00000000...)
(27376) DBB: write, last tick
(27382) DBB: write request from dla, addr 80100c40 id 0
(27382) DBB: write data from dla (00000000 00000000...)
(27382) DBB: write, last tick
(27388) DBB: write request from dla, addr 80100c40 id 0
(27388) DBB: write data from dla (00000000 00000000...)
(27388) DBB: write, last tick
(27394) DBB: write request from dla, addr 80100c40 id 0
(27394) DBB: write data from dla (00000000 00000000...)
(27394) DBB: write, last tick
(27400) DBB: write request from dla, addr 80100c40 id 0
(27400) DBB: write data from dla (00000000 00000000...)
(27400) DBB: write, last tick
(27406) DBB: write request from dla, addr 80100c40 id 0
(27406) DBB: write data from dla (00000000 00000000...)
(27406) DBB: write, last tick
(27412) DBB: write request from dla, addr 80100c40 id 0
(27412) DBB: write data from dla (00000000 00000000...)
(27412) DBB: write, last tick
(27418) DBB: write request from dla, addr 80100c40 id 0
(27418) DBB: write data from dla (00000000 00000000...)
(27418) DBB: write, last tick
(27424) DBB: write request from dla, addr 80100c40 id 0
(27424) DBB: write data from dla (00000000 00000000...)
(27424) DBB: write, last tick
(27430) DBB: write request from dla, addr 80100c40 id 0
(27430) DBB: write data from dla (00000000 00000000...)
(27430) DBB: write, last tick
(27436) DBB: write request from dla, addr 80100c40 id 0
(27436) DBB: write data from dla (00000000 00000000...)
(27436) DBB: write, last tick
(27442) DBB: write request from dla, addr 80100c40 id 0
(27442) DBB: write data from dla (00000000 00000000...)
(27442) DBB: write, last tick
(27448) DBB: write request from dla, addr 80100c40 id 0
(27448) DBB: write data from dla (00000000 00000000...)
(27448) DBB: write, last tick
(27454) DBB: write request from dla, addr 80100c40 id 0
(27454) DBB: write data from dla (00000000 00000000...)
(27454) DBB: write, last tick
(27460) DBB: write request from dla, addr 80100c40 id 0
(27460) DBB: write data from dla (00000000 00000000...)
(27460) DBB: write, last tick
(27466) DBB: write request from dla, addr 80100c40 id 0
(27466) DBB: write data from dla (00000000 00000000...)
(27466) DBB: write, last tick
(27472) DBB: write request from dla, addr 80100c80 id 0
(27472) DBB: write data from dla (00000031 00000000...)
(27472) DBB: write, last tick
(27478) DBB: write request from dla, addr 80100c80 id 0
(27478) DBB: write data from dla (00002000 00000000...)
(27478) DBB: write, last tick
(27484) DBB: write request from dla, addr 80100c80 id 0
(27484) DBB: write data from dla (00310000 00000000...)
(27484) DBB: write, last tick
(27490) DBB: write request from dla, addr 80100c80 id 0
(27490) DBB: write data from dla (21000000 00000000...)
(27490) DBB: write, last tick
(27496) DBB: write request from dla, addr 80100c80 id 0
(27496) DBB: write data from dla (00000000 00000031...)
(27496) DBB: write, last tick
(27502) DBB: write request from dla, addr 80100c80 id 0
(27502) DBB: write data from dla (00000000 00002200...)
(27502) DBB: write, last tick
(27508) DBB: write request from dla, addr 80100c80 id 0
(27508) DBB: write data from dla (00000000 00310000...)
(27508) DBB: write, last tick
(27514) DBB: write request from dla, addr 80100c80 id 0
(27514) DBB: write data from dla (00000000 23000000...)
(27514) DBB: write, last tick
(27520) DBB: write request from dla, addr 80100c80 id 0
(27520) DBB: write data from dla (00000000 00000000...)
(27520) DBB: write, last tick
(27526) DBB: write request from dla, addr 80100c80 id 0
(27526) DBB: write data from dla (00000000 00000000...)
(27526) DBB: write, last tick
(27532) DBB: write request from dla, addr 80100c80 id 0
(27532) DBB: write data from dla (00000000 00000000...)
(27532) DBB: write, last tick
(27538) DBB: write request from dla, addr 80100c80 id 0
(27538) DBB: write data from dla (00000000 00000000...)
(27538) DBB: write, last tick
(27544) DBB: write request from dla, addr 80100c80 id 0
(27544) DBB: write data from dla (00000000 00000000...)
(27544) DBB: write, last tick
(27550) DBB: write request from dla, addr 80100c80 id 0
(27550) DBB: write data from dla (00000000 00000000...)
(27550) DBB: write, last tick
(27556) DBB: write request from dla, addr 80100c80 id 0
(27556) DBB: write data from dla (00000000 00000000...)
(27556) DBB: write, last tick
(27562) DBB: write request from dla, addr 80100c80 id 0
(27562) DBB: write data from dla (00000000 00000000...)
(27562) DBB: write, last tick
(27568) DBB: write request from dla, addr 80100c80 id 0
(27568) DBB: write data from dla (00000000 00000000...)
(27568) DBB: write, last tick
(27574) DBB: write request from dla, addr 80100c80 id 0
(27574) DBB: write data from dla (00000000 00000000...)
(27574) DBB: write, last tick
(27580) DBB: write request from dla, addr 80100c80 id 0
(27580) DBB: write data from dla (00000000 00000000...)
(27580) DBB: write, last tick
(27586) DBB: write request from dla, addr 80100c80 id 0
(27586) DBB: write data from dla (00000000 00000000...)
(27586) DBB: write, last tick
(27592) DBB: write request from dla, addr 80100c80 id 0
(27592) DBB: write data from dla (00000000 00000000...)
(27592) DBB: write, last tick
(27598) DBB: write request from dla, addr 80100c80 id 0
(27598) DBB: write data from dla (00000000 00000000...)
(27598) DBB: write, last tick
(27604) DBB: write request from dla, addr 80100c80 id 0
(27604) DBB: write data from dla (00000000 00000000...)
(27604) DBB: write, last tick
(27610) DBB: write request from dla, addr 80100c80 id 0
(27610) DBB: write data from dla (00000000 00000000...)
(27610) DBB: write, last tick
(27616) DBB: write request from dla, addr 80100c80 id 0
(27616) DBB: write data from dla (00000000 00000000...)
(27616) DBB: write, last tick
(27622) DBB: write request from dla, addr 80100c80 id 0
(27622) DBB: write data from dla (00000000 00000000...)
(27622) DBB: write, last tick
(27628) DBB: write request from dla, addr 80100c80 id 0
(27628) DBB: write data from dla (00000000 00000000...)
(27628) DBB: write, last tick
(27634) DBB: write request from dla, addr 80100c80 id 0
(27634) DBB: write data from dla (00000000 00000000...)
(27634) DBB: write, last tick
(27640) DBB: write request from dla, addr 80100c80 id 0
(27640) DBB: write data from dla (00000000 00000000...)
(27640) DBB: write, last tick
(27646) DBB: write request from dla, addr 80100c80 id 0
(27646) DBB: write data from dla (00000000 00000000...)
(27646) DBB: write, last tick
(27652) DBB: write request from dla, addr 80100c80 id 0
(27652) DBB: write data from dla (00000000 00000000...)
(27652) DBB: write, last tick
(27658) DBB: write request from dla, addr 80100c80 id 0
(27658) DBB: write data from dla (00000000 00000000...)
(27658) DBB: write, last tick
(27664) DBB: write request from dla, addr 80100c80 id 0
(27664) DBB: write data from dla (00000000 00000000...)
(27664) DBB: write, last tick
(27670) DBB: write request from dla, addr 80100c80 id 0
(27670) DBB: write data from dla (00000000 00000000...)
(27670) DBB: write, last tick
(27676) DBB: write request from dla, addr 80100c80 id 0
(27676) DBB: write data from dla (00000000 00000000...)
(27676) DBB: write, last tick
(27682) DBB: write request from dla, addr 80100c80 id 0
(27682) DBB: write data from dla (00000000 00000000...)
(27682) DBB: write, last tick
(27688) DBB: write request from dla, addr 80100c80 id 0
(27688) DBB: write data from dla (00000000 00000000...)
(27688) DBB: write, last tick
(27694) DBB: write request from dla, addr 80100c80 id 0
(27694) DBB: write data from dla (00000000 00000000...)
(27694) DBB: write, last tick
(27700) DBB: write request from dla, addr 80100c80 id 0
(27700) DBB: write data from dla (00000000 00000000...)
(27700) DBB: write, last tick
(27706) DBB: write request from dla, addr 80100c80 id 0
(27706) DBB: write data from dla (00000000 00000000...)
(27706) DBB: write, last tick
(27712) DBB: write request from dla, addr 80100c80 id 0
(27712) DBB: write data from dla (00000000 00000000...)
(27712) DBB: write, last tick
(27718) DBB: write request from dla, addr 80100c80 id 0
(27718) DBB: write data from dla (00000000 00000000...)
(27718) DBB: write, last tick
(27724) DBB: write request from dla, addr 80100c80 id 0
(27724) DBB: write data from dla (00000000 00000000...)
(27724) DBB: write, last tick
(27730) DBB: write request from dla, addr 80100c80 id 0
(27730) DBB: write data from dla (00000000 00000000...)
(27730) DBB: write, last tick
(27736) DBB: write request from dla, addr 80100c80 id 0
(27736) DBB: write data from dla (00000000 00000000...)
(27736) DBB: write, last tick
(27742) DBB: write request from dla, addr 80100c80 id 0
(27742) DBB: write data from dla (00000000 00000000...)
(27742) DBB: write, last tick
(27748) DBB: write request from dla, addr 80100c80 id 0
(27748) DBB: write data from dla (00000000 00000000...)
(27748) DBB: write, last tick
(27754) DBB: write request from dla, addr 80100c80 id 0
(27754) DBB: write data from dla (00000000 00000000...)
(27754) DBB: write, last tick
(27760) DBB: write request from dla, addr 80100c80 id 0
(27760) DBB: write data from dla (00000000 00000000...)
(27760) DBB: write, last tick
(27766) DBB: write request from dla, addr 80100c80 id 0
(27766) DBB: write data from dla (00000000 00000000...)
(27766) DBB: write, last tick
(27772) DBB: write request from dla, addr 80100c80 id 0
(27772) DBB: write data from dla (00000000 00000000...)
(27772) DBB: write, last tick
(27778) DBB: write request from dla, addr 80100c80 id 0
(27778) DBB: write data from dla (00000000 00000000...)
(27778) DBB: write, last tick
(27784) DBB: write request from dla, addr 80100c80 id 0
(27784) DBB: write data from dla (00000000 00000000...)
(27784) DBB: write, last tick
(27790) DBB: write request from dla, addr 80100c80 id 0
(27790) DBB: write data from dla (00000000 00000000...)
(27790) DBB: write, last tick
(27796) DBB: write request from dla, addr 80100c80 id 0
(27796) DBB: write data from dla (00000000 00000000...)
(27796) DBB: write, last tick
(27802) DBB: write request from dla, addr 80100c80 id 0
(27802) DBB: write data from dla (00000000 00000000...)
(27802) DBB: write, last tick
(27808) DBB: write request from dla, addr 80100c80 id 0
(27808) DBB: write data from dla (00000000 00000000...)
(27808) DBB: write, last tick
(27814) DBB: write request from dla, addr 80100c80 id 0
(27814) DBB: write data from dla (00000000 00000000...)
(27814) DBB: write, last tick
(27820) DBB: write request from dla, addr 80100c80 id 0
(27820) DBB: write data from dla (00000000 00000000...)
(27820) DBB: write, last tick
(27826) DBB: write request from dla, addr 80100c80 id 0
(27826) DBB: write data from dla (00000000 00000000...)
(27826) DBB: write, last tick
(27832) DBB: write request from dla, addr 80100c80 id 0
(27832) DBB: write data from dla (00000000 00000000...)
(27832) DBB: write, last tick
(27838) DBB: write request from dla, addr 80100c80 id 0
(27838) DBB: write data from dla (00000000 00000000...)
(27838) DBB: write, last tick
(27844) DBB: write request from dla, addr 80100c80 id 0
(27844) DBB: write data from dla (00000000 00000000...)
(27844) DBB: write, last tick
(27850) DBB: write request from dla, addr 80100c80 id 0
(27850) DBB: write data from dla (00000000 00000000...)
(27850) DBB: write, last tick
(27856) DBB: write request from dla, addr 80100cc0 id 0
(27856) DBB: write data from dla (00000051 00000000...)
(27856) DBB: write, last tick
(27862) DBB: write request from dla, addr 80100cc0 id 0
(27862) DBB: write data from dla (00002000 00000000...)
(27862) DBB: write, last tick
(27868) DBB: write request from dla, addr 80100cc0 id 0
(27868) DBB: write data from dla (00510000 00000000...)
(27868) DBB: write, last tick
(27874) DBB: write request from dla, addr 80100cc0 id 0
(27874) DBB: write data from dla (21000000 00000000...)
(27874) DBB: write, last tick
(27880) DBB: write request from dla, addr 80100cc0 id 0
(27880) DBB: write data from dla (00000000 00000051...)
(27880) DBB: write, last tick
(27886) DBB: write request from dla, addr 80100cc0 id 0
(27886) DBB: write data from dla (00000000 00002200...)
(27886) DBB: write, last tick
(27892) DBB: write request from dla, addr 80100cc0 id 0
(27892) DBB: write data from dla (00000000 00510000...)
(27892) DBB: write, last tick
(27898) DBB: write request from dla, addr 80100cc0 id 0
(27898) DBB: write data from dla (00000000 23000000...)
(27898) DBB: write, last tick
(27904) DBB: write request from dla, addr 80100cc0 id 0
(27904) DBB: write data from dla (00000000 00000000...)
(27904) DBB: write, last tick
(27910) DBB: write request from dla, addr 80100cc0 id 0
(27910) DBB: write data from dla (00000000 00000000...)
(27910) DBB: write, last tick
(27916) DBB: write request from dla, addr 80100cc0 id 0
(27916) DBB: write data from dla (00000000 00000000...)
(27916) DBB: write, last tick
(27922) DBB: write request from dla, addr 80100cc0 id 0
(27922) DBB: write data from dla (00000000 00000000...)
(27922) DBB: write, last tick
(27928) DBB: write request from dla, addr 80100cc0 id 0
(27928) DBB: write data from dla (00000000 00000000...)
(27928) DBB: write, last tick
(27934) DBB: write request from dla, addr 80100cc0 id 0
(27934) DBB: write data from dla (00000000 00000000...)
(27934) DBB: write, last tick
(27940) DBB: write request from dla, addr 80100cc0 id 0
(27940) DBB: write data from dla (00000000 00000000...)
(27940) DBB: write, last tick
(27946) DBB: write request from dla, addr 80100cc0 id 0
(27946) DBB: write data from dla (00000000 00000000...)
(27946) DBB: write, last tick
(27952) DBB: write request from dla, addr 80100cc0 id 0
(27952) DBB: write data from dla (00000000 00000000...)
(27952) DBB: write, last tick
(27958) DBB: write request from dla, addr 80100cc0 id 0
(27958) DBB: write data from dla (00000000 00000000...)
(27958) DBB: write, last tick
(27964) DBB: write request from dla, addr 80100cc0 id 0
(27964) DBB: write data from dla (00000000 00000000...)
(27964) DBB: write, last tick
(27970) DBB: write request from dla, addr 80100cc0 id 0
(27970) DBB: write data from dla (00000000 00000000...)
(27970) DBB: write, last tick
(27976) DBB: write request from dla, addr 80100cc0 id 0
(27976) DBB: write data from dla (00000000 00000000...)
(27976) DBB: write, last tick
(27982) DBB: write request from dla, addr 80100cc0 id 0
(27982) DBB: write data from dla (00000000 00000000...)
(27982) DBB: write, last tick
(27988) DBB: write request from dla, addr 80100cc0 id 0
(27988) DBB: write data from dla (00000000 00000000...)
(27988) DBB: write, last tick
(27994) DBB: write request from dla, addr 80100cc0 id 0
(27994) DBB: write data from dla (00000000 00000000...)
(27994) DBB: write, last tick
(28000) DBB: write request from dla, addr 80100cc0 id 0
(28000) DBB: write data from dla (00000000 00000000...)
(28000) DBB: write, last tick
(28006) DBB: write request from dla, addr 80100cc0 id 0
(28006) DBB: write data from dla (00000000 00000000...)
(28006) DBB: write, last tick
(28012) DBB: write request from dla, addr 80100cc0 id 0
(28012) DBB: write data from dla (00000000 00000000...)
(28012) DBB: write, last tick
(28018) DBB: write request from dla, addr 80100cc0 id 0
(28018) DBB: write data from dla (00000000 00000000...)
(28018) DBB: write, last tick
(28024) DBB: write request from dla, addr 80100cc0 id 0
(28024) DBB: write data from dla (00000000 00000000...)
(28024) DBB: write, last tick
(28030) DBB: write request from dla, addr 80100cc0 id 0
(28030) DBB: write data from dla (00000000 00000000...)
(28030) DBB: write, last tick
(28036) DBB: write request from dla, addr 80100cc0 id 0
(28036) DBB: write data from dla (00000000 00000000...)
(28036) DBB: write, last tick
(28042) DBB: write request from dla, addr 80100cc0 id 0
(28042) DBB: write data from dla (00000000 00000000...)
(28042) DBB: write, last tick
(28048) DBB: write request from dla, addr 80100cc0 id 0
(28048) DBB: write data from dla (00000000 00000000...)
(28048) DBB: write, last tick
(28054) DBB: write request from dla, addr 80100cc0 id 0
(28054) DBB: write data from dla (00000000 00000000...)
(28054) DBB: write, last tick
(28060) DBB: write request from dla, addr 80100cc0 id 0
(28060) DBB: write data from dla (00000000 00000000...)
(28060) DBB: write, last tick
(28066) DBB: write request from dla, addr 80100cc0 id 0
(28066) DBB: write data from dla (00000000 00000000...)
(28066) DBB: write, last tick
(28072) DBB: write request from dla, addr 80100cc0 id 0
(28072) DBB: write data from dla (00000000 00000000...)
(28072) DBB: write, last tick
(28078) DBB: write request from dla, addr 80100cc0 id 0
(28078) DBB: write data from dla (00000000 00000000...)
(28078) DBB: write, last tick
(28084) DBB: write request from dla, addr 80100cc0 id 0
(28084) DBB: write data from dla (00000000 00000000...)
(28084) DBB: write, last tick
(28090) DBB: write request from dla, addr 80100cc0 id 0
(28090) DBB: write data from dla (00000000 00000000...)
(28090) DBB: write, last tick
(28096) DBB: write request from dla, addr 80100cc0 id 0
(28096) DBB: write data from dla (00000000 00000000...)
(28096) DBB: write, last tick
(28102) DBB: write request from dla, addr 80100cc0 id 0
(28102) DBB: write data from dla (00000000 00000000...)
(28102) DBB: write, last tick
(28108) DBB: write request from dla, addr 80100cc0 id 0
(28108) DBB: write data from dla (00000000 00000000...)
(28108) DBB: write, last tick
(28114) DBB: write request from dla, addr 80100cc0 id 0
(28114) DBB: write data from dla (00000000 00000000...)
(28114) DBB: write, last tick
(28120) DBB: write request from dla, addr 80100cc0 id 0
(28120) DBB: write data from dla (00000000 00000000...)
(28120) DBB: write, last tick
(28126) DBB: write request from dla, addr 80100cc0 id 0
(28126) DBB: write data from dla (00000000 00000000...)
(28126) DBB: write, last tick
(28132) DBB: write request from dla, addr 80100cc0 id 0
(28132) DBB: write data from dla (00000000 00000000...)
(28132) DBB: write, last tick
(28138) DBB: write request from dla, addr 80100cc0 id 0
(28138) DBB: write data from dla (00000000 00000000...)
(28138) DBB: write, last tick
(28144) DBB: write request from dla, addr 80100cc0 id 0
(28144) DBB: write data from dla (00000000 00000000...)
(28144) DBB: write, last tick
(28150) DBB: write request from dla, addr 80100cc0 id 0
(28150) DBB: write data from dla (00000000 00000000...)
(28150) DBB: write, last tick
(28156) DBB: write request from dla, addr 80100cc0 id 0
(28156) DBB: write data from dla (00000000 00000000...)
(28156) DBB: write, last tick
(28162) DBB: write request from dla, addr 80100cc0 id 0
(28162) DBB: write data from dla (00000000 00000000...)
(28162) DBB: write, last tick
(28168) DBB: write request from dla, addr 80100cc0 id 0
(28168) DBB: write data from dla (00000000 00000000...)
(28168) DBB: write, last tick
(28174) DBB: write request from dla, addr 80100cc0 id 0
(28174) DBB: write data from dla (00000000 00000000...)
(28174) DBB: write, last tick
(28180) DBB: write request from dla, addr 80100cc0 id 0
(28180) DBB: write data from dla (00000000 00000000...)
(28180) DBB: write, last tick
(28186) DBB: write request from dla, addr 80100cc0 id 0
(28186) DBB: write data from dla (00000000 00000000...)
(28186) DBB: write, last tick
(28192) DBB: write request from dla, addr 80100cc0 id 0
(28192) DBB: write data from dla (00000000 00000000...)
(28192) DBB: write, last tick
(28198) DBB: write request from dla, addr 80100cc0 id 0
(28198) DBB: write data from dla (00000000 00000000...)
(28198) DBB: write, last tick
(28204) DBB: write request from dla, addr 80100cc0 id 0
(28204) DBB: write data from dla (00000000 00000000...)
(28204) DBB: write, last tick
(28210) DBB: write request from dla, addr 80100cc0 id 0
(28210) DBB: write data from dla (00000000 00000000...)
(28210) DBB: write, last tick
(28216) DBB: write request from dla, addr 80100cc0 id 0
(28216) DBB: write data from dla (00000000 00000000...)
(28216) DBB: write, last tick
(28222) DBB: write request from dla, addr 80100cc0 id 0
(28222) DBB: write data from dla (00000000 00000000...)
(28222) DBB: write, last tick
(28228) DBB: write request from dla, addr 80100cc0 id 0
(28228) DBB: write data from dla (00000000 00000000...)
(28228) DBB: write, last tick
(28234) DBB: write request from dla, addr 80100cc0 id 0
(28234) DBB: write data from dla (00000000 00000000...)
(28234) DBB: write, last tick
(28240) DBB: write request from dla, addr 80100d00 id 0
(28240) DBB: write data from dla (00000061 00000000...)
(28240) DBB: write, last tick
(28246) DBB: write request from dla, addr 80100d00 id 0
(28246) DBB: write data from dla (00002000 00000000...)
(28246) DBB: write, last tick
(28252) DBB: write request from dla, addr 80100d00 id 0
(28252) DBB: write data from dla (00610000 00000000...)
(28252) DBB: write, last tick
(28258) DBB: write request from dla, addr 80100d00 id 0
(28258) DBB: write data from dla (21000000 00000000...)
(28258) DBB: write, last tick
(28264) DBB: write request from dla, addr 80100d00 id 0
(28264) DBB: write data from dla (00000000 00000061...)
(28264) DBB: write, last tick
(28270) DBB: write request from dla, addr 80100d00 id 0
(28270) DBB: write data from dla (00000000 00002200...)
(28270) DBB: write, last tick
(28276) DBB: write request from dla, addr 80100d00 id 0
(28276) DBB: write data from dla (00000000 00610000...)
(28276) DBB: write, last tick
(28282) DBB: write request from dla, addr 80100d00 id 0
(28282) DBB: write data from dla (00000000 23000000...)
(28282) DBB: write, last tick
(28288) DBB: write request from dla, addr 80100d00 id 0
(28288) DBB: write data from dla (00000000 00000000...)
(28288) DBB: write, last tick
(28294) DBB: write request from dla, addr 80100d00 id 0
(28294) DBB: write data from dla (00000000 00000000...)
(28294) DBB: write, last tick
(28300) DBB: write request from dla, addr 80100d00 id 0
(28300) DBB: write data from dla (00000000 00000000...)
(28300) DBB: write, last tick
(28306) DBB: write request from dla, addr 80100d00 id 0
(28306) DBB: write data from dla (00000000 00000000...)
(28306) DBB: write, last tick
(28312) DBB: write request from dla, addr 80100d00 id 0
(28312) DBB: write data from dla (00000000 00000000...)
(28312) DBB: write, last tick
(28318) DBB: write request from dla, addr 80100d00 id 0
(28318) DBB: write data from dla (00000000 00000000...)
(28318) DBB: write, last tick
(28324) DBB: write request from dla, addr 80100d00 id 0
(28324) DBB: write data from dla (00000000 00000000...)
(28324) DBB: write, last tick
(28330) DBB: write request from dla, addr 80100d00 id 0
(28330) DBB: write data from dla (00000000 00000000...)
(28330) DBB: write, last tick
(28336) DBB: write request from dla, addr 80100d00 id 0
(28336) DBB: write data from dla (00000000 00000000...)
(28336) DBB: write, last tick
(28342) DBB: write request from dla, addr 80100d00 id 0
(28342) DBB: write data from dla (00000000 00000000...)
(28342) DBB: write, last tick
(28348) DBB: write request from dla, addr 80100d00 id 0
(28348) DBB: write data from dla (00000000 00000000...)
(28348) DBB: write, last tick
(28354) DBB: write request from dla, addr 80100d00 id 0
(28354) DBB: write data from dla (00000000 00000000...)
(28354) DBB: write, last tick
(28360) DBB: write request from dla, addr 80100d00 id 0
(28360) DBB: write data from dla (00000000 00000000...)
(28360) DBB: write, last tick
(28366) DBB: write request from dla, addr 80100d00 id 0
(28366) DBB: write data from dla (00000000 00000000...)
(28366) DBB: write, last tick
(28372) DBB: write request from dla, addr 80100d00 id 0
(28372) DBB: write data from dla (00000000 00000000...)
(28372) DBB: write, last tick
(28378) DBB: write request from dla, addr 80100d00 id 0
(28378) DBB: write data from dla (00000000 00000000...)
(28378) DBB: write, last tick
(28384) DBB: write request from dla, addr 80100d00 id 0
(28384) DBB: write data from dla (00000000 00000000...)
(28384) DBB: write, last tick
(28390) DBB: write request from dla, addr 80100d00 id 0
(28390) DBB: write data from dla (00000000 00000000...)
(28390) DBB: write, last tick
(28396) DBB: write request from dla, addr 80100d00 id 0
(28396) DBB: write data from dla (00000000 00000000...)
(28396) DBB: write, last tick
(28402) DBB: write request from dla, addr 80100d00 id 0
(28402) DBB: write data from dla (00000000 00000000...)
(28402) DBB: write, last tick
(28408) DBB: write request from dla, addr 80100d00 id 0
(28408) DBB: write data from dla (00000000 00000000...)
(28408) DBB: write, last tick
(28414) DBB: write request from dla, addr 80100d00 id 0
(28414) DBB: write data from dla (00000000 00000000...)
(28414) DBB: write, last tick
(28420) DBB: write request from dla, addr 80100d00 id 0
(28420) DBB: write data from dla (00000000 00000000...)
(28420) DBB: write, last tick
(28426) DBB: write request from dla, addr 80100d00 id 0
(28426) DBB: write data from dla (00000000 00000000...)
(28426) DBB: write, last tick
(28432) DBB: write request from dla, addr 80100d00 id 0
(28432) DBB: write data from dla (00000000 00000000...)
(28432) DBB: write, last tick
(28438) DBB: write request from dla, addr 80100d00 id 0
(28438) DBB: write data from dla (00000000 00000000...)
(28438) DBB: write, last tick
(28444) DBB: write request from dla, addr 80100d00 id 0
(28444) DBB: write data from dla (00000000 00000000...)
(28444) DBB: write, last tick
(28450) DBB: write request from dla, addr 80100d00 id 0
(28450) DBB: write data from dla (00000000 00000000...)
(28450) DBB: write, last tick
(28456) DBB: write request from dla, addr 80100d00 id 0
(28456) DBB: write data from dla (00000000 00000000...)
(28456) DBB: write, last tick
(28462) DBB: write request from dla, addr 80100d00 id 0
(28462) DBB: write data from dla (00000000 00000000...)
(28462) DBB: write, last tick
(28468) DBB: write request from dla, addr 80100d00 id 0
(28468) DBB: write data from dla (00000000 00000000...)
(28468) DBB: write, last tick
(28474) DBB: write request from dla, addr 80100d00 id 0
(28474) DBB: write data from dla (00000000 00000000...)
(28474) DBB: write, last tick
(28480) DBB: write request from dla, addr 80100d00 id 0
(28480) DBB: write data from dla (00000000 00000000...)
(28480) DBB: write, last tick
(28486) DBB: write request from dla, addr 80100d00 id 0
(28486) DBB: write data from dla (00000000 00000000...)
(28486) DBB: write, last tick
(28492) DBB: write request from dla, addr 80100d00 id 0
(28492) DBB: write data from dla (00000000 00000000...)
(28492) DBB: write, last tick
(28498) DBB: write request from dla, addr 80100d00 id 0
(28498) DBB: write data from dla (00000000 00000000...)
(28498) DBB: write, last tick
(28504) DBB: write request from dla, addr 80100d00 id 0
(28504) DBB: write data from dla (00000000 00000000...)
(28504) DBB: write, last tick
(28510) DBB: write request from dla, addr 80100d00 id 0
(28510) DBB: write data from dla (00000000 00000000...)
(28510) DBB: write, last tick
(28516) DBB: write request from dla, addr 80100d00 id 0
(28516) DBB: write data from dla (00000000 00000000...)
(28516) DBB: write, last tick
(28522) DBB: write request from dla, addr 80100d00 id 0
(28522) DBB: write data from dla (00000000 00000000...)
(28522) DBB: write, last tick
(28528) DBB: write request from dla, addr 80100d00 id 0
(28528) DBB: write data from dla (00000000 00000000...)
(28528) DBB: write, last tick
(28534) DBB: write request from dla, addr 80100d00 id 0
(28534) DBB: write data from dla (00000000 00000000...)
(28534) DBB: write, last tick
(28540) DBB: write request from dla, addr 80100d00 id 0
(28540) DBB: write data from dla (00000000 00000000...)
(28540) DBB: write, last tick
(28546) DBB: write request from dla, addr 80100d00 id 0
(28546) DBB: write data from dla (00000000 00000000...)
(28546) DBB: write, last tick
(28552) DBB: write request from dla, addr 80100d00 id 0
(28552) DBB: write data from dla (00000000 00000000...)
(28552) DBB: write, last tick
(28558) DBB: write request from dla, addr 80100d00 id 0
(28558) DBB: write data from dla (00000000 00000000...)
(28558) DBB: write, last tick
(28564) DBB: write request from dla, addr 80100d00 id 0
(28564) DBB: write data from dla (00000000 00000000...)
(28564) DBB: write, last tick
(28570) DBB: write request from dla, addr 80100d00 id 0
(28570) DBB: write data from dla (00000000 00000000...)
(28570) DBB: write, last tick
(28576) DBB: write request from dla, addr 80100d00 id 0
(28576) DBB: write data from dla (00000000 00000000...)
(28576) DBB: write, last tick
(28582) DBB: write request from dla, addr 80100d00 id 0
(28582) DBB: write data from dla (00000000 00000000...)
(28582) DBB: write, last tick
(28588) DBB: write request from dla, addr 80100d00 id 0
(28588) DBB: write data from dla (00000000 00000000...)
(28588) DBB: write, last tick
(28594) DBB: write request from dla, addr 80100d00 id 0
(28594) DBB: write data from dla (00000000 00000000...)
(28594) DBB: write, last tick
(28600) DBB: write request from dla, addr 80100d00 id 0
(28600) DBB: write data from dla (00000000 00000000...)
(28600) DBB: write, last tick
(28606) DBB: write request from dla, addr 80100d00 id 0
(28606) DBB: write data from dla (00000000 00000000...)
(28606) DBB: write, last tick
(28612) DBB: write request from dla, addr 80100d00 id 0
(28612) DBB: write data from dla (00000000 00000000...)
(28612) DBB: write, last tick
(28618) DBB: write request from dla, addr 80100d00 id 0
(28618) DBB: write data from dla (00000000 00000000...)
(28618) DBB: write, last tick
(28624) DBB: write request from dla, addr 80100d40 id 0
(28624) DBB: write data from dla (00000022 00000000...)
(28624) DBB: write, last tick
(28630) DBB: write request from dla, addr 80100d40 id 0
(28630) DBB: write data from dla (00002000 00000000...)
(28630) DBB: write, last tick
(28636) DBB: write request from dla, addr 80100d40 id 0
(28636) DBB: write data from dla (00220000 00000000...)
(28636) DBB: write, last tick
(28642) DBB: write request from dla, addr 80100d40 id 0
(28642) DBB: write data from dla (21000000 00000000...)
(28642) DBB: write, last tick
(28648) DBB: write request from dla, addr 80100d40 id 0
(28648) DBB: write data from dla (00000000 00000022...)
(28648) DBB: write, last tick
(28654) DBB: write request from dla, addr 80100d40 id 0
(28654) DBB: write data from dla (00000000 00002200...)
(28654) DBB: write, last tick
(28660) DBB: write request from dla, addr 80100d40 id 0
(28660) DBB: write data from dla (00000000 00220000...)
(28660) DBB: write, last tick
(28666) DBB: write request from dla, addr 80100d40 id 0
(28666) DBB: write data from dla (00000000 23000000...)
(28666) DBB: write, last tick
(28672) DBB: write request from dla, addr 80100d40 id 0
(28672) DBB: write data from dla (00000000 00000000...)
(28672) DBB: write, last tick
(28678) DBB: write request from dla, addr 80100d40 id 0
(28678) DBB: write data from dla (00000000 00000000...)
(28678) DBB: write, last tick
(28684) DBB: write request from dla, addr 80100d40 id 0
(28684) DBB: write data from dla (00000000 00000000...)
(28684) DBB: write, last tick
(28690) DBB: write request from dla, addr 80100d40 id 0
(28690) DBB: write data from dla (00000000 00000000...)
(28690) DBB: write, last tick
(28696) DBB: write request from dla, addr 80100d40 id 0
(28696) DBB: write data from dla (00000000 00000000...)
(28696) DBB: write, last tick
(28702) DBB: write request from dla, addr 80100d40 id 0
(28702) DBB: write data from dla (00000000 00000000...)
(28702) DBB: write, last tick
(28708) DBB: write request from dla, addr 80100d40 id 0
(28708) DBB: write data from dla (00000000 00000000...)
(28708) DBB: write, last tick
(28714) DBB: write request from dla, addr 80100d40 id 0
(28714) DBB: write data from dla (00000000 00000000...)
(28714) DBB: write, last tick
(28720) DBB: write request from dla, addr 80100d40 id 0
(28720) DBB: write data from dla (00000000 00000000...)
(28720) DBB: write, last tick
(28726) DBB: write request from dla, addr 80100d40 id 0
(28726) DBB: write data from dla (00000000 00000000...)
(28726) DBB: write, last tick
(28732) DBB: write request from dla, addr 80100d40 id 0
(28732) DBB: write data from dla (00000000 00000000...)
(28732) DBB: write, last tick
(28738) DBB: write request from dla, addr 80100d40 id 0
(28738) DBB: write data from dla (00000000 00000000...)
(28738) DBB: write, last tick
(28744) DBB: write request from dla, addr 80100d40 id 0
(28744) DBB: write data from dla (00000000 00000000...)
(28744) DBB: write, last tick
(28750) DBB: write request from dla, addr 80100d40 id 0
(28750) DBB: write data from dla (00000000 00000000...)
(28750) DBB: write, last tick
(28756) DBB: write request from dla, addr 80100d40 id 0
(28756) DBB: write data from dla (00000000 00000000...)
(28756) DBB: write, last tick
(28762) DBB: write request from dla, addr 80100d40 id 0
(28762) DBB: write data from dla (00000000 00000000...)
(28762) DBB: write, last tick
(28768) DBB: write request from dla, addr 80100d40 id 0
(28768) DBB: write data from dla (00000000 00000000...)
(28768) DBB: write, last tick
(28774) DBB: write request from dla, addr 80100d40 id 0
(28774) DBB: write data from dla (00000000 00000000...)
(28774) DBB: write, last tick
(28780) DBB: write request from dla, addr 80100d40 id 0
(28780) DBB: write data from dla (00000000 00000000...)
(28780) DBB: write, last tick
(28786) DBB: write request from dla, addr 80100d40 id 0
(28786) DBB: write data from dla (00000000 00000000...)
(28786) DBB: write, last tick
(28792) DBB: write request from dla, addr 80100d40 id 0
(28792) DBB: write data from dla (00000000 00000000...)
(28792) DBB: write, last tick
(28798) DBB: write request from dla, addr 80100d40 id 0
(28798) DBB: write data from dla (00000000 00000000...)
(28798) DBB: write, last tick
(28804) DBB: write request from dla, addr 80100d40 id 0
(28804) DBB: write data from dla (00000000 00000000...)
(28804) DBB: write, last tick
(28810) DBB: write request from dla, addr 80100d40 id 0
(28810) DBB: write data from dla (00000000 00000000...)
(28810) DBB: write, last tick
(28816) DBB: write request from dla, addr 80100d40 id 0
(28816) DBB: write data from dla (00000000 00000000...)
(28816) DBB: write, last tick
(28822) DBB: write request from dla, addr 80100d40 id 0
(28822) DBB: write data from dla (00000000 00000000...)
(28822) DBB: write, last tick
(28828) DBB: write request from dla, addr 80100d40 id 0
(28828) DBB: write data from dla (00000000 00000000...)
(28828) DBB: write, last tick
(28834) DBB: write request from dla, addr 80100d40 id 0
(28834) DBB: write data from dla (00000000 00000000...)
(28834) DBB: write, last tick
(28840) DBB: write request from dla, addr 80100d40 id 0
(28840) DBB: write data from dla (00000000 00000000...)
(28840) DBB: write, last tick
(28846) DBB: write request from dla, addr 80100d40 id 0
(28846) DBB: write data from dla (00000000 00000000...)
(28846) DBB: write, last tick
(28852) DBB: write request from dla, addr 80100d40 id 0
(28852) DBB: write data from dla (00000000 00000000...)
(28852) DBB: write, last tick
(28858) DBB: write request from dla, addr 80100d40 id 0
(28858) DBB: write data from dla (00000000 00000000...)
(28858) DBB: write, last tick
(28864) DBB: write request from dla, addr 80100d40 id 0
(28864) DBB: write data from dla (00000000 00000000...)
(28864) DBB: write, last tick
(28870) DBB: write request from dla, addr 80100d40 id 0
(28870) DBB: write data from dla (00000000 00000000...)
(28870) DBB: write, last tick
(28876) DBB: write request from dla, addr 80100d40 id 0
(28876) DBB: write data from dla (00000000 00000000...)
(28876) DBB: write, last tick
(28882) DBB: write request from dla, addr 80100d40 id 0
(28882) DBB: write data from dla (00000000 00000000...)
(28882) DBB: write, last tick
(28888) DBB: write request from dla, addr 80100d40 id 0
(28888) DBB: write data from dla (00000000 00000000...)
(28888) DBB: write, last tick
(28894) DBB: write request from dla, addr 80100d40 id 0
(28894) DBB: write data from dla (00000000 00000000...)
(28894) DBB: write, last tick
(28900) DBB: write request from dla, addr 80100d40 id 0
(28900) DBB: write data from dla (00000000 00000000...)
(28900) DBB: write, last tick
(28906) DBB: write request from dla, addr 80100d40 id 0
(28906) DBB: write data from dla (00000000 00000000...)
(28906) DBB: write, last tick
(28912) DBB: write request from dla, addr 80100d40 id 0
(28912) DBB: write data from dla (00000000 00000000...)
(28912) DBB: write, last tick
(28918) DBB: write request from dla, addr 80100d40 id 0
(28918) DBB: write data from dla (00000000 00000000...)
(28918) DBB: write, last tick
(28924) DBB: write request from dla, addr 80100d40 id 0
(28924) DBB: write data from dla (00000000 00000000...)
(28924) DBB: write, last tick
(28930) DBB: write request from dla, addr 80100d40 id 0
(28930) DBB: write data from dla (00000000 00000000...)
(28930) DBB: write, last tick
(28936) DBB: write request from dla, addr 80100d40 id 0
(28936) DBB: write data from dla (00000000 00000000...)
(28936) DBB: write, last tick
(28942) DBB: write request from dla, addr 80100d40 id 0
(28942) DBB: write data from dla (00000000 00000000...)
(28942) DBB: write, last tick
(28948) DBB: write request from dla, addr 80100d40 id 0
(28948) DBB: write data from dla (00000000 00000000...)
(28948) DBB: write, last tick
(28954) DBB: write request from dla, addr 80100d40 id 0
(28954) DBB: write data from dla (00000000 00000000...)
(28954) DBB: write, last tick
(28960) DBB: write request from dla, addr 80100d40 id 0
(28960) DBB: write data from dla (00000000 00000000...)
(28960) DBB: write, last tick
(28966) DBB: write request from dla, addr 80100d40 id 0
(28966) DBB: write data from dla (00000000 00000000...)
(28966) DBB: write, last tick
(28972) DBB: write request from dla, addr 80100d40 id 0
(28972) DBB: write data from dla (00000000 00000000...)
(28972) DBB: write, last tick
(28978) DBB: write request from dla, addr 80100d40 id 0
(28978) DBB: write data from dla (00000000 00000000...)
(28978) DBB: write, last tick
(28984) DBB: write request from dla, addr 80100d40 id 0
(28984) DBB: write data from dla (00000000 00000000...)
(28984) DBB: write, last tick
(28990) DBB: write request from dla, addr 80100d40 id 0
(28990) DBB: write data from dla (00000000 00000000...)
(28990) DBB: write, last tick
(28996) DBB: write request from dla, addr 80100d40 id 0
(28996) DBB: write data from dla (00000000 00000000...)
(28996) DBB: write, last tick
(29002) DBB: write request from dla, addr 80100d40 id 0
(29002) DBB: write data from dla (00000000 00000000...)
(29002) DBB: write, last tick
(29008) DBB: write request from dla, addr 80100d80 id 0
(29008) DBB: write data from dla (00000042 00000000...)
(29008) DBB: write, last tick
(29014) DBB: write request from dla, addr 80100d80 id 0
(29014) DBB: write data from dla (00002000 00000000...)
(29014) DBB: write, last tick
(29020) DBB: write request from dla, addr 80100d80 id 0
(29020) DBB: write data from dla (00420000 00000000...)
(29020) DBB: write, last tick
(29026) DBB: write request from dla, addr 80100d80 id 0
(29026) DBB: write data from dla (21000000 00000000...)
(29026) DBB: write, last tick
(29032) DBB: write request from dla, addr 80100d80 id 0
(29032) DBB: write data from dla (00000000 00000042...)
(29032) DBB: write, last tick
(29038) DBB: write request from dla, addr 80100d80 id 0
(29038) DBB: write data from dla (00000000 00002200...)
(29038) DBB: write, last tick
(29044) DBB: write request from dla, addr 80100d80 id 0
(29044) DBB: write data from dla (00000000 00420000...)
(29044) DBB: write, last tick
(29050) DBB: write request from dla, addr 80100d80 id 0
(29050) DBB: write data from dla (00000000 23000000...)
(29050) DBB: write, last tick
(29056) DBB: write request from dla, addr 80100d80 id 0
(29056) DBB: write data from dla (00000000 00000000...)
(29056) DBB: write, last tick
(29062) DBB: write request from dla, addr 80100d80 id 0
(29062) DBB: write data from dla (00000000 00000000...)
(29062) DBB: write, last tick
(29068) DBB: write request from dla, addr 80100d80 id 0
(29068) DBB: write data from dla (00000000 00000000...)
(29068) DBB: write, last tick
(29074) DBB: write request from dla, addr 80100d80 id 0
(29074) DBB: write data from dla (00000000 00000000...)
(29074) DBB: write, last tick
(29080) DBB: write request from dla, addr 80100d80 id 0
(29080) DBB: write data from dla (00000000 00000000...)
(29080) DBB: write, last tick
(29086) DBB: write request from dla, addr 80100d80 id 0
(29086) DBB: write data from dla (00000000 00000000...)
(29086) DBB: write, last tick
(29092) DBB: write request from dla, addr 80100d80 id 0
(29092) DBB: write data from dla (00000000 00000000...)
(29092) DBB: write, last tick
(29098) DBB: write request from dla, addr 80100d80 id 0
(29098) DBB: write data from dla (00000000 00000000...)
(29098) DBB: write, last tick
(29104) DBB: write request from dla, addr 80100d80 id 0
(29104) DBB: write data from dla (00000000 00000000...)
(29104) DBB: write, last tick
(29110) DBB: write request from dla, addr 80100d80 id 0
(29110) DBB: write data from dla (00000000 00000000...)
(29110) DBB: write, last tick
(29116) DBB: write request from dla, addr 80100d80 id 0
(29116) DBB: write data from dla (00000000 00000000...)
(29116) DBB: write, last tick
(29122) DBB: write request from dla, addr 80100d80 id 0
(29122) DBB: write data from dla (00000000 00000000...)
(29122) DBB: write, last tick
(29128) DBB: write request from dla, addr 80100d80 id 0
(29128) DBB: write data from dla (00000000 00000000...)
(29128) DBB: write, last tick
(29134) DBB: write request from dla, addr 80100d80 id 0
(29134) DBB: write data from dla (00000000 00000000...)
(29134) DBB: write, last tick
(29140) DBB: write request from dla, addr 80100d80 id 0
(29140) DBB: write data from dla (00000000 00000000...)
(29140) DBB: write, last tick
(29146) DBB: write request from dla, addr 80100d80 id 0
(29146) DBB: write data from dla (00000000 00000000...)
(29146) DBB: write, last tick
(29152) DBB: write request from dla, addr 80100d80 id 0
(29152) DBB: write data from dla (00000000 00000000...)
(29152) DBB: write, last tick
(29158) DBB: write request from dla, addr 80100d80 id 0
(29158) DBB: write data from dla (00000000 00000000...)
(29158) DBB: write, last tick
(29164) DBB: write request from dla, addr 80100d80 id 0
(29164) DBB: write data from dla (00000000 00000000...)
(29164) DBB: write, last tick
(29170) DBB: write request from dla, addr 80100d80 id 0
(29170) DBB: write data from dla (00000000 00000000...)
(29170) DBB: write, last tick
(29176) DBB: write request from dla, addr 80100d80 id 0
(29176) DBB: write data from dla (00000000 00000000...)
(29176) DBB: write, last tick
(29182) DBB: write request from dla, addr 80100d80 id 0
(29182) DBB: write data from dla (00000000 00000000...)
(29182) DBB: write, last tick
(29188) DBB: write request from dla, addr 80100d80 id 0
(29188) DBB: write data from dla (00000000 00000000...)
(29188) DBB: write, last tick
(29194) DBB: write request from dla, addr 80100d80 id 0
(29194) DBB: write data from dla (00000000 00000000...)
(29194) DBB: write, last tick
(29200) DBB: write request from dla, addr 80100d80 id 0
(29200) DBB: write data from dla (00000000 00000000...)
(29200) DBB: write, last tick
(29206) DBB: write request from dla, addr 80100d80 id 0
(29206) DBB: write data from dla (00000000 00000000...)
(29206) DBB: write, last tick
(29212) DBB: write request from dla, addr 80100d80 id 0
(29212) DBB: write data from dla (00000000 00000000...)
(29212) DBB: write, last tick
(29218) DBB: write request from dla, addr 80100d80 id 0
(29218) DBB: write data from dla (00000000 00000000...)
(29218) DBB: write, last tick
(29224) DBB: write request from dla, addr 80100d80 id 0
(29224) DBB: write data from dla (00000000 00000000...)
(29224) DBB: write, last tick
(29230) DBB: write request from dla, addr 80100d80 id 0
(29230) DBB: write data from dla (00000000 00000000...)
(29230) DBB: write, last tick
(29236) DBB: write request from dla, addr 80100d80 id 0
(29236) DBB: write data from dla (00000000 00000000...)
(29236) DBB: write, last tick
(29242) DBB: write request from dla, addr 80100d80 id 0
(29242) DBB: write data from dla (00000000 00000000...)
(29242) DBB: write, last tick
(29248) DBB: write request from dla, addr 80100d80 id 0
(29248) DBB: write data from dla (00000000 00000000...)
(29248) DBB: write, last tick
(29254) DBB: write request from dla, addr 80100d80 id 0
(29254) DBB: write data from dla (00000000 00000000...)
(29254) DBB: write, last tick
(29260) DBB: write request from dla, addr 80100d80 id 0
(29260) DBB: write data from dla (00000000 00000000...)
(29260) DBB: write, last tick
(29266) DBB: write request from dla, addr 80100d80 id 0
(29266) DBB: write data from dla (00000000 00000000...)
(29266) DBB: write, last tick
(29272) DBB: write request from dla, addr 80100d80 id 0
(29272) DBB: write data from dla (00000000 00000000...)
(29272) DBB: write, last tick
(29278) DBB: write request from dla, addr 80100d80 id 0
(29278) DBB: write data from dla (00000000 00000000...)
(29278) DBB: write, last tick
(29284) DBB: write request from dla, addr 80100d80 id 0
(29284) DBB: write data from dla (00000000 00000000...)
(29284) DBB: write, last tick
(29290) DBB: write request from dla, addr 80100d80 id 0
(29290) DBB: write data from dla (00000000 00000000...)
(29290) DBB: write, last tick
(29296) DBB: write request from dla, addr 80100d80 id 0
(29296) DBB: write data from dla (00000000 00000000...)
(29296) DBB: write, last tick
(29302) DBB: write request from dla, addr 80100d80 id 0
(29302) DBB: write data from dla (00000000 00000000...)
(29302) DBB: write, last tick
(29308) DBB: write request from dla, addr 80100d80 id 0
(29308) DBB: write data from dla (00000000 00000000...)
(29308) DBB: write, last tick
(29314) DBB: write request from dla, addr 80100d80 id 0
(29314) DBB: write data from dla (00000000 00000000...)
(29314) DBB: write, last tick
(29320) DBB: write request from dla, addr 80100d80 id 0
(29320) DBB: write data from dla (00000000 00000000...)
(29320) DBB: write, last tick
(29326) DBB: write request from dla, addr 80100d80 id 0
(29326) DBB: write data from dla (00000000 00000000...)
(29326) DBB: write, last tick
(29332) DBB: write request from dla, addr 80100d80 id 0
(29332) DBB: write data from dla (00000000 00000000...)
(29332) DBB: write, last tick
(29338) DBB: write request from dla, addr 80100d80 id 0
(29338) DBB: write data from dla (00000000 00000000...)
(29338) DBB: write, last tick
(29344) DBB: write request from dla, addr 80100d80 id 0
(29344) DBB: write data from dla (00000000 00000000...)
(29344) DBB: write, last tick
(29350) DBB: write request from dla, addr 80100d80 id 0
(29350) DBB: write data from dla (00000000 00000000...)
(29350) DBB: write, last tick
(29356) DBB: write request from dla, addr 80100d80 id 0
(29356) DBB: write data from dla (00000000 00000000...)
(29356) DBB: write, last tick
(29362) DBB: write request from dla, addr 80100d80 id 0
(29362) DBB: write data from dla (00000000 00000000...)
(29362) DBB: write, last tick
(29368) DBB: write request from dla, addr 80100d80 id 0
(29368) DBB: write data from dla (00000000 00000000...)
(29368) DBB: write, last tick
(29374) DBB: write request from dla, addr 80100d80 id 0
(29374) DBB: write data from dla (00000000 00000000...)
(29374) DBB: write, last tick
(29380) DBB: write request from dla, addr 80100d80 id 0
(29380) DBB: write data from dla (00000000 00000000...)
(29380) DBB: write, last tick
(29386) DBB: write request from dla, addr 80100d80 id 0
(29386) DBB: write data from dla (00000000 00000000...)
(29386) DBB: write, last tick
(29392) DBB: write request from dla, addr 80100dc0 id 0
(29392) DBB: write data from dla (00000062 00000000...)
(29392) DBB: write, last tick
(29398) DBB: write request from dla, addr 80100dc0 id 0
(29398) DBB: write data from dla (00002000 00000000...)
(29398) DBB: write, last tick
(29404) DBB: write request from dla, addr 80100dc0 id 0
(29404) DBB: write data from dla (00620000 00000000...)
(29404) DBB: write, last tick
(29410) DBB: write request from dla, addr 80100dc0 id 0
(29410) DBB: write data from dla (21000000 00000000...)
(29410) DBB: write, last tick
(29416) DBB: write request from dla, addr 80100dc0 id 0
(29416) DBB: write data from dla (00000000 00000062...)
(29416) DBB: write, last tick
(29422) DBB: write request from dla, addr 80100dc0 id 0
(29422) DBB: write data from dla (00000000 00002200...)
(29422) DBB: write, last tick
(29428) DBB: write request from dla, addr 80100dc0 id 0
(29428) DBB: write data from dla (00000000 00620000...)
(29428) DBB: write, last tick
(29434) DBB: write request from dla, addr 80100dc0 id 0
(29434) DBB: write data from dla (00000000 23000000...)
(29434) DBB: write, last tick
(29440) DBB: write request from dla, addr 80100dc0 id 0
(29440) DBB: write data from dla (00000000 00000000...)
(29440) DBB: write, last tick
(29446) DBB: write request from dla, addr 80100dc0 id 0
(29446) DBB: write data from dla (00000000 00000000...)
(29446) DBB: write, last tick
(29452) DBB: write request from dla, addr 80100dc0 id 0
(29452) DBB: write data from dla (00000000 00000000...)
(29452) DBB: write, last tick
(29458) DBB: write request from dla, addr 80100dc0 id 0
(29458) DBB: write data from dla (00000000 00000000...)
(29458) DBB: write, last tick
(29464) DBB: write request from dla, addr 80100dc0 id 0
(29464) DBB: write data from dla (00000000 00000000...)
(29464) DBB: write, last tick
(29470) DBB: write request from dla, addr 80100dc0 id 0
(29470) DBB: write data from dla (00000000 00000000...)
(29470) DBB: write, last tick
(29476) DBB: write request from dla, addr 80100dc0 id 0
(29476) DBB: write data from dla (00000000 00000000...)
(29476) DBB: write, last tick
(29482) DBB: write request from dla, addr 80100dc0 id 0
(29482) DBB: write data from dla (00000000 00000000...)
(29482) DBB: write, last tick
(29488) DBB: write request from dla, addr 80100dc0 id 0
(29488) DBB: write data from dla (00000000 00000000...)
(29488) DBB: write, last tick
(29494) DBB: write request from dla, addr 80100dc0 id 0
(29494) DBB: write data from dla (00000000 00000000...)
(29494) DBB: write, last tick
(29500) DBB: write request from dla, addr 80100dc0 id 0
(29500) DBB: write data from dla (00000000 00000000...)
(29500) DBB: write, last tick
(29506) DBB: write request from dla, addr 80100dc0 id 0
(29506) DBB: write data from dla (00000000 00000000...)
(29506) DBB: write, last tick
(29512) DBB: write request from dla, addr 80100dc0 id 0
(29512) DBB: write data from dla (00000000 00000000...)
(29512) DBB: write, last tick
(29518) DBB: write request from dla, addr 80100dc0 id 0
(29518) DBB: write data from dla (00000000 00000000...)
(29518) DBB: write, last tick
(29524) DBB: write request from dla, addr 80100dc0 id 0
(29524) DBB: write data from dla (00000000 00000000...)
(29524) DBB: write, last tick
(29530) DBB: write request from dla, addr 80100dc0 id 0
(29530) DBB: write data from dla (00000000 00000000...)
(29530) DBB: write, last tick
(29536) DBB: write request from dla, addr 80100dc0 id 0
(29536) DBB: write data from dla (00000000 00000000...)
(29536) DBB: write, last tick
(29542) DBB: write request from dla, addr 80100dc0 id 0
(29542) DBB: write data from dla (00000000 00000000...)
(29542) DBB: write, last tick
(29548) DBB: write request from dla, addr 80100dc0 id 0
(29548) DBB: write data from dla (00000000 00000000...)
(29548) DBB: write, last tick
(29554) DBB: write request from dla, addr 80100dc0 id 0
(29554) DBB: write data from dla (00000000 00000000...)
(29554) DBB: write, last tick
(29560) DBB: write request from dla, addr 80100dc0 id 0
(29560) DBB: write data from dla (00000000 00000000...)
(29560) DBB: write, last tick
(29566) DBB: write request from dla, addr 80100dc0 id 0
(29566) DBB: write data from dla (00000000 00000000...)
(29566) DBB: write, last tick
(29572) DBB: write request from dla, addr 80100dc0 id 0
(29572) DBB: write data from dla (00000000 00000000...)
(29572) DBB: write, last tick
(29578) DBB: write request from dla, addr 80100dc0 id 0
(29578) DBB: write data from dla (00000000 00000000...)
(29578) DBB: write, last tick
(29584) DBB: write request from dla, addr 80100dc0 id 0
(29584) DBB: write data from dla (00000000 00000000...)
(29584) DBB: write, last tick
(29590) DBB: write request from dla, addr 80100dc0 id 0
(29590) DBB: write data from dla (00000000 00000000...)
(29590) DBB: write, last tick
(29596) DBB: write request from dla, addr 80100dc0 id 0
(29596) DBB: write data from dla (00000000 00000000...)
(29596) DBB: write, last tick
(29602) DBB: write request from dla, addr 80100dc0 id 0
(29602) DBB: write data from dla (00000000 00000000...)
(29602) DBB: write, last tick
(29608) DBB: write request from dla, addr 80100dc0 id 0
(29608) DBB: write data from dla (00000000 00000000...)
(29608) DBB: write, last tick
(29614) DBB: write request from dla, addr 80100dc0 id 0
(29614) DBB: write data from dla (00000000 00000000...)
(29614) DBB: write, last tick
(29620) DBB: write request from dla, addr 80100dc0 id 0
(29620) DBB: write data from dla (00000000 00000000...)
(29620) DBB: write, last tick
(29626) DBB: write request from dla, addr 80100dc0 id 0
(29626) DBB: write data from dla (00000000 00000000...)
(29626) DBB: write, last tick
(29632) DBB: write request from dla, addr 80100dc0 id 0
(29632) DBB: write data from dla (00000000 00000000...)
(29632) DBB: write, last tick
(29638) DBB: write request from dla, addr 80100dc0 id 0
(29638) DBB: write data from dla (00000000 00000000...)
(29638) DBB: write, last tick
(29644) DBB: write request from dla, addr 80100dc0 id 0
(29644) DBB: write data from dla (00000000 00000000...)
(29644) DBB: write, last tick
(29650) DBB: write request from dla, addr 80100dc0 id 0
(29650) DBB: write data from dla (00000000 00000000...)
(29650) DBB: write, last tick
(29656) DBB: write request from dla, addr 80100dc0 id 0
(29656) DBB: write data from dla (00000000 00000000...)
(29656) DBB: write, last tick
(29662) DBB: write request from dla, addr 80100dc0 id 0
(29662) DBB: write data from dla (00000000 00000000...)
(29662) DBB: write, last tick
(29668) DBB: write request from dla, addr 80100dc0 id 0
(29668) DBB: write data from dla (00000000 00000000...)
(29668) DBB: write, last tick
(29674) DBB: write request from dla, addr 80100dc0 id 0
(29674) DBB: write data from dla (00000000 00000000...)
(29674) DBB: write, last tick
(29680) DBB: write request from dla, addr 80100dc0 id 0
(29680) DBB: write data from dla (00000000 00000000...)
(29680) DBB: write, last tick
(29686) DBB: write request from dla, addr 80100dc0 id 0
(29686) DBB: write data from dla (00000000 00000000...)
(29686) DBB: write, last tick
(29692) DBB: write request from dla, addr 80100dc0 id 0
(29692) DBB: write data from dla (00000000 00000000...)
(29692) DBB: write, last tick
(29698) DBB: write request from dla, addr 80100dc0 id 0
(29698) DBB: write data from dla (00000000 00000000...)
(29698) DBB: write, last tick
(29704) DBB: write request from dla, addr 80100dc0 id 0
(29704) DBB: write data from dla (00000000 00000000...)
(29704) DBB: write, last tick
(29710) DBB: write request from dla, addr 80100dc0 id 0
(29710) DBB: write data from dla (00000000 00000000...)
(29710) DBB: write, last tick
(29716) DBB: write request from dla, addr 80100dc0 id 0
(29716) DBB: write data from dla (00000000 00000000...)
(29716) DBB: write, last tick
(29722) DBB: write request from dla, addr 80100dc0 id 0
(29722) DBB: write data from dla (00000000 00000000...)
(29722) DBB: write, last tick
(29728) DBB: write request from dla, addr 80100dc0 id 0
(29728) DBB: write data from dla (00000000 00000000...)
(29728) DBB: write, last tick
(29734) DBB: write request from dla, addr 80100dc0 id 0
(29734) DBB: write data from dla (00000000 00000000...)
(29734) DBB: write, last tick
(29740) DBB: write request from dla, addr 80100dc0 id 0
(29740) DBB: write data from dla (00000000 00000000...)
(29740) DBB: write, last tick
(29746) DBB: write request from dla, addr 80100dc0 id 0
(29746) DBB: write data from dla (00000000 00000000...)
(29746) DBB: write, last tick
(29752) DBB: write request from dla, addr 80100dc0 id 0
(29752) DBB: write data from dla (00000000 00000000...)
(29752) DBB: write, last tick
(29758) DBB: write request from dla, addr 80100dc0 id 0
(29758) DBB: write data from dla (00000000 00000000...)
(29758) DBB: write, last tick
(29764) DBB: write request from dla, addr 80100dc0 id 0
(29764) DBB: write data from dla (00000000 00000000...)
(29764) DBB: write, last tick
(29770) DBB: write request from dla, addr 80100dc0 id 0
(29770) DBB: write data from dla (00000000 00000000...)
(29770) DBB: write, last tick
(29776) DBB: write request from dla, addr 80100e00 id 0
(29776) DBB: write data from dla (00000013 00000000...)
(29776) DBB: write, last tick
(29782) DBB: write request from dla, addr 80100e00 id 0
(29782) DBB: write data from dla (00002000 00000000...)
(29782) DBB: write, last tick
(29788) DBB: write request from dla, addr 80100e00 id 0
(29788) DBB: write data from dla (00130000 00000000...)
(29788) DBB: write, last tick
(29794) DBB: write request from dla, addr 80100e00 id 0
(29794) DBB: write data from dla (21000000 00000000...)
(29794) DBB: write, last tick
(29800) DBB: write request from dla, addr 80100e00 id 0
(29800) DBB: write data from dla (00000000 00000013...)
(29800) DBB: write, last tick
(29806) DBB: write request from dla, addr 80100e00 id 0
(29806) DBB: write data from dla (00000000 00002200...)
(29806) DBB: write, last tick
(29812) DBB: write request from dla, addr 80100e00 id 0
(29812) DBB: write data from dla (00000000 00130000...)
(29812) DBB: write, last tick
(29818) DBB: write request from dla, addr 80100e00 id 0
(29818) DBB: write data from dla (00000000 23000000...)
(29818) DBB: write, last tick
(29824) DBB: write request from dla, addr 80100e00 id 0
(29824) DBB: write data from dla (00000000 00000000...)
(29824) DBB: write, last tick
(29830) DBB: write request from dla, addr 80100e00 id 0
(29830) DBB: write data from dla (00000000 00000000...)
(29830) DBB: write, last tick
(29836) DBB: write request from dla, addr 80100e00 id 0
(29836) DBB: write data from dla (00000000 00000000...)
(29836) DBB: write, last tick
(29842) DBB: write request from dla, addr 80100e00 id 0
(29842) DBB: write data from dla (00000000 00000000...)
(29842) DBB: write, last tick
(29848) DBB: write request from dla, addr 80100e00 id 0
(29848) DBB: write data from dla (00000000 00000000...)
(29848) DBB: write, last tick
(29854) DBB: write request from dla, addr 80100e00 id 0
(29854) DBB: write data from dla (00000000 00000000...)
(29854) DBB: write, last tick
(29860) DBB: write request from dla, addr 80100e00 id 0
(29860) DBB: write data from dla (00000000 00000000...)
(29860) DBB: write, last tick
(29866) DBB: write request from dla, addr 80100e00 id 0
(29866) DBB: write data from dla (00000000 00000000...)
(29866) DBB: write, last tick
(29872) DBB: write request from dla, addr 80100e00 id 0
(29872) DBB: write data from dla (00000000 00000000...)
(29872) DBB: write, last tick
(29878) DBB: write request from dla, addr 80100e00 id 0
(29878) DBB: write data from dla (00000000 00000000...)
(29878) DBB: write, last tick
(29884) DBB: write request from dla, addr 80100e00 id 0
(29884) DBB: write data from dla (00000000 00000000...)
(29884) DBB: write, last tick
(29890) DBB: write request from dla, addr 80100e00 id 0
(29890) DBB: write data from dla (00000000 00000000...)
(29890) DBB: write, last tick
(29896) DBB: write request from dla, addr 80100e00 id 0
(29896) DBB: write data from dla (00000000 00000000...)
(29896) DBB: write, last tick
(29902) DBB: write request from dla, addr 80100e00 id 0
(29902) DBB: write data from dla (00000000 00000000...)
(29902) DBB: write, last tick
(29908) DBB: write request from dla, addr 80100e00 id 0
(29908) DBB: write data from dla (00000000 00000000...)
(29908) DBB: write, last tick
(29914) DBB: write request from dla, addr 80100e00 id 0
(29914) DBB: write data from dla (00000000 00000000...)
(29914) DBB: write, last tick
(29920) DBB: write request from dla, addr 80100e00 id 0
(29920) DBB: write data from dla (00000000 00000000...)
(29920) DBB: write, last tick
(29926) DBB: write request from dla, addr 80100e00 id 0
(29926) DBB: write data from dla (00000000 00000000...)
(29926) DBB: write, last tick
(29932) DBB: write request from dla, addr 80100e00 id 0
(29932) DBB: write data from dla (00000000 00000000...)
(29932) DBB: write, last tick
(29938) DBB: write request from dla, addr 80100e00 id 0
(29938) DBB: write data from dla (00000000 00000000...)
(29938) DBB: write, last tick
(29944) DBB: write request from dla, addr 80100e00 id 0
(29944) DBB: write data from dla (00000000 00000000...)
(29944) DBB: write, last tick
(29950) DBB: write request from dla, addr 80100e00 id 0
(29950) DBB: write data from dla (00000000 00000000...)
(29950) DBB: write, last tick
(29956) DBB: write request from dla, addr 80100e00 id 0
(29956) DBB: write data from dla (00000000 00000000...)
(29956) DBB: write, last tick
(29962) DBB: write request from dla, addr 80100e00 id 0
(29962) DBB: write data from dla (00000000 00000000...)
(29962) DBB: write, last tick
(29968) DBB: write request from dla, addr 80100e00 id 0
(29968) DBB: write data from dla (00000000 00000000...)
(29968) DBB: write, last tick
(29974) DBB: write request from dla, addr 80100e00 id 0
(29974) DBB: write data from dla (00000000 00000000...)
(29974) DBB: write, last tick
(29980) DBB: write request from dla, addr 80100e00 id 0
(29980) DBB: write data from dla (00000000 00000000...)
(29980) DBB: write, last tick
(29986) DBB: write request from dla, addr 80100e00 id 0
(29986) DBB: write data from dla (00000000 00000000...)
(29986) DBB: write, last tick
(29992) DBB: write request from dla, addr 80100e00 id 0
(29992) DBB: write data from dla (00000000 00000000...)
(29992) DBB: write, last tick
(29998) DBB: write request from dla, addr 80100e00 id 0
(29998) DBB: write data from dla (00000000 00000000...)
(29998) DBB: write, last tick
(30004) DBB: write request from dla, addr 80100e00 id 0
(30004) DBB: write data from dla (00000000 00000000...)
(30004) DBB: write, last tick
(30010) DBB: write request from dla, addr 80100e00 id 0
(30010) DBB: write data from dla (00000000 00000000...)
(30010) DBB: write, last tick
(30016) DBB: write request from dla, addr 80100e00 id 0
(30016) DBB: write data from dla (00000000 00000000...)
(30016) DBB: write, last tick
(30022) DBB: write request from dla, addr 80100e00 id 0
(30022) DBB: write data from dla (00000000 00000000...)
(30022) DBB: write, last tick
(30028) DBB: write request from dla, addr 80100e00 id 0
(30028) DBB: write data from dla (00000000 00000000...)
(30028) DBB: write, last tick
(30034) DBB: write request from dla, addr 80100e00 id 0
(30034) DBB: write data from dla (00000000 00000000...)
(30034) DBB: write, last tick
(30040) DBB: write request from dla, addr 80100e00 id 0
(30040) DBB: write data from dla (00000000 00000000...)
(30040) DBB: write, last tick
(30046) DBB: write request from dla, addr 80100e00 id 0
(30046) DBB: write data from dla (00000000 00000000...)
(30046) DBB: write, last tick
(30052) DBB: write request from dla, addr 80100e00 id 0
(30052) DBB: write data from dla (00000000 00000000...)
(30052) DBB: write, last tick
(30058) DBB: write request from dla, addr 80100e00 id 0
(30058) DBB: write data from dla (00000000 00000000...)
(30058) DBB: write, last tick
(30064) DBB: write request from dla, addr 80100e00 id 0
(30064) DBB: write data from dla (00000000 00000000...)
(30064) DBB: write, last tick
(30070) DBB: write request from dla, addr 80100e00 id 0
(30070) DBB: write data from dla (00000000 00000000...)
(30070) DBB: write, last tick
(30076) DBB: write request from dla, addr 80100e00 id 0
(30076) DBB: write data from dla (00000000 00000000...)
(30076) DBB: write, last tick
(30082) DBB: write request from dla, addr 80100e00 id 0
(30082) DBB: write data from dla (00000000 00000000...)
(30082) DBB: write, last tick
(30088) DBB: write request from dla, addr 80100e00 id 0
(30088) DBB: write data from dla (00000000 00000000...)
(30088) DBB: write, last tick
(30094) DBB: write request from dla, addr 80100e00 id 0
(30094) DBB: write data from dla (00000000 00000000...)
(30094) DBB: write, last tick
(30100) DBB: write request from dla, addr 80100e00 id 0
(30100) DBB: write data from dla (00000000 00000000...)
(30100) DBB: write, last tick
(30106) DBB: write request from dla, addr 80100e00 id 0
(30106) DBB: write data from dla (00000000 00000000...)
(30106) DBB: write, last tick
(30112) DBB: write request from dla, addr 80100e00 id 0
(30112) DBB: write data from dla (00000000 00000000...)
(30112) DBB: write, last tick
(30118) DBB: write request from dla, addr 80100e00 id 0
(30118) DBB: write data from dla (00000000 00000000...)
(30118) DBB: write, last tick
(30124) DBB: write request from dla, addr 80100e00 id 0
(30124) DBB: write data from dla (00000000 00000000...)
(30124) DBB: write, last tick
(30130) DBB: write request from dla, addr 80100e00 id 0
(30130) DBB: write data from dla (00000000 00000000...)
(30130) DBB: write, last tick
(30136) DBB: write request from dla, addr 80100e00 id 0
(30136) DBB: write data from dla (00000000 00000000...)
(30136) DBB: write, last tick
(30142) DBB: write request from dla, addr 80100e00 id 0
(30142) DBB: write data from dla (00000000 00000000...)
(30142) DBB: write, last tick
(30148) DBB: write request from dla, addr 80100e00 id 0
(30148) DBB: write data from dla (00000000 00000000...)
(30148) DBB: write, last tick
(30154) DBB: write request from dla, addr 80100e00 id 0
(30154) DBB: write data from dla (00000000 00000000...)
(30154) DBB: write, last tick
(30160) DBB: write request from dla, addr 80100e40 id 0
(30160) DBB: write data from dla (00000033 00000000...)
(30160) DBB: write, last tick
(30166) DBB: write request from dla, addr 80100e40 id 0
(30166) DBB: write data from dla (00002000 00000000...)
(30166) DBB: write, last tick
(30172) DBB: write request from dla, addr 80100e40 id 0
(30172) DBB: write data from dla (00330000 00000000...)
(30172) DBB: write, last tick
(30178) DBB: write request from dla, addr 80100e40 id 0
(30178) DBB: write data from dla (21000000 00000000...)
(30178) DBB: write, last tick
(30184) DBB: write request from dla, addr 80100e40 id 0
(30184) DBB: write data from dla (00000000 00000033...)
(30184) DBB: write, last tick
(30190) DBB: write request from dla, addr 80100e40 id 0
(30190) DBB: write data from dla (00000000 00002200...)
(30190) DBB: write, last tick
(30196) DBB: write request from dla, addr 80100e40 id 0
(30196) DBB: write data from dla (00000000 00330000...)
(30196) DBB: write, last tick
(30202) DBB: write request from dla, addr 80100e40 id 0
(30202) DBB: write data from dla (00000000 23000000...)
(30202) DBB: write, last tick
(30208) DBB: write request from dla, addr 80100e40 id 0
(30208) DBB: write data from dla (00000000 00000000...)
(30208) DBB: write, last tick
(30214) DBB: write request from dla, addr 80100e40 id 0
(30214) DBB: write data from dla (00000000 00000000...)
(30214) DBB: write, last tick
(30220) DBB: write request from dla, addr 80100e40 id 0
(30220) DBB: write data from dla (00000000 00000000...)
(30220) DBB: write, last tick
(30226) DBB: write request from dla, addr 80100e40 id 0
(30226) DBB: write data from dla (00000000 00000000...)
(30226) DBB: write, last tick
(30232) DBB: write request from dla, addr 80100e40 id 0
(30232) DBB: write data from dla (00000000 00000000...)
(30232) DBB: write, last tick
(30238) DBB: write request from dla, addr 80100e40 id 0
(30238) DBB: write data from dla (00000000 00000000...)
(30238) DBB: write, last tick
(30244) DBB: write request from dla, addr 80100e40 id 0
(30244) DBB: write data from dla (00000000 00000000...)
(30244) DBB: write, last tick
(30250) DBB: write request from dla, addr 80100e40 id 0
(30250) DBB: write data from dla (00000000 00000000...)
(30250) DBB: write, last tick
(30256) DBB: write request from dla, addr 80100e40 id 0
(30256) DBB: write data from dla (00000000 00000000...)
(30256) DBB: write, last tick
(30262) DBB: write request from dla, addr 80100e40 id 0
(30262) DBB: write data from dla (00000000 00000000...)
(30262) DBB: write, last tick
(30268) DBB: write request from dla, addr 80100e40 id 0
(30268) DBB: write data from dla (00000000 00000000...)
(30268) DBB: write, last tick
(30274) DBB: write request from dla, addr 80100e40 id 0
(30274) DBB: write data from dla (00000000 00000000...)
(30274) DBB: write, last tick
(30280) DBB: write request from dla, addr 80100e40 id 0
(30280) DBB: write data from dla (00000000 00000000...)
(30280) DBB: write, last tick
(30286) DBB: write request from dla, addr 80100e40 id 0
(30286) DBB: write data from dla (00000000 00000000...)
(30286) DBB: write, last tick
(30292) DBB: write request from dla, addr 80100e40 id 0
(30292) DBB: write data from dla (00000000 00000000...)
(30292) DBB: write, last tick
(30298) DBB: write request from dla, addr 80100e40 id 0
(30298) DBB: write data from dla (00000000 00000000...)
(30298) DBB: write, last tick
(30304) DBB: write request from dla, addr 80100e40 id 0
(30304) DBB: write data from dla (00000000 00000000...)
(30304) DBB: write, last tick
(30310) DBB: write request from dla, addr 80100e40 id 0
(30310) DBB: write data from dla (00000000 00000000...)
(30310) DBB: write, last tick
(30316) DBB: write request from dla, addr 80100e40 id 0
(30316) DBB: write data from dla (00000000 00000000...)
(30316) DBB: write, last tick
(30322) DBB: write request from dla, addr 80100e40 id 0
(30322) DBB: write data from dla (00000000 00000000...)
(30322) DBB: write, last tick
(30328) DBB: write request from dla, addr 80100e40 id 0
(30328) DBB: write data from dla (00000000 00000000...)
(30328) DBB: write, last tick
(30334) DBB: write request from dla, addr 80100e40 id 0
(30334) DBB: write data from dla (00000000 00000000...)
(30334) DBB: write, last tick
(30340) DBB: write request from dla, addr 80100e40 id 0
(30340) DBB: write data from dla (00000000 00000000...)
(30340) DBB: write, last tick
(30346) DBB: write request from dla, addr 80100e40 id 0
(30346) DBB: write data from dla (00000000 00000000...)
(30346) DBB: write, last tick
(30352) DBB: write request from dla, addr 80100e40 id 0
(30352) DBB: write data from dla (00000000 00000000...)
(30352) DBB: write, last tick
(30358) DBB: write request from dla, addr 80100e40 id 0
(30358) DBB: write data from dla (00000000 00000000...)
(30358) DBB: write, last tick
(30364) DBB: write request from dla, addr 80100e40 id 0
(30364) DBB: write data from dla (00000000 00000000...)
(30364) DBB: write, last tick
(30370) DBB: write request from dla, addr 80100e40 id 0
(30370) DBB: write data from dla (00000000 00000000...)
(30370) DBB: write, last tick
(30376) DBB: write request from dla, addr 80100e40 id 0
(30376) DBB: write data from dla (00000000 00000000...)
(30376) DBB: write, last tick
(30382) DBB: write request from dla, addr 80100e40 id 0
(30382) DBB: write data from dla (00000000 00000000...)
(30382) DBB: write, last tick
(30388) DBB: write request from dla, addr 80100e40 id 0
(30388) DBB: write data from dla (00000000 00000000...)
(30388) DBB: write, last tick
(30394) DBB: write request from dla, addr 80100e40 id 0
(30394) DBB: write data from dla (00000000 00000000...)
(30394) DBB: write, last tick
(30400) DBB: write request from dla, addr 80100e40 id 0
(30400) DBB: write data from dla (00000000 00000000...)
(30400) DBB: write, last tick
(30406) DBB: write request from dla, addr 80100e40 id 0
(30406) DBB: write data from dla (00000000 00000000...)
(30406) DBB: write, last tick
(30412) DBB: write request from dla, addr 80100e40 id 0
(30412) DBB: write data from dla (00000000 00000000...)
(30412) DBB: write, last tick
(30418) DBB: write request from dla, addr 80100e40 id 0
(30418) DBB: write data from dla (00000000 00000000...)
(30418) DBB: write, last tick
(30424) DBB: write request from dla, addr 80100e40 id 0
(30424) DBB: write data from dla (00000000 00000000...)
(30424) DBB: write, last tick
(30430) DBB: write request from dla, addr 80100e40 id 0
(30430) DBB: write data from dla (00000000 00000000...)
(30430) DBB: write, last tick
(30436) DBB: write request from dla, addr 80100e40 id 0
(30436) DBB: write data from dla (00000000 00000000...)
(30436) DBB: write, last tick
(30442) DBB: write request from dla, addr 80100e40 id 0
(30442) DBB: write data from dla (00000000 00000000...)
(30442) DBB: write, last tick
(30448) DBB: write request from dla, addr 80100e40 id 0
(30448) DBB: write data from dla (00000000 00000000...)
(30448) DBB: write, last tick
(30454) DBB: write request from dla, addr 80100e40 id 0
(30454) DBB: write data from dla (00000000 00000000...)
(30454) DBB: write, last tick
(30460) DBB: write request from dla, addr 80100e40 id 0
(30460) DBB: write data from dla (00000000 00000000...)
(30460) DBB: write, last tick
(30466) DBB: write request from dla, addr 80100e40 id 0
(30466) DBB: write data from dla (00000000 00000000...)
(30466) DBB: write, last tick
(30472) DBB: write request from dla, addr 80100e40 id 0
(30472) DBB: write data from dla (00000000 00000000...)
(30472) DBB: write, last tick
(30478) DBB: write request from dla, addr 80100e40 id 0
(30478) DBB: write data from dla (00000000 00000000...)
(30478) DBB: write, last tick
(30484) DBB: write request from dla, addr 80100e40 id 0
(30484) DBB: write data from dla (00000000 00000000...)
(30484) DBB: write, last tick
(30490) DBB: write request from dla, addr 80100e40 id 0
(30490) DBB: write data from dla (00000000 00000000...)
(30490) DBB: write, last tick
(30496) DBB: write request from dla, addr 80100e40 id 0
(30496) DBB: write data from dla (00000000 00000000...)
(30496) DBB: write, last tick
(30502) DBB: write request from dla, addr 80100e40 id 0
(30502) DBB: write data from dla (00000000 00000000...)
(30502) DBB: write, last tick
(30508) DBB: write request from dla, addr 80100e40 id 0
(30508) DBB: write data from dla (00000000 00000000...)
(30508) DBB: write, last tick
(30514) DBB: write request from dla, addr 80100e40 id 0
(30514) DBB: write data from dla (00000000 00000000...)
(30514) DBB: write, last tick
(30520) DBB: write request from dla, addr 80100e40 id 0
(30520) DBB: write data from dla (00000000 00000000...)
(30520) DBB: write, last tick
(30526) DBB: write request from dla, addr 80100e40 id 0
(30526) DBB: write data from dla (00000000 00000000...)
(30526) DBB: write, last tick
(30532) DBB: write request from dla, addr 80100e40 id 0
(30532) DBB: write data from dla (00000000 00000000...)
(30532) DBB: write, last tick
(30538) DBB: write request from dla, addr 80100e40 id 0
(30538) DBB: write data from dla (00000000 00000000...)
(30538) DBB: write, last tick
(30544) DBB: write request from dla, addr 80100e80 id 0
(30544) DBB: write data from dla (00000053 00000000...)
(30544) DBB: write, last tick
(30550) DBB: write request from dla, addr 80100e80 id 0
(30550) DBB: write data from dla (00002000 00000000...)
(30550) DBB: write, last tick
(30556) DBB: write request from dla, addr 80100e80 id 0
(30556) DBB: write data from dla (00530000 00000000...)
(30556) DBB: write, last tick
(30562) DBB: write request from dla, addr 80100e80 id 0
(30562) DBB: write data from dla (21000000 00000000...)
(30562) DBB: write, last tick
(30568) DBB: write request from dla, addr 80100e80 id 0
(30568) DBB: write data from dla (00000000 00000053...)
(30568) DBB: write, last tick
(30574) DBB: write request from dla, addr 80100e80 id 0
(30574) DBB: write data from dla (00000000 00002200...)
(30574) DBB: write, last tick
(30580) DBB: write request from dla, addr 80100e80 id 0
(30580) DBB: write data from dla (00000000 00530000...)
(30580) DBB: write, last tick
(30586) DBB: write request from dla, addr 80100e80 id 0
(30586) DBB: write data from dla (00000000 23000000...)
(30586) DBB: write, last tick
(30592) DBB: write request from dla, addr 80100e80 id 0
(30592) DBB: write data from dla (00000000 00000000...)
(30592) DBB: write, last tick
(30598) DBB: write request from dla, addr 80100e80 id 0
(30598) DBB: write data from dla (00000000 00000000...)
(30598) DBB: write, last tick
(30604) DBB: write request from dla, addr 80100e80 id 0
(30604) DBB: write data from dla (00000000 00000000...)
(30604) DBB: write, last tick
(30610) DBB: write request from dla, addr 80100e80 id 0
(30610) DBB: write data from dla (00000000 00000000...)
(30610) DBB: write, last tick
(30616) DBB: write request from dla, addr 80100e80 id 0
(30616) DBB: write data from dla (00000000 00000000...)
(30616) DBB: write, last tick
(30622) DBB: write request from dla, addr 80100e80 id 0
(30622) DBB: write data from dla (00000000 00000000...)
(30622) DBB: write, last tick
(30628) DBB: write request from dla, addr 80100e80 id 0
(30628) DBB: write data from dla (00000000 00000000...)
(30628) DBB: write, last tick
(30634) DBB: write request from dla, addr 80100e80 id 0
(30634) DBB: write data from dla (00000000 00000000...)
(30634) DBB: write, last tick
(30640) DBB: write request from dla, addr 80100e80 id 0
(30640) DBB: write data from dla (00000000 00000000...)
(30640) DBB: write, last tick
(30646) DBB: write request from dla, addr 80100e80 id 0
(30646) DBB: write data from dla (00000000 00000000...)
(30646) DBB: write, last tick
(30652) DBB: write request from dla, addr 80100e80 id 0
(30652) DBB: write data from dla (00000000 00000000...)
(30652) DBB: write, last tick
(30658) DBB: write request from dla, addr 80100e80 id 0
(30658) DBB: write data from dla (00000000 00000000...)
(30658) DBB: write, last tick
(30664) DBB: write request from dla, addr 80100e80 id 0
(30664) DBB: write data from dla (00000000 00000000...)
(30664) DBB: write, last tick
(30670) DBB: write request from dla, addr 80100e80 id 0
(30670) DBB: write data from dla (00000000 00000000...)
(30670) DBB: write, last tick
(30676) DBB: write request from dla, addr 80100e80 id 0
(30676) DBB: write data from dla (00000000 00000000...)
(30676) DBB: write, last tick
(30682) DBB: write request from dla, addr 80100e80 id 0
(30682) DBB: write data from dla (00000000 00000000...)
(30682) DBB: write, last tick
(30688) DBB: write request from dla, addr 80100e80 id 0
(30688) DBB: write data from dla (00000000 00000000...)
(30688) DBB: write, last tick
(30694) DBB: write request from dla, addr 80100e80 id 0
(30694) DBB: write data from dla (00000000 00000000...)
(30694) DBB: write, last tick
(30700) DBB: write request from dla, addr 80100e80 id 0
(30700) DBB: write data from dla (00000000 00000000...)
(30700) DBB: write, last tick
(30706) DBB: write request from dla, addr 80100e80 id 0
(30706) DBB: write data from dla (00000000 00000000...)
(30706) DBB: write, last tick
(30712) DBB: write request from dla, addr 80100e80 id 0
(30712) DBB: write data from dla (00000000 00000000...)
(30712) DBB: write, last tick
(30718) DBB: write request from dla, addr 80100e80 id 0
(30718) DBB: write data from dla (00000000 00000000...)
(30718) DBB: write, last tick
(30724) DBB: write request from dla, addr 80100e80 id 0
(30724) DBB: write data from dla (00000000 00000000...)
(30724) DBB: write, last tick
(30730) DBB: write request from dla, addr 80100e80 id 0
(30730) DBB: write data from dla (00000000 00000000...)
(30730) DBB: write, last tick
(30736) DBB: write request from dla, addr 80100e80 id 0
(30736) DBB: write data from dla (00000000 00000000...)
(30736) DBB: write, last tick
(30742) DBB: write request from dla, addr 80100e80 id 0
(30742) DBB: write data from dla (00000000 00000000...)
(30742) DBB: write, last tick
(30748) DBB: write request from dla, addr 80100e80 id 0
(30748) DBB: write data from dla (00000000 00000000...)
(30748) DBB: write, last tick
(30754) DBB: write request from dla, addr 80100e80 id 0
(30754) DBB: write data from dla (00000000 00000000...)
(30754) DBB: write, last tick
(30760) DBB: write request from dla, addr 80100e80 id 0
(30760) DBB: write data from dla (00000000 00000000...)
(30760) DBB: write, last tick
(30766) DBB: write request from dla, addr 80100e80 id 0
(30766) DBB: write data from dla (00000000 00000000...)
(30766) DBB: write, last tick
(30772) DBB: write request from dla, addr 80100e80 id 0
(30772) DBB: write data from dla (00000000 00000000...)
(30772) DBB: write, last tick
(30778) DBB: write request from dla, addr 80100e80 id 0
(30778) DBB: write data from dla (00000000 00000000...)
(30778) DBB: write, last tick
(30784) DBB: write request from dla, addr 80100e80 id 0
(30784) DBB: write data from dla (00000000 00000000...)
(30784) DBB: write, last tick
(30790) DBB: write request from dla, addr 80100e80 id 0
(30790) DBB: write data from dla (00000000 00000000...)
(30790) DBB: write, last tick
(30796) DBB: write request from dla, addr 80100e80 id 0
(30796) DBB: write data from dla (00000000 00000000...)
(30796) DBB: write, last tick
(30802) DBB: write request from dla, addr 80100e80 id 0
(30802) DBB: write data from dla (00000000 00000000...)
(30802) DBB: write, last tick
(30808) DBB: write request from dla, addr 80100e80 id 0
(30808) DBB: write data from dla (00000000 00000000...)
(30808) DBB: write, last tick
(30814) DBB: write request from dla, addr 80100e80 id 0
(30814) DBB: write data from dla (00000000 00000000...)
(30814) DBB: write, last tick
(30820) DBB: write request from dla, addr 80100e80 id 0
(30820) DBB: write data from dla (00000000 00000000...)
(30820) DBB: write, last tick
(30826) DBB: write request from dla, addr 80100e80 id 0
(30826) DBB: write data from dla (00000000 00000000...)
(30826) DBB: write, last tick
(30832) DBB: write request from dla, addr 80100e80 id 0
(30832) DBB: write data from dla (00000000 00000000...)
(30832) DBB: write, last tick
(30838) DBB: write request from dla, addr 80100e80 id 0
(30838) DBB: write data from dla (00000000 00000000...)
(30838) DBB: write, last tick
(30844) DBB: write request from dla, addr 80100e80 id 0
(30844) DBB: write data from dla (00000000 00000000...)
(30844) DBB: write, last tick
(30850) DBB: write request from dla, addr 80100e80 id 0
(30850) DBB: write data from dla (00000000 00000000...)
(30850) DBB: write, last tick
(30856) DBB: write request from dla, addr 80100e80 id 0
(30856) DBB: write data from dla (00000000 00000000...)
(30856) DBB: write, last tick
(30862) DBB: write request from dla, addr 80100e80 id 0
(30862) DBB: write data from dla (00000000 00000000...)
(30862) DBB: write, last tick
(30868) DBB: write request from dla, addr 80100e80 id 0
(30868) DBB: write data from dla (00000000 00000000...)
(30868) DBB: write, last tick
(30874) DBB: write request from dla, addr 80100e80 id 0
(30874) DBB: write data from dla (00000000 00000000...)
(30874) DBB: write, last tick
(30880) DBB: write request from dla, addr 80100e80 id 0
(30880) DBB: write data from dla (00000000 00000000...)
(30880) DBB: write, last tick
(30886) DBB: write request from dla, addr 80100e80 id 0
(30886) DBB: write data from dla (00000000 00000000...)
(30886) DBB: write, last tick
(30892) DBB: write request from dla, addr 80100e80 id 0
(30892) DBB: write data from dla (00000000 00000000...)
(30892) DBB: write, last tick
(30898) DBB: write request from dla, addr 80100e80 id 0
(30898) DBB: write data from dla (00000000 00000000...)
(30898) DBB: write, last tick
(30904) DBB: write request from dla, addr 80100e80 id 0
(30904) DBB: write data from dla (00000000 00000000...)
(30904) DBB: write, last tick
(30910) DBB: write request from dla, addr 80100e80 id 0
(30910) DBB: write data from dla (00000000 00000000...)
(30910) DBB: write, last tick
(30916) DBB: write request from dla, addr 80100e80 id 0
(30916) DBB: write data from dla (00000000 00000000...)
(30916) DBB: write, last tick
(30922) DBB: write request from dla, addr 80100e80 id 0
(30922) DBB: write data from dla (00000000 00000000...)
(30922) DBB: write, last tick
(30928) DBB: write request from dla, addr 80100ec0 id 0
(30928) DBB: write data from dla (00000063 00000000...)
(30928) DBB: write, last tick
(30934) DBB: write request from dla, addr 80100ec0 id 0
(30934) DBB: write data from dla (00002000 00000000...)
(30934) DBB: write, last tick
(30940) DBB: write request from dla, addr 80100ec0 id 0
(30940) DBB: write data from dla (00630000 00000000...)
(30940) DBB: write, last tick
(30946) DBB: write request from dla, addr 80100ec0 id 0
(30946) DBB: write data from dla (21000000 00000000...)
(30946) DBB: write, last tick
(30952) DBB: write request from dla, addr 80100ec0 id 0
(30952) DBB: write data from dla (00000000 00000063...)
(30952) DBB: write, last tick
(30958) DBB: write request from dla, addr 80100ec0 id 0
(30958) DBB: write data from dla (00000000 00002200...)
(30958) DBB: write, last tick
(30964) DBB: write request from dla, addr 80100ec0 id 0
(30964) DBB: write data from dla (00000000 00630000...)
(30964) DBB: write, last tick
(30970) DBB: write request from dla, addr 80100ec0 id 0
(30970) DBB: write data from dla (00000000 23000000...)
(30970) DBB: write, last tick
(30976) DBB: write request from dla, addr 80100ec0 id 0
(30976) DBB: write data from dla (00000000 00000000...)
(30976) DBB: write, last tick
(30982) DBB: write request from dla, addr 80100ec0 id 0
(30982) DBB: write data from dla (00000000 00000000...)
(30982) DBB: write, last tick
(30988) DBB: write request from dla, addr 80100ec0 id 0
(30988) DBB: write data from dla (00000000 00000000...)
(30988) DBB: write, last tick
(30994) DBB: write request from dla, addr 80100ec0 id 0
(30994) DBB: write data from dla (00000000 00000000...)
(30994) DBB: write, last tick
(31000) DBB: write request from dla, addr 80100ec0 id 0
(31000) DBB: write data from dla (00000000 00000000...)
(31000) DBB: write, last tick
(31006) DBB: write request from dla, addr 80100ec0 id 0
(31006) DBB: write data from dla (00000000 00000000...)
(31006) DBB: write, last tick
(31012) DBB: write request from dla, addr 80100ec0 id 0
(31012) DBB: write data from dla (00000000 00000000...)
(31012) DBB: write, last tick
(31018) DBB: write request from dla, addr 80100ec0 id 0
(31018) DBB: write data from dla (00000000 00000000...)
(31018) DBB: write, last tick
(31024) DBB: write request from dla, addr 80100ec0 id 0
(31024) DBB: write data from dla (00000000 00000000...)
(31024) DBB: write, last tick
(31030) DBB: write request from dla, addr 80100ec0 id 0
(31030) DBB: write data from dla (00000000 00000000...)
(31030) DBB: write, last tick
(31036) DBB: write request from dla, addr 80100ec0 id 0
(31036) DBB: write data from dla (00000000 00000000...)
(31036) DBB: write, last tick
(31042) DBB: write request from dla, addr 80100ec0 id 0
(31042) DBB: write data from dla (00000000 00000000...)
(31042) DBB: write, last tick
(31048) DBB: write request from dla, addr 80100ec0 id 0
(31048) DBB: write data from dla (00000000 00000000...)
(31048) DBB: write, last tick
(31054) DBB: write request from dla, addr 80100ec0 id 0
(31054) DBB: write data from dla (00000000 00000000...)
(31054) DBB: write, last tick
(31060) DBB: write request from dla, addr 80100ec0 id 0
(31060) DBB: write data from dla (00000000 00000000...)
(31060) DBB: write, last tick
(31066) DBB: write request from dla, addr 80100ec0 id 0
(31066) DBB: write data from dla (00000000 00000000...)
(31066) DBB: write, last tick
(31072) DBB: write request from dla, addr 80100ec0 id 0
(31072) DBB: write data from dla (00000000 00000000...)
(31072) DBB: write, last tick
(31078) DBB: write request from dla, addr 80100ec0 id 0
(31078) DBB: write data from dla (00000000 00000000...)
(31078) DBB: write, last tick
(31084) DBB: write request from dla, addr 80100ec0 id 0
(31084) DBB: write data from dla (00000000 00000000...)
(31084) DBB: write, last tick
(31090) DBB: write request from dla, addr 80100ec0 id 0
(31090) DBB: write data from dla (00000000 00000000...)
(31090) DBB: write, last tick
(31096) DBB: write request from dla, addr 80100ec0 id 0
(31096) DBB: write data from dla (00000000 00000000...)
(31096) DBB: write, last tick
(31102) DBB: write request from dla, addr 80100ec0 id 0
(31102) DBB: write data from dla (00000000 00000000...)
(31102) DBB: write, last tick
(31108) DBB: write request from dla, addr 80100ec0 id 0
(31108) DBB: write data from dla (00000000 00000000...)
(31108) DBB: write, last tick
(31114) DBB: write request from dla, addr 80100ec0 id 0
(31114) DBB: write data from dla (00000000 00000000...)
(31114) DBB: write, last tick
(31120) DBB: write request from dla, addr 80100ec0 id 0
(31120) DBB: write data from dla (00000000 00000000...)
(31120) DBB: write, last tick
(31126) DBB: write request from dla, addr 80100ec0 id 0
(31126) DBB: write data from dla (00000000 00000000...)
(31126) DBB: write, last tick
(31132) DBB: write request from dla, addr 80100ec0 id 0
(31132) DBB: write data from dla (00000000 00000000...)
(31132) DBB: write, last tick
(31138) DBB: write request from dla, addr 80100ec0 id 0
(31138) DBB: write data from dla (00000000 00000000...)
(31138) DBB: write, last tick
(31144) DBB: write request from dla, addr 80100ec0 id 0
(31144) DBB: write data from dla (00000000 00000000...)
(31144) DBB: write, last tick
(31150) DBB: write request from dla, addr 80100ec0 id 0
(31150) DBB: write data from dla (00000000 00000000...)
(31150) DBB: write, last tick
(31156) DBB: write request from dla, addr 80100ec0 id 0
(31156) DBB: write data from dla (00000000 00000000...)
(31156) DBB: write, last tick
(31162) DBB: write request from dla, addr 80100ec0 id 0
(31162) DBB: write data from dla (00000000 00000000...)
(31162) DBB: write, last tick
(31168) DBB: write request from dla, addr 80100ec0 id 0
(31168) DBB: write data from dla (00000000 00000000...)
(31168) DBB: write, last tick
(31174) DBB: write request from dla, addr 80100ec0 id 0
(31174) DBB: write data from dla (00000000 00000000...)
(31174) DBB: write, last tick
(31180) DBB: write request from dla, addr 80100ec0 id 0
(31180) DBB: write data from dla (00000000 00000000...)
(31180) DBB: write, last tick
(31186) DBB: write request from dla, addr 80100ec0 id 0
(31186) DBB: write data from dla (00000000 00000000...)
(31186) DBB: write, last tick
(31192) DBB: write request from dla, addr 80100ec0 id 0
(31192) DBB: write data from dla (00000000 00000000...)
(31192) DBB: write, last tick
(31198) DBB: write request from dla, addr 80100ec0 id 0
(31198) DBB: write data from dla (00000000 00000000...)
(31198) DBB: write, last tick
(31204) DBB: write request from dla, addr 80100ec0 id 0
(31204) DBB: write data from dla (00000000 00000000...)
(31204) DBB: write, last tick
(31210) DBB: write request from dla, addr 80100ec0 id 0
(31210) DBB: write data from dla (00000000 00000000...)
(31210) DBB: write, last tick
(31216) DBB: write request from dla, addr 80100ec0 id 0
(31216) DBB: write data from dla (00000000 00000000...)
(31216) DBB: write, last tick
(31222) DBB: write request from dla, addr 80100ec0 id 0
(31222) DBB: write data from dla (00000000 00000000...)
(31222) DBB: write, last tick
(31228) DBB: write request from dla, addr 80100ec0 id 0
(31228) DBB: write data from dla (00000000 00000000...)
(31228) DBB: write, last tick
(31234) DBB: write request from dla, addr 80100ec0 id 0
(31234) DBB: write data from dla (00000000 00000000...)
(31234) DBB: write, last tick
(31240) DBB: write request from dla, addr 80100ec0 id 0
(31240) DBB: write data from dla (00000000 00000000...)
(31240) DBB: write, last tick
(31246) DBB: write request from dla, addr 80100ec0 id 0
(31246) DBB: write data from dla (00000000 00000000...)
(31246) DBB: write, last tick
(31252) DBB: write request from dla, addr 80100ec0 id 0
(31252) DBB: write data from dla (00000000 00000000...)
(31252) DBB: write, last tick
(31258) DBB: write request from dla, addr 80100ec0 id 0
(31258) DBB: write data from dla (00000000 00000000...)
(31258) DBB: write, last tick
(31264) DBB: write request from dla, addr 80100ec0 id 0
(31264) DBB: write data from dla (00000000 00000000...)
(31264) DBB: write, last tick
(31270) DBB: write request from dla, addr 80100ec0 id 0
(31270) DBB: write data from dla (00000000 00000000...)
(31270) DBB: write, last tick
(31276) DBB: write request from dla, addr 80100ec0 id 0
(31276) DBB: write data from dla (00000000 00000000...)
(31276) DBB: write, last tick
(31282) DBB: write request from dla, addr 80100ec0 id 0
(31282) DBB: write data from dla (00000000 00000000...)
(31282) DBB: write, last tick
(31288) DBB: write request from dla, addr 80100ec0 id 0
(31288) DBB: write data from dla (00000000 00000000...)
(31288) DBB: write, last tick
(31294) DBB: write request from dla, addr 80100ec0 id 0
(31294) DBB: write data from dla (00000000 00000000...)
(31294) DBB: write, last tick
(31300) DBB: write request from dla, addr 80100ec0 id 0
(31300) DBB: write data from dla (00000000 00000000...)
(31300) DBB: write, last tick
(31306) DBB: write request from dla, addr 80100ec0 id 0
(31306) DBB: write data from dla (00000000 00000000...)
(31306) DBB: write, last tick
(31312) DBB: write request from dla, addr 80100f00 id 0
(31312) DBB: write data from dla (00000024 00000000...)
(31312) DBB: write, last tick
(31318) DBB: write request from dla, addr 80100f00 id 0
(31318) DBB: write data from dla (00002000 00000000...)
(31318) DBB: write, last tick
(31324) DBB: write request from dla, addr 80100f00 id 0
(31324) DBB: write data from dla (00240000 00000000...)
(31324) DBB: write, last tick
(31330) DBB: write request from dla, addr 80100f00 id 0
(31330) DBB: write data from dla (21000000 00000000...)
(31330) DBB: write, last tick
(31336) DBB: write request from dla, addr 80100f00 id 0
(31336) DBB: write data from dla (00000000 00000024...)
(31336) DBB: write, last tick
(31342) DBB: write request from dla, addr 80100f00 id 0
(31342) DBB: write data from dla (00000000 00002200...)
(31342) DBB: write, last tick
(31348) DBB: write request from dla, addr 80100f00 id 0
(31348) DBB: write data from dla (00000000 00240000...)
(31348) DBB: write, last tick
(31354) DBB: write request from dla, addr 80100f00 id 0
(31354) DBB: write data from dla (00000000 23000000...)
(31354) DBB: write, last tick
(31360) DBB: write request from dla, addr 80100f00 id 0
(31360) DBB: write data from dla (00000000 00000000...)
(31360) DBB: write, last tick
(31366) DBB: write request from dla, addr 80100f00 id 0
(31366) DBB: write data from dla (00000000 00000000...)
(31366) DBB: write, last tick
(31372) DBB: write request from dla, addr 80100f00 id 0
(31372) DBB: write data from dla (00000000 00000000...)
(31372) DBB: write, last tick
(31378) DBB: write request from dla, addr 80100f00 id 0
(31378) DBB: write data from dla (00000000 00000000...)
(31378) DBB: write, last tick
(31384) DBB: write request from dla, addr 80100f00 id 0
(31384) DBB: write data from dla (00000000 00000000...)
(31384) DBB: write, last tick
(31390) DBB: write request from dla, addr 80100f00 id 0
(31390) DBB: write data from dla (00000000 00000000...)
(31390) DBB: write, last tick
(31396) DBB: write request from dla, addr 80100f00 id 0
(31396) DBB: write data from dla (00000000 00000000...)
(31396) DBB: write, last tick
(31402) DBB: write request from dla, addr 80100f00 id 0
(31402) DBB: write data from dla (00000000 00000000...)
(31402) DBB: write, last tick
(31408) DBB: write request from dla, addr 80100f00 id 0
(31408) DBB: write data from dla (00000000 00000000...)
(31408) DBB: write, last tick
(31414) DBB: write request from dla, addr 80100f00 id 0
(31414) DBB: write data from dla (00000000 00000000...)
(31414) DBB: write, last tick
(31420) DBB: write request from dla, addr 80100f00 id 0
(31420) DBB: write data from dla (00000000 00000000...)
(31420) DBB: write, last tick
(31426) DBB: write request from dla, addr 80100f00 id 0
(31426) DBB: write data from dla (00000000 00000000...)
(31426) DBB: write, last tick
(31432) DBB: write request from dla, addr 80100f00 id 0
(31432) DBB: write data from dla (00000000 00000000...)
(31432) DBB: write, last tick
(31438) DBB: write request from dla, addr 80100f00 id 0
(31438) DBB: write data from dla (00000000 00000000...)
(31438) DBB: write, last tick
(31444) DBB: write request from dla, addr 80100f00 id 0
(31444) DBB: write data from dla (00000000 00000000...)
(31444) DBB: write, last tick
(31450) DBB: write request from dla, addr 80100f00 id 0
(31450) DBB: write data from dla (00000000 00000000...)
(31450) DBB: write, last tick
(31456) DBB: write request from dla, addr 80100f00 id 0
(31456) DBB: write data from dla (00000000 00000000...)
(31456) DBB: write, last tick
(31462) DBB: write request from dla, addr 80100f00 id 0
(31462) DBB: write data from dla (00000000 00000000...)
(31462) DBB: write, last tick
(31468) DBB: write request from dla, addr 80100f00 id 0
(31468) DBB: write data from dla (00000000 00000000...)
(31468) DBB: write, last tick
(31474) DBB: write request from dla, addr 80100f00 id 0
(31474) DBB: write data from dla (00000000 00000000...)
(31474) DBB: write, last tick
(31480) DBB: write request from dla, addr 80100f00 id 0
(31480) DBB: write data from dla (00000000 00000000...)
(31480) DBB: write, last tick
(31486) DBB: write request from dla, addr 80100f00 id 0
(31486) DBB: write data from dla (00000000 00000000...)
(31486) DBB: write, last tick
(31492) DBB: write request from dla, addr 80100f00 id 0
(31492) DBB: write data from dla (00000000 00000000...)
(31492) DBB: write, last tick
(31498) DBB: write request from dla, addr 80100f00 id 0
(31498) DBB: write data from dla (00000000 00000000...)
(31498) DBB: write, last tick
(31504) DBB: write request from dla, addr 80100f00 id 0
(31504) DBB: write data from dla (00000000 00000000...)
(31504) DBB: write, last tick
(31510) DBB: write request from dla, addr 80100f00 id 0
(31510) DBB: write data from dla (00000000 00000000...)
(31510) DBB: write, last tick
(31516) DBB: write request from dla, addr 80100f00 id 0
(31516) DBB: write data from dla (00000000 00000000...)
(31516) DBB: write, last tick
(31522) DBB: write request from dla, addr 80100f00 id 0
(31522) DBB: write data from dla (00000000 00000000...)
(31522) DBB: write, last tick
(31528) DBB: write request from dla, addr 80100f00 id 0
(31528) DBB: write data from dla (00000000 00000000...)
(31528) DBB: write, last tick
(31534) DBB: write request from dla, addr 80100f00 id 0
(31534) DBB: write data from dla (00000000 00000000...)
(31534) DBB: write, last tick
(31540) DBB: write request from dla, addr 80100f00 id 0
(31540) DBB: write data from dla (00000000 00000000...)
(31540) DBB: write, last tick
(31546) DBB: write request from dla, addr 80100f00 id 0
(31546) DBB: write data from dla (00000000 00000000...)
(31546) DBB: write, last tick
(31552) DBB: write request from dla, addr 80100f00 id 0
(31552) DBB: write data from dla (00000000 00000000...)
(31552) DBB: write, last tick
(31558) DBB: write request from dla, addr 80100f00 id 0
(31558) DBB: write data from dla (00000000 00000000...)
(31558) DBB: write, last tick
(31564) DBB: write request from dla, addr 80100f00 id 0
(31564) DBB: write data from dla (00000000 00000000...)
(31564) DBB: write, last tick
(31570) DBB: write request from dla, addr 80100f00 id 0
(31570) DBB: write data from dla (00000000 00000000...)
(31570) DBB: write, last tick
(31576) DBB: write request from dla, addr 80100f00 id 0
(31576) DBB: write data from dla (00000000 00000000...)
(31576) DBB: write, last tick
(31582) DBB: write request from dla, addr 80100f00 id 0
(31582) DBB: write data from dla (00000000 00000000...)
(31582) DBB: write, last tick
(31588) DBB: write request from dla, addr 80100f00 id 0
(31588) DBB: write data from dla (00000000 00000000...)
(31588) DBB: write, last tick
(31594) DBB: write request from dla, addr 80100f00 id 0
(31594) DBB: write data from dla (00000000 00000000...)
(31594) DBB: write, last tick
(31600) DBB: write request from dla, addr 80100f00 id 0
(31600) DBB: write data from dla (00000000 00000000...)
(31600) DBB: write, last tick
(31606) DBB: write request from dla, addr 80100f00 id 0
(31606) DBB: write data from dla (00000000 00000000...)
(31606) DBB: write, last tick
(31612) DBB: write request from dla, addr 80100f00 id 0
(31612) DBB: write data from dla (00000000 00000000...)
(31612) DBB: write, last tick
(31618) DBB: write request from dla, addr 80100f00 id 0
(31618) DBB: write data from dla (00000000 00000000...)
(31618) DBB: write, last tick
(31624) DBB: write request from dla, addr 80100f00 id 0
(31624) DBB: write data from dla (00000000 00000000...)
(31624) DBB: write, last tick
(31630) DBB: write request from dla, addr 80100f00 id 0
(31630) DBB: write data from dla (00000000 00000000...)
(31630) DBB: write, last tick
(31636) DBB: write request from dla, addr 80100f00 id 0
(31636) DBB: write data from dla (00000000 00000000...)
(31636) DBB: write, last tick
(31642) DBB: write request from dla, addr 80100f00 id 0
(31642) DBB: write data from dla (00000000 00000000...)
(31642) DBB: write, last tick
(31648) DBB: write request from dla, addr 80100f00 id 0
(31648) DBB: write data from dla (00000000 00000000...)
(31648) DBB: write, last tick
(31654) DBB: write request from dla, addr 80100f00 id 0
(31654) DBB: write data from dla (00000000 00000000...)
(31654) DBB: write, last tick
(31660) DBB: write request from dla, addr 80100f00 id 0
(31660) DBB: write data from dla (00000000 00000000...)
(31660) DBB: write, last tick
(31666) DBB: write request from dla, addr 80100f00 id 0
(31666) DBB: write data from dla (00000000 00000000...)
(31666) DBB: write, last tick
(31672) DBB: write request from dla, addr 80100f00 id 0
(31672) DBB: write data from dla (00000000 00000000...)
(31672) DBB: write, last tick
(31678) DBB: write request from dla, addr 80100f00 id 0
(31678) DBB: write data from dla (00000000 00000000...)
(31678) DBB: write, last tick
(31684) DBB: write request from dla, addr 80100f00 id 0
(31684) DBB: write data from dla (00000000 00000000...)
(31684) DBB: write, last tick
(31690) DBB: write request from dla, addr 80100f00 id 0
(31690) DBB: write data from dla (00000000 00000000...)
(31690) DBB: write, last tick
(31696) DBB: write request from dla, addr 80100f40 id 0
(31696) DBB: write data from dla (00000044 00000000...)
(31696) DBB: write, last tick
(31702) DBB: write request from dla, addr 80100f40 id 0
(31702) DBB: write data from dla (00002000 00000000...)
(31702) DBB: write, last tick
(31708) DBB: write request from dla, addr 80100f40 id 0
(31708) DBB: write data from dla (00440000 00000000...)
(31708) DBB: write, last tick
(31714) DBB: write request from dla, addr 80100f40 id 0
(31714) DBB: write data from dla (21000000 00000000...)
(31714) DBB: write, last tick
(31720) DBB: write request from dla, addr 80100f40 id 0
(31720) DBB: write data from dla (00000000 00000044...)
(31720) DBB: write, last tick
(31726) DBB: write request from dla, addr 80100f40 id 0
(31726) DBB: write data from dla (00000000 00002200...)
(31726) DBB: write, last tick
(31732) DBB: write request from dla, addr 80100f40 id 0
(31732) DBB: write data from dla (00000000 00440000...)
(31732) DBB: write, last tick
(31738) DBB: write request from dla, addr 80100f40 id 0
(31738) DBB: write data from dla (00000000 23000000...)
(31738) DBB: write, last tick
(31744) DBB: write request from dla, addr 80100f40 id 0
(31744) DBB: write data from dla (00000000 00000000...)
(31744) DBB: write, last tick
(31750) DBB: write request from dla, addr 80100f40 id 0
(31750) DBB: write data from dla (00000000 00000000...)
(31750) DBB: write, last tick
(31756) DBB: write request from dla, addr 80100f40 id 0
(31756) DBB: write data from dla (00000000 00000000...)
(31756) DBB: write, last tick
(31762) DBB: write request from dla, addr 80100f40 id 0
(31762) DBB: write data from dla (00000000 00000000...)
(31762) DBB: write, last tick
(31768) DBB: write request from dla, addr 80100f40 id 0
(31768) DBB: write data from dla (00000000 00000000...)
(31768) DBB: write, last tick
(31774) DBB: write request from dla, addr 80100f40 id 0
(31774) DBB: write data from dla (00000000 00000000...)
(31774) DBB: write, last tick
(31780) DBB: write request from dla, addr 80100f40 id 0
(31780) DBB: write data from dla (00000000 00000000...)
(31780) DBB: write, last tick
(31786) DBB: write request from dla, addr 80100f40 id 0
(31786) DBB: write data from dla (00000000 00000000...)
(31786) DBB: write, last tick
(31792) DBB: write request from dla, addr 80100f40 id 0
(31792) DBB: write data from dla (00000000 00000000...)
(31792) DBB: write, last tick
(31798) DBB: write request from dla, addr 80100f40 id 0
(31798) DBB: write data from dla (00000000 00000000...)
(31798) DBB: write, last tick
(31804) DBB: write request from dla, addr 80100f40 id 0
(31804) DBB: write data from dla (00000000 00000000...)
(31804) DBB: write, last tick
(31810) DBB: write request from dla, addr 80100f40 id 0
(31810) DBB: write data from dla (00000000 00000000...)
(31810) DBB: write, last tick
(31816) DBB: write request from dla, addr 80100f40 id 0
(31816) DBB: write data from dla (00000000 00000000...)
(31816) DBB: write, last tick
(31822) DBB: write request from dla, addr 80100f40 id 0
(31822) DBB: write data from dla (00000000 00000000...)
(31822) DBB: write, last tick
(31828) DBB: write request from dla, addr 80100f40 id 0
(31828) DBB: write data from dla (00000000 00000000...)
(31828) DBB: write, last tick
(31834) DBB: write request from dla, addr 80100f40 id 0
(31834) DBB: write data from dla (00000000 00000000...)
(31834) DBB: write, last tick
(31840) DBB: write request from dla, addr 80100f40 id 0
(31840) DBB: write data from dla (00000000 00000000...)
(31840) DBB: write, last tick
(31846) DBB: write request from dla, addr 80100f40 id 0
(31846) DBB: write data from dla (00000000 00000000...)
(31846) DBB: write, last tick
(31852) DBB: write request from dla, addr 80100f40 id 0
(31852) DBB: write data from dla (00000000 00000000...)
(31852) DBB: write, last tick
(31858) DBB: write request from dla, addr 80100f40 id 0
(31858) DBB: write data from dla (00000000 00000000...)
(31858) DBB: write, last tick
(31864) DBB: write request from dla, addr 80100f40 id 0
(31864) DBB: write data from dla (00000000 00000000...)
(31864) DBB: write, last tick
(31870) DBB: write request from dla, addr 80100f40 id 0
(31870) DBB: write data from dla (00000000 00000000...)
(31870) DBB: write, last tick
(31876) DBB: write request from dla, addr 80100f40 id 0
(31876) DBB: write data from dla (00000000 00000000...)
(31876) DBB: write, last tick
(31882) DBB: write request from dla, addr 80100f40 id 0
(31882) DBB: write data from dla (00000000 00000000...)
(31882) DBB: write, last tick
(31888) DBB: write request from dla, addr 80100f40 id 0
(31888) DBB: write data from dla (00000000 00000000...)
(31888) DBB: write, last tick
(31894) DBB: write request from dla, addr 80100f40 id 0
(31894) DBB: write data from dla (00000000 00000000...)
(31894) DBB: write, last tick
(31900) DBB: write request from dla, addr 80100f40 id 0
(31900) DBB: write data from dla (00000000 00000000...)
(31900) DBB: write, last tick
(31906) DBB: write request from dla, addr 80100f40 id 0
(31906) DBB: write data from dla (00000000 00000000...)
(31906) DBB: write, last tick
(31912) DBB: write request from dla, addr 80100f40 id 0
(31912) DBB: write data from dla (00000000 00000000...)
(31912) DBB: write, last tick
(31918) DBB: write request from dla, addr 80100f40 id 0
(31918) DBB: write data from dla (00000000 00000000...)
(31918) DBB: write, last tick
(31924) DBB: write request from dla, addr 80100f40 id 0
(31924) DBB: write data from dla (00000000 00000000...)
(31924) DBB: write, last tick
(31930) DBB: write request from dla, addr 80100f40 id 0
(31930) DBB: write data from dla (00000000 00000000...)
(31930) DBB: write, last tick
(31936) DBB: write request from dla, addr 80100f40 id 0
(31936) DBB: write data from dla (00000000 00000000...)
(31936) DBB: write, last tick
(31942) DBB: write request from dla, addr 80100f40 id 0
(31942) DBB: write data from dla (00000000 00000000...)
(31942) DBB: write, last tick
(31948) DBB: write request from dla, addr 80100f40 id 0
(31948) DBB: write data from dla (00000000 00000000...)
(31948) DBB: write, last tick
(31954) DBB: write request from dla, addr 80100f40 id 0
(31954) DBB: write data from dla (00000000 00000000...)
(31954) DBB: write, last tick
(31960) DBB: write request from dla, addr 80100f40 id 0
(31960) DBB: write data from dla (00000000 00000000...)
(31960) DBB: write, last tick
(31966) DBB: write request from dla, addr 80100f40 id 0
(31966) DBB: write data from dla (00000000 00000000...)
(31966) DBB: write, last tick
(31972) DBB: write request from dla, addr 80100f40 id 0
(31972) DBB: write data from dla (00000000 00000000...)
(31972) DBB: write, last tick
(31978) DBB: write request from dla, addr 80100f40 id 0
(31978) DBB: write data from dla (00000000 00000000...)
(31978) DBB: write, last tick
(31984) DBB: write request from dla, addr 80100f40 id 0
(31984) DBB: write data from dla (00000000 00000000...)
(31984) DBB: write, last tick
(31990) DBB: write request from dla, addr 80100f40 id 0
(31990) DBB: write data from dla (00000000 00000000...)
(31990) DBB: write, last tick
(31996) DBB: write request from dla, addr 80100f40 id 0
(31996) DBB: write data from dla (00000000 00000000...)
(31996) DBB: write, last tick
(32002) DBB: write request from dla, addr 80100f40 id 0
(32002) DBB: write data from dla (00000000 00000000...)
(32002) DBB: write, last tick
(32008) DBB: write request from dla, addr 80100f40 id 0
(32008) DBB: write data from dla (00000000 00000000...)
(32008) DBB: write, last tick
(32014) DBB: write request from dla, addr 80100f40 id 0
(32014) DBB: write data from dla (00000000 00000000...)
(32014) DBB: write, last tick
(32020) DBB: write request from dla, addr 80100f40 id 0
(32020) DBB: write data from dla (00000000 00000000...)
(32020) DBB: write, last tick
(32026) DBB: write request from dla, addr 80100f40 id 0
(32026) DBB: write data from dla (00000000 00000000...)
(32026) DBB: write, last tick
(32032) DBB: write request from dla, addr 80100f40 id 0
(32032) DBB: write data from dla (00000000 00000000...)
(32032) DBB: write, last tick
(32038) DBB: write request from dla, addr 80100f40 id 0
(32038) DBB: write data from dla (00000000 00000000...)
(32038) DBB: write, last tick
(32044) DBB: write request from dla, addr 80100f40 id 0
(32044) DBB: write data from dla (00000000 00000000...)
(32044) DBB: write, last tick
(32050) DBB: write request from dla, addr 80100f40 id 0
(32050) DBB: write data from dla (00000000 00000000...)
(32050) DBB: write, last tick
(32056) DBB: write request from dla, addr 80100f40 id 0
(32056) DBB: write data from dla (00000000 00000000...)
(32056) DBB: write, last tick
(32062) DBB: write request from dla, addr 80100f40 id 0
(32062) DBB: write data from dla (00000000 00000000...)
(32062) DBB: write, last tick
(32068) DBB: write request from dla, addr 80100f40 id 0
(32068) DBB: write data from dla (00000000 00000000...)
(32068) DBB: write, last tick
(32074) DBB: write request from dla, addr 80100f40 id 0
(32074) DBB: write data from dla (00000000 00000000...)
(32074) DBB: write, last tick
(32080) DBB: write request from dla, addr 80100f80 id 0
(32080) DBB: write data from dla (00000064 00000000...)
(32080) DBB: write, last tick
(32086) DBB: write request from dla, addr 80100f80 id 0
(32086) DBB: write data from dla (00002000 00000000...)
(32086) DBB: write, last tick
(32092) DBB: write request from dla, addr 80100f80 id 0
(32092) DBB: write data from dla (00640000 00000000...)
(32092) DBB: write, last tick
(32098) DBB: write request from dla, addr 80100f80 id 0
(32098) DBB: write data from dla (21000000 00000000...)
(32098) DBB: write, last tick
(32104) DBB: write request from dla, addr 80100f80 id 0
(32104) DBB: write data from dla (00000000 00000064...)
(32104) DBB: write, last tick
(32110) DBB: write request from dla, addr 80100f80 id 0
(32110) DBB: write data from dla (00000000 00002200...)
(32110) DBB: write, last tick
(32116) DBB: write request from dla, addr 80100f80 id 0
(32116) DBB: write data from dla (00000000 00640000...)
(32116) DBB: write, last tick
(32122) DBB: write request from dla, addr 80100f80 id 0
(32122) DBB: write data from dla (00000000 23000000...)
(32122) DBB: write, last tick
(32128) DBB: write request from dla, addr 80100f80 id 0
(32128) DBB: write data from dla (00000000 00000000...)
(32128) DBB: write, last tick
(32134) DBB: write request from dla, addr 80100f80 id 0
(32134) DBB: write data from dla (00000000 00000000...)
(32134) DBB: write, last tick
(32140) DBB: write request from dla, addr 80100f80 id 0
(32140) DBB: write data from dla (00000000 00000000...)
(32140) DBB: write, last tick
(32146) DBB: write request from dla, addr 80100f80 id 0
(32146) DBB: write data from dla (00000000 00000000...)
(32146) DBB: write, last tick
(32152) DBB: write request from dla, addr 80100f80 id 0
(32152) DBB: write data from dla (00000000 00000000...)
(32152) DBB: write, last tick
(32158) DBB: write request from dla, addr 80100f80 id 0
(32158) DBB: write data from dla (00000000 00000000...)
(32158) DBB: write, last tick
(32164) DBB: write request from dla, addr 80100f80 id 0
(32164) DBB: write data from dla (00000000 00000000...)
(32164) DBB: write, last tick
(32170) DBB: write request from dla, addr 80100f80 id 0
(32170) DBB: write data from dla (00000000 00000000...)
(32170) DBB: write, last tick
(32176) DBB: write request from dla, addr 80100f80 id 0
(32176) DBB: write data from dla (00000000 00000000...)
(32176) DBB: write, last tick
(32182) DBB: write request from dla, addr 80100f80 id 0
(32182) DBB: write data from dla (00000000 00000000...)
(32182) DBB: write, last tick
(32188) DBB: write request from dla, addr 80100f80 id 0
(32188) DBB: write data from dla (00000000 00000000...)
(32188) DBB: write, last tick
(32194) DBB: write request from dla, addr 80100f80 id 0
(32194) DBB: write data from dla (00000000 00000000...)
(32194) DBB: write, last tick
(32200) DBB: write request from dla, addr 80100f80 id 0
(32200) DBB: write data from dla (00000000 00000000...)
(32200) DBB: write, last tick
(32206) DBB: write request from dla, addr 80100f80 id 0
(32206) DBB: write data from dla (00000000 00000000...)
(32206) DBB: write, last tick
(32212) DBB: write request from dla, addr 80100f80 id 0
(32212) DBB: write data from dla (00000000 00000000...)
(32212) DBB: write, last tick
(32218) DBB: write request from dla, addr 80100f80 id 0
(32218) DBB: write data from dla (00000000 00000000...)
(32218) DBB: write, last tick
(32224) DBB: write request from dla, addr 80100f80 id 0
(32224) DBB: write data from dla (00000000 00000000...)
(32224) DBB: write, last tick
(32230) DBB: write request from dla, addr 80100f80 id 0
(32230) DBB: write data from dla (00000000 00000000...)
(32230) DBB: write, last tick
(32236) DBB: write request from dla, addr 80100f80 id 0
(32236) DBB: write data from dla (00000000 00000000...)
(32236) DBB: write, last tick
(32242) DBB: write request from dla, addr 80100f80 id 0
(32242) DBB: write data from dla (00000000 00000000...)
(32242) DBB: write, last tick
(32248) DBB: write request from dla, addr 80100f80 id 0
(32248) DBB: write data from dla (00000000 00000000...)
(32248) DBB: write, last tick
(32254) DBB: write request from dla, addr 80100f80 id 0
(32254) DBB: write data from dla (00000000 00000000...)
(32254) DBB: write, last tick
(32260) DBB: write request from dla, addr 80100f80 id 0
(32260) DBB: write data from dla (00000000 00000000...)
(32260) DBB: write, last tick
(32266) DBB: write request from dla, addr 80100f80 id 0
(32266) DBB: write data from dla (00000000 00000000...)
(32266) DBB: write, last tick
(32272) DBB: write request from dla, addr 80100f80 id 0
(32272) DBB: write data from dla (00000000 00000000...)
(32272) DBB: write, last tick
(32278) DBB: write request from dla, addr 80100f80 id 0
(32278) DBB: write data from dla (00000000 00000000...)
(32278) DBB: write, last tick
(32284) DBB: write request from dla, addr 80100f80 id 0
(32284) DBB: write data from dla (00000000 00000000...)
(32284) DBB: write, last tick
(32290) DBB: write request from dla, addr 80100f80 id 0
(32290) DBB: write data from dla (00000000 00000000...)
(32290) DBB: write, last tick
(32296) DBB: write request from dla, addr 80100f80 id 0
(32296) DBB: write data from dla (00000000 00000000...)
(32296) DBB: write, last tick
(32302) DBB: write request from dla, addr 80100f80 id 0
(32302) DBB: write data from dla (00000000 00000000...)
(32302) DBB: write, last tick
(32308) DBB: write request from dla, addr 80100f80 id 0
(32308) DBB: write data from dla (00000000 00000000...)
(32308) DBB: write, last tick
(32314) DBB: write request from dla, addr 80100f80 id 0
(32314) DBB: write data from dla (00000000 00000000...)
(32314) DBB: write, last tick
(32320) DBB: write request from dla, addr 80100f80 id 0
(32320) DBB: write data from dla (00000000 00000000...)
(32320) DBB: write, last tick
(32326) DBB: write request from dla, addr 80100f80 id 0
(32326) DBB: write data from dla (00000000 00000000...)
(32326) DBB: write, last tick
(32332) DBB: write request from dla, addr 80100f80 id 0
(32332) DBB: write data from dla (00000000 00000000...)
(32332) DBB: write, last tick
(32338) DBB: write request from dla, addr 80100f80 id 0
(32338) DBB: write data from dla (00000000 00000000...)
(32338) DBB: write, last tick
(32344) DBB: write request from dla, addr 80100f80 id 0
(32344) DBB: write data from dla (00000000 00000000...)
(32344) DBB: write, last tick
(32350) DBB: write request from dla, addr 80100f80 id 0
(32350) DBB: write data from dla (00000000 00000000...)
(32350) DBB: write, last tick
(32356) DBB: write request from dla, addr 80100f80 id 0
(32356) DBB: write data from dla (00000000 00000000...)
(32356) DBB: write, last tick
(32362) DBB: write request from dla, addr 80100f80 id 0
(32362) DBB: write data from dla (00000000 00000000...)
(32362) DBB: write, last tick
(32368) DBB: write request from dla, addr 80100f80 id 0
(32368) DBB: write data from dla (00000000 00000000...)
(32368) DBB: write, last tick
(32374) DBB: write request from dla, addr 80100f80 id 0
(32374) DBB: write data from dla (00000000 00000000...)
(32374) DBB: write, last tick
(32380) DBB: write request from dla, addr 80100f80 id 0
(32380) DBB: write data from dla (00000000 00000000...)
(32380) DBB: write, last tick
(32386) DBB: write request from dla, addr 80100f80 id 0
(32386) DBB: write data from dla (00000000 00000000...)
(32386) DBB: write, last tick
(32392) DBB: write request from dla, addr 80100f80 id 0
(32392) DBB: write data from dla (00000000 00000000...)
(32392) DBB: write, last tick
(32398) DBB: write request from dla, addr 80100f80 id 0
(32398) DBB: write data from dla (00000000 00000000...)
(32398) DBB: write, last tick
(32404) DBB: write request from dla, addr 80100f80 id 0
(32404) DBB: write data from dla (00000000 00000000...)
(32404) DBB: write, last tick
(32410) DBB: write request from dla, addr 80100f80 id 0
(32410) DBB: write data from dla (00000000 00000000...)
(32410) DBB: write, last tick
(32416) DBB: write request from dla, addr 80100f80 id 0
(32416) DBB: write data from dla (00000000 00000000...)
(32416) DBB: write, last tick
(32422) DBB: write request from dla, addr 80100f80 id 0
(32422) DBB: write data from dla (00000000 00000000...)
(32422) DBB: write, last tick
(32428) DBB: write request from dla, addr 80100f80 id 0
(32428) DBB: write data from dla (00000000 00000000...)
(32428) DBB: write, last tick
(32434) DBB: write request from dla, addr 80100f80 id 0
(32434) DBB: write data from dla (00000000 00000000...)
(32434) DBB: write, last tick
(32440) DBB: write request from dla, addr 80100f80 id 0
(32440) DBB: write data from dla (00000000 00000000...)
(32440) DBB: write, last tick
(32446) DBB: write request from dla, addr 80100f80 id 0
(32446) DBB: write data from dla (00000000 00000000...)
(32446) DBB: write, last tick
(32452) DBB: write request from dla, addr 80100f80 id 0
(32452) DBB: write data from dla (00000000 00000000...)
(32452) DBB: write, last tick
(32458) DBB: write request from dla, addr 80100f80 id 0
(32458) DBB: write data from dla (00000000 00000000...)
(32458) DBB: write, last tick
(32464) DBB: write request from dla, addr 80100fc0 id 0
(32464) DBB: write data from dla (00000015 00000000...)
(32464) DBB: write, last tick
(32470) DBB: write request from dla, addr 80100fc0 id 0
(32470) DBB: write data from dla (00002000 00000000...)
(32470) DBB: write, last tick
(32476) DBB: write request from dla, addr 80100fc0 id 0
(32476) DBB: write data from dla (00150000 00000000...)
(32476) DBB: write, last tick
(32482) DBB: write request from dla, addr 80100fc0 id 0
(32482) DBB: write data from dla (21000000 00000000...)
(32482) DBB: write, last tick
(32488) DBB: write request from dla, addr 80100fc0 id 0
(32488) DBB: write data from dla (00000000 00000015...)
(32488) DBB: write, last tick
(32494) DBB: write request from dla, addr 80100fc0 id 0
(32494) DBB: write data from dla (00000000 00002200...)
(32494) DBB: write, last tick
(32500) DBB: write request from dla, addr 80100fc0 id 0
(32500) DBB: write data from dla (00000000 00150000...)
(32500) DBB: write, last tick
(32506) DBB: write request from dla, addr 80100fc0 id 0
(32506) DBB: write data from dla (00000000 23000000...)
(32506) DBB: write, last tick
(32512) DBB: write request from dla, addr 80100fc0 id 0
(32512) DBB: write data from dla (00000000 00000000...)
(32512) DBB: write, last tick
(32518) DBB: write request from dla, addr 80100fc0 id 0
(32518) DBB: write data from dla (00000000 00000000...)
(32518) DBB: write, last tick
(32524) DBB: write request from dla, addr 80100fc0 id 0
(32524) DBB: write data from dla (00000000 00000000...)
(32524) DBB: write, last tick
(32530) DBB: write request from dla, addr 80100fc0 id 0
(32530) DBB: write data from dla (00000000 00000000...)
(32530) DBB: write, last tick
(32536) DBB: write request from dla, addr 80100fc0 id 0
(32536) DBB: write data from dla (00000000 00000000...)
(32536) DBB: write, last tick
(32542) DBB: write request from dla, addr 80100fc0 id 0
(32542) DBB: write data from dla (00000000 00000000...)
(32542) DBB: write, last tick
(32548) DBB: write request from dla, addr 80100fc0 id 0
(32548) DBB: write data from dla (00000000 00000000...)
(32548) DBB: write, last tick
(32554) DBB: write request from dla, addr 80100fc0 id 0
(32554) DBB: write data from dla (00000000 00000000...)
(32554) DBB: write, last tick
(32560) DBB: write request from dla, addr 80100fc0 id 0
(32560) DBB: write data from dla (00000000 00000000...)
(32560) DBB: write, last tick
(32566) DBB: write request from dla, addr 80100fc0 id 0
(32566) DBB: write data from dla (00000000 00000000...)
(32566) DBB: write, last tick
(32572) DBB: write request from dla, addr 80100fc0 id 0
(32572) DBB: write data from dla (00000000 00000000...)
(32572) DBB: write, last tick
(32578) DBB: write request from dla, addr 80100fc0 id 0
(32578) DBB: write data from dla (00000000 00000000...)
(32578) DBB: write, last tick
(32584) DBB: write request from dla, addr 80100fc0 id 0
(32584) DBB: write data from dla (00000000 00000000...)
(32584) DBB: write, last tick
(32590) DBB: write request from dla, addr 80100fc0 id 0
(32590) DBB: write data from dla (00000000 00000000...)
(32590) DBB: write, last tick
(32596) DBB: write request from dla, addr 80100fc0 id 0
(32596) DBB: write data from dla (00000000 00000000...)
(32596) DBB: write, last tick
(32602) DBB: write request from dla, addr 80100fc0 id 0
(32602) DBB: write data from dla (00000000 00000000...)
(32602) DBB: write, last tick
(32608) DBB: write request from dla, addr 80100fc0 id 0
(32608) DBB: write data from dla (00000000 00000000...)
(32608) DBB: write, last tick
(32614) DBB: write request from dla, addr 80100fc0 id 0
(32614) DBB: write data from dla (00000000 00000000...)
(32614) DBB: write, last tick
(32620) DBB: write request from dla, addr 80100fc0 id 0
(32620) DBB: write data from dla (00000000 00000000...)
(32620) DBB: write, last tick
(32626) DBB: write request from dla, addr 80100fc0 id 0
(32626) DBB: write data from dla (00000000 00000000...)
(32626) DBB: write, last tick
(32632) DBB: write request from dla, addr 80100fc0 id 0
(32632) DBB: write data from dla (00000000 00000000...)
(32632) DBB: write, last tick
(32638) DBB: write request from dla, addr 80100fc0 id 0
(32638) DBB: write data from dla (00000000 00000000...)
(32638) DBB: write, last tick
(32644) DBB: write request from dla, addr 80100fc0 id 0
(32644) DBB: write data from dla (00000000 00000000...)
(32644) DBB: write, last tick
(32650) DBB: write request from dla, addr 80100fc0 id 0
(32650) DBB: write data from dla (00000000 00000000...)
(32650) DBB: write, last tick
(32656) DBB: write request from dla, addr 80100fc0 id 0
(32656) DBB: write data from dla (00000000 00000000...)
(32656) DBB: write, last tick
(32662) DBB: write request from dla, addr 80100fc0 id 0
(32662) DBB: write data from dla (00000000 00000000...)
(32662) DBB: write, last tick
(32668) DBB: write request from dla, addr 80100fc0 id 0
(32668) DBB: write data from dla (00000000 00000000...)
(32668) DBB: write, last tick
(32674) DBB: write request from dla, addr 80100fc0 id 0
(32674) DBB: write data from dla (00000000 00000000...)
(32674) DBB: write, last tick
(32680) DBB: write request from dla, addr 80100fc0 id 0
(32680) DBB: write data from dla (00000000 00000000...)
(32680) DBB: write, last tick
(32686) DBB: write request from dla, addr 80100fc0 id 0
(32686) DBB: write data from dla (00000000 00000000...)
(32686) DBB: write, last tick
(32692) DBB: write request from dla, addr 80100fc0 id 0
(32692) DBB: write data from dla (00000000 00000000...)
(32692) DBB: write, last tick
(32698) DBB: write request from dla, addr 80100fc0 id 0
(32698) DBB: write data from dla (00000000 00000000...)
(32698) DBB: write, last tick
(32704) DBB: write request from dla, addr 80100fc0 id 0
(32704) DBB: write data from dla (00000000 00000000...)
(32704) DBB: write, last tick
(32710) DBB: write request from dla, addr 80100fc0 id 0
(32710) DBB: write data from dla (00000000 00000000...)
(32710) DBB: write, last tick
(32716) DBB: write request from dla, addr 80100fc0 id 0
(32716) DBB: write data from dla (00000000 00000000...)
(32716) DBB: write, last tick
(32722) DBB: write request from dla, addr 80100fc0 id 0
(32722) DBB: write data from dla (00000000 00000000...)
(32722) DBB: write, last tick
(32728) DBB: write request from dla, addr 80100fc0 id 0
(32728) DBB: write data from dla (00000000 00000000...)
(32728) DBB: write, last tick
(32734) DBB: write request from dla, addr 80100fc0 id 0
(32734) DBB: write data from dla (00000000 00000000...)
(32734) DBB: write, last tick
(32740) DBB: write request from dla, addr 80100fc0 id 0
(32740) DBB: write data from dla (00000000 00000000...)
(32740) DBB: write, last tick
(32746) DBB: write request from dla, addr 80100fc0 id 0
(32746) DBB: write data from dla (00000000 00000000...)
(32746) DBB: write, last tick
(32752) DBB: write request from dla, addr 80100fc0 id 0
(32752) DBB: write data from dla (00000000 00000000...)
(32752) DBB: write, last tick
(32758) DBB: write request from dla, addr 80100fc0 id 0
(32758) DBB: write data from dla (00000000 00000000...)
(32758) DBB: write, last tick
(32764) DBB: write request from dla, addr 80100fc0 id 0
(32764) DBB: write data from dla (00000000 00000000...)
(32764) DBB: write, last tick
(32770) DBB: write request from dla, addr 80100fc0 id 0
(32770) DBB: write data from dla (00000000 00000000...)
(32770) DBB: write, last tick
(32776) DBB: write request from dla, addr 80100fc0 id 0
(32776) DBB: write data from dla (00000000 00000000...)
(32776) DBB: write, last tick
(32782) DBB: write request from dla, addr 80100fc0 id 0
(32782) DBB: write data from dla (00000000 00000000...)
(32782) DBB: write, last tick
(32788) DBB: write request from dla, addr 80100fc0 id 0
(32788) DBB: write data from dla (00000000 00000000...)
(32788) DBB: write, last tick
(32794) DBB: write request from dla, addr 80100fc0 id 0
(32794) DBB: write data from dla (00000000 00000000...)
(32794) DBB: write, last tick
(32800) DBB: write request from dla, addr 80100fc0 id 0
(32800) DBB: write data from dla (00000000 00000000...)
(32800) DBB: write, last tick
(32806) DBB: write request from dla, addr 80100fc0 id 0
(32806) DBB: write data from dla (00000000 00000000...)
(32806) DBB: write, last tick
(32812) DBB: write request from dla, addr 80100fc0 id 0
(32812) DBB: write data from dla (00000000 00000000...)
(32812) DBB: write, last tick
(32818) DBB: write request from dla, addr 80100fc0 id 0
(32818) DBB: write data from dla (00000000 00000000...)
(32818) DBB: write, last tick
(32824) DBB: write request from dla, addr 80100fc0 id 0
(32824) DBB: write data from dla (00000000 00000000...)
(32824) DBB: write, last tick
(32830) DBB: write request from dla, addr 80100fc0 id 0
(32830) DBB: write data from dla (00000000 00000000...)
(32830) DBB: write, last tick
(32836) DBB: write request from dla, addr 80100fc0 id 0
(32836) DBB: write data from dla (00000000 00000000...)
(32836) DBB: write, last tick
(32842) DBB: write request from dla, addr 80100fc0 id 0
(32842) DBB: write data from dla (00000000 00000000...)
(32842) DBB: write, last tick
(32848) DBB: write request from dla, addr 80101000 id 0
(32848) DBB: write data from dla (00000035 00000000...)
(32848) DBB: write, last tick
(32854) DBB: write request from dla, addr 80101000 id 0
(32854) DBB: write data from dla (00002000 00000000...)
(32854) DBB: write, last tick
(32860) DBB: write request from dla, addr 80101000 id 0
(32860) DBB: write data from dla (00350000 00000000...)
(32860) DBB: write, last tick
(32866) DBB: write request from dla, addr 80101000 id 0
(32866) DBB: write data from dla (21000000 00000000...)
(32866) DBB: write, last tick
(32872) DBB: write request from dla, addr 80101000 id 0
(32872) DBB: write data from dla (00000000 00000035...)
(32872) DBB: write, last tick
(32878) DBB: write request from dla, addr 80101000 id 0
(32878) DBB: write data from dla (00000000 00002200...)
(32878) DBB: write, last tick
(32884) DBB: write request from dla, addr 80101000 id 0
(32884) DBB: write data from dla (00000000 00350000...)
(32884) DBB: write, last tick
(32890) DBB: write request from dla, addr 80101000 id 0
(32890) DBB: write data from dla (00000000 23000000...)
(32890) DBB: write, last tick
(32896) DBB: write request from dla, addr 80101000 id 0
(32896) DBB: write data from dla (00000000 00000000...)
(32896) DBB: write, last tick
(32902) DBB: write request from dla, addr 80101000 id 0
(32902) DBB: write data from dla (00000000 00000000...)
(32902) DBB: write, last tick
(32908) DBB: write request from dla, addr 80101000 id 0
(32908) DBB: write data from dla (00000000 00000000...)
(32908) DBB: write, last tick
(32914) DBB: write request from dla, addr 80101000 id 0
(32914) DBB: write data from dla (00000000 00000000...)
(32914) DBB: write, last tick
(32920) DBB: write request from dla, addr 80101000 id 0
(32920) DBB: write data from dla (00000000 00000000...)
(32920) DBB: write, last tick
(32926) DBB: write request from dla, addr 80101000 id 0
(32926) DBB: write data from dla (00000000 00000000...)
(32926) DBB: write, last tick
(32932) DBB: write request from dla, addr 80101000 id 0
(32932) DBB: write data from dla (00000000 00000000...)
(32932) DBB: write, last tick
(32938) DBB: write request from dla, addr 80101000 id 0
(32938) DBB: write data from dla (00000000 00000000...)
(32938) DBB: write, last tick
(32944) DBB: write request from dla, addr 80101000 id 0
(32944) DBB: write data from dla (00000000 00000000...)
(32944) DBB: write, last tick
(32950) DBB: write request from dla, addr 80101000 id 0
(32950) DBB: write data from dla (00000000 00000000...)
(32950) DBB: write, last tick
(32956) DBB: write request from dla, addr 80101000 id 0
(32956) DBB: write data from dla (00000000 00000000...)
(32956) DBB: write, last tick
(32962) DBB: write request from dla, addr 80101000 id 0
(32962) DBB: write data from dla (00000000 00000000...)
(32962) DBB: write, last tick
(32968) DBB: write request from dla, addr 80101000 id 0
(32968) DBB: write data from dla (00000000 00000000...)
(32968) DBB: write, last tick
(32974) DBB: write request from dla, addr 80101000 id 0
(32974) DBB: write data from dla (00000000 00000000...)
(32974) DBB: write, last tick
(32980) DBB: write request from dla, addr 80101000 id 0
(32980) DBB: write data from dla (00000000 00000000...)
(32980) DBB: write, last tick
(32986) DBB: write request from dla, addr 80101000 id 0
(32986) DBB: write data from dla (00000000 00000000...)
(32986) DBB: write, last tick
(32992) DBB: write request from dla, addr 80101000 id 0
(32992) DBB: write data from dla (00000000 00000000...)
(32992) DBB: write, last tick
(32998) DBB: write request from dla, addr 80101000 id 0
(32998) DBB: write data from dla (00000000 00000000...)
(32998) DBB: write, last tick
(33004) DBB: write request from dla, addr 80101000 id 0
(33004) DBB: write data from dla (00000000 00000000...)
(33004) DBB: write, last tick
(33010) DBB: write request from dla, addr 80101000 id 0
(33010) DBB: write data from dla (00000000 00000000...)
(33010) DBB: write, last tick
(33016) DBB: write request from dla, addr 80101000 id 0
(33016) DBB: write data from dla (00000000 00000000...)
(33016) DBB: write, last tick
(33022) DBB: write request from dla, addr 80101000 id 0
(33022) DBB: write data from dla (00000000 00000000...)
(33022) DBB: write, last tick
(33028) DBB: write request from dla, addr 80101000 id 0
(33028) DBB: write data from dla (00000000 00000000...)
(33028) DBB: write, last tick
(33034) DBB: write request from dla, addr 80101000 id 0
(33034) DBB: write data from dla (00000000 00000000...)
(33034) DBB: write, last tick
(33040) DBB: write request from dla, addr 80101000 id 0
(33040) DBB: write data from dla (00000000 00000000...)
(33040) DBB: write, last tick
(33046) DBB: write request from dla, addr 80101000 id 0
(33046) DBB: write data from dla (00000000 00000000...)
(33046) DBB: write, last tick
(33052) DBB: write request from dla, addr 80101000 id 0
(33052) DBB: write data from dla (00000000 00000000...)
(33052) DBB: write, last tick
(33058) DBB: write request from dla, addr 80101000 id 0
(33058) DBB: write data from dla (00000000 00000000...)
(33058) DBB: write, last tick
(33064) DBB: write request from dla, addr 80101000 id 0
(33064) DBB: write data from dla (00000000 00000000...)
(33064) DBB: write, last tick
(33070) DBB: write request from dla, addr 80101000 id 0
(33070) DBB: write data from dla (00000000 00000000...)
(33070) DBB: write, last tick
(33076) DBB: write request from dla, addr 80101000 id 0
(33076) DBB: write data from dla (00000000 00000000...)
(33076) DBB: write, last tick
(33082) DBB: write request from dla, addr 80101000 id 0
(33082) DBB: write data from dla (00000000 00000000...)
(33082) DBB: write, last tick
(33088) DBB: write request from dla, addr 80101000 id 0
(33088) DBB: write data from dla (00000000 00000000...)
(33088) DBB: write, last tick
(33094) DBB: write request from dla, addr 80101000 id 0
(33094) DBB: write data from dla (00000000 00000000...)
(33094) DBB: write, last tick
(33100) DBB: write request from dla, addr 80101000 id 0
(33100) DBB: write data from dla (00000000 00000000...)
(33100) DBB: write, last tick
(33106) DBB: write request from dla, addr 80101000 id 0
(33106) DBB: write data from dla (00000000 00000000...)
(33106) DBB: write, last tick
(33112) DBB: write request from dla, addr 80101000 id 0
(33112) DBB: write data from dla (00000000 00000000...)
(33112) DBB: write, last tick
(33118) DBB: write request from dla, addr 80101000 id 0
(33118) DBB: write data from dla (00000000 00000000...)
(33118) DBB: write, last tick
(33124) DBB: write request from dla, addr 80101000 id 0
(33124) DBB: write data from dla (00000000 00000000...)
(33124) DBB: write, last tick
(33130) DBB: write request from dla, addr 80101000 id 0
(33130) DBB: write data from dla (00000000 00000000...)
(33130) DBB: write, last tick
(33136) DBB: write request from dla, addr 80101000 id 0
(33136) DBB: write data from dla (00000000 00000000...)
(33136) DBB: write, last tick
(33142) DBB: write request from dla, addr 80101000 id 0
(33142) DBB: write data from dla (00000000 00000000...)
(33142) DBB: write, last tick
(33148) DBB: write request from dla, addr 80101000 id 0
(33148) DBB: write data from dla (00000000 00000000...)
(33148) DBB: write, last tick
(33154) DBB: write request from dla, addr 80101000 id 0
(33154) DBB: write data from dla (00000000 00000000...)
(33154) DBB: write, last tick
(33160) DBB: write request from dla, addr 80101000 id 0
(33160) DBB: write data from dla (00000000 00000000...)
(33160) DBB: write, last tick
(33166) DBB: write request from dla, addr 80101000 id 0
(33166) DBB: write data from dla (00000000 00000000...)
(33166) DBB: write, last tick
(33172) DBB: write request from dla, addr 80101000 id 0
(33172) DBB: write data from dla (00000000 00000000...)
(33172) DBB: write, last tick
(33178) DBB: write request from dla, addr 80101000 id 0
(33178) DBB: write data from dla (00000000 00000000...)
(33178) DBB: write, last tick
(33184) DBB: write request from dla, addr 80101000 id 0
(33184) DBB: write data from dla (00000000 00000000...)
(33184) DBB: write, last tick
(33190) DBB: write request from dla, addr 80101000 id 0
(33190) DBB: write data from dla (00000000 00000000...)
(33190) DBB: write, last tick
(33196) DBB: write request from dla, addr 80101000 id 0
(33196) DBB: write data from dla (00000000 00000000...)
(33196) DBB: write, last tick
(33202) DBB: write request from dla, addr 80101000 id 0
(33202) DBB: write data from dla (00000000 00000000...)
(33202) DBB: write, last tick
(33208) DBB: write request from dla, addr 80101000 id 0
(33208) DBB: write data from dla (00000000 00000000...)
(33208) DBB: write, last tick
(33214) DBB: write request from dla, addr 80101000 id 0
(33214) DBB: write data from dla (00000000 00000000...)
(33214) DBB: write, last tick
(33220) DBB: write request from dla, addr 80101000 id 0
(33220) DBB: write data from dla (00000000 00000000...)
(33220) DBB: write, last tick
(33226) DBB: write request from dla, addr 80101000 id 0
(33226) DBB: write data from dla (00000000 00000000...)
(33226) DBB: write, last tick
(33232) DBB: write request from dla, addr 80101040 id 0
(33232) DBB: write data from dla (00000055 00000000...)
(33232) DBB: write, last tick
(33238) DBB: write request from dla, addr 80101040 id 0
(33238) DBB: write data from dla (00002000 00000000...)
(33238) DBB: write, last tick
(33244) DBB: write request from dla, addr 80101040 id 0
(33244) DBB: write data from dla (00550000 00000000...)
(33244) DBB: write, last tick
(33250) DBB: write request from dla, addr 80101040 id 0
(33250) DBB: write data from dla (21000000 00000000...)
(33250) DBB: write, last tick
(33256) DBB: write request from dla, addr 80101040 id 0
(33256) DBB: write data from dla (00000000 00000055...)
(33256) DBB: write, last tick
(33262) DBB: write request from dla, addr 80101040 id 0
(33262) DBB: write data from dla (00000000 00002200...)
(33262) DBB: write, last tick
(33268) DBB: write request from dla, addr 80101040 id 0
(33268) DBB: write data from dla (00000000 00550000...)
(33268) DBB: write, last tick
(33274) DBB: write request from dla, addr 80101040 id 0
(33274) DBB: write data from dla (00000000 23000000...)
(33274) DBB: write, last tick
(33280) DBB: write request from dla, addr 80101040 id 0
(33280) DBB: write data from dla (00000000 00000000...)
(33280) DBB: write, last tick
(33286) DBB: write request from dla, addr 80101040 id 0
(33286) DBB: write data from dla (00000000 00000000...)
(33286) DBB: write, last tick
(33292) DBB: write request from dla, addr 80101040 id 0
(33292) DBB: write data from dla (00000000 00000000...)
(33292) DBB: write, last tick
(33298) DBB: write request from dla, addr 80101040 id 0
(33298) DBB: write data from dla (00000000 00000000...)
(33298) DBB: write, last tick
(33304) DBB: write request from dla, addr 80101040 id 0
(33304) DBB: write data from dla (00000000 00000000...)
(33304) DBB: write, last tick
(33310) DBB: write request from dla, addr 80101040 id 0
(33310) DBB: write data from dla (00000000 00000000...)
(33310) DBB: write, last tick
(33316) DBB: write request from dla, addr 80101040 id 0
(33316) DBB: write data from dla (00000000 00000000...)
(33316) DBB: write, last tick
(33322) DBB: write request from dla, addr 80101040 id 0
(33322) DBB: write data from dla (00000000 00000000...)
(33322) DBB: write, last tick
(33328) DBB: write request from dla, addr 80101040 id 0
(33328) DBB: write data from dla (00000000 00000000...)
(33328) DBB: write, last tick
(33334) DBB: write request from dla, addr 80101040 id 0
(33334) DBB: write data from dla (00000000 00000000...)
(33334) DBB: write, last tick
(33340) DBB: write request from dla, addr 80101040 id 0
(33340) DBB: write data from dla (00000000 00000000...)
(33340) DBB: write, last tick
(33346) DBB: write request from dla, addr 80101040 id 0
(33346) DBB: write data from dla (00000000 00000000...)
(33346) DBB: write, last tick
(33352) DBB: write request from dla, addr 80101040 id 0
(33352) DBB: write data from dla (00000000 00000000...)
(33352) DBB: write, last tick
(33358) DBB: write request from dla, addr 80101040 id 0
(33358) DBB: write data from dla (00000000 00000000...)
(33358) DBB: write, last tick
(33364) DBB: write request from dla, addr 80101040 id 0
(33364) DBB: write data from dla (00000000 00000000...)
(33364) DBB: write, last tick
(33370) DBB: write request from dla, addr 80101040 id 0
(33370) DBB: write data from dla (00000000 00000000...)
(33370) DBB: write, last tick
(33376) DBB: write request from dla, addr 80101040 id 0
(33376) DBB: write data from dla (00000000 00000000...)
(33376) DBB: write, last tick
(33382) DBB: write request from dla, addr 80101040 id 0
(33382) DBB: write data from dla (00000000 00000000...)
(33382) DBB: write, last tick
(33388) DBB: write request from dla, addr 80101040 id 0
(33388) DBB: write data from dla (00000000 00000000...)
(33388) DBB: write, last tick
(33394) DBB: write request from dla, addr 80101040 id 0
(33394) DBB: write data from dla (00000000 00000000...)
(33394) DBB: write, last tick
(33400) DBB: write request from dla, addr 80101040 id 0
(33400) DBB: write data from dla (00000000 00000000...)
(33400) DBB: write, last tick
(33406) DBB: write request from dla, addr 80101040 id 0
(33406) DBB: write data from dla (00000000 00000000...)
(33406) DBB: write, last tick
(33412) DBB: write request from dla, addr 80101040 id 0
(33412) DBB: write data from dla (00000000 00000000...)
(33412) DBB: write, last tick
(33418) DBB: write request from dla, addr 80101040 id 0
(33418) DBB: write data from dla (00000000 00000000...)
(33418) DBB: write, last tick
(33424) DBB: write request from dla, addr 80101040 id 0
(33424) DBB: write data from dla (00000000 00000000...)
(33424) DBB: write, last tick
(33430) DBB: write request from dla, addr 80101040 id 0
(33430) DBB: write data from dla (00000000 00000000...)
(33430) DBB: write, last tick
(33436) DBB: write request from dla, addr 80101040 id 0
(33436) DBB: write data from dla (00000000 00000000...)
(33436) DBB: write, last tick
(33442) DBB: write request from dla, addr 80101040 id 0
(33442) DBB: write data from dla (00000000 00000000...)
(33442) DBB: write, last tick
(33448) DBB: write request from dla, addr 80101040 id 0
(33448) DBB: write data from dla (00000000 00000000...)
(33448) DBB: write, last tick
(33454) DBB: write request from dla, addr 80101040 id 0
(33454) DBB: write data from dla (00000000 00000000...)
(33454) DBB: write, last tick
(33460) DBB: write request from dla, addr 80101040 id 0
(33460) DBB: write data from dla (00000000 00000000...)
(33460) DBB: write, last tick
(33466) DBB: write request from dla, addr 80101040 id 0
(33466) DBB: write data from dla (00000000 00000000...)
(33466) DBB: write, last tick
(33472) DBB: write request from dla, addr 80101040 id 0
(33472) DBB: write data from dla (00000000 00000000...)
(33472) DBB: write, last tick
(33478) DBB: write request from dla, addr 80101040 id 0
(33478) DBB: write data from dla (00000000 00000000...)
(33478) DBB: write, last tick
(33484) DBB: write request from dla, addr 80101040 id 0
(33484) DBB: write data from dla (00000000 00000000...)
(33484) DBB: write, last tick
(33490) DBB: write request from dla, addr 80101040 id 0
(33490) DBB: write data from dla (00000000 00000000...)
(33490) DBB: write, last tick
(33496) DBB: write request from dla, addr 80101040 id 0
(33496) DBB: write data from dla (00000000 00000000...)
(33496) DBB: write, last tick
(33502) DBB: write request from dla, addr 80101040 id 0
(33502) DBB: write data from dla (00000000 00000000...)
(33502) DBB: write, last tick
(33508) DBB: write request from dla, addr 80101040 id 0
(33508) DBB: write data from dla (00000000 00000000...)
(33508) DBB: write, last tick
(33514) DBB: write request from dla, addr 80101040 id 0
(33514) DBB: write data from dla (00000000 00000000...)
(33514) DBB: write, last tick
(33520) DBB: write request from dla, addr 80101040 id 0
(33520) DBB: write data from dla (00000000 00000000...)
(33520) DBB: write, last tick
(33526) DBB: write request from dla, addr 80101040 id 0
(33526) DBB: write data from dla (00000000 00000000...)
(33526) DBB: write, last tick
(33532) DBB: write request from dla, addr 80101040 id 0
(33532) DBB: write data from dla (00000000 00000000...)
(33532) DBB: write, last tick
(33538) DBB: write request from dla, addr 80101040 id 0
(33538) DBB: write data from dla (00000000 00000000...)
(33538) DBB: write, last tick
(33544) DBB: write request from dla, addr 80101040 id 0
(33544) DBB: write data from dla (00000000 00000000...)
(33544) DBB: write, last tick
(33550) DBB: write request from dla, addr 80101040 id 0
(33550) DBB: write data from dla (00000000 00000000...)
(33550) DBB: write, last tick
(33556) DBB: write request from dla, addr 80101040 id 0
(33556) DBB: write data from dla (00000000 00000000...)
(33556) DBB: write, last tick
(33562) DBB: write request from dla, addr 80101040 id 0
(33562) DBB: write data from dla (00000000 00000000...)
(33562) DBB: write, last tick
(33568) DBB: write request from dla, addr 80101040 id 0
(33568) DBB: write data from dla (00000000 00000000...)
(33568) DBB: write, last tick
(33574) DBB: write request from dla, addr 80101040 id 0
(33574) DBB: write data from dla (00000000 00000000...)
(33574) DBB: write, last tick
(33580) DBB: write request from dla, addr 80101040 id 0
(33580) DBB: write data from dla (00000000 00000000...)
(33580) DBB: write, last tick
(33586) DBB: write request from dla, addr 80101040 id 0
(33586) DBB: write data from dla (00000000 00000000...)
(33586) DBB: write, last tick
(33592) DBB: write request from dla, addr 80101040 id 0
(33592) DBB: write data from dla (00000000 00000000...)
(33592) DBB: write, last tick
(33598) DBB: write request from dla, addr 80101040 id 0
(33598) DBB: write data from dla (00000000 00000000...)
(33598) DBB: write, last tick
(33604) DBB: write request from dla, addr 80101040 id 0
(33604) DBB: write data from dla (00000000 00000000...)
(33604) DBB: write, last tick
(33610) DBB: write request from dla, addr 80101040 id 0
(33610) DBB: write data from dla (00000000 00000000...)
(33610) DBB: write, last tick
(33616) DBB: write request from dla, addr 80101080 id 0
(33616) DBB: write data from dla (00000065 00000000...)
(33616) DBB: write, last tick
(33622) DBB: write request from dla, addr 80101080 id 0
(33622) DBB: write data from dla (00002000 00000000...)
(33622) DBB: write, last tick
(33628) DBB: write request from dla, addr 80101080 id 0
(33628) DBB: write data from dla (00650000 00000000...)
(33628) DBB: write, last tick
(33634) DBB: write request from dla, addr 80101080 id 0
(33634) DBB: write data from dla (21000000 00000000...)
(33634) DBB: write, last tick
(33640) DBB: write request from dla, addr 80101080 id 0
(33640) DBB: write data from dla (00000000 00000065...)
(33640) DBB: write, last tick
(33646) DBB: write request from dla, addr 80101080 id 0
(33646) DBB: write data from dla (00000000 00002200...)
(33646) DBB: write, last tick
(33652) DBB: write request from dla, addr 80101080 id 0
(33652) DBB: write data from dla (00000000 00650000...)
(33652) DBB: write, last tick
(33658) DBB: write request from dla, addr 80101080 id 0
(33658) DBB: write data from dla (00000000 23000000...)
(33658) DBB: write, last tick
(33664) DBB: write request from dla, addr 80101080 id 0
(33664) DBB: write data from dla (00000000 00000000...)
(33664) DBB: write, last tick
(33670) DBB: write request from dla, addr 80101080 id 0
(33670) DBB: write data from dla (00000000 00000000...)
(33670) DBB: write, last tick
(33676) DBB: write request from dla, addr 80101080 id 0
(33676) DBB: write data from dla (00000000 00000000...)
(33676) DBB: write, last tick
(33682) DBB: write request from dla, addr 80101080 id 0
(33682) DBB: write data from dla (00000000 00000000...)
(33682) DBB: write, last tick
(33688) DBB: write request from dla, addr 80101080 id 0
(33688) DBB: write data from dla (00000000 00000000...)
(33688) DBB: write, last tick
(33694) DBB: write request from dla, addr 80101080 id 0
(33694) DBB: write data from dla (00000000 00000000...)
(33694) DBB: write, last tick
(33700) DBB: write request from dla, addr 80101080 id 0
(33700) DBB: write data from dla (00000000 00000000...)
(33700) DBB: write, last tick
(33706) DBB: write request from dla, addr 80101080 id 0
(33706) DBB: write data from dla (00000000 00000000...)
(33706) DBB: write, last tick
(33712) DBB: write request from dla, addr 80101080 id 0
(33712) DBB: write data from dla (00000000 00000000...)
(33712) DBB: write, last tick
(33718) DBB: write request from dla, addr 80101080 id 0
(33718) DBB: write data from dla (00000000 00000000...)
(33718) DBB: write, last tick
(33724) DBB: write request from dla, addr 80101080 id 0
(33724) DBB: write data from dla (00000000 00000000...)
(33724) DBB: write, last tick
(33730) DBB: write request from dla, addr 80101080 id 0
(33730) DBB: write data from dla (00000000 00000000...)
(33730) DBB: write, last tick
(33736) DBB: write request from dla, addr 80101080 id 0
(33736) DBB: write data from dla (00000000 00000000...)
(33736) DBB: write, last tick
(33742) DBB: write request from dla, addr 80101080 id 0
(33742) DBB: write data from dla (00000000 00000000...)
(33742) DBB: write, last tick
(33748) DBB: write request from dla, addr 80101080 id 0
(33748) DBB: write data from dla (00000000 00000000...)
(33748) DBB: write, last tick
(33754) DBB: write request from dla, addr 80101080 id 0
(33754) DBB: write data from dla (00000000 00000000...)
(33754) DBB: write, last tick
(33760) DBB: write request from dla, addr 80101080 id 0
(33760) DBB: write data from dla (00000000 00000000...)
(33760) DBB: write, last tick
(33766) DBB: write request from dla, addr 80101080 id 0
(33766) DBB: write data from dla (00000000 00000000...)
(33766) DBB: write, last tick
(33772) DBB: write request from dla, addr 80101080 id 0
(33772) DBB: write data from dla (00000000 00000000...)
(33772) DBB: write, last tick
(33778) DBB: write request from dla, addr 80101080 id 0
(33778) DBB: write data from dla (00000000 00000000...)
(33778) DBB: write, last tick
(33784) DBB: write request from dla, addr 80101080 id 0
(33784) DBB: write data from dla (00000000 00000000...)
(33784) DBB: write, last tick
(33790) DBB: write request from dla, addr 80101080 id 0
(33790) DBB: write data from dla (00000000 00000000...)
(33790) DBB: write, last tick
(33796) DBB: write request from dla, addr 80101080 id 0
(33796) DBB: write data from dla (00000000 00000000...)
(33796) DBB: write, last tick
(33802) DBB: write request from dla, addr 80101080 id 0
(33802) DBB: write data from dla (00000000 00000000...)
(33802) DBB: write, last tick
(33808) DBB: write request from dla, addr 80101080 id 0
(33808) DBB: write data from dla (00000000 00000000...)
(33808) DBB: write, last tick
(33814) DBB: write request from dla, addr 80101080 id 0
(33814) DBB: write data from dla (00000000 00000000...)
(33814) DBB: write, last tick
(33820) DBB: write request from dla, addr 80101080 id 0
(33820) DBB: write data from dla (00000000 00000000...)
(33820) DBB: write, last tick
(33826) DBB: write request from dla, addr 80101080 id 0
(33826) DBB: write data from dla (00000000 00000000...)
(33826) DBB: write, last tick
(33832) DBB: write request from dla, addr 80101080 id 0
(33832) DBB: write data from dla (00000000 00000000...)
(33832) DBB: write, last tick
(33838) DBB: write request from dla, addr 80101080 id 0
(33838) DBB: write data from dla (00000000 00000000...)
(33838) DBB: write, last tick
(33844) DBB: write request from dla, addr 80101080 id 0
(33844) DBB: write data from dla (00000000 00000000...)
(33844) DBB: write, last tick
(33850) DBB: write request from dla, addr 80101080 id 0
(33850) DBB: write data from dla (00000000 00000000...)
(33850) DBB: write, last tick
(33856) DBB: write request from dla, addr 80101080 id 0
(33856) DBB: write data from dla (00000000 00000000...)
(33856) DBB: write, last tick
(33862) DBB: write request from dla, addr 80101080 id 0
(33862) DBB: write data from dla (00000000 00000000...)
(33862) DBB: write, last tick
(33868) DBB: write request from dla, addr 80101080 id 0
(33868) DBB: write data from dla (00000000 00000000...)
(33868) DBB: write, last tick
(33874) DBB: write request from dla, addr 80101080 id 0
(33874) DBB: write data from dla (00000000 00000000...)
(33874) DBB: write, last tick
(33880) DBB: write request from dla, addr 80101080 id 0
(33880) DBB: write data from dla (00000000 00000000...)
(33880) DBB: write, last tick
(33886) DBB: write request from dla, addr 80101080 id 0
(33886) DBB: write data from dla (00000000 00000000...)
(33886) DBB: write, last tick
(33892) DBB: write request from dla, addr 80101080 id 0
(33892) DBB: write data from dla (00000000 00000000...)
(33892) DBB: write, last tick
(33898) DBB: write request from dla, addr 80101080 id 0
(33898) DBB: write data from dla (00000000 00000000...)
(33898) DBB: write, last tick
(33904) DBB: write request from dla, addr 80101080 id 0
(33904) DBB: write data from dla (00000000 00000000...)
(33904) DBB: write, last tick
(33910) DBB: write request from dla, addr 80101080 id 0
(33910) DBB: write data from dla (00000000 00000000...)
(33910) DBB: write, last tick
(33916) DBB: write request from dla, addr 80101080 id 0
(33916) DBB: write data from dla (00000000 00000000...)
(33916) DBB: write, last tick
(33922) DBB: write request from dla, addr 80101080 id 0
(33922) DBB: write data from dla (00000000 00000000...)
(33922) DBB: write, last tick
(33928) DBB: write request from dla, addr 80101080 id 0
(33928) DBB: write data from dla (00000000 00000000...)
(33928) DBB: write, last tick
(33934) DBB: write request from dla, addr 80101080 id 0
(33934) DBB: write data from dla (00000000 00000000...)
(33934) DBB: write, last tick
(33940) DBB: write request from dla, addr 80101080 id 0
(33940) DBB: write data from dla (00000000 00000000...)
(33940) DBB: write, last tick
(33946) DBB: write request from dla, addr 80101080 id 0
(33946) DBB: write data from dla (00000000 00000000...)
(33946) DBB: write, last tick
(33952) DBB: write request from dla, addr 80101080 id 0
(33952) DBB: write data from dla (00000000 00000000...)
(33952) DBB: write, last tick
(33958) DBB: write request from dla, addr 80101080 id 0
(33958) DBB: write data from dla (00000000 00000000...)
(33958) DBB: write, last tick
(33964) DBB: write request from dla, addr 80101080 id 0
(33964) DBB: write data from dla (00000000 00000000...)
(33964) DBB: write, last tick
(33970) DBB: write request from dla, addr 80101080 id 0
(33970) DBB: write data from dla (00000000 00000000...)
(33970) DBB: write, last tick
(33976) DBB: write request from dla, addr 80101080 id 0
(33976) DBB: write data from dla (00000000 00000000...)
(33976) DBB: write, last tick
(33982) DBB: write request from dla, addr 80101080 id 0
(33982) DBB: write data from dla (00000000 00000000...)
(33982) DBB: write, last tick
(33988) DBB: write request from dla, addr 80101080 id 0
(33988) DBB: write data from dla (00000000 00000000...)
(33988) DBB: write, last tick
(33994) DBB: write request from dla, addr 80101080 id 0
(33994) DBB: write data from dla (00000000 00000000...)
(33994) DBB: write, last tick
(34000) DBB: write request from dla, addr 801010c0 id 0
(34000) DBB: write data from dla (00000026 00000000...)
(34000) DBB: write, last tick
(34006) DBB: write request from dla, addr 801010c0 id 0
(34006) DBB: write data from dla (00002000 00000000...)
(34006) DBB: write, last tick
(34012) DBB: write request from dla, addr 801010c0 id 0
(34012) DBB: write data from dla (00260000 00000000...)
(34012) DBB: write, last tick
(34018) DBB: write request from dla, addr 801010c0 id 0
(34018) DBB: write data from dla (21000000 00000000...)
(34018) DBB: write, last tick
(34024) DBB: write request from dla, addr 801010c0 id 0
(34024) DBB: write data from dla (00000000 00000026...)
(34024) DBB: write, last tick
(34030) DBB: write request from dla, addr 801010c0 id 0
(34030) DBB: write data from dla (00000000 00002200...)
(34030) DBB: write, last tick
(34036) DBB: write request from dla, addr 801010c0 id 0
(34036) DBB: write data from dla (00000000 00260000...)
(34036) DBB: write, last tick
(34042) DBB: write request from dla, addr 801010c0 id 0
(34042) DBB: write data from dla (00000000 23000000...)
(34042) DBB: write, last tick
(34048) DBB: write request from dla, addr 801010c0 id 0
(34048) DBB: write data from dla (00000000 00000000...)
(34048) DBB: write, last tick
(34054) DBB: write request from dla, addr 801010c0 id 0
(34054) DBB: write data from dla (00000000 00000000...)
(34054) DBB: write, last tick
(34060) DBB: write request from dla, addr 801010c0 id 0
(34060) DBB: write data from dla (00000000 00000000...)
(34060) DBB: write, last tick
(34066) DBB: write request from dla, addr 801010c0 id 0
(34066) DBB: write data from dla (00000000 00000000...)
(34066) DBB: write, last tick
(34072) DBB: write request from dla, addr 801010c0 id 0
(34072) DBB: write data from dla (00000000 00000000...)
(34072) DBB: write, last tick
(34078) DBB: write request from dla, addr 801010c0 id 0
(34078) DBB: write data from dla (00000000 00000000...)
(34078) DBB: write, last tick
(34084) DBB: write request from dla, addr 801010c0 id 0
(34084) DBB: write data from dla (00000000 00000000...)
(34084) DBB: write, last tick
(34090) DBB: write request from dla, addr 801010c0 id 0
(34090) DBB: write data from dla (00000000 00000000...)
(34090) DBB: write, last tick
(34096) DBB: write request from dla, addr 801010c0 id 0
(34096) DBB: write data from dla (00000000 00000000...)
(34096) DBB: write, last tick
(34102) DBB: write request from dla, addr 801010c0 id 0
(34102) DBB: write data from dla (00000000 00000000...)
(34102) DBB: write, last tick
(34108) DBB: write request from dla, addr 801010c0 id 0
(34108) DBB: write data from dla (00000000 00000000...)
(34108) DBB: write, last tick
(34114) DBB: write request from dla, addr 801010c0 id 0
(34114) DBB: write data from dla (00000000 00000000...)
(34114) DBB: write, last tick
(34120) DBB: write request from dla, addr 801010c0 id 0
(34120) DBB: write data from dla (00000000 00000000...)
(34120) DBB: write, last tick
(34126) DBB: write request from dla, addr 801010c0 id 0
(34126) DBB: write data from dla (00000000 00000000...)
(34126) DBB: write, last tick
(34132) DBB: write request from dla, addr 801010c0 id 0
(34132) DBB: write data from dla (00000000 00000000...)
(34132) DBB: write, last tick
(34138) DBB: write request from dla, addr 801010c0 id 0
(34138) DBB: write data from dla (00000000 00000000...)
(34138) DBB: write, last tick
(34144) DBB: write request from dla, addr 801010c0 id 0
(34144) DBB: write data from dla (00000000 00000000...)
(34144) DBB: write, last tick
(34150) DBB: write request from dla, addr 801010c0 id 0
(34150) DBB: write data from dla (00000000 00000000...)
(34150) DBB: write, last tick
(34156) DBB: write request from dla, addr 801010c0 id 0
(34156) DBB: write data from dla (00000000 00000000...)
(34156) DBB: write, last tick
(34162) DBB: write request from dla, addr 801010c0 id 0
(34162) DBB: write data from dla (00000000 00000000...)
(34162) DBB: write, last tick
(34168) DBB: write request from dla, addr 801010c0 id 0
(34168) DBB: write data from dla (00000000 00000000...)
(34168) DBB: write, last tick
(34174) DBB: write request from dla, addr 801010c0 id 0
(34174) DBB: write data from dla (00000000 00000000...)
(34174) DBB: write, last tick
(34180) DBB: write request from dla, addr 801010c0 id 0
(34180) DBB: write data from dla (00000000 00000000...)
(34180) DBB: write, last tick
(34186) DBB: write request from dla, addr 801010c0 id 0
(34186) DBB: write data from dla (00000000 00000000...)
(34186) DBB: write, last tick
(34192) DBB: write request from dla, addr 801010c0 id 0
(34192) DBB: write data from dla (00000000 00000000...)
(34192) DBB: write, last tick
(34198) DBB: write request from dla, addr 801010c0 id 0
(34198) DBB: write data from dla (00000000 00000000...)
(34198) DBB: write, last tick
(34204) DBB: write request from dla, addr 801010c0 id 0
(34204) DBB: write data from dla (00000000 00000000...)
(34204) DBB: write, last tick
(34210) DBB: write request from dla, addr 801010c0 id 0
(34210) DBB: write data from dla (00000000 00000000...)
(34210) DBB: write, last tick
(34216) DBB: write request from dla, addr 801010c0 id 0
(34216) DBB: write data from dla (00000000 00000000...)
(34216) DBB: write, last tick
(34222) DBB: write request from dla, addr 801010c0 id 0
(34222) DBB: write data from dla (00000000 00000000...)
(34222) DBB: write, last tick
(34228) DBB: write request from dla, addr 801010c0 id 0
(34228) DBB: write data from dla (00000000 00000000...)
(34228) DBB: write, last tick
(34234) DBB: write request from dla, addr 801010c0 id 0
(34234) DBB: write data from dla (00000000 00000000...)
(34234) DBB: write, last tick
(34240) DBB: write request from dla, addr 801010c0 id 0
(34240) DBB: write data from dla (00000000 00000000...)
(34240) DBB: write, last tick
(34246) DBB: write request from dla, addr 801010c0 id 0
(34246) DBB: write data from dla (00000000 00000000...)
(34246) DBB: write, last tick
(34252) DBB: write request from dla, addr 801010c0 id 0
(34252) DBB: write data from dla (00000000 00000000...)
(34252) DBB: write, last tick
(34258) DBB: write request from dla, addr 801010c0 id 0
(34258) DBB: write data from dla (00000000 00000000...)
(34258) DBB: write, last tick
(34264) DBB: write request from dla, addr 801010c0 id 0
(34264) DBB: write data from dla (00000000 00000000...)
(34264) DBB: write, last tick
(34270) DBB: write request from dla, addr 801010c0 id 0
(34270) DBB: write data from dla (00000000 00000000...)
(34270) DBB: write, last tick
(34276) DBB: write request from dla, addr 801010c0 id 0
(34276) DBB: write data from dla (00000000 00000000...)
(34276) DBB: write, last tick
(34282) DBB: write request from dla, addr 801010c0 id 0
(34282) DBB: write data from dla (00000000 00000000...)
(34282) DBB: write, last tick
(34288) DBB: write request from dla, addr 801010c0 id 0
(34288) DBB: write data from dla (00000000 00000000...)
(34288) DBB: write, last tick
(34294) DBB: write request from dla, addr 801010c0 id 0
(34294) DBB: write data from dla (00000000 00000000...)
(34294) DBB: write, last tick
(34300) DBB: write request from dla, addr 801010c0 id 0
(34300) DBB: write data from dla (00000000 00000000...)
(34300) DBB: write, last tick
(34306) DBB: write request from dla, addr 801010c0 id 0
(34306) DBB: write data from dla (00000000 00000000...)
(34306) DBB: write, last tick
(34312) DBB: write request from dla, addr 801010c0 id 0
(34312) DBB: write data from dla (00000000 00000000...)
(34312) DBB: write, last tick
(34318) DBB: write request from dla, addr 801010c0 id 0
(34318) DBB: write data from dla (00000000 00000000...)
(34318) DBB: write, last tick
(34324) DBB: write request from dla, addr 801010c0 id 0
(34324) DBB: write data from dla (00000000 00000000...)
(34324) DBB: write, last tick
(34330) DBB: write request from dla, addr 801010c0 id 0
(34330) DBB: write data from dla (00000000 00000000...)
(34330) DBB: write, last tick
(34336) DBB: write request from dla, addr 801010c0 id 0
(34336) DBB: write data from dla (00000000 00000000...)
(34336) DBB: write, last tick
(34342) DBB: write request from dla, addr 801010c0 id 0
(34342) DBB: write data from dla (00000000 00000000...)
(34342) DBB: write, last tick
(34348) DBB: write request from dla, addr 801010c0 id 0
(34348) DBB: write data from dla (00000000 00000000...)
(34348) DBB: write, last tick
(34354) DBB: write request from dla, addr 801010c0 id 0
(34354) DBB: write data from dla (00000000 00000000...)
(34354) DBB: write, last tick
(34360) DBB: write request from dla, addr 801010c0 id 0
(34360) DBB: write data from dla (00000000 00000000...)
(34360) DBB: write, last tick
(34366) DBB: write request from dla, addr 801010c0 id 0
(34366) DBB: write data from dla (00000000 00000000...)
(34366) DBB: write, last tick
(34372) DBB: write request from dla, addr 801010c0 id 0
(34372) DBB: write data from dla (00000000 00000000...)
(34372) DBB: write, last tick
(34378) DBB: write request from dla, addr 801010c0 id 0
(34378) DBB: write data from dla (00000000 00000000...)
(34378) DBB: write, last tick
(34384) DBB: write request from dla, addr 80101100 id 0
(34384) DBB: write data from dla (00000046 00000000...)
(34384) DBB: write, last tick
(34390) DBB: write request from dla, addr 80101100 id 0
(34390) DBB: write data from dla (00002000 00000000...)
(34390) DBB: write, last tick
(34396) DBB: write request from dla, addr 80101100 id 0
(34396) DBB: write data from dla (00460000 00000000...)
(34396) DBB: write, last tick
(34402) DBB: write request from dla, addr 80101100 id 0
(34402) DBB: write data from dla (21000000 00000000...)
(34402) DBB: write, last tick
(34408) DBB: write request from dla, addr 80101100 id 0
(34408) DBB: write data from dla (00000000 00000046...)
(34408) DBB: write, last tick
(34414) DBB: write request from dla, addr 80101100 id 0
(34414) DBB: write data from dla (00000000 00002200...)
(34414) DBB: write, last tick
(34420) DBB: write request from dla, addr 80101100 id 0
(34420) DBB: write data from dla (00000000 00460000...)
(34420) DBB: write, last tick
(34426) DBB: write request from dla, addr 80101100 id 0
(34426) DBB: write data from dla (00000000 23000000...)
(34426) DBB: write, last tick
(34432) DBB: write request from dla, addr 80101100 id 0
(34432) DBB: write data from dla (00000000 00000000...)
(34432) DBB: write, last tick
(34438) DBB: write request from dla, addr 80101100 id 0
(34438) DBB: write data from dla (00000000 00000000...)
(34438) DBB: write, last tick
(34444) DBB: write request from dla, addr 80101100 id 0
(34444) DBB: write data from dla (00000000 00000000...)
(34444) DBB: write, last tick
(34450) DBB: write request from dla, addr 80101100 id 0
(34450) DBB: write data from dla (00000000 00000000...)
(34450) DBB: write, last tick
(34456) DBB: write request from dla, addr 80101100 id 0
(34456) DBB: write data from dla (00000000 00000000...)
(34456) DBB: write, last tick
(34462) DBB: write request from dla, addr 80101100 id 0
(34462) DBB: write data from dla (00000000 00000000...)
(34462) DBB: write, last tick
(34468) DBB: write request from dla, addr 80101100 id 0
(34468) DBB: write data from dla (00000000 00000000...)
(34468) DBB: write, last tick
(34474) DBB: write request from dla, addr 80101100 id 0
(34474) DBB: write data from dla (00000000 00000000...)
(34474) DBB: write, last tick
(34480) DBB: write request from dla, addr 80101100 id 0
(34480) DBB: write data from dla (00000000 00000000...)
(34480) DBB: write, last tick
(34486) DBB: write request from dla, addr 80101100 id 0
(34486) DBB: write data from dla (00000000 00000000...)
(34486) DBB: write, last tick
(34492) DBB: write request from dla, addr 80101100 id 0
(34492) DBB: write data from dla (00000000 00000000...)
(34492) DBB: write, last tick
(34498) DBB: write request from dla, addr 80101100 id 0
(34498) DBB: write data from dla (00000000 00000000...)
(34498) DBB: write, last tick
(34504) DBB: write request from dla, addr 80101100 id 0
(34504) DBB: write data from dla (00000000 00000000...)
(34504) DBB: write, last tick
(34510) DBB: write request from dla, addr 80101100 id 0
(34510) DBB: write data from dla (00000000 00000000...)
(34510) DBB: write, last tick
(34516) DBB: write request from dla, addr 80101100 id 0
(34516) DBB: write data from dla (00000000 00000000...)
(34516) DBB: write, last tick
(34522) DBB: write request from dla, addr 80101100 id 0
(34522) DBB: write data from dla (00000000 00000000...)
(34522) DBB: write, last tick
(34528) DBB: write request from dla, addr 80101100 id 0
(34528) DBB: write data from dla (00000000 00000000...)
(34528) DBB: write, last tick
(34534) DBB: write request from dla, addr 80101100 id 0
(34534) DBB: write data from dla (00000000 00000000...)
(34534) DBB: write, last tick
(34540) DBB: write request from dla, addr 80101100 id 0
(34540) DBB: write data from dla (00000000 00000000...)
(34540) DBB: write, last tick
(34546) DBB: write request from dla, addr 80101100 id 0
(34546) DBB: write data from dla (00000000 00000000...)
(34546) DBB: write, last tick
(34552) DBB: write request from dla, addr 80101100 id 0
(34552) DBB: write data from dla (00000000 00000000...)
(34552) DBB: write, last tick
(34558) DBB: write request from dla, addr 80101100 id 0
(34558) DBB: write data from dla (00000000 00000000...)
(34558) DBB: write, last tick
(34564) DBB: write request from dla, addr 80101100 id 0
(34564) DBB: write data from dla (00000000 00000000...)
(34564) DBB: write, last tick
(34570) DBB: write request from dla, addr 80101100 id 0
(34570) DBB: write data from dla (00000000 00000000...)
(34570) DBB: write, last tick
(34576) DBB: write request from dla, addr 80101100 id 0
(34576) DBB: write data from dla (00000000 00000000...)
(34576) DBB: write, last tick
(34582) DBB: write request from dla, addr 80101100 id 0
(34582) DBB: write data from dla (00000000 00000000...)
(34582) DBB: write, last tick
(34588) DBB: write request from dla, addr 80101100 id 0
(34588) DBB: write data from dla (00000000 00000000...)
(34588) DBB: write, last tick
(34594) DBB: write request from dla, addr 80101100 id 0
(34594) DBB: write data from dla (00000000 00000000...)
(34594) DBB: write, last tick
(34600) DBB: write request from dla, addr 80101100 id 0
(34600) DBB: write data from dla (00000000 00000000...)
(34600) DBB: write, last tick
(34606) DBB: write request from dla, addr 80101100 id 0
(34606) DBB: write data from dla (00000000 00000000...)
(34606) DBB: write, last tick
(34612) DBB: write request from dla, addr 80101100 id 0
(34612) DBB: write data from dla (00000000 00000000...)
(34612) DBB: write, last tick
(34618) DBB: write request from dla, addr 80101100 id 0
(34618) DBB: write data from dla (00000000 00000000...)
(34618) DBB: write, last tick
(34624) DBB: write request from dla, addr 80101100 id 0
(34624) DBB: write data from dla (00000000 00000000...)
(34624) DBB: write, last tick
(34630) DBB: write request from dla, addr 80101100 id 0
(34630) DBB: write data from dla (00000000 00000000...)
(34630) DBB: write, last tick
(34636) DBB: write request from dla, addr 80101100 id 0
(34636) DBB: write data from dla (00000000 00000000...)
(34636) DBB: write, last tick
(34642) DBB: write request from dla, addr 80101100 id 0
(34642) DBB: write data from dla (00000000 00000000...)
(34642) DBB: write, last tick
(34648) DBB: write request from dla, addr 80101100 id 0
(34648) DBB: write data from dla (00000000 00000000...)
(34648) DBB: write, last tick
(34654) DBB: write request from dla, addr 80101100 id 0
(34654) DBB: write data from dla (00000000 00000000...)
(34654) DBB: write, last tick
(34660) DBB: write request from dla, addr 80101100 id 0
(34660) DBB: write data from dla (00000000 00000000...)
(34660) DBB: write, last tick
(34666) DBB: write request from dla, addr 80101100 id 0
(34666) DBB: write data from dla (00000000 00000000...)
(34666) DBB: write, last tick
(34672) DBB: write request from dla, addr 80101100 id 0
(34672) DBB: write data from dla (00000000 00000000...)
(34672) DBB: write, last tick
(34678) DBB: write request from dla, addr 80101100 id 0
(34678) DBB: write data from dla (00000000 00000000...)
(34678) DBB: write, last tick
(34684) DBB: write request from dla, addr 80101100 id 0
(34684) DBB: write data from dla (00000000 00000000...)
(34684) DBB: write, last tick
(34690) DBB: write request from dla, addr 80101100 id 0
(34690) DBB: write data from dla (00000000 00000000...)
(34690) DBB: write, last tick
(34696) DBB: write request from dla, addr 80101100 id 0
(34696) DBB: write data from dla (00000000 00000000...)
(34696) DBB: write, last tick
(34702) DBB: write request from dla, addr 80101100 id 0
(34702) DBB: write data from dla (00000000 00000000...)
(34702) DBB: write, last tick
(34708) DBB: write request from dla, addr 80101100 id 0
(34708) DBB: write data from dla (00000000 00000000...)
(34708) DBB: write, last tick
(34714) DBB: write request from dla, addr 80101100 id 0
(34714) DBB: write data from dla (00000000 00000000...)
(34714) DBB: write, last tick
(34720) DBB: write request from dla, addr 80101100 id 0
(34720) DBB: write data from dla (00000000 00000000...)
(34720) DBB: write, last tick
(34726) DBB: write request from dla, addr 80101100 id 0
(34726) DBB: write data from dla (00000000 00000000...)
(34726) DBB: write, last tick
(34732) DBB: write request from dla, addr 80101100 id 0
(34732) DBB: write data from dla (00000000 00000000...)
(34732) DBB: write, last tick
(34738) DBB: write request from dla, addr 80101100 id 0
(34738) DBB: write data from dla (00000000 00000000...)
(34738) DBB: write, last tick
(34744) DBB: write request from dla, addr 80101100 id 0
(34744) DBB: write data from dla (00000000 00000000...)
(34744) DBB: write, last tick
(34750) DBB: write request from dla, addr 80101100 id 0
(34750) DBB: write data from dla (00000000 00000000...)
(34750) DBB: write, last tick
(34756) DBB: write request from dla, addr 80101100 id 0
(34756) DBB: write data from dla (00000000 00000000...)
(34756) DBB: write, last tick
(34762) DBB: write request from dla, addr 80101100 id 0
(34762) DBB: write data from dla (00000000 00000000...)
(34762) DBB: write, last tick
(34768) DBB: write request from dla, addr 80101140 id 0
(34768) DBB: write data from dla (00000066 00000000...)
(34768) DBB: write, last tick
(34774) DBB: write request from dla, addr 80101140 id 0
(34774) DBB: write data from dla (00002000 00000000...)
(34774) DBB: write, last tick
(34780) DBB: write request from dla, addr 80101140 id 0
(34780) DBB: write data from dla (00660000 00000000...)
(34780) DBB: write, last tick
(34786) DBB: write request from dla, addr 80101140 id 0
(34786) DBB: write data from dla (21000000 00000000...)
(34786) DBB: write, last tick
(34792) DBB: write request from dla, addr 80101140 id 0
(34792) DBB: write data from dla (00000000 00000066...)
(34792) DBB: write, last tick
(34798) DBB: write request from dla, addr 80101140 id 0
(34798) DBB: write data from dla (00000000 00002200...)
(34798) DBB: write, last tick
(34804) DBB: write request from dla, addr 80101140 id 0
(34804) DBB: write data from dla (00000000 00660000...)
(34804) DBB: write, last tick
(34810) DBB: write request from dla, addr 80101140 id 0
(34810) DBB: write data from dla (00000000 23000000...)
(34810) DBB: write, last tick
(34816) DBB: write request from dla, addr 80101140 id 0
(34816) DBB: write data from dla (00000000 00000000...)
(34816) DBB: write, last tick
(34822) DBB: write request from dla, addr 80101140 id 0
(34822) DBB: write data from dla (00000000 00000000...)
(34822) DBB: write, last tick
(34828) DBB: write request from dla, addr 80101140 id 0
(34828) DBB: write data from dla (00000000 00000000...)
(34828) DBB: write, last tick
(34834) DBB: write request from dla, addr 80101140 id 0
(34834) DBB: write data from dla (00000000 00000000...)
(34834) DBB: write, last tick
(34840) DBB: write request from dla, addr 80101140 id 0
(34840) DBB: write data from dla (00000000 00000000...)
(34840) DBB: write, last tick
(34846) DBB: write request from dla, addr 80101140 id 0
(34846) DBB: write data from dla (00000000 00000000...)
(34846) DBB: write, last tick
(34852) DBB: write request from dla, addr 80101140 id 0
(34852) DBB: write data from dla (00000000 00000000...)
(34852) DBB: write, last tick
(34858) DBB: write request from dla, addr 80101140 id 0
(34858) DBB: write data from dla (00000000 00000000...)
(34858) DBB: write, last tick
(34864) DBB: write request from dla, addr 80101140 id 0
(34864) DBB: write data from dla (00000000 00000000...)
(34864) DBB: write, last tick
(34870) DBB: write request from dla, addr 80101140 id 0
(34870) DBB: write data from dla (00000000 00000000...)
(34870) DBB: write, last tick
(34876) DBB: write request from dla, addr 80101140 id 0
(34876) DBB: write data from dla (00000000 00000000...)
(34876) DBB: write, last tick
(34882) DBB: write request from dla, addr 80101140 id 0
(34882) DBB: write data from dla (00000000 00000000...)
(34882) DBB: write, last tick
(34888) DBB: write request from dla, addr 80101140 id 0
(34888) DBB: write data from dla (00000000 00000000...)
(34888) DBB: write, last tick
(34894) DBB: write request from dla, addr 80101140 id 0
(34894) DBB: write data from dla (00000000 00000000...)
(34894) DBB: write, last tick
(34900) DBB: write request from dla, addr 80101140 id 0
(34900) DBB: write data from dla (00000000 00000000...)
(34900) DBB: write, last tick
(34906) DBB: write request from dla, addr 80101140 id 0
(34906) DBB: write data from dla (00000000 00000000...)
(34906) DBB: write, last tick
(34912) DBB: write request from dla, addr 80101140 id 0
(34912) DBB: write data from dla (00000000 00000000...)
(34912) DBB: write, last tick
(34918) DBB: write request from dla, addr 80101140 id 0
(34918) DBB: write data from dla (00000000 00000000...)
(34918) DBB: write, last tick
(34924) DBB: write request from dla, addr 80101140 id 0
(34924) DBB: write data from dla (00000000 00000000...)
(34924) DBB: write, last tick
(34930) DBB: write request from dla, addr 80101140 id 0
(34930) DBB: write data from dla (00000000 00000000...)
(34930) DBB: write, last tick
(34936) DBB: write request from dla, addr 80101140 id 0
(34936) DBB: write data from dla (00000000 00000000...)
(34936) DBB: write, last tick
(34942) DBB: write request from dla, addr 80101140 id 0
(34942) DBB: write data from dla (00000000 00000000...)
(34942) DBB: write, last tick
(34948) DBB: write request from dla, addr 80101140 id 0
(34948) DBB: write data from dla (00000000 00000000...)
(34948) DBB: write, last tick
(34954) DBB: write request from dla, addr 80101140 id 0
(34954) DBB: write data from dla (00000000 00000000...)
(34954) DBB: write, last tick
(34960) DBB: write request from dla, addr 80101140 id 0
(34960) DBB: write data from dla (00000000 00000000...)
(34960) DBB: write, last tick
(34966) DBB: write request from dla, addr 80101140 id 0
(34966) DBB: write data from dla (00000000 00000000...)
(34966) DBB: write, last tick
(34972) DBB: write request from dla, addr 80101140 id 0
(34972) DBB: write data from dla (00000000 00000000...)
(34972) DBB: write, last tick
(34978) DBB: write request from dla, addr 80101140 id 0
(34978) DBB: write data from dla (00000000 00000000...)
(34978) DBB: write, last tick
(34984) DBB: write request from dla, addr 80101140 id 0
(34984) DBB: write data from dla (00000000 00000000...)
(34984) DBB: write, last tick
(34990) DBB: write request from dla, addr 80101140 id 0
(34990) DBB: write data from dla (00000000 00000000...)
(34990) DBB: write, last tick
(34996) DBB: write request from dla, addr 80101140 id 0
(34996) DBB: write data from dla (00000000 00000000...)
(34996) DBB: write, last tick
(35002) DBB: write request from dla, addr 80101140 id 0
(35002) DBB: write data from dla (00000000 00000000...)
(35002) DBB: write, last tick
(35008) DBB: write request from dla, addr 80101140 id 0
(35008) DBB: write data from dla (00000000 00000000...)
(35008) DBB: write, last tick
(35014) DBB: write request from dla, addr 80101140 id 0
(35014) DBB: write data from dla (00000000 00000000...)
(35014) DBB: write, last tick
(35020) DBB: write request from dla, addr 80101140 id 0
(35020) DBB: write data from dla (00000000 00000000...)
(35020) DBB: write, last tick
(35026) DBB: write request from dla, addr 80101140 id 0
(35026) DBB: write data from dla (00000000 00000000...)
(35026) DBB: write, last tick
(35032) DBB: write request from dla, addr 80101140 id 0
(35032) DBB: write data from dla (00000000 00000000...)
(35032) DBB: write, last tick
(35038) DBB: write request from dla, addr 80101140 id 0
(35038) DBB: write data from dla (00000000 00000000...)
(35038) DBB: write, last tick
(35044) DBB: write request from dla, addr 80101140 id 0
(35044) DBB: write data from dla (00000000 00000000...)
(35044) DBB: write, last tick
(35050) DBB: write request from dla, addr 80101140 id 0
(35050) DBB: write data from dla (00000000 00000000...)
(35050) DBB: write, last tick
(35056) DBB: write request from dla, addr 80101140 id 0
(35056) DBB: write data from dla (00000000 00000000...)
(35056) DBB: write, last tick
(35062) DBB: write request from dla, addr 80101140 id 0
(35062) DBB: write data from dla (00000000 00000000...)
(35062) DBB: write, last tick
(35068) DBB: write request from dla, addr 80101140 id 0
(35068) DBB: write data from dla (00000000 00000000...)
(35068) DBB: write, last tick
(35074) DBB: write request from dla, addr 80101140 id 0
(35074) DBB: write data from dla (00000000 00000000...)
(35074) DBB: write, last tick
(35080) DBB: write request from dla, addr 80101140 id 0
(35080) DBB: write data from dla (00000000 00000000...)
(35080) DBB: write, last tick
(35086) DBB: write request from dla, addr 80101140 id 0
(35086) DBB: write data from dla (00000000 00000000...)
(35086) DBB: write, last tick
(35092) DBB: write request from dla, addr 80101140 id 0
(35092) DBB: write data from dla (00000000 00000000...)
(35092) DBB: write, last tick
(35098) DBB: write request from dla, addr 80101140 id 0
(35098) DBB: write data from dla (00000000 00000000...)
(35098) DBB: write, last tick
(35104) DBB: write request from dla, addr 80101140 id 0
(35104) DBB: write data from dla (00000000 00000000...)
(35104) DBB: write, last tick
(35110) DBB: write request from dla, addr 80101140 id 0
(35110) DBB: write data from dla (00000000 00000000...)
(35110) DBB: write, last tick
(35116) DBB: write request from dla, addr 80101140 id 0
(35116) DBB: write data from dla (00000000 00000000...)
(35116) DBB: write, last tick
(35122) DBB: write request from dla, addr 80101140 id 0
(35122) DBB: write data from dla (00000000 00000000...)
(35122) DBB: write, last tick
(35128) DBB: write request from dla, addr 80101140 id 0
(35128) DBB: write data from dla (00000000 00000000...)
(35128) DBB: write, last tick
(35134) DBB: write request from dla, addr 80101140 id 0
(35134) DBB: write data from dla (00000000 00000000...)
(35134) DBB: write, last tick
(35140) DBB: write request from dla, addr 80101140 id 0
(35140) DBB: write data from dla (00000000 00000000...)
(35140) DBB: write, last tick
(35146) DBB: write request from dla, addr 80101140 id 0
(35146) DBB: write data from dla (00000000 00000000...)
(35146) DBB: write, last tick
(35152) DBB: write request from dla, addr 80101180 id 0
(35152) DBB: write data from dla (00000016 00000000...)
(35152) DBB: write, last tick
(35158) DBB: write request from dla, addr 80101180 id 0
(35158) DBB: write data from dla (00002000 00000000...)
(35158) DBB: write, last tick
(35164) DBB: write request from dla, addr 80101180 id 0
(35164) DBB: write data from dla (00160000 00000000...)
(35164) DBB: write, last tick
(35170) DBB: write request from dla, addr 80101180 id 0
(35170) DBB: write data from dla (21000000 00000000...)
(35170) DBB: write, last tick
(35176) DBB: write request from dla, addr 80101180 id 0
(35176) DBB: write data from dla (00000000 00000016...)
(35176) DBB: write, last tick
(35182) DBB: write request from dla, addr 80101180 id 0
(35182) DBB: write data from dla (00000000 00002200...)
(35182) DBB: write, last tick
(35188) DBB: write request from dla, addr 80101180 id 0
(35188) DBB: write data from dla (00000000 00160000...)
(35188) DBB: write, last tick
(35194) DBB: write request from dla, addr 80101180 id 0
(35194) DBB: write data from dla (00000000 23000000...)
(35194) DBB: write, last tick
(35200) DBB: write request from dla, addr 80101180 id 0
(35200) DBB: write data from dla (00000000 00000000...)
(35200) DBB: write, last tick
(35206) DBB: write request from dla, addr 80101180 id 0
(35206) DBB: write data from dla (00000000 00000000...)
(35206) DBB: write, last tick
(35212) DBB: write request from dla, addr 80101180 id 0
(35212) DBB: write data from dla (00000000 00000000...)
(35212) DBB: write, last tick
(35218) DBB: write request from dla, addr 80101180 id 0
(35218) DBB: write data from dla (00000000 00000000...)
(35218) DBB: write, last tick
(35224) DBB: write request from dla, addr 80101180 id 0
(35224) DBB: write data from dla (00000000 00000000...)
(35224) DBB: write, last tick
(35230) DBB: write request from dla, addr 80101180 id 0
(35230) DBB: write data from dla (00000000 00000000...)
(35230) DBB: write, last tick
(35236) DBB: write request from dla, addr 80101180 id 0
(35236) DBB: write data from dla (00000000 00000000...)
(35236) DBB: write, last tick
(35242) DBB: write request from dla, addr 80101180 id 0
(35242) DBB: write data from dla (00000000 00000000...)
(35242) DBB: write, last tick
(35248) DBB: write request from dla, addr 80101180 id 0
(35248) DBB: write data from dla (00000000 00000000...)
(35248) DBB: write, last tick
(35254) DBB: write request from dla, addr 80101180 id 0
(35254) DBB: write data from dla (00000000 00000000...)
(35254) DBB: write, last tick
(35260) DBB: write request from dla, addr 80101180 id 0
(35260) DBB: write data from dla (00000000 00000000...)
(35260) DBB: write, last tick
(35266) DBB: write request from dla, addr 80101180 id 0
(35266) DBB: write data from dla (00000000 00000000...)
(35266) DBB: write, last tick
(35272) DBB: write request from dla, addr 80101180 id 0
(35272) DBB: write data from dla (00000000 00000000...)
(35272) DBB: write, last tick
(35278) DBB: write request from dla, addr 80101180 id 0
(35278) DBB: write data from dla (00000000 00000000...)
(35278) DBB: write, last tick
(35284) DBB: write request from dla, addr 80101180 id 0
(35284) DBB: write data from dla (00000000 00000000...)
(35284) DBB: write, last tick
(35290) DBB: write request from dla, addr 80101180 id 0
(35290) DBB: write data from dla (00000000 00000000...)
(35290) DBB: write, last tick
(35296) DBB: write request from dla, addr 80101180 id 0
(35296) DBB: write data from dla (00000000 00000000...)
(35296) DBB: write, last tick
(35302) DBB: write request from dla, addr 80101180 id 0
(35302) DBB: write data from dla (00000000 00000000...)
(35302) DBB: write, last tick
(35308) DBB: write request from dla, addr 80101180 id 0
(35308) DBB: write data from dla (00000000 00000000...)
(35308) DBB: write, last tick
(35314) DBB: write request from dla, addr 80101180 id 0
(35314) DBB: write data from dla (00000000 00000000...)
(35314) DBB: write, last tick
(35320) DBB: write request from dla, addr 80101180 id 0
(35320) DBB: write data from dla (00000000 00000000...)
(35320) DBB: write, last tick
(35326) DBB: write request from dla, addr 80101180 id 0
(35326) DBB: write data from dla (00000000 00000000...)
(35326) DBB: write, last tick
(35332) DBB: write request from dla, addr 80101180 id 0
(35332) DBB: write data from dla (00000000 00000000...)
(35332) DBB: write, last tick
(35338) DBB: write request from dla, addr 80101180 id 0
(35338) DBB: write data from dla (00000000 00000000...)
(35338) DBB: write, last tick
(35344) DBB: write request from dla, addr 80101180 id 0
(35344) DBB: write data from dla (00000000 00000000...)
(35344) DBB: write, last tick
(35350) DBB: write request from dla, addr 80101180 id 0
(35350) DBB: write data from dla (00000000 00000000...)
(35350) DBB: write, last tick
(35356) DBB: write request from dla, addr 80101180 id 0
(35356) DBB: write data from dla (00000000 00000000...)
(35356) DBB: write, last tick
(35362) DBB: write request from dla, addr 80101180 id 0
(35362) DBB: write data from dla (00000000 00000000...)
(35362) DBB: write, last tick
(35368) DBB: write request from dla, addr 80101180 id 0
(35368) DBB: write data from dla (00000000 00000000...)
(35368) DBB: write, last tick
(35374) DBB: write request from dla, addr 80101180 id 0
(35374) DBB: write data from dla (00000000 00000000...)
(35374) DBB: write, last tick
(35380) DBB: write request from dla, addr 80101180 id 0
(35380) DBB: write data from dla (00000000 00000000...)
(35380) DBB: write, last tick
(35386) DBB: write request from dla, addr 80101180 id 0
(35386) DBB: write data from dla (00000000 00000000...)
(35386) DBB: write, last tick
(35392) DBB: write request from dla, addr 80101180 id 0
(35392) DBB: write data from dla (00000000 00000000...)
(35392) DBB: write, last tick
(35398) DBB: write request from dla, addr 80101180 id 0
(35398) DBB: write data from dla (00000000 00000000...)
(35398) DBB: write, last tick
(35404) DBB: write request from dla, addr 80101180 id 0
(35404) DBB: write data from dla (00000000 00000000...)
(35404) DBB: write, last tick
(35410) DBB: write request from dla, addr 80101180 id 0
(35410) DBB: write data from dla (00000000 00000000...)
(35410) DBB: write, last tick
(35416) DBB: write request from dla, addr 80101180 id 0
(35416) DBB: write data from dla (00000000 00000000...)
(35416) DBB: write, last tick
(35422) DBB: write request from dla, addr 80101180 id 0
(35422) DBB: write data from dla (00000000 00000000...)
(35422) DBB: write, last tick
(35428) DBB: write request from dla, addr 80101180 id 0
(35428) DBB: write data from dla (00000000 00000000...)
(35428) DBB: write, last tick
(35434) DBB: write request from dla, addr 80101180 id 0
(35434) DBB: write data from dla (00000000 00000000...)
(35434) DBB: write, last tick
(35440) DBB: write request from dla, addr 80101180 id 0
(35440) DBB: write data from dla (00000000 00000000...)
(35440) DBB: write, last tick
(35446) DBB: write request from dla, addr 80101180 id 0
(35446) DBB: write data from dla (00000000 00000000...)
(35446) DBB: write, last tick
(35452) DBB: write request from dla, addr 80101180 id 0
(35452) DBB: write data from dla (00000000 00000000...)
(35452) DBB: write, last tick
(35458) DBB: write request from dla, addr 80101180 id 0
(35458) DBB: write data from dla (00000000 00000000...)
(35458) DBB: write, last tick
(35464) DBB: write request from dla, addr 80101180 id 0
(35464) DBB: write data from dla (00000000 00000000...)
(35464) DBB: write, last tick
(35470) DBB: write request from dla, addr 80101180 id 0
(35470) DBB: write data from dla (00000000 00000000...)
(35470) DBB: write, last tick
(35476) DBB: write request from dla, addr 80101180 id 0
(35476) DBB: write data from dla (00000000 00000000...)
(35476) DBB: write, last tick
(35482) DBB: write request from dla, addr 80101180 id 0
(35482) DBB: write data from dla (00000000 00000000...)
(35482) DBB: write, last tick
(35488) DBB: write request from dla, addr 80101180 id 0
(35488) DBB: write data from dla (00000000 00000000...)
(35488) DBB: write, last tick
(35494) DBB: write request from dla, addr 80101180 id 0
(35494) DBB: write data from dla (00000000 00000000...)
(35494) DBB: write, last tick
(35500) DBB: write request from dla, addr 80101180 id 0
(35500) DBB: write data from dla (00000000 00000000...)
(35500) DBB: write, last tick
(35506) DBB: write request from dla, addr 80101180 id 0
(35506) DBB: write data from dla (00000000 00000000...)
(35506) DBB: write, last tick
(35512) DBB: write request from dla, addr 80101180 id 0
(35512) DBB: write data from dla (00000000 00000000...)
(35512) DBB: write, last tick
(35518) DBB: write request from dla, addr 80101180 id 0
(35518) DBB: write data from dla (00000000 00000000...)
(35518) DBB: write, last tick
(35524) DBB: write request from dla, addr 80101180 id 0
(35524) DBB: write data from dla (00000000 00000000...)
(35524) DBB: write, last tick
(35530) DBB: write request from dla, addr 80101180 id 0
(35530) DBB: write data from dla (00000000 00000000...)
(35530) DBB: write, last tick
(35536) DBB: write request from dla, addr 801011c0 id 0
(35536) DBB: write data from dla (00000036 00000000...)
(35536) DBB: write, last tick
(35542) DBB: write request from dla, addr 801011c0 id 0
(35542) DBB: write data from dla (00002000 00000000...)
(35542) DBB: write, last tick
(35548) DBB: write request from dla, addr 801011c0 id 0
(35548) DBB: write data from dla (00360000 00000000...)
(35548) DBB: write, last tick
(35554) DBB: write request from dla, addr 801011c0 id 0
(35554) DBB: write data from dla (21000000 00000000...)
(35554) DBB: write, last tick
(35560) DBB: write request from dla, addr 801011c0 id 0
(35560) DBB: write data from dla (00000000 00000036...)
(35560) DBB: write, last tick
(35566) DBB: write request from dla, addr 801011c0 id 0
(35566) DBB: write data from dla (00000000 00002200...)
(35566) DBB: write, last tick
(35572) DBB: write request from dla, addr 801011c0 id 0
(35572) DBB: write data from dla (00000000 00360000...)
(35572) DBB: write, last tick
(35578) DBB: write request from dla, addr 801011c0 id 0
(35578) DBB: write data from dla (00000000 23000000...)
(35578) DBB: write, last tick
(35584) DBB: write request from dla, addr 801011c0 id 0
(35584) DBB: write data from dla (00000000 00000000...)
(35584) DBB: write, last tick
(35590) DBB: write request from dla, addr 801011c0 id 0
(35590) DBB: write data from dla (00000000 00000000...)
(35590) DBB: write, last tick
(35596) DBB: write request from dla, addr 801011c0 id 0
(35596) DBB: write data from dla (00000000 00000000...)
(35596) DBB: write, last tick
(35602) DBB: write request from dla, addr 801011c0 id 0
(35602) DBB: write data from dla (00000000 00000000...)
(35602) DBB: write, last tick
(35608) DBB: write request from dla, addr 801011c0 id 0
(35608) DBB: write data from dla (00000000 00000000...)
(35608) DBB: write, last tick
(35614) DBB: write request from dla, addr 801011c0 id 0
(35614) DBB: write data from dla (00000000 00000000...)
(35614) DBB: write, last tick
(35620) DBB: write request from dla, addr 801011c0 id 0
(35620) DBB: write data from dla (00000000 00000000...)
(35620) DBB: write, last tick
(35626) DBB: write request from dla, addr 801011c0 id 0
(35626) DBB: write data from dla (00000000 00000000...)
(35626) DBB: write, last tick
(35632) DBB: write request from dla, addr 801011c0 id 0
(35632) DBB: write data from dla (00000000 00000000...)
(35632) DBB: write, last tick
(35638) DBB: write request from dla, addr 801011c0 id 0
(35638) DBB: write data from dla (00000000 00000000...)
(35638) DBB: write, last tick
(35644) DBB: write request from dla, addr 801011c0 id 0
(35644) DBB: write data from dla (00000000 00000000...)
(35644) DBB: write, last tick
(35650) DBB: write request from dla, addr 801011c0 id 0
(35650) DBB: write data from dla (00000000 00000000...)
(35650) DBB: write, last tick
(35656) DBB: write request from dla, addr 801011c0 id 0
(35656) DBB: write data from dla (00000000 00000000...)
(35656) DBB: write, last tick
(35662) DBB: write request from dla, addr 801011c0 id 0
(35662) DBB: write data from dla (00000000 00000000...)
(35662) DBB: write, last tick
(35668) DBB: write request from dla, addr 801011c0 id 0
(35668) DBB: write data from dla (00000000 00000000...)
(35668) DBB: write, last tick
(35674) DBB: write request from dla, addr 801011c0 id 0
(35674) DBB: write data from dla (00000000 00000000...)
(35674) DBB: write, last tick
(35680) DBB: write request from dla, addr 801011c0 id 0
(35680) DBB: write data from dla (00000000 00000000...)
(35680) DBB: write, last tick
(35686) DBB: write request from dla, addr 801011c0 id 0
(35686) DBB: write data from dla (00000000 00000000...)
(35686) DBB: write, last tick
(35692) DBB: write request from dla, addr 801011c0 id 0
(35692) DBB: write data from dla (00000000 00000000...)
(35692) DBB: write, last tick
(35698) DBB: write request from dla, addr 801011c0 id 0
(35698) DBB: write data from dla (00000000 00000000...)
(35698) DBB: write, last tick
(35704) DBB: write request from dla, addr 801011c0 id 0
(35704) DBB: write data from dla (00000000 00000000...)
(35704) DBB: write, last tick
(35710) DBB: write request from dla, addr 801011c0 id 0
(35710) DBB: write data from dla (00000000 00000000...)
(35710) DBB: write, last tick
(35716) DBB: write request from dla, addr 801011c0 id 0
(35716) DBB: write data from dla (00000000 00000000...)
(35716) DBB: write, last tick
(35722) DBB: write request from dla, addr 801011c0 id 0
(35722) DBB: write data from dla (00000000 00000000...)
(35722) DBB: write, last tick
(35728) DBB: write request from dla, addr 801011c0 id 0
(35728) DBB: write data from dla (00000000 00000000...)
(35728) DBB: write, last tick
(35734) DBB: write request from dla, addr 801011c0 id 0
(35734) DBB: write data from dla (00000000 00000000...)
(35734) DBB: write, last tick
(35740) DBB: write request from dla, addr 801011c0 id 0
(35740) DBB: write data from dla (00000000 00000000...)
(35740) DBB: write, last tick
(35746) DBB: write request from dla, addr 801011c0 id 0
(35746) DBB: write data from dla (00000000 00000000...)
(35746) DBB: write, last tick
(35752) DBB: write request from dla, addr 801011c0 id 0
(35752) DBB: write data from dla (00000000 00000000...)
(35752) DBB: write, last tick
(35758) DBB: write request from dla, addr 801011c0 id 0
(35758) DBB: write data from dla (00000000 00000000...)
(35758) DBB: write, last tick
(35764) DBB: write request from dla, addr 801011c0 id 0
(35764) DBB: write data from dla (00000000 00000000...)
(35764) DBB: write, last tick
(35770) DBB: write request from dla, addr 801011c0 id 0
(35770) DBB: write data from dla (00000000 00000000...)
(35770) DBB: write, last tick
(35776) DBB: write request from dla, addr 801011c0 id 0
(35776) DBB: write data from dla (00000000 00000000...)
(35776) DBB: write, last tick
(35782) DBB: write request from dla, addr 801011c0 id 0
(35782) DBB: write data from dla (00000000 00000000...)
(35782) DBB: write, last tick
(35788) DBB: write request from dla, addr 801011c0 id 0
(35788) DBB: write data from dla (00000000 00000000...)
(35788) DBB: write, last tick
(35794) DBB: write request from dla, addr 801011c0 id 0
(35794) DBB: write data from dla (00000000 00000000...)
(35794) DBB: write, last tick
(35800) DBB: write request from dla, addr 801011c0 id 0
(35800) DBB: write data from dla (00000000 00000000...)
(35800) DBB: write, last tick
(35806) DBB: write request from dla, addr 801011c0 id 0
(35806) DBB: write data from dla (00000000 00000000...)
(35806) DBB: write, last tick
(35812) DBB: write request from dla, addr 801011c0 id 0
(35812) DBB: write data from dla (00000000 00000000...)
(35812) DBB: write, last tick
(35818) DBB: write request from dla, addr 801011c0 id 0
(35818) DBB: write data from dla (00000000 00000000...)
(35818) DBB: write, last tick
(35824) DBB: write request from dla, addr 801011c0 id 0
(35824) DBB: write data from dla (00000000 00000000...)
(35824) DBB: write, last tick
(35830) DBB: write request from dla, addr 801011c0 id 0
(35830) DBB: write data from dla (00000000 00000000...)
(35830) DBB: write, last tick
(35836) DBB: write request from dla, addr 801011c0 id 0
(35836) DBB: write data from dla (00000000 00000000...)
(35836) DBB: write, last tick
(35842) DBB: write request from dla, addr 801011c0 id 0
(35842) DBB: write data from dla (00000000 00000000...)
(35842) DBB: write, last tick
(35848) DBB: write request from dla, addr 801011c0 id 0
(35848) DBB: write data from dla (00000000 00000000...)
(35848) DBB: write, last tick
(35854) DBB: write request from dla, addr 801011c0 id 0
(35854) DBB: write data from dla (00000000 00000000...)
(35854) DBB: write, last tick
(35860) DBB: write request from dla, addr 801011c0 id 0
(35860) DBB: write data from dla (00000000 00000000...)
(35860) DBB: write, last tick
(35866) DBB: write request from dla, addr 801011c0 id 0
(35866) DBB: write data from dla (00000000 00000000...)
(35866) DBB: write, last tick
(35872) DBB: write request from dla, addr 801011c0 id 0
(35872) DBB: write data from dla (00000000 00000000...)
(35872) DBB: write, last tick
(35878) DBB: write request from dla, addr 801011c0 id 0
(35878) DBB: write data from dla (00000000 00000000...)
(35878) DBB: write, last tick
(35884) DBB: write request from dla, addr 801011c0 id 0
(35884) DBB: write data from dla (00000000 00000000...)
(35884) DBB: write, last tick
(35890) DBB: write request from dla, addr 801011c0 id 0
(35890) DBB: write data from dla (00000000 00000000...)
(35890) DBB: write, last tick
(35896) DBB: write request from dla, addr 801011c0 id 0
(35896) DBB: write data from dla (00000000 00000000...)
(35896) DBB: write, last tick
(35902) DBB: write request from dla, addr 801011c0 id 0
(35902) DBB: write data from dla (00000000 00000000...)
(35902) DBB: write, last tick
(35908) DBB: write request from dla, addr 801011c0 id 0
(35908) DBB: write data from dla (00000000 00000000...)
(35908) DBB: write, last tick
(35914) DBB: write request from dla, addr 801011c0 id 0
(35914) DBB: write data from dla (00000000 00000000...)
(35914) DBB: write, last tick
(35920) DBB: write request from dla, addr 80101200 id 0
(35920) DBB: write data from dla (00000056 00000000...)
(35920) DBB: write, last tick
(35926) DBB: write request from dla, addr 80101200 id 0
(35926) DBB: write data from dla (00002000 00000000...)
(35926) DBB: write, last tick
(35932) DBB: write request from dla, addr 80101200 id 0
(35932) DBB: write data from dla (00560000 00000000...)
(35932) DBB: write, last tick
(35938) DBB: write request from dla, addr 80101200 id 0
(35938) DBB: write data from dla (21000000 00000000...)
(35938) DBB: write, last tick
(35944) DBB: write request from dla, addr 80101200 id 0
(35944) DBB: write data from dla (00000000 00000056...)
(35944) DBB: write, last tick
(35950) DBB: write request from dla, addr 80101200 id 0
(35950) DBB: write data from dla (00000000 00002200...)
(35950) DBB: write, last tick
(35956) DBB: write request from dla, addr 80101200 id 0
(35956) DBB: write data from dla (00000000 00560000...)
(35956) DBB: write, last tick
(35962) DBB: write request from dla, addr 80101200 id 0
(35962) DBB: write data from dla (00000000 23000000...)
(35962) DBB: write, last tick
(35968) DBB: write request from dla, addr 80101200 id 0
(35968) DBB: write data from dla (00000000 00000000...)
(35968) DBB: write, last tick
(35974) DBB: write request from dla, addr 80101200 id 0
(35974) DBB: write data from dla (00000000 00000000...)
(35974) DBB: write, last tick
(35980) DBB: write request from dla, addr 80101200 id 0
(35980) DBB: write data from dla (00000000 00000000...)
(35980) DBB: write, last tick
(35986) DBB: write request from dla, addr 80101200 id 0
(35986) DBB: write data from dla (00000000 00000000...)
(35986) DBB: write, last tick
(35992) DBB: write request from dla, addr 80101200 id 0
(35992) DBB: write data from dla (00000000 00000000...)
(35992) DBB: write, last tick
(35998) DBB: write request from dla, addr 80101200 id 0
(35998) DBB: write data from dla (00000000 00000000...)
(35998) DBB: write, last tick
(36004) DBB: write request from dla, addr 80101200 id 0
(36004) DBB: write data from dla (00000000 00000000...)
(36004) DBB: write, last tick
(36010) DBB: write request from dla, addr 80101200 id 0
(36010) DBB: write data from dla (00000000 00000000...)
(36010) DBB: write, last tick
(36016) DBB: write request from dla, addr 80101200 id 0
(36016) DBB: write data from dla (00000000 00000000...)
(36016) DBB: write, last tick
(36022) DBB: write request from dla, addr 80101200 id 0
(36022) DBB: write data from dla (00000000 00000000...)
(36022) DBB: write, last tick
(36028) DBB: write request from dla, addr 80101200 id 0
(36028) DBB: write data from dla (00000000 00000000...)
(36028) DBB: write, last tick
(36034) DBB: write request from dla, addr 80101200 id 0
(36034) DBB: write data from dla (00000000 00000000...)
(36034) DBB: write, last tick
(36040) DBB: write request from dla, addr 80101200 id 0
(36040) DBB: write data from dla (00000000 00000000...)
(36040) DBB: write, last tick
(36046) DBB: write request from dla, addr 80101200 id 0
(36046) DBB: write data from dla (00000000 00000000...)
(36046) DBB: write, last tick
(36052) DBB: write request from dla, addr 80101200 id 0
(36052) DBB: write data from dla (00000000 00000000...)
(36052) DBB: write, last tick
(36058) DBB: write request from dla, addr 80101200 id 0
(36058) DBB: write data from dla (00000000 00000000...)
(36058) DBB: write, last tick
(36064) DBB: write request from dla, addr 80101200 id 0
(36064) DBB: write data from dla (00000000 00000000...)
(36064) DBB: write, last tick
(36070) DBB: write request from dla, addr 80101200 id 0
(36070) DBB: write data from dla (00000000 00000000...)
(36070) DBB: write, last tick
(36076) DBB: write request from dla, addr 80101200 id 0
(36076) DBB: write data from dla (00000000 00000000...)
(36076) DBB: write, last tick
(36082) DBB: write request from dla, addr 80101200 id 0
(36082) DBB: write data from dla (00000000 00000000...)
(36082) DBB: write, last tick
(36088) DBB: write request from dla, addr 80101200 id 0
(36088) DBB: write data from dla (00000000 00000000...)
(36088) DBB: write, last tick
(36094) DBB: write request from dla, addr 80101200 id 0
(36094) DBB: write data from dla (00000000 00000000...)
(36094) DBB: write, last tick
(36100) DBB: write request from dla, addr 80101200 id 0
(36100) DBB: write data from dla (00000000 00000000...)
(36100) DBB: write, last tick
(36106) DBB: write request from dla, addr 80101200 id 0
(36106) DBB: write data from dla (00000000 00000000...)
(36106) DBB: write, last tick
(36112) DBB: write request from dla, addr 80101200 id 0
(36112) DBB: write data from dla (00000000 00000000...)
(36112) DBB: write, last tick
(36118) DBB: write request from dla, addr 80101200 id 0
(36118) DBB: write data from dla (00000000 00000000...)
(36118) DBB: write, last tick
(36124) DBB: write request from dla, addr 80101200 id 0
(36124) DBB: write data from dla (00000000 00000000...)
(36124) DBB: write, last tick
(36130) DBB: write request from dla, addr 80101200 id 0
(36130) DBB: write data from dla (00000000 00000000...)
(36130) DBB: write, last tick
(36136) DBB: write request from dla, addr 80101200 id 0
(36136) DBB: write data from dla (00000000 00000000...)
(36136) DBB: write, last tick
(36142) DBB: write request from dla, addr 80101200 id 0
(36142) DBB: write data from dla (00000000 00000000...)
(36142) DBB: write, last tick
(36148) DBB: write request from dla, addr 80101200 id 0
(36148) DBB: write data from dla (00000000 00000000...)
(36148) DBB: write, last tick
(36154) DBB: write request from dla, addr 80101200 id 0
(36154) DBB: write data from dla (00000000 00000000...)
(36154) DBB: write, last tick
(36160) DBB: write request from dla, addr 80101200 id 0
(36160) DBB: write data from dla (00000000 00000000...)
(36160) DBB: write, last tick
(36166) DBB: write request from dla, addr 80101200 id 0
(36166) DBB: write data from dla (00000000 00000000...)
(36166) DBB: write, last tick
(36172) DBB: write request from dla, addr 80101200 id 0
(36172) DBB: write data from dla (00000000 00000000...)
(36172) DBB: write, last tick
(36178) DBB: write request from dla, addr 80101200 id 0
(36178) DBB: write data from dla (00000000 00000000...)
(36178) DBB: write, last tick
(36184) DBB: write request from dla, addr 80101200 id 0
(36184) DBB: write data from dla (00000000 00000000...)
(36184) DBB: write, last tick
(36190) DBB: write request from dla, addr 80101200 id 0
(36190) DBB: write data from dla (00000000 00000000...)
(36190) DBB: write, last tick
(36196) DBB: write request from dla, addr 80101200 id 0
(36196) DBB: write data from dla (00000000 00000000...)
(36196) DBB: write, last tick
(36202) DBB: write request from dla, addr 80101200 id 0
(36202) DBB: write data from dla (00000000 00000000...)
(36202) DBB: write, last tick
(36208) DBB: write request from dla, addr 80101200 id 0
(36208) DBB: write data from dla (00000000 00000000...)
(36208) DBB: write, last tick
(36214) DBB: write request from dla, addr 80101200 id 0
(36214) DBB: write data from dla (00000000 00000000...)
(36214) DBB: write, last tick
(36220) DBB: write request from dla, addr 80101200 id 0
(36220) DBB: write data from dla (00000000 00000000...)
(36220) DBB: write, last tick
(36226) DBB: write request from dla, addr 80101200 id 0
(36226) DBB: write data from dla (00000000 00000000...)
(36226) DBB: write, last tick
(36232) DBB: write request from dla, addr 80101200 id 0
(36232) DBB: write data from dla (00000000 00000000...)
(36232) DBB: write, last tick
(36238) DBB: write request from dla, addr 80101200 id 0
(36238) DBB: write data from dla (00000000 00000000...)
(36238) DBB: write, last tick
(36244) DBB: write request from dla, addr 80101200 id 0
(36244) DBB: write data from dla (00000000 00000000...)
(36244) DBB: write, last tick
(36250) DBB: write request from dla, addr 80101200 id 0
(36250) DBB: write data from dla (00000000 00000000...)
(36250) DBB: write, last tick
(36256) DBB: write request from dla, addr 80101200 id 0
(36256) DBB: write data from dla (00000000 00000000...)
(36256) DBB: write, last tick
(36262) DBB: write request from dla, addr 80101200 id 0
(36262) DBB: write data from dla (00000000 00000000...)
(36262) DBB: write, last tick
(36268) DBB: write request from dla, addr 80101200 id 0
(36268) DBB: write data from dla (00000000 00000000...)
(36268) DBB: write, last tick
(36274) DBB: write request from dla, addr 80101200 id 0
(36274) DBB: write data from dla (00000000 00000000...)
(36274) DBB: write, last tick
(36280) DBB: write request from dla, addr 80101200 id 0
(36280) DBB: write data from dla (00000000 00000000...)
(36280) DBB: write, last tick
(36286) DBB: write request from dla, addr 80101200 id 0
(36286) DBB: write data from dla (00000000 00000000...)
(36286) DBB: write, last tick
(36292) DBB: write request from dla, addr 80101200 id 0
(36292) DBB: write data from dla (00000000 00000000...)
(36292) DBB: write, last tick
(36298) DBB: write request from dla, addr 80101200 id 0
(36298) DBB: write data from dla (00000000 00000000...)
(36298) DBB: write, last tick
(36304) DBB: write request from dla, addr 80101240 id 0
(36304) DBB: write data from dla (00000066 00000000...)
(36304) DBB: write, last tick
(36310) DBB: write request from dla, addr 80101240 id 0
(36310) DBB: write data from dla (00002000 00000000...)
(36310) DBB: write, last tick
(36316) DBB: write request from dla, addr 80101240 id 0
(36316) DBB: write data from dla (00660000 00000000...)
(36316) DBB: write, last tick
(36322) DBB: write request from dla, addr 80101240 id 0
(36322) DBB: write data from dla (21000000 00000000...)
(36322) DBB: write, last tick
(36328) DBB: write request from dla, addr 80101240 id 0
(36328) DBB: write data from dla (00000000 00000066...)
(36328) DBB: write, last tick
(36334) DBB: write request from dla, addr 80101240 id 0
(36334) DBB: write data from dla (00000000 00002200...)
(36334) DBB: write, last tick
(36340) DBB: write request from dla, addr 80101240 id 0
(36340) DBB: write data from dla (00000000 00660000...)
(36340) DBB: write, last tick
(36346) DBB: write request from dla, addr 80101240 id 0
(36346) DBB: write data from dla (00000000 23000000...)
(36346) DBB: write, last tick
(36352) DBB: write request from dla, addr 80101240 id 0
(36352) DBB: write data from dla (00000000 00000000...)
(36352) DBB: write, last tick
(36358) DBB: write request from dla, addr 80101240 id 0
(36358) DBB: write data from dla (00000000 00000000...)
(36358) DBB: write, last tick
(36364) DBB: write request from dla, addr 80101240 id 0
(36364) DBB: write data from dla (00000000 00000000...)
(36364) DBB: write, last tick
(36370) DBB: write request from dla, addr 80101240 id 0
(36370) DBB: write data from dla (00000000 00000000...)
(36370) DBB: write, last tick
(36376) DBB: write request from dla, addr 80101240 id 0
(36376) DBB: write data from dla (00000000 00000000...)
(36376) DBB: write, last tick
(36382) DBB: write request from dla, addr 80101240 id 0
(36382) DBB: write data from dla (00000000 00000000...)
(36382) DBB: write, last tick
(36388) DBB: write request from dla, addr 80101240 id 0
(36388) DBB: write data from dla (00000000 00000000...)
(36388) DBB: write, last tick
(36394) DBB: write request from dla, addr 80101240 id 0
(36394) DBB: write data from dla (00000000 00000000...)
(36394) DBB: write, last tick
(36400) DBB: write request from dla, addr 80101240 id 0
(36400) DBB: write data from dla (00000000 00000000...)
(36400) DBB: write, last tick
(36406) DBB: write request from dla, addr 80101240 id 0
(36406) DBB: write data from dla (00000000 00000000...)
(36406) DBB: write, last tick
(36412) DBB: write request from dla, addr 80101240 id 0
(36412) DBB: write data from dla (00000000 00000000...)
(36412) DBB: write, last tick
(36418) DBB: write request from dla, addr 80101240 id 0
(36418) DBB: write data from dla (00000000 00000000...)
(36418) DBB: write, last tick
(36424) DBB: write request from dla, addr 80101240 id 0
(36424) DBB: write data from dla (00000000 00000000...)
(36424) DBB: write, last tick
(36430) DBB: write request from dla, addr 80101240 id 0
(36430) DBB: write data from dla (00000000 00000000...)
(36430) DBB: write, last tick
(36436) DBB: write request from dla, addr 80101240 id 0
(36436) DBB: write data from dla (00000000 00000000...)
(36436) DBB: write, last tick
(36442) DBB: write request from dla, addr 80101240 id 0
(36442) DBB: write data from dla (00000000 00000000...)
(36442) DBB: write, last tick
(36448) DBB: write request from dla, addr 80101240 id 0
(36448) DBB: write data from dla (00000000 00000000...)
(36448) DBB: write, last tick
(36454) DBB: write request from dla, addr 80101240 id 0
(36454) DBB: write data from dla (00000000 00000000...)
(36454) DBB: write, last tick
(36460) DBB: write request from dla, addr 80101240 id 0
(36460) DBB: write data from dla (00000000 00000000...)
(36460) DBB: write, last tick
(36466) DBB: write request from dla, addr 80101240 id 0
(36466) DBB: write data from dla (00000000 00000000...)
(36466) DBB: write, last tick
(36472) DBB: write request from dla, addr 80101240 id 0
(36472) DBB: write data from dla (00000000 00000000...)
(36472) DBB: write, last tick
(36478) DBB: write request from dla, addr 80101240 id 0
(36478) DBB: write data from dla (00000000 00000000...)
(36478) DBB: write, last tick
(36484) DBB: write request from dla, addr 80101240 id 0
(36484) DBB: write data from dla (00000000 00000000...)
(36484) DBB: write, last tick
(36490) DBB: write request from dla, addr 80101240 id 0
(36490) DBB: write data from dla (00000000 00000000...)
(36490) DBB: write, last tick
(36496) DBB: write request from dla, addr 80101240 id 0
(36496) DBB: write data from dla (00000000 00000000...)
(36496) DBB: write, last tick
(36502) DBB: write request from dla, addr 80101240 id 0
(36502) DBB: write data from dla (00000000 00000000...)
(36502) DBB: write, last tick
(36508) DBB: write request from dla, addr 80101240 id 0
(36508) DBB: write data from dla (00000000 00000000...)
(36508) DBB: write, last tick
(36514) DBB: write request from dla, addr 80101240 id 0
(36514) DBB: write data from dla (00000000 00000000...)
(36514) DBB: write, last tick
(36520) DBB: write request from dla, addr 80101240 id 0
(36520) DBB: write data from dla (00000000 00000000...)
(36520) DBB: write, last tick
(36526) DBB: write request from dla, addr 80101240 id 0
(36526) DBB: write data from dla (00000000 00000000...)
(36526) DBB: write, last tick
(36532) DBB: write request from dla, addr 80101240 id 0
(36532) DBB: write data from dla (00000000 00000000...)
(36532) DBB: write, last tick
(36538) DBB: write request from dla, addr 80101240 id 0
(36538) DBB: write data from dla (00000000 00000000...)
(36538) DBB: write, last tick
(36544) DBB: write request from dla, addr 80101240 id 0
(36544) DBB: write data from dla (00000000 00000000...)
(36544) DBB: write, last tick
(36550) DBB: write request from dla, addr 80101240 id 0
(36550) DBB: write data from dla (00000000 00000000...)
(36550) DBB: write, last tick
(36556) DBB: write request from dla, addr 80101240 id 0
(36556) DBB: write data from dla (00000000 00000000...)
(36556) DBB: write, last tick
(36562) DBB: write request from dla, addr 80101240 id 0
(36562) DBB: write data from dla (00000000 00000000...)
(36562) DBB: write, last tick
(36568) DBB: write request from dla, addr 80101240 id 0
(36568) DBB: write data from dla (00000000 00000000...)
(36568) DBB: write, last tick
(36574) DBB: write request from dla, addr 80101240 id 0
(36574) DBB: write data from dla (00000000 00000000...)
(36574) DBB: write, last tick
(36580) DBB: write request from dla, addr 80101240 id 0
(36580) DBB: write data from dla (00000000 00000000...)
(36580) DBB: write, last tick
(36586) DBB: write request from dla, addr 80101240 id 0
(36586) DBB: write data from dla (00000000 00000000...)
(36586) DBB: write, last tick
(36592) DBB: write request from dla, addr 80101240 id 0
(36592) DBB: write data from dla (00000000 00000000...)
(36592) DBB: write, last tick
(36598) DBB: write request from dla, addr 80101240 id 0
(36598) DBB: write data from dla (00000000 00000000...)
(36598) DBB: write, last tick
(36604) DBB: write request from dla, addr 80101240 id 0
(36604) DBB: write data from dla (00000000 00000000...)
(36604) DBB: write, last tick
(36610) DBB: write request from dla, addr 80101240 id 0
(36610) DBB: write data from dla (00000000 00000000...)
(36610) DBB: write, last tick
(36616) DBB: write request from dla, addr 80101240 id 0
(36616) DBB: write data from dla (00000000 00000000...)
(36616) DBB: write, last tick
(36622) DBB: write request from dla, addr 80101240 id 0
(36622) DBB: write data from dla (00000000 00000000...)
(36622) DBB: write, last tick
(36628) DBB: write request from dla, addr 80101240 id 0
(36628) DBB: write data from dla (00000000 00000000...)
(36628) DBB: write, last tick
(36634) DBB: write request from dla, addr 80101240 id 0
(36634) DBB: write data from dla (00000000 00000000...)
(36634) DBB: write, last tick
(36640) DBB: write request from dla, addr 80101240 id 0
(36640) DBB: write data from dla (00000000 00000000...)
(36640) DBB: write, last tick
(36646) DBB: write request from dla, addr 80101240 id 0
(36646) DBB: write data from dla (00000000 00000000...)
(36646) DBB: write, last tick
(36652) DBB: write request from dla, addr 80101240 id 0
(36652) DBB: write data from dla (00000000 00000000...)
(36652) DBB: write, last tick
(36658) DBB: write request from dla, addr 80101240 id 0
(36658) DBB: write data from dla (00000000 00000000...)
(36658) DBB: write, last tick
(36664) DBB: write request from dla, addr 80101240 id 0
(36664) DBB: write data from dla (00000000 00000000...)
(36664) DBB: write, last tick
(36670) DBB: write request from dla, addr 80101240 id 0
(36670) DBB: write data from dla (00000000 00000000...)
(36670) DBB: write, last tick
(36676) DBB: write request from dla, addr 80101240 id 0
(36676) DBB: write data from dla (00000000 00000000...)
(36676) DBB: write, last tick
(36682) DBB: write request from dla, addr 80101240 id 0
(36682) DBB: write data from dla (00000000 00000000...)
(36682) DBB: write, last tick
(36688) DBB: write request from dla, addr 80101280 id 0
(36688) DBB: write data from dla (00000021 00000000...)
(36688) DBB: write, last tick
(36694) DBB: write request from dla, addr 80101280 id 0
(36694) DBB: write data from dla (00003000 00000000...)
(36694) DBB: write, last tick
(36700) DBB: write request from dla, addr 80101280 id 0
(36700) DBB: write data from dla (00210000 00000000...)
(36700) DBB: write, last tick
(36706) DBB: write request from dla, addr 80101280 id 0
(36706) DBB: write data from dla (31000000 00000000...)
(36706) DBB: write, last tick
(36712) DBB: write request from dla, addr 80101280 id 0
(36712) DBB: write data from dla (00000000 00000021...)
(36712) DBB: write, last tick
(36718) DBB: write request from dla, addr 80101280 id 0
(36718) DBB: write data from dla (00000000 00003200...)
(36718) DBB: write, last tick
(36724) DBB: write request from dla, addr 80101280 id 0
(36724) DBB: write data from dla (00000000 00210000...)
(36724) DBB: write, last tick
(36730) DBB: write request from dla, addr 80101280 id 0
(36730) DBB: write data from dla (00000000 33000000...)
(36730) DBB: write, last tick
(36736) DBB: write request from dla, addr 80101280 id 0
(36736) DBB: write data from dla (00000000 00000000...)
(36736) DBB: write, last tick
(36742) DBB: write request from dla, addr 80101280 id 0
(36742) DBB: write data from dla (00000000 00000000...)
(36742) DBB: write, last tick
(36748) DBB: write request from dla, addr 80101280 id 0
(36748) DBB: write data from dla (00000000 00000000...)
(36748) DBB: write, last tick
(36754) DBB: write request from dla, addr 80101280 id 0
(36754) DBB: write data from dla (00000000 00000000...)
(36754) DBB: write, last tick
(36760) DBB: write request from dla, addr 80101280 id 0
(36760) DBB: write data from dla (00000000 00000000...)
(36760) DBB: write, last tick
(36766) DBB: write request from dla, addr 80101280 id 0
(36766) DBB: write data from dla (00000000 00000000...)
(36766) DBB: write, last tick
(36772) DBB: write request from dla, addr 80101280 id 0
(36772) DBB: write data from dla (00000000 00000000...)
(36772) DBB: write, last tick
(36778) DBB: write request from dla, addr 80101280 id 0
(36778) DBB: write data from dla (00000000 00000000...)
(36778) DBB: write, last tick
(36784) DBB: write request from dla, addr 80101280 id 0
(36784) DBB: write data from dla (00000000 00000000...)
(36784) DBB: write, last tick
(36790) DBB: write request from dla, addr 80101280 id 0
(36790) DBB: write data from dla (00000000 00000000...)
(36790) DBB: write, last tick
(36796) DBB: write request from dla, addr 80101280 id 0
(36796) DBB: write data from dla (00000000 00000000...)
(36796) DBB: write, last tick
(36802) DBB: write request from dla, addr 80101280 id 0
(36802) DBB: write data from dla (00000000 00000000...)
(36802) DBB: write, last tick
(36808) DBB: write request from dla, addr 80101280 id 0
(36808) DBB: write data from dla (00000000 00000000...)
(36808) DBB: write, last tick
(36814) DBB: write request from dla, addr 80101280 id 0
(36814) DBB: write data from dla (00000000 00000000...)
(36814) DBB: write, last tick
(36820) DBB: write request from dla, addr 80101280 id 0
(36820) DBB: write data from dla (00000000 00000000...)
(36820) DBB: write, last tick
(36826) DBB: write request from dla, addr 80101280 id 0
(36826) DBB: write data from dla (00000000 00000000...)
(36826) DBB: write, last tick
(36832) DBB: write request from dla, addr 80101280 id 0
(36832) DBB: write data from dla (00000000 00000000...)
(36832) DBB: write, last tick
(36838) DBB: write request from dla, addr 80101280 id 0
(36838) DBB: write data from dla (00000000 00000000...)
(36838) DBB: write, last tick
(36844) DBB: write request from dla, addr 80101280 id 0
(36844) DBB: write data from dla (00000000 00000000...)
(36844) DBB: write, last tick
(36850) DBB: write request from dla, addr 80101280 id 0
(36850) DBB: write data from dla (00000000 00000000...)
(36850) DBB: write, last tick
(36856) DBB: write request from dla, addr 80101280 id 0
(36856) DBB: write data from dla (00000000 00000000...)
(36856) DBB: write, last tick
(36862) DBB: write request from dla, addr 80101280 id 0
(36862) DBB: write data from dla (00000000 00000000...)
(36862) DBB: write, last tick
(36868) DBB: write request from dla, addr 80101280 id 0
(36868) DBB: write data from dla (00000000 00000000...)
(36868) DBB: write, last tick
(36874) DBB: write request from dla, addr 80101280 id 0
(36874) DBB: write data from dla (00000000 00000000...)
(36874) DBB: write, last tick
(36880) DBB: write request from dla, addr 80101280 id 0
(36880) DBB: write data from dla (00000000 00000000...)
(36880) DBB: write, last tick
(36886) DBB: write request from dla, addr 80101280 id 0
(36886) DBB: write data from dla (00000000 00000000...)
(36886) DBB: write, last tick
(36892) DBB: write request from dla, addr 80101280 id 0
(36892) DBB: write data from dla (00000000 00000000...)
(36892) DBB: write, last tick
(36898) DBB: write request from dla, addr 80101280 id 0
(36898) DBB: write data from dla (00000000 00000000...)
(36898) DBB: write, last tick
(36904) DBB: write request from dla, addr 80101280 id 0
(36904) DBB: write data from dla (00000000 00000000...)
(36904) DBB: write, last tick
(36910) DBB: write request from dla, addr 80101280 id 0
(36910) DBB: write data from dla (00000000 00000000...)
(36910) DBB: write, last tick
(36916) DBB: write request from dla, addr 80101280 id 0
(36916) DBB: write data from dla (00000000 00000000...)
(36916) DBB: write, last tick
(36922) DBB: write request from dla, addr 80101280 id 0
(36922) DBB: write data from dla (00000000 00000000...)
(36922) DBB: write, last tick
(36928) DBB: write request from dla, addr 80101280 id 0
(36928) DBB: write data from dla (00000000 00000000...)
(36928) DBB: write, last tick
(36934) DBB: write request from dla, addr 80101280 id 0
(36934) DBB: write data from dla (00000000 00000000...)
(36934) DBB: write, last tick
(36940) DBB: write request from dla, addr 80101280 id 0
(36940) DBB: write data from dla (00000000 00000000...)
(36940) DBB: write, last tick
(36946) DBB: write request from dla, addr 80101280 id 0
(36946) DBB: write data from dla (00000000 00000000...)
(36946) DBB: write, last tick
(36952) DBB: write request from dla, addr 80101280 id 0
(36952) DBB: write data from dla (00000000 00000000...)
(36952) DBB: write, last tick
(36958) DBB: write request from dla, addr 80101280 id 0
(36958) DBB: write data from dla (00000000 00000000...)
(36958) DBB: write, last tick
(36964) DBB: write request from dla, addr 80101280 id 0
(36964) DBB: write data from dla (00000000 00000000...)
(36964) DBB: write, last tick
(36970) DBB: write request from dla, addr 80101280 id 0
(36970) DBB: write data from dla (00000000 00000000...)
(36970) DBB: write, last tick
(36976) DBB: write request from dla, addr 80101280 id 0
(36976) DBB: write data from dla (00000000 00000000...)
(36976) DBB: write, last tick
(36982) DBB: write request from dla, addr 80101280 id 0
(36982) DBB: write data from dla (00000000 00000000...)
(36982) DBB: write, last tick
(36988) DBB: write request from dla, addr 80101280 id 0
(36988) DBB: write data from dla (00000000 00000000...)
(36988) DBB: write, last tick
(36994) DBB: write request from dla, addr 80101280 id 0
(36994) DBB: write data from dla (00000000 00000000...)
(36994) DBB: write, last tick
(37000) DBB: write request from dla, addr 80101280 id 0
(37000) DBB: write data from dla (00000000 00000000...)
(37000) DBB: write, last tick
(37006) DBB: write request from dla, addr 80101280 id 0
(37006) DBB: write data from dla (00000000 00000000...)
(37006) DBB: write, last tick
(37012) DBB: write request from dla, addr 80101280 id 0
(37012) DBB: write data from dla (00000000 00000000...)
(37012) DBB: write, last tick
(37018) DBB: write request from dla, addr 80101280 id 0
(37018) DBB: write data from dla (00000000 00000000...)
(37018) DBB: write, last tick
(37024) DBB: write request from dla, addr 80101280 id 0
(37024) DBB: write data from dla (00000000 00000000...)
(37024) DBB: write, last tick
(37030) DBB: write request from dla, addr 80101280 id 0
(37030) DBB: write data from dla (00000000 00000000...)
(37030) DBB: write, last tick
(37036) DBB: write request from dla, addr 80101280 id 0
(37036) DBB: write data from dla (00000000 00000000...)
(37036) DBB: write, last tick
(37042) DBB: write request from dla, addr 80101280 id 0
(37042) DBB: write data from dla (00000000 00000000...)
(37042) DBB: write, last tick
(37048) DBB: write request from dla, addr 80101280 id 0
(37048) DBB: write data from dla (00000000 00000000...)
(37048) DBB: write, last tick
(37054) DBB: write request from dla, addr 80101280 id 0
(37054) DBB: write data from dla (00000000 00000000...)
(37054) DBB: write, last tick
(37060) DBB: write request from dla, addr 80101280 id 0
(37060) DBB: write data from dla (00000000 00000000...)
(37060) DBB: write, last tick
(37066) DBB: write request from dla, addr 80101280 id 0
(37066) DBB: write data from dla (00000000 00000000...)
(37066) DBB: write, last tick
(37072) DBB: write request from dla, addr 801012c0 id 0
(37072) DBB: write data from dla (00000041 00000000...)
(37072) DBB: write, last tick
(37078) DBB: write request from dla, addr 801012c0 id 0
(37078) DBB: write data from dla (00003000 00000000...)
(37078) DBB: write, last tick
(37084) DBB: write request from dla, addr 801012c0 id 0
(37084) DBB: write data from dla (00410000 00000000...)
(37084) DBB: write, last tick
(37090) DBB: write request from dla, addr 801012c0 id 0
(37090) DBB: write data from dla (31000000 00000000...)
(37090) DBB: write, last tick
(37096) DBB: write request from dla, addr 801012c0 id 0
(37096) DBB: write data from dla (00000000 00000041...)
(37096) DBB: write, last tick
(37102) DBB: write request from dla, addr 801012c0 id 0
(37102) DBB: write data from dla (00000000 00003200...)
(37102) DBB: write, last tick
(37108) DBB: write request from dla, addr 801012c0 id 0
(37108) DBB: write data from dla (00000000 00410000...)
(37108) DBB: write, last tick
(37114) DBB: write request from dla, addr 801012c0 id 0
(37114) DBB: write data from dla (00000000 33000000...)
(37114) DBB: write, last tick
(37120) DBB: write request from dla, addr 801012c0 id 0
(37120) DBB: write data from dla (00000000 00000000...)
(37120) DBB: write, last tick
(37126) DBB: write request from dla, addr 801012c0 id 0
(37126) DBB: write data from dla (00000000 00000000...)
(37126) DBB: write, last tick
(37132) DBB: write request from dla, addr 801012c0 id 0
(37132) DBB: write data from dla (00000000 00000000...)
(37132) DBB: write, last tick
(37138) DBB: write request from dla, addr 801012c0 id 0
(37138) DBB: write data from dla (00000000 00000000...)
(37138) DBB: write, last tick
(37144) DBB: write request from dla, addr 801012c0 id 0
(37144) DBB: write data from dla (00000000 00000000...)
(37144) DBB: write, last tick
(37150) DBB: write request from dla, addr 801012c0 id 0
(37150) DBB: write data from dla (00000000 00000000...)
(37150) DBB: write, last tick
(37156) DBB: write request from dla, addr 801012c0 id 0
(37156) DBB: write data from dla (00000000 00000000...)
(37156) DBB: write, last tick
(37162) DBB: write request from dla, addr 801012c0 id 0
(37162) DBB: write data from dla (00000000 00000000...)
(37162) DBB: write, last tick
(37168) DBB: write request from dla, addr 801012c0 id 0
(37168) DBB: write data from dla (00000000 00000000...)
(37168) DBB: write, last tick
(37174) DBB: write request from dla, addr 801012c0 id 0
(37174) DBB: write data from dla (00000000 00000000...)
(37174) DBB: write, last tick
(37180) DBB: write request from dla, addr 801012c0 id 0
(37180) DBB: write data from dla (00000000 00000000...)
(37180) DBB: write, last tick
(37186) DBB: write request from dla, addr 801012c0 id 0
(37186) DBB: write data from dla (00000000 00000000...)
(37186) DBB: write, last tick
(37192) DBB: write request from dla, addr 801012c0 id 0
(37192) DBB: write data from dla (00000000 00000000...)
(37192) DBB: write, last tick
(37198) DBB: write request from dla, addr 801012c0 id 0
(37198) DBB: write data from dla (00000000 00000000...)
(37198) DBB: write, last tick
(37204) DBB: write request from dla, addr 801012c0 id 0
(37204) DBB: write data from dla (00000000 00000000...)
(37204) DBB: write, last tick
(37210) DBB: write request from dla, addr 801012c0 id 0
(37210) DBB: write data from dla (00000000 00000000...)
(37210) DBB: write, last tick
(37216) DBB: write request from dla, addr 801012c0 id 0
(37216) DBB: write data from dla (00000000 00000000...)
(37216) DBB: write, last tick
(37222) DBB: write request from dla, addr 801012c0 id 0
(37222) DBB: write data from dla (00000000 00000000...)
(37222) DBB: write, last tick
(37228) DBB: write request from dla, addr 801012c0 id 0
(37228) DBB: write data from dla (00000000 00000000...)
(37228) DBB: write, last tick
(37234) DBB: write request from dla, addr 801012c0 id 0
(37234) DBB: write data from dla (00000000 00000000...)
(37234) DBB: write, last tick
(37240) DBB: write request from dla, addr 801012c0 id 0
(37240) DBB: write data from dla (00000000 00000000...)
(37240) DBB: write, last tick
(37246) DBB: write request from dla, addr 801012c0 id 0
(37246) DBB: write data from dla (00000000 00000000...)
(37246) DBB: write, last tick
(37252) DBB: write request from dla, addr 801012c0 id 0
(37252) DBB: write data from dla (00000000 00000000...)
(37252) DBB: write, last tick
(37258) DBB: write request from dla, addr 801012c0 id 0
(37258) DBB: write data from dla (00000000 00000000...)
(37258) DBB: write, last tick
(37264) DBB: write request from dla, addr 801012c0 id 0
(37264) DBB: write data from dla (00000000 00000000...)
(37264) DBB: write, last tick
(37270) DBB: write request from dla, addr 801012c0 id 0
(37270) DBB: write data from dla (00000000 00000000...)
(37270) DBB: write, last tick
(37276) DBB: write request from dla, addr 801012c0 id 0
(37276) DBB: write data from dla (00000000 00000000...)
(37276) DBB: write, last tick
(37282) DBB: write request from dla, addr 801012c0 id 0
(37282) DBB: write data from dla (00000000 00000000...)
(37282) DBB: write, last tick
(37288) DBB: write request from dla, addr 801012c0 id 0
(37288) DBB: write data from dla (00000000 00000000...)
(37288) DBB: write, last tick
(37294) DBB: write request from dla, addr 801012c0 id 0
(37294) DBB: write data from dla (00000000 00000000...)
(37294) DBB: write, last tick
(37300) DBB: write request from dla, addr 801012c0 id 0
(37300) DBB: write data from dla (00000000 00000000...)
(37300) DBB: write, last tick
(37306) DBB: write request from dla, addr 801012c0 id 0
(37306) DBB: write data from dla (00000000 00000000...)
(37306) DBB: write, last tick
(37312) DBB: write request from dla, addr 801012c0 id 0
(37312) DBB: write data from dla (00000000 00000000...)
(37312) DBB: write, last tick
(37318) DBB: write request from dla, addr 801012c0 id 0
(37318) DBB: write data from dla (00000000 00000000...)
(37318) DBB: write, last tick
(37324) DBB: write request from dla, addr 801012c0 id 0
(37324) DBB: write data from dla (00000000 00000000...)
(37324) DBB: write, last tick
(37330) DBB: write request from dla, addr 801012c0 id 0
(37330) DBB: write data from dla (00000000 00000000...)
(37330) DBB: write, last tick
(37336) DBB: write request from dla, addr 801012c0 id 0
(37336) DBB: write data from dla (00000000 00000000...)
(37336) DBB: write, last tick
(37342) DBB: write request from dla, addr 801012c0 id 0
(37342) DBB: write data from dla (00000000 00000000...)
(37342) DBB: write, last tick
(37348) DBB: write request from dla, addr 801012c0 id 0
(37348) DBB: write data from dla (00000000 00000000...)
(37348) DBB: write, last tick
(37354) DBB: write request from dla, addr 801012c0 id 0
(37354) DBB: write data from dla (00000000 00000000...)
(37354) DBB: write, last tick
(37360) DBB: write request from dla, addr 801012c0 id 0
(37360) DBB: write data from dla (00000000 00000000...)
(37360) DBB: write, last tick
(37366) DBB: write request from dla, addr 801012c0 id 0
(37366) DBB: write data from dla (00000000 00000000...)
(37366) DBB: write, last tick
(37372) DBB: write request from dla, addr 801012c0 id 0
(37372) DBB: write data from dla (00000000 00000000...)
(37372) DBB: write, last tick
(37378) DBB: write request from dla, addr 801012c0 id 0
(37378) DBB: write data from dla (00000000 00000000...)
(37378) DBB: write, last tick
(37384) DBB: write request from dla, addr 801012c0 id 0
(37384) DBB: write data from dla (00000000 00000000...)
(37384) DBB: write, last tick
(37390) DBB: write request from dla, addr 801012c0 id 0
(37390) DBB: write data from dla (00000000 00000000...)
(37390) DBB: write, last tick
(37396) DBB: write request from dla, addr 801012c0 id 0
(37396) DBB: write data from dla (00000000 00000000...)
(37396) DBB: write, last tick
(37402) DBB: write request from dla, addr 801012c0 id 0
(37402) DBB: write data from dla (00000000 00000000...)
(37402) DBB: write, last tick
(37408) DBB: write request from dla, addr 801012c0 id 0
(37408) DBB: write data from dla (00000000 00000000...)
(37408) DBB: write, last tick
(37414) DBB: write request from dla, addr 801012c0 id 0
(37414) DBB: write data from dla (00000000 00000000...)
(37414) DBB: write, last tick
(37420) DBB: write request from dla, addr 801012c0 id 0
(37420) DBB: write data from dla (00000000 00000000...)
(37420) DBB: write, last tick
(37426) DBB: write request from dla, addr 801012c0 id 0
(37426) DBB: write data from dla (00000000 00000000...)
(37426) DBB: write, last tick
(37432) DBB: write request from dla, addr 801012c0 id 0
(37432) DBB: write data from dla (00000000 00000000...)
(37432) DBB: write, last tick
(37438) DBB: write request from dla, addr 801012c0 id 0
(37438) DBB: write data from dla (00000000 00000000...)
(37438) DBB: write, last tick
(37444) DBB: write request from dla, addr 801012c0 id 0
(37444) DBB: write data from dla (00000000 00000000...)
(37444) DBB: write, last tick
(37450) DBB: write request from dla, addr 801012c0 id 0
(37450) DBB: write data from dla (00000000 00000000...)
(37450) DBB: write, last tick
(37456) DBB: write request from dla, addr 80101300 id 0
(37456) DBB: write data from dla (00000061 00000000...)
(37456) DBB: write, last tick
(37462) DBB: write request from dla, addr 80101300 id 0
(37462) DBB: write data from dla (00003000 00000000...)
(37462) DBB: write, last tick
(37468) DBB: write request from dla, addr 80101300 id 0
(37468) DBB: write data from dla (00610000 00000000...)
(37468) DBB: write, last tick
(37474) DBB: write request from dla, addr 80101300 id 0
(37474) DBB: write data from dla (31000000 00000000...)
(37474) DBB: write, last tick
(37480) DBB: write request from dla, addr 80101300 id 0
(37480) DBB: write data from dla (00000000 00000061...)
(37480) DBB: write, last tick
(37486) DBB: write request from dla, addr 80101300 id 0
(37486) DBB: write data from dla (00000000 00003200...)
(37486) DBB: write, last tick
(37492) DBB: write request from dla, addr 80101300 id 0
(37492) DBB: write data from dla (00000000 00610000...)
(37492) DBB: write, last tick
(37498) DBB: write request from dla, addr 80101300 id 0
(37498) DBB: write data from dla (00000000 33000000...)
(37498) DBB: write, last tick
(37504) DBB: write request from dla, addr 80101300 id 0
(37504) DBB: write data from dla (00000000 00000000...)
(37504) DBB: write, last tick
(37510) DBB: write request from dla, addr 80101300 id 0
(37510) DBB: write data from dla (00000000 00000000...)
(37510) DBB: write, last tick
(37516) DBB: write request from dla, addr 80101300 id 0
(37516) DBB: write data from dla (00000000 00000000...)
(37516) DBB: write, last tick
(37522) DBB: write request from dla, addr 80101300 id 0
(37522) DBB: write data from dla (00000000 00000000...)
(37522) DBB: write, last tick
(37528) DBB: write request from dla, addr 80101300 id 0
(37528) DBB: write data from dla (00000000 00000000...)
(37528) DBB: write, last tick
(37534) DBB: write request from dla, addr 80101300 id 0
(37534) DBB: write data from dla (00000000 00000000...)
(37534) DBB: write, last tick
(37540) DBB: write request from dla, addr 80101300 id 0
(37540) DBB: write data from dla (00000000 00000000...)
(37540) DBB: write, last tick
(37546) DBB: write request from dla, addr 80101300 id 0
(37546) DBB: write data from dla (00000000 00000000...)
(37546) DBB: write, last tick
(37552) DBB: write request from dla, addr 80101300 id 0
(37552) DBB: write data from dla (00000000 00000000...)
(37552) DBB: write, last tick
(37558) DBB: write request from dla, addr 80101300 id 0
(37558) DBB: write data from dla (00000000 00000000...)
(37558) DBB: write, last tick
(37564) DBB: write request from dla, addr 80101300 id 0
(37564) DBB: write data from dla (00000000 00000000...)
(37564) DBB: write, last tick
(37570) DBB: write request from dla, addr 80101300 id 0
(37570) DBB: write data from dla (00000000 00000000...)
(37570) DBB: write, last tick
(37576) DBB: write request from dla, addr 80101300 id 0
(37576) DBB: write data from dla (00000000 00000000...)
(37576) DBB: write, last tick
(37582) DBB: write request from dla, addr 80101300 id 0
(37582) DBB: write data from dla (00000000 00000000...)
(37582) DBB: write, last tick
(37588) DBB: write request from dla, addr 80101300 id 0
(37588) DBB: write data from dla (00000000 00000000...)
(37588) DBB: write, last tick
(37594) DBB: write request from dla, addr 80101300 id 0
(37594) DBB: write data from dla (00000000 00000000...)
(37594) DBB: write, last tick
(37600) DBB: write request from dla, addr 80101300 id 0
(37600) DBB: write data from dla (00000000 00000000...)
(37600) DBB: write, last tick
(37606) DBB: write request from dla, addr 80101300 id 0
(37606) DBB: write data from dla (00000000 00000000...)
(37606) DBB: write, last tick
(37612) DBB: write request from dla, addr 80101300 id 0
(37612) DBB: write data from dla (00000000 00000000...)
(37612) DBB: write, last tick
(37618) DBB: write request from dla, addr 80101300 id 0
(37618) DBB: write data from dla (00000000 00000000...)
(37618) DBB: write, last tick
(37624) DBB: write request from dla, addr 80101300 id 0
(37624) DBB: write data from dla (00000000 00000000...)
(37624) DBB: write, last tick
(37630) DBB: write request from dla, addr 80101300 id 0
(37630) DBB: write data from dla (00000000 00000000...)
(37630) DBB: write, last tick
(37636) DBB: write request from dla, addr 80101300 id 0
(37636) DBB: write data from dla (00000000 00000000...)
(37636) DBB: write, last tick
(37642) DBB: write request from dla, addr 80101300 id 0
(37642) DBB: write data from dla (00000000 00000000...)
(37642) DBB: write, last tick
(37648) DBB: write request from dla, addr 80101300 id 0
(37648) DBB: write data from dla (00000000 00000000...)
(37648) DBB: write, last tick
(37654) DBB: write request from dla, addr 80101300 id 0
(37654) DBB: write data from dla (00000000 00000000...)
(37654) DBB: write, last tick
(37660) DBB: write request from dla, addr 80101300 id 0
(37660) DBB: write data from dla (00000000 00000000...)
(37660) DBB: write, last tick
(37666) DBB: write request from dla, addr 80101300 id 0
(37666) DBB: write data from dla (00000000 00000000...)
(37666) DBB: write, last tick
(37672) DBB: write request from dla, addr 80101300 id 0
(37672) DBB: write data from dla (00000000 00000000...)
(37672) DBB: write, last tick
(37678) DBB: write request from dla, addr 80101300 id 0
(37678) DBB: write data from dla (00000000 00000000...)
(37678) DBB: write, last tick
(37684) DBB: write request from dla, addr 80101300 id 0
(37684) DBB: write data from dla (00000000 00000000...)
(37684) DBB: write, last tick
(37690) DBB: write request from dla, addr 80101300 id 0
(37690) DBB: write data from dla (00000000 00000000...)
(37690) DBB: write, last tick
(37696) DBB: write request from dla, addr 80101300 id 0
(37696) DBB: write data from dla (00000000 00000000...)
(37696) DBB: write, last tick
(37702) DBB: write request from dla, addr 80101300 id 0
(37702) DBB: write data from dla (00000000 00000000...)
(37702) DBB: write, last tick
(37708) DBB: write request from dla, addr 80101300 id 0
(37708) DBB: write data from dla (00000000 00000000...)
(37708) DBB: write, last tick
(37714) DBB: write request from dla, addr 80101300 id 0
(37714) DBB: write data from dla (00000000 00000000...)
(37714) DBB: write, last tick
(37720) DBB: write request from dla, addr 80101300 id 0
(37720) DBB: write data from dla (00000000 00000000...)
(37720) DBB: write, last tick
(37726) DBB: write request from dla, addr 80101300 id 0
(37726) DBB: write data from dla (00000000 00000000...)
(37726) DBB: write, last tick
(37732) DBB: write request from dla, addr 80101300 id 0
(37732) DBB: write data from dla (00000000 00000000...)
(37732) DBB: write, last tick
(37738) DBB: write request from dla, addr 80101300 id 0
(37738) DBB: write data from dla (00000000 00000000...)
(37738) DBB: write, last tick
(37744) DBB: write request from dla, addr 80101300 id 0
(37744) DBB: write data from dla (00000000 00000000...)
(37744) DBB: write, last tick
(37750) DBB: write request from dla, addr 80101300 id 0
(37750) DBB: write data from dla (00000000 00000000...)
(37750) DBB: write, last tick
(37756) DBB: write request from dla, addr 80101300 id 0
(37756) DBB: write data from dla (00000000 00000000...)
(37756) DBB: write, last tick
(37762) DBB: write request from dla, addr 80101300 id 0
(37762) DBB: write data from dla (00000000 00000000...)
(37762) DBB: write, last tick
(37768) DBB: write request from dla, addr 80101300 id 0
(37768) DBB: write data from dla (00000000 00000000...)
(37768) DBB: write, last tick
(37774) DBB: write request from dla, addr 80101300 id 0
(37774) DBB: write data from dla (00000000 00000000...)
(37774) DBB: write, last tick
(37780) DBB: write request from dla, addr 80101300 id 0
(37780) DBB: write data from dla (00000000 00000000...)
(37780) DBB: write, last tick
(37786) DBB: write request from dla, addr 80101300 id 0
(37786) DBB: write data from dla (00000000 00000000...)
(37786) DBB: write, last tick
(37792) DBB: write request from dla, addr 80101300 id 0
(37792) DBB: write data from dla (00000000 00000000...)
(37792) DBB: write, last tick
(37798) DBB: write request from dla, addr 80101300 id 0
(37798) DBB: write data from dla (00000000 00000000...)
(37798) DBB: write, last tick
(37804) DBB: write request from dla, addr 80101300 id 0
(37804) DBB: write data from dla (00000000 00000000...)
(37804) DBB: write, last tick
(37810) DBB: write request from dla, addr 80101300 id 0
(37810) DBB: write data from dla (00000000 00000000...)
(37810) DBB: write, last tick
(37816) DBB: write request from dla, addr 80101300 id 0
(37816) DBB: write data from dla (00000000 00000000...)
(37816) DBB: write, last tick
(37822) DBB: write request from dla, addr 80101300 id 0
(37822) DBB: write data from dla (00000000 00000000...)
(37822) DBB: write, last tick
(37828) DBB: write request from dla, addr 80101300 id 0
(37828) DBB: write data from dla (00000000 00000000...)
(37828) DBB: write, last tick
(37834) DBB: write request from dla, addr 80101300 id 0
(37834) DBB: write data from dla (00000000 00000000...)
(37834) DBB: write, last tick
(37840) DBB: write request from dla, addr 80101340 id 0
(37840) DBB: write data from dla (00000012 00000000...)
(37840) DBB: write, last tick
(37846) DBB: write request from dla, addr 80101340 id 0
(37846) DBB: write data from dla (00003000 00000000...)
(37846) DBB: write, last tick
(37852) DBB: write request from dla, addr 80101340 id 0
(37852) DBB: write data from dla (00120000 00000000...)
(37852) DBB: write, last tick
(37858) DBB: write request from dla, addr 80101340 id 0
(37858) DBB: write data from dla (31000000 00000000...)
(37858) DBB: write, last tick
(37864) DBB: write request from dla, addr 80101340 id 0
(37864) DBB: write data from dla (00000000 00000012...)
(37864) DBB: write, last tick
(37870) DBB: write request from dla, addr 80101340 id 0
(37870) DBB: write data from dla (00000000 00003200...)
(37870) DBB: write, last tick
(37876) DBB: write request from dla, addr 80101340 id 0
(37876) DBB: write data from dla (00000000 00120000...)
(37876) DBB: write, last tick
(37882) DBB: write request from dla, addr 80101340 id 0
(37882) DBB: write data from dla (00000000 33000000...)
(37882) DBB: write, last tick
(37888) DBB: write request from dla, addr 80101340 id 0
(37888) DBB: write data from dla (00000000 00000000...)
(37888) DBB: write, last tick
(37894) DBB: write request from dla, addr 80101340 id 0
(37894) DBB: write data from dla (00000000 00000000...)
(37894) DBB: write, last tick
(37900) DBB: write request from dla, addr 80101340 id 0
(37900) DBB: write data from dla (00000000 00000000...)
(37900) DBB: write, last tick
(37906) DBB: write request from dla, addr 80101340 id 0
(37906) DBB: write data from dla (00000000 00000000...)
(37906) DBB: write, last tick
(37912) DBB: write request from dla, addr 80101340 id 0
(37912) DBB: write data from dla (00000000 00000000...)
(37912) DBB: write, last tick
(37918) DBB: write request from dla, addr 80101340 id 0
(37918) DBB: write data from dla (00000000 00000000...)
(37918) DBB: write, last tick
(37924) DBB: write request from dla, addr 80101340 id 0
(37924) DBB: write data from dla (00000000 00000000...)
(37924) DBB: write, last tick
(37930) DBB: write request from dla, addr 80101340 id 0
(37930) DBB: write data from dla (00000000 00000000...)
(37930) DBB: write, last tick
(37936) DBB: write request from dla, addr 80101340 id 0
(37936) DBB: write data from dla (00000000 00000000...)
(37936) DBB: write, last tick
(37942) DBB: write request from dla, addr 80101340 id 0
(37942) DBB: write data from dla (00000000 00000000...)
(37942) DBB: write, last tick
(37948) DBB: write request from dla, addr 80101340 id 0
(37948) DBB: write data from dla (00000000 00000000...)
(37948) DBB: write, last tick
(37954) DBB: write request from dla, addr 80101340 id 0
(37954) DBB: write data from dla (00000000 00000000...)
(37954) DBB: write, last tick
(37960) DBB: write request from dla, addr 80101340 id 0
(37960) DBB: write data from dla (00000000 00000000...)
(37960) DBB: write, last tick
(37966) DBB: write request from dla, addr 80101340 id 0
(37966) DBB: write data from dla (00000000 00000000...)
(37966) DBB: write, last tick
(37972) DBB: write request from dla, addr 80101340 id 0
(37972) DBB: write data from dla (00000000 00000000...)
(37972) DBB: write, last tick
(37978) DBB: write request from dla, addr 80101340 id 0
(37978) DBB: write data from dla (00000000 00000000...)
(37978) DBB: write, last tick
(37984) DBB: write request from dla, addr 80101340 id 0
(37984) DBB: write data from dla (00000000 00000000...)
(37984) DBB: write, last tick
(37990) DBB: write request from dla, addr 80101340 id 0
(37990) DBB: write data from dla (00000000 00000000...)
(37990) DBB: write, last tick
(37996) DBB: write request from dla, addr 80101340 id 0
(37996) DBB: write data from dla (00000000 00000000...)
(37996) DBB: write, last tick
(38002) DBB: write request from dla, addr 80101340 id 0
(38002) DBB: write data from dla (00000000 00000000...)
(38002) DBB: write, last tick
(38008) DBB: write request from dla, addr 80101340 id 0
(38008) DBB: write data from dla (00000000 00000000...)
(38008) DBB: write, last tick
(38014) DBB: write request from dla, addr 80101340 id 0
(38014) DBB: write data from dla (00000000 00000000...)
(38014) DBB: write, last tick
(38020) DBB: write request from dla, addr 80101340 id 0
(38020) DBB: write data from dla (00000000 00000000...)
(38020) DBB: write, last tick
(38026) DBB: write request from dla, addr 80101340 id 0
(38026) DBB: write data from dla (00000000 00000000...)
(38026) DBB: write, last tick
(38032) DBB: write request from dla, addr 80101340 id 0
(38032) DBB: write data from dla (00000000 00000000...)
(38032) DBB: write, last tick
(38038) DBB: write request from dla, addr 80101340 id 0
(38038) DBB: write data from dla (00000000 00000000...)
(38038) DBB: write, last tick
(38044) DBB: write request from dla, addr 80101340 id 0
(38044) DBB: write data from dla (00000000 00000000...)
(38044) DBB: write, last tick
(38050) DBB: write request from dla, addr 80101340 id 0
(38050) DBB: write data from dla (00000000 00000000...)
(38050) DBB: write, last tick
(38056) DBB: write request from dla, addr 80101340 id 0
(38056) DBB: write data from dla (00000000 00000000...)
(38056) DBB: write, last tick
(38062) DBB: write request from dla, addr 80101340 id 0
(38062) DBB: write data from dla (00000000 00000000...)
(38062) DBB: write, last tick
(38068) DBB: write request from dla, addr 80101340 id 0
(38068) DBB: write data from dla (00000000 00000000...)
(38068) DBB: write, last tick
(38074) DBB: write request from dla, addr 80101340 id 0
(38074) DBB: write data from dla (00000000 00000000...)
(38074) DBB: write, last tick
(38080) DBB: write request from dla, addr 80101340 id 0
(38080) DBB: write data from dla (00000000 00000000...)
(38080) DBB: write, last tick
(38086) DBB: write request from dla, addr 80101340 id 0
(38086) DBB: write data from dla (00000000 00000000...)
(38086) DBB: write, last tick
(38092) DBB: write request from dla, addr 80101340 id 0
(38092) DBB: write data from dla (00000000 00000000...)
(38092) DBB: write, last tick
(38098) DBB: write request from dla, addr 80101340 id 0
(38098) DBB: write data from dla (00000000 00000000...)
(38098) DBB: write, last tick
(38104) DBB: write request from dla, addr 80101340 id 0
(38104) DBB: write data from dla (00000000 00000000...)
(38104) DBB: write, last tick
(38110) DBB: write request from dla, addr 80101340 id 0
(38110) DBB: write data from dla (00000000 00000000...)
(38110) DBB: write, last tick
(38116) DBB: write request from dla, addr 80101340 id 0
(38116) DBB: write data from dla (00000000 00000000...)
(38116) DBB: write, last tick
(38122) DBB: write request from dla, addr 80101340 id 0
(38122) DBB: write data from dla (00000000 00000000...)
(38122) DBB: write, last tick
(38128) DBB: write request from dla, addr 80101340 id 0
(38128) DBB: write data from dla (00000000 00000000...)
(38128) DBB: write, last tick
(38134) DBB: write request from dla, addr 80101340 id 0
(38134) DBB: write data from dla (00000000 00000000...)
(38134) DBB: write, last tick
(38140) DBB: write request from dla, addr 80101340 id 0
(38140) DBB: write data from dla (00000000 00000000...)
(38140) DBB: write, last tick
(38146) DBB: write request from dla, addr 80101340 id 0
(38146) DBB: write data from dla (00000000 00000000...)
(38146) DBB: write, last tick
(38152) DBB: write request from dla, addr 80101340 id 0
(38152) DBB: write data from dla (00000000 00000000...)
(38152) DBB: write, last tick
(38158) DBB: write request from dla, addr 80101340 id 0
(38158) DBB: write data from dla (00000000 00000000...)
(38158) DBB: write, last tick
(38164) DBB: write request from dla, addr 80101340 id 0
(38164) DBB: write data from dla (00000000 00000000...)
(38164) DBB: write, last tick
(38170) DBB: write request from dla, addr 80101340 id 0
(38170) DBB: write data from dla (00000000 00000000...)
(38170) DBB: write, last tick
(38176) DBB: write request from dla, addr 80101340 id 0
(38176) DBB: write data from dla (00000000 00000000...)
(38176) DBB: write, last tick
(38182) DBB: write request from dla, addr 80101340 id 0
(38182) DBB: write data from dla (00000000 00000000...)
(38182) DBB: write, last tick
(38188) DBB: write request from dla, addr 80101340 id 0
(38188) DBB: write data from dla (00000000 00000000...)
(38188) DBB: write, last tick
(38194) DBB: write request from dla, addr 80101340 id 0
(38194) DBB: write data from dla (00000000 00000000...)
(38194) DBB: write, last tick
(38200) DBB: write request from dla, addr 80101340 id 0
(38200) DBB: write data from dla (00000000 00000000...)
(38200) DBB: write, last tick
(38206) DBB: write request from dla, addr 80101340 id 0
(38206) DBB: write data from dla (00000000 00000000...)
(38206) DBB: write, last tick
(38212) DBB: write request from dla, addr 80101340 id 0
(38212) DBB: write data from dla (00000000 00000000...)
(38212) DBB: write, last tick
(38218) DBB: write request from dla, addr 80101340 id 0
(38218) DBB: write data from dla (00000000 00000000...)
(38218) DBB: write, last tick
(38224) DBB: write request from dla, addr 80101380 id 0
(38224) DBB: write data from dla (00000032 00000000...)
(38224) DBB: write, last tick
(38230) DBB: write request from dla, addr 80101380 id 0
(38230) DBB: write data from dla (00003000 00000000...)
(38230) DBB: write, last tick
(38236) DBB: write request from dla, addr 80101380 id 0
(38236) DBB: write data from dla (00320000 00000000...)
(38236) DBB: write, last tick
(38242) DBB: write request from dla, addr 80101380 id 0
(38242) DBB: write data from dla (31000000 00000000...)
(38242) DBB: write, last tick
(38248) DBB: write request from dla, addr 80101380 id 0
(38248) DBB: write data from dla (00000000 00000032...)
(38248) DBB: write, last tick
(38254) DBB: write request from dla, addr 80101380 id 0
(38254) DBB: write data from dla (00000000 00003200...)
(38254) DBB: write, last tick
(38260) DBB: write request from dla, addr 80101380 id 0
(38260) DBB: write data from dla (00000000 00320000...)
(38260) DBB: write, last tick
(38266) DBB: write request from dla, addr 80101380 id 0
(38266) DBB: write data from dla (00000000 33000000...)
(38266) DBB: write, last tick
(38272) DBB: write request from dla, addr 80101380 id 0
(38272) DBB: write data from dla (00000000 00000000...)
(38272) DBB: write, last tick
(38278) DBB: write request from dla, addr 80101380 id 0
(38278) DBB: write data from dla (00000000 00000000...)
(38278) DBB: write, last tick
(38284) DBB: write request from dla, addr 80101380 id 0
(38284) DBB: write data from dla (00000000 00000000...)
(38284) DBB: write, last tick
(38290) DBB: write request from dla, addr 80101380 id 0
(38290) DBB: write data from dla (00000000 00000000...)
(38290) DBB: write, last tick
(38296) DBB: write request from dla, addr 80101380 id 0
(38296) DBB: write data from dla (00000000 00000000...)
(38296) DBB: write, last tick
(38302) DBB: write request from dla, addr 80101380 id 0
(38302) DBB: write data from dla (00000000 00000000...)
(38302) DBB: write, last tick
(38308) DBB: write request from dla, addr 80101380 id 0
(38308) DBB: write data from dla (00000000 00000000...)
(38308) DBB: write, last tick
(38314) DBB: write request from dla, addr 80101380 id 0
(38314) DBB: write data from dla (00000000 00000000...)
(38314) DBB: write, last tick
(38320) DBB: write request from dla, addr 80101380 id 0
(38320) DBB: write data from dla (00000000 00000000...)
(38320) DBB: write, last tick
(38326) DBB: write request from dla, addr 80101380 id 0
(38326) DBB: write data from dla (00000000 00000000...)
(38326) DBB: write, last tick
(38332) DBB: write request from dla, addr 80101380 id 0
(38332) DBB: write data from dla (00000000 00000000...)
(38332) DBB: write, last tick
(38338) DBB: write request from dla, addr 80101380 id 0
(38338) DBB: write data from dla (00000000 00000000...)
(38338) DBB: write, last tick
(38344) DBB: write request from dla, addr 80101380 id 0
(38344) DBB: write data from dla (00000000 00000000...)
(38344) DBB: write, last tick
(38350) DBB: write request from dla, addr 80101380 id 0
(38350) DBB: write data from dla (00000000 00000000...)
(38350) DBB: write, last tick
(38356) DBB: write request from dla, addr 80101380 id 0
(38356) DBB: write data from dla (00000000 00000000...)
(38356) DBB: write, last tick
(38362) DBB: write request from dla, addr 80101380 id 0
(38362) DBB: write data from dla (00000000 00000000...)
(38362) DBB: write, last tick
(38368) DBB: write request from dla, addr 80101380 id 0
(38368) DBB: write data from dla (00000000 00000000...)
(38368) DBB: write, last tick
(38374) DBB: write request from dla, addr 80101380 id 0
(38374) DBB: write data from dla (00000000 00000000...)
(38374) DBB: write, last tick
(38380) DBB: write request from dla, addr 80101380 id 0
(38380) DBB: write data from dla (00000000 00000000...)
(38380) DBB: write, last tick
(38386) DBB: write request from dla, addr 80101380 id 0
(38386) DBB: write data from dla (00000000 00000000...)
(38386) DBB: write, last tick
(38392) DBB: write request from dla, addr 80101380 id 0
(38392) DBB: write data from dla (00000000 00000000...)
(38392) DBB: write, last tick
(38398) DBB: write request from dla, addr 80101380 id 0
(38398) DBB: write data from dla (00000000 00000000...)
(38398) DBB: write, last tick
(38404) DBB: write request from dla, addr 80101380 id 0
(38404) DBB: write data from dla (00000000 00000000...)
(38404) DBB: write, last tick
(38410) DBB: write request from dla, addr 80101380 id 0
(38410) DBB: write data from dla (00000000 00000000...)
(38410) DBB: write, last tick
(38416) DBB: write request from dla, addr 80101380 id 0
(38416) DBB: write data from dla (00000000 00000000...)
(38416) DBB: write, last tick
(38422) DBB: write request from dla, addr 80101380 id 0
(38422) DBB: write data from dla (00000000 00000000...)
(38422) DBB: write, last tick
(38428) DBB: write request from dla, addr 80101380 id 0
(38428) DBB: write data from dla (00000000 00000000...)
(38428) DBB: write, last tick
(38434) DBB: write request from dla, addr 80101380 id 0
(38434) DBB: write data from dla (00000000 00000000...)
(38434) DBB: write, last tick
(38440) DBB: write request from dla, addr 80101380 id 0
(38440) DBB: write data from dla (00000000 00000000...)
(38440) DBB: write, last tick
(38446) DBB: write request from dla, addr 80101380 id 0
(38446) DBB: write data from dla (00000000 00000000...)
(38446) DBB: write, last tick
(38452) DBB: write request from dla, addr 80101380 id 0
(38452) DBB: write data from dla (00000000 00000000...)
(38452) DBB: write, last tick
(38458) DBB: write request from dla, addr 80101380 id 0
(38458) DBB: write data from dla (00000000 00000000...)
(38458) DBB: write, last tick
(38464) DBB: write request from dla, addr 80101380 id 0
(38464) DBB: write data from dla (00000000 00000000...)
(38464) DBB: write, last tick
(38470) DBB: write request from dla, addr 80101380 id 0
(38470) DBB: write data from dla (00000000 00000000...)
(38470) DBB: write, last tick
(38476) DBB: write request from dla, addr 80101380 id 0
(38476) DBB: write data from dla (00000000 00000000...)
(38476) DBB: write, last tick
(38482) DBB: write request from dla, addr 80101380 id 0
(38482) DBB: write data from dla (00000000 00000000...)
(38482) DBB: write, last tick
(38488) DBB: write request from dla, addr 80101380 id 0
(38488) DBB: write data from dla (00000000 00000000...)
(38488) DBB: write, last tick
(38494) DBB: write request from dla, addr 80101380 id 0
(38494) DBB: write data from dla (00000000 00000000...)
(38494) DBB: write, last tick
(38500) DBB: write request from dla, addr 80101380 id 0
(38500) DBB: write data from dla (00000000 00000000...)
(38500) DBB: write, last tick
(38506) DBB: write request from dla, addr 80101380 id 0
(38506) DBB: write data from dla (00000000 00000000...)
(38506) DBB: write, last tick
(38512) DBB: write request from dla, addr 80101380 id 0
(38512) DBB: write data from dla (00000000 00000000...)
(38512) DBB: write, last tick
(38518) DBB: write request from dla, addr 80101380 id 0
(38518) DBB: write data from dla (00000000 00000000...)
(38518) DBB: write, last tick
(38524) DBB: write request from dla, addr 80101380 id 0
(38524) DBB: write data from dla (00000000 00000000...)
(38524) DBB: write, last tick
(38530) DBB: write request from dla, addr 80101380 id 0
(38530) DBB: write data from dla (00000000 00000000...)
(38530) DBB: write, last tick
(38536) DBB: write request from dla, addr 80101380 id 0
(38536) DBB: write data from dla (00000000 00000000...)
(38536) DBB: write, last tick
(38542) DBB: write request from dla, addr 80101380 id 0
(38542) DBB: write data from dla (00000000 00000000...)
(38542) DBB: write, last tick
(38548) DBB: write request from dla, addr 80101380 id 0
(38548) DBB: write data from dla (00000000 00000000...)
(38548) DBB: write, last tick
(38554) DBB: write request from dla, addr 80101380 id 0
(38554) DBB: write data from dla (00000000 00000000...)
(38554) DBB: write, last tick
(38560) DBB: write request from dla, addr 80101380 id 0
(38560) DBB: write data from dla (00000000 00000000...)
(38560) DBB: write, last tick
(38566) DBB: write request from dla, addr 80101380 id 0
(38566) DBB: write data from dla (00000000 00000000...)
(38566) DBB: write, last tick
(38572) DBB: write request from dla, addr 80101380 id 0
(38572) DBB: write data from dla (00000000 00000000...)
(38572) DBB: write, last tick
(38578) DBB: write request from dla, addr 80101380 id 0
(38578) DBB: write data from dla (00000000 00000000...)
(38578) DBB: write, last tick
(38584) DBB: write request from dla, addr 80101380 id 0
(38584) DBB: write data from dla (00000000 00000000...)
(38584) DBB: write, last tick
(38590) DBB: write request from dla, addr 80101380 id 0
(38590) DBB: write data from dla (00000000 00000000...)
(38590) DBB: write, last tick
(38596) DBB: write request from dla, addr 80101380 id 0
(38596) DBB: write data from dla (00000000 00000000...)
(38596) DBB: write, last tick
(38602) DBB: write request from dla, addr 80101380 id 0
(38602) DBB: write data from dla (00000000 00000000...)
(38602) DBB: write, last tick
(38608) DBB: write request from dla, addr 801013c0 id 0
(38608) DBB: write data from dla (00000052 00000000...)
(38608) DBB: write, last tick
(38614) DBB: write request from dla, addr 801013c0 id 0
(38614) DBB: write data from dla (00003000 00000000...)
(38614) DBB: write, last tick
(38620) DBB: write request from dla, addr 801013c0 id 0
(38620) DBB: write data from dla (00520000 00000000...)
(38620) DBB: write, last tick
(38626) DBB: write request from dla, addr 801013c0 id 0
(38626) DBB: write data from dla (31000000 00000000...)
(38626) DBB: write, last tick
(38632) DBB: write request from dla, addr 801013c0 id 0
(38632) DBB: write data from dla (00000000 00000052...)
(38632) DBB: write, last tick
(38638) DBB: write request from dla, addr 801013c0 id 0
(38638) DBB: write data from dla (00000000 00003200...)
(38638) DBB: write, last tick
(38644) DBB: write request from dla, addr 801013c0 id 0
(38644) DBB: write data from dla (00000000 00520000...)
(38644) DBB: write, last tick
(38650) DBB: write request from dla, addr 801013c0 id 0
(38650) DBB: write data from dla (00000000 33000000...)
(38650) DBB: write, last tick
(38656) DBB: write request from dla, addr 801013c0 id 0
(38656) DBB: write data from dla (00000000 00000000...)
(38656) DBB: write, last tick
(38662) DBB: write request from dla, addr 801013c0 id 0
(38662) DBB: write data from dla (00000000 00000000...)
(38662) DBB: write, last tick
(38668) DBB: write request from dla, addr 801013c0 id 0
(38668) DBB: write data from dla (00000000 00000000...)
(38668) DBB: write, last tick
(38674) DBB: write request from dla, addr 801013c0 id 0
(38674) DBB: write data from dla (00000000 00000000...)
(38674) DBB: write, last tick
(38680) DBB: write request from dla, addr 801013c0 id 0
(38680) DBB: write data from dla (00000000 00000000...)
(38680) DBB: write, last tick
(38686) DBB: write request from dla, addr 801013c0 id 0
(38686) DBB: write data from dla (00000000 00000000...)
(38686) DBB: write, last tick
(38692) DBB: write request from dla, addr 801013c0 id 0
(38692) DBB: write data from dla (00000000 00000000...)
(38692) DBB: write, last tick
(38698) DBB: write request from dla, addr 801013c0 id 0
(38698) DBB: write data from dla (00000000 00000000...)
(38698) DBB: write, last tick
(38704) DBB: write request from dla, addr 801013c0 id 0
(38704) DBB: write data from dla (00000000 00000000...)
(38704) DBB: write, last tick
(38710) DBB: write request from dla, addr 801013c0 id 0
(38710) DBB: write data from dla (00000000 00000000...)
(38710) DBB: write, last tick
(38716) DBB: write request from dla, addr 801013c0 id 0
(38716) DBB: write data from dla (00000000 00000000...)
(38716) DBB: write, last tick
(38722) DBB: write request from dla, addr 801013c0 id 0
(38722) DBB: write data from dla (00000000 00000000...)
(38722) DBB: write, last tick
(38728) DBB: write request from dla, addr 801013c0 id 0
(38728) DBB: write data from dla (00000000 00000000...)
(38728) DBB: write, last tick
(38734) DBB: write request from dla, addr 801013c0 id 0
(38734) DBB: write data from dla (00000000 00000000...)
(38734) DBB: write, last tick
(38740) DBB: write request from dla, addr 801013c0 id 0
(38740) DBB: write data from dla (00000000 00000000...)
(38740) DBB: write, last tick
(38746) DBB: write request from dla, addr 801013c0 id 0
(38746) DBB: write data from dla (00000000 00000000...)
(38746) DBB: write, last tick
(38752) DBB: write request from dla, addr 801013c0 id 0
(38752) DBB: write data from dla (00000000 00000000...)
(38752) DBB: write, last tick
(38758) DBB: write request from dla, addr 801013c0 id 0
(38758) DBB: write data from dla (00000000 00000000...)
(38758) DBB: write, last tick
(38764) DBB: write request from dla, addr 801013c0 id 0
(38764) DBB: write data from dla (00000000 00000000...)
(38764) DBB: write, last tick
(38770) DBB: write request from dla, addr 801013c0 id 0
(38770) DBB: write data from dla (00000000 00000000...)
(38770) DBB: write, last tick
(38776) DBB: write request from dla, addr 801013c0 id 0
(38776) DBB: write data from dla (00000000 00000000...)
(38776) DBB: write, last tick
(38782) DBB: write request from dla, addr 801013c0 id 0
(38782) DBB: write data from dla (00000000 00000000...)
(38782) DBB: write, last tick
(38788) DBB: write request from dla, addr 801013c0 id 0
(38788) DBB: write data from dla (00000000 00000000...)
(38788) DBB: write, last tick
(38794) DBB: write request from dla, addr 801013c0 id 0
(38794) DBB: write data from dla (00000000 00000000...)
(38794) DBB: write, last tick
(38800) DBB: write request from dla, addr 801013c0 id 0
(38800) DBB: write data from dla (00000000 00000000...)
(38800) DBB: write, last tick
(38806) DBB: write request from dla, addr 801013c0 id 0
(38806) DBB: write data from dla (00000000 00000000...)
(38806) DBB: write, last tick
(38812) DBB: write request from dla, addr 801013c0 id 0
(38812) DBB: write data from dla (00000000 00000000...)
(38812) DBB: write, last tick
(38818) DBB: write request from dla, addr 801013c0 id 0
(38818) DBB: write data from dla (00000000 00000000...)
(38818) DBB: write, last tick
(38824) DBB: write request from dla, addr 801013c0 id 0
(38824) DBB: write data from dla (00000000 00000000...)
(38824) DBB: write, last tick
(38830) DBB: write request from dla, addr 801013c0 id 0
(38830) DBB: write data from dla (00000000 00000000...)
(38830) DBB: write, last tick
(38836) DBB: write request from dla, addr 801013c0 id 0
(38836) DBB: write data from dla (00000000 00000000...)
(38836) DBB: write, last tick
(38842) DBB: write request from dla, addr 801013c0 id 0
(38842) DBB: write data from dla (00000000 00000000...)
(38842) DBB: write, last tick
(38848) DBB: write request from dla, addr 801013c0 id 0
(38848) DBB: write data from dla (00000000 00000000...)
(38848) DBB: write, last tick
(38854) DBB: write request from dla, addr 801013c0 id 0
(38854) DBB: write data from dla (00000000 00000000...)
(38854) DBB: write, last tick
(38860) DBB: write request from dla, addr 801013c0 id 0
(38860) DBB: write data from dla (00000000 00000000...)
(38860) DBB: write, last tick
(38866) DBB: write request from dla, addr 801013c0 id 0
(38866) DBB: write data from dla (00000000 00000000...)
(38866) DBB: write, last tick
(38872) DBB: write request from dla, addr 801013c0 id 0
(38872) DBB: write data from dla (00000000 00000000...)
(38872) DBB: write, last tick
(38878) DBB: write request from dla, addr 801013c0 id 0
(38878) DBB: write data from dla (00000000 00000000...)
(38878) DBB: write, last tick
(38884) DBB: write request from dla, addr 801013c0 id 0
(38884) DBB: write data from dla (00000000 00000000...)
(38884) DBB: write, last tick
(38890) DBB: write request from dla, addr 801013c0 id 0
(38890) DBB: write data from dla (00000000 00000000...)
(38890) DBB: write, last tick
(38896) DBB: write request from dla, addr 801013c0 id 0
(38896) DBB: write data from dla (00000000 00000000...)
(38896) DBB: write, last tick
(38902) DBB: write request from dla, addr 801013c0 id 0
(38902) DBB: write data from dla (00000000 00000000...)
(38902) DBB: write, last tick
(38908) DBB: write request from dla, addr 801013c0 id 0
(38908) DBB: write data from dla (00000000 00000000...)
(38908) DBB: write, last tick
(38914) DBB: write request from dla, addr 801013c0 id 0
(38914) DBB: write data from dla (00000000 00000000...)
(38914) DBB: write, last tick
(38920) DBB: write request from dla, addr 801013c0 id 0
(38920) DBB: write data from dla (00000000 00000000...)
(38920) DBB: write, last tick
(38926) DBB: write request from dla, addr 801013c0 id 0
(38926) DBB: write data from dla (00000000 00000000...)
(38926) DBB: write, last tick
(38932) DBB: write request from dla, addr 801013c0 id 0
(38932) DBB: write data from dla (00000000 00000000...)
(38932) DBB: write, last tick
(38938) DBB: write request from dla, addr 801013c0 id 0
(38938) DBB: write data from dla (00000000 00000000...)
(38938) DBB: write, last tick
(38944) DBB: write request from dla, addr 801013c0 id 0
(38944) DBB: write data from dla (00000000 00000000...)
(38944) DBB: write, last tick
(38950) DBB: write request from dla, addr 801013c0 id 0
(38950) DBB: write data from dla (00000000 00000000...)
(38950) DBB: write, last tick
(38956) DBB: write request from dla, addr 801013c0 id 0
(38956) DBB: write data from dla (00000000 00000000...)
(38956) DBB: write, last tick
(38962) DBB: write request from dla, addr 801013c0 id 0
(38962) DBB: write data from dla (00000000 00000000...)
(38962) DBB: write, last tick
(38968) DBB: write request from dla, addr 801013c0 id 0
(38968) DBB: write data from dla (00000000 00000000...)
(38968) DBB: write, last tick
(38974) DBB: write request from dla, addr 801013c0 id 0
(38974) DBB: write data from dla (00000000 00000000...)
(38974) DBB: write, last tick
(38980) DBB: write request from dla, addr 801013c0 id 0
(38980) DBB: write data from dla (00000000 00000000...)
(38980) DBB: write, last tick
(38986) DBB: write request from dla, addr 801013c0 id 0
(38986) DBB: write data from dla (00000000 00000000...)
(38986) DBB: write, last tick
(38992) DBB: write request from dla, addr 80101400 id 0
(38992) DBB: write data from dla (00000062 00000000...)
(38992) DBB: write, last tick
(38998) DBB: write request from dla, addr 80101400 id 0
(38998) DBB: write data from dla (00003000 00000000...)
(38998) DBB: write, last tick
(39004) DBB: write request from dla, addr 80101400 id 0
(39004) DBB: write data from dla (00620000 00000000...)
(39004) DBB: write, last tick
(39010) DBB: write request from dla, addr 80101400 id 0
(39010) DBB: write data from dla (31000000 00000000...)
(39010) DBB: write, last tick
(39016) DBB: write request from dla, addr 80101400 id 0
(39016) DBB: write data from dla (00000000 00000062...)
(39016) DBB: write, last tick
(39022) DBB: write request from dla, addr 80101400 id 0
(39022) DBB: write data from dla (00000000 00003200...)
(39022) DBB: write, last tick
(39028) DBB: write request from dla, addr 80101400 id 0
(39028) DBB: write data from dla (00000000 00620000...)
(39028) DBB: write, last tick
(39034) DBB: write request from dla, addr 80101400 id 0
(39034) DBB: write data from dla (00000000 33000000...)
(39034) DBB: write, last tick
(39040) DBB: write request from dla, addr 80101400 id 0
(39040) DBB: write data from dla (00000000 00000000...)
(39040) DBB: write, last tick
(39046) DBB: write request from dla, addr 80101400 id 0
(39046) DBB: write data from dla (00000000 00000000...)
(39046) DBB: write, last tick
(39052) DBB: write request from dla, addr 80101400 id 0
(39052) DBB: write data from dla (00000000 00000000...)
(39052) DBB: write, last tick
(39058) DBB: write request from dla, addr 80101400 id 0
(39058) DBB: write data from dla (00000000 00000000...)
(39058) DBB: write, last tick
(39064) DBB: write request from dla, addr 80101400 id 0
(39064) DBB: write data from dla (00000000 00000000...)
(39064) DBB: write, last tick
(39070) DBB: write request from dla, addr 80101400 id 0
(39070) DBB: write data from dla (00000000 00000000...)
(39070) DBB: write, last tick
(39076) DBB: write request from dla, addr 80101400 id 0
(39076) DBB: write data from dla (00000000 00000000...)
(39076) DBB: write, last tick
(39082) DBB: write request from dla, addr 80101400 id 0
(39082) DBB: write data from dla (00000000 00000000...)
(39082) DBB: write, last tick
(39088) DBB: write request from dla, addr 80101400 id 0
(39088) DBB: write data from dla (00000000 00000000...)
(39088) DBB: write, last tick
(39094) DBB: write request from dla, addr 80101400 id 0
(39094) DBB: write data from dla (00000000 00000000...)
(39094) DBB: write, last tick
(39100) DBB: write request from dla, addr 80101400 id 0
(39100) DBB: write data from dla (00000000 00000000...)
(39100) DBB: write, last tick
(39106) DBB: write request from dla, addr 80101400 id 0
(39106) DBB: write data from dla (00000000 00000000...)
(39106) DBB: write, last tick
(39112) DBB: write request from dla, addr 80101400 id 0
(39112) DBB: write data from dla (00000000 00000000...)
(39112) DBB: write, last tick
(39118) DBB: write request from dla, addr 80101400 id 0
(39118) DBB: write data from dla (00000000 00000000...)
(39118) DBB: write, last tick
(39124) DBB: write request from dla, addr 80101400 id 0
(39124) DBB: write data from dla (00000000 00000000...)
(39124) DBB: write, last tick
(39130) DBB: write request from dla, addr 80101400 id 0
(39130) DBB: write data from dla (00000000 00000000...)
(39130) DBB: write, last tick
(39136) DBB: write request from dla, addr 80101400 id 0
(39136) DBB: write data from dla (00000000 00000000...)
(39136) DBB: write, last tick
(39142) DBB: write request from dla, addr 80101400 id 0
(39142) DBB: write data from dla (00000000 00000000...)
(39142) DBB: write, last tick
(39148) DBB: write request from dla, addr 80101400 id 0
(39148) DBB: write data from dla (00000000 00000000...)
(39148) DBB: write, last tick
(39154) DBB: write request from dla, addr 80101400 id 0
(39154) DBB: write data from dla (00000000 00000000...)
(39154) DBB: write, last tick
(39160) DBB: write request from dla, addr 80101400 id 0
(39160) DBB: write data from dla (00000000 00000000...)
(39160) DBB: write, last tick
(39166) DBB: write request from dla, addr 80101400 id 0
(39166) DBB: write data from dla (00000000 00000000...)
(39166) DBB: write, last tick
(39172) DBB: write request from dla, addr 80101400 id 0
(39172) DBB: write data from dla (00000000 00000000...)
(39172) DBB: write, last tick
(39178) DBB: write request from dla, addr 80101400 id 0
(39178) DBB: write data from dla (00000000 00000000...)
(39178) DBB: write, last tick
(39184) DBB: write request from dla, addr 80101400 id 0
(39184) DBB: write data from dla (00000000 00000000...)
(39184) DBB: write, last tick
(39190) DBB: write request from dla, addr 80101400 id 0
(39190) DBB: write data from dla (00000000 00000000...)
(39190) DBB: write, last tick
(39196) DBB: write request from dla, addr 80101400 id 0
(39196) DBB: write data from dla (00000000 00000000...)
(39196) DBB: write, last tick
(39202) DBB: write request from dla, addr 80101400 id 0
(39202) DBB: write data from dla (00000000 00000000...)
(39202) DBB: write, last tick
(39208) DBB: write request from dla, addr 80101400 id 0
(39208) DBB: write data from dla (00000000 00000000...)
(39208) DBB: write, last tick
(39214) DBB: write request from dla, addr 80101400 id 0
(39214) DBB: write data from dla (00000000 00000000...)
(39214) DBB: write, last tick
(39220) DBB: write request from dla, addr 80101400 id 0
(39220) DBB: write data from dla (00000000 00000000...)
(39220) DBB: write, last tick
(39226) DBB: write request from dla, addr 80101400 id 0
(39226) DBB: write data from dla (00000000 00000000...)
(39226) DBB: write, last tick
(39232) DBB: write request from dla, addr 80101400 id 0
(39232) DBB: write data from dla (00000000 00000000...)
(39232) DBB: write, last tick
(39238) DBB: write request from dla, addr 80101400 id 0
(39238) DBB: write data from dla (00000000 00000000...)
(39238) DBB: write, last tick
(39244) DBB: write request from dla, addr 80101400 id 0
(39244) DBB: write data from dla (00000000 00000000...)
(39244) DBB: write, last tick
(39250) DBB: write request from dla, addr 80101400 id 0
(39250) DBB: write data from dla (00000000 00000000...)
(39250) DBB: write, last tick
(39256) DBB: write request from dla, addr 80101400 id 0
(39256) DBB: write data from dla (00000000 00000000...)
(39256) DBB: write, last tick
(39262) DBB: write request from dla, addr 80101400 id 0
(39262) DBB: write data from dla (00000000 00000000...)
(39262) DBB: write, last tick
(39268) DBB: write request from dla, addr 80101400 id 0
(39268) DBB: write data from dla (00000000 00000000...)
(39268) DBB: write, last tick
(39274) DBB: write request from dla, addr 80101400 id 0
(39274) DBB: write data from dla (00000000 00000000...)
(39274) DBB: write, last tick
(39280) DBB: write request from dla, addr 80101400 id 0
(39280) DBB: write data from dla (00000000 00000000...)
(39280) DBB: write, last tick
(39286) DBB: write request from dla, addr 80101400 id 0
(39286) DBB: write data from dla (00000000 00000000...)
(39286) DBB: write, last tick
(39292) DBB: write request from dla, addr 80101400 id 0
(39292) DBB: write data from dla (00000000 00000000...)
(39292) DBB: write, last tick
(39298) DBB: write request from dla, addr 80101400 id 0
(39298) DBB: write data from dla (00000000 00000000...)
(39298) DBB: write, last tick
(39304) DBB: write request from dla, addr 80101400 id 0
(39304) DBB: write data from dla (00000000 00000000...)
(39304) DBB: write, last tick
(39310) DBB: write request from dla, addr 80101400 id 0
(39310) DBB: write data from dla (00000000 00000000...)
(39310) DBB: write, last tick
(39316) DBB: write request from dla, addr 80101400 id 0
(39316) DBB: write data from dla (00000000 00000000...)
(39316) DBB: write, last tick
(39322) DBB: write request from dla, addr 80101400 id 0
(39322) DBB: write data from dla (00000000 00000000...)
(39322) DBB: write, last tick
(39328) DBB: write request from dla, addr 80101400 id 0
(39328) DBB: write data from dla (00000000 00000000...)
(39328) DBB: write, last tick
(39334) DBB: write request from dla, addr 80101400 id 0
(39334) DBB: write data from dla (00000000 00000000...)
(39334) DBB: write, last tick
(39340) DBB: write request from dla, addr 80101400 id 0
(39340) DBB: write data from dla (00000000 00000000...)
(39340) DBB: write, last tick
(39346) DBB: write request from dla, addr 80101400 id 0
(39346) DBB: write data from dla (00000000 00000000...)
(39346) DBB: write, last tick
(39352) DBB: write request from dla, addr 80101400 id 0
(39352) DBB: write data from dla (00000000 00000000...)
(39352) DBB: write, last tick
(39358) DBB: write request from dla, addr 80101400 id 0
(39358) DBB: write data from dla (00000000 00000000...)
(39358) DBB: write, last tick
(39364) DBB: write request from dla, addr 80101400 id 0
(39364) DBB: write data from dla (00000000 00000000...)
(39364) DBB: write, last tick
(39370) DBB: write request from dla, addr 80101400 id 0
(39370) DBB: write data from dla (00000000 00000000...)
(39370) DBB: write, last tick
(39376) DBB: write request from dla, addr 80101440 id 0
(39376) DBB: write data from dla (00000023 00000000...)
(39376) DBB: write, last tick
(39382) DBB: write request from dla, addr 80101440 id 0
(39382) DBB: write data from dla (00003000 00000000...)
(39382) DBB: write, last tick
(39388) DBB: write request from dla, addr 80101440 id 0
(39388) DBB: write data from dla (00230000 00000000...)
(39388) DBB: write, last tick
(39394) DBB: write request from dla, addr 80101440 id 0
(39394) DBB: write data from dla (31000000 00000000...)
(39394) DBB: write, last tick
(39400) DBB: write request from dla, addr 80101440 id 0
(39400) DBB: write data from dla (00000000 00000023...)
(39400) DBB: write, last tick
(39406) DBB: write request from dla, addr 80101440 id 0
(39406) DBB: write data from dla (00000000 00003200...)
(39406) DBB: write, last tick
(39412) DBB: write request from dla, addr 80101440 id 0
(39412) DBB: write data from dla (00000000 00230000...)
(39412) DBB: write, last tick
(39418) DBB: write request from dla, addr 80101440 id 0
(39418) DBB: write data from dla (00000000 33000000...)
(39418) DBB: write, last tick
(39424) DBB: write request from dla, addr 80101440 id 0
(39424) DBB: write data from dla (00000000 00000000...)
(39424) DBB: write, last tick
(39430) DBB: write request from dla, addr 80101440 id 0
(39430) DBB: write data from dla (00000000 00000000...)
(39430) DBB: write, last tick
(39436) DBB: write request from dla, addr 80101440 id 0
(39436) DBB: write data from dla (00000000 00000000...)
(39436) DBB: write, last tick
(39442) DBB: write request from dla, addr 80101440 id 0
(39442) DBB: write data from dla (00000000 00000000...)
(39442) DBB: write, last tick
(39448) DBB: write request from dla, addr 80101440 id 0
(39448) DBB: write data from dla (00000000 00000000...)
(39448) DBB: write, last tick
(39454) DBB: write request from dla, addr 80101440 id 0
(39454) DBB: write data from dla (00000000 00000000...)
(39454) DBB: write, last tick
(39460) DBB: write request from dla, addr 80101440 id 0
(39460) DBB: write data from dla (00000000 00000000...)
(39460) DBB: write, last tick
(39466) DBB: write request from dla, addr 80101440 id 0
(39466) DBB: write data from dla (00000000 00000000...)
(39466) DBB: write, last tick
(39472) DBB: write request from dla, addr 80101440 id 0
(39472) DBB: write data from dla (00000000 00000000...)
(39472) DBB: write, last tick
(39478) DBB: write request from dla, addr 80101440 id 0
(39478) DBB: write data from dla (00000000 00000000...)
(39478) DBB: write, last tick
(39484) DBB: write request from dla, addr 80101440 id 0
(39484) DBB: write data from dla (00000000 00000000...)
(39484) DBB: write, last tick
(39490) DBB: write request from dla, addr 80101440 id 0
(39490) DBB: write data from dla (00000000 00000000...)
(39490) DBB: write, last tick
(39496) DBB: write request from dla, addr 80101440 id 0
(39496) DBB: write data from dla (00000000 00000000...)
(39496) DBB: write, last tick
(39502) DBB: write request from dla, addr 80101440 id 0
(39502) DBB: write data from dla (00000000 00000000...)
(39502) DBB: write, last tick
(39508) DBB: write request from dla, addr 80101440 id 0
(39508) DBB: write data from dla (00000000 00000000...)
(39508) DBB: write, last tick
(39514) DBB: write request from dla, addr 80101440 id 0
(39514) DBB: write data from dla (00000000 00000000...)
(39514) DBB: write, last tick
(39520) DBB: write request from dla, addr 80101440 id 0
(39520) DBB: write data from dla (00000000 00000000...)
(39520) DBB: write, last tick
(39526) DBB: write request from dla, addr 80101440 id 0
(39526) DBB: write data from dla (00000000 00000000...)
(39526) DBB: write, last tick
(39532) DBB: write request from dla, addr 80101440 id 0
(39532) DBB: write data from dla (00000000 00000000...)
(39532) DBB: write, last tick
(39538) DBB: write request from dla, addr 80101440 id 0
(39538) DBB: write data from dla (00000000 00000000...)
(39538) DBB: write, last tick
(39544) DBB: write request from dla, addr 80101440 id 0
(39544) DBB: write data from dla (00000000 00000000...)
(39544) DBB: write, last tick
(39550) DBB: write request from dla, addr 80101440 id 0
(39550) DBB: write data from dla (00000000 00000000...)
(39550) DBB: write, last tick
(39556) DBB: write request from dla, addr 80101440 id 0
(39556) DBB: write data from dla (00000000 00000000...)
(39556) DBB: write, last tick
(39562) DBB: write request from dla, addr 80101440 id 0
(39562) DBB: write data from dla (00000000 00000000...)
(39562) DBB: write, last tick
(39568) DBB: write request from dla, addr 80101440 id 0
(39568) DBB: write data from dla (00000000 00000000...)
(39568) DBB: write, last tick
(39574) DBB: write request from dla, addr 80101440 id 0
(39574) DBB: write data from dla (00000000 00000000...)
(39574) DBB: write, last tick
(39580) DBB: write request from dla, addr 80101440 id 0
(39580) DBB: write data from dla (00000000 00000000...)
(39580) DBB: write, last tick
(39586) DBB: write request from dla, addr 80101440 id 0
(39586) DBB: write data from dla (00000000 00000000...)
(39586) DBB: write, last tick
(39592) DBB: write request from dla, addr 80101440 id 0
(39592) DBB: write data from dla (00000000 00000000...)
(39592) DBB: write, last tick
(39598) DBB: write request from dla, addr 80101440 id 0
(39598) DBB: write data from dla (00000000 00000000...)
(39598) DBB: write, last tick
(39604) DBB: write request from dla, addr 80101440 id 0
(39604) DBB: write data from dla (00000000 00000000...)
(39604) DBB: write, last tick
(39610) DBB: write request from dla, addr 80101440 id 0
(39610) DBB: write data from dla (00000000 00000000...)
(39610) DBB: write, last tick
(39616) DBB: write request from dla, addr 80101440 id 0
(39616) DBB: write data from dla (00000000 00000000...)
(39616) DBB: write, last tick
(39622) DBB: write request from dla, addr 80101440 id 0
(39622) DBB: write data from dla (00000000 00000000...)
(39622) DBB: write, last tick
(39628) DBB: write request from dla, addr 80101440 id 0
(39628) DBB: write data from dla (00000000 00000000...)
(39628) DBB: write, last tick
(39634) DBB: write request from dla, addr 80101440 id 0
(39634) DBB: write data from dla (00000000 00000000...)
(39634) DBB: write, last tick
(39640) DBB: write request from dla, addr 80101440 id 0
(39640) DBB: write data from dla (00000000 00000000...)
(39640) DBB: write, last tick
(39646) DBB: write request from dla, addr 80101440 id 0
(39646) DBB: write data from dla (00000000 00000000...)
(39646) DBB: write, last tick
(39652) DBB: write request from dla, addr 80101440 id 0
(39652) DBB: write data from dla (00000000 00000000...)
(39652) DBB: write, last tick
(39658) DBB: write request from dla, addr 80101440 id 0
(39658) DBB: write data from dla (00000000 00000000...)
(39658) DBB: write, last tick
(39664) DBB: write request from dla, addr 80101440 id 0
(39664) DBB: write data from dla (00000000 00000000...)
(39664) DBB: write, last tick
(39670) DBB: write request from dla, addr 80101440 id 0
(39670) DBB: write data from dla (00000000 00000000...)
(39670) DBB: write, last tick
(39676) DBB: write request from dla, addr 80101440 id 0
(39676) DBB: write data from dla (00000000 00000000...)
(39676) DBB: write, last tick
(39682) DBB: write request from dla, addr 80101440 id 0
(39682) DBB: write data from dla (00000000 00000000...)
(39682) DBB: write, last tick
(39688) DBB: write request from dla, addr 80101440 id 0
(39688) DBB: write data from dla (00000000 00000000...)
(39688) DBB: write, last tick
(39694) DBB: write request from dla, addr 80101440 id 0
(39694) DBB: write data from dla (00000000 00000000...)
(39694) DBB: write, last tick
(39700) DBB: write request from dla, addr 80101440 id 0
(39700) DBB: write data from dla (00000000 00000000...)
(39700) DBB: write, last tick
(39706) DBB: write request from dla, addr 80101440 id 0
(39706) DBB: write data from dla (00000000 00000000...)
(39706) DBB: write, last tick
(39712) DBB: write request from dla, addr 80101440 id 0
(39712) DBB: write data from dla (00000000 00000000...)
(39712) DBB: write, last tick
(39718) DBB: write request from dla, addr 80101440 id 0
(39718) DBB: write data from dla (00000000 00000000...)
(39718) DBB: write, last tick
(39724) DBB: write request from dla, addr 80101440 id 0
(39724) DBB: write data from dla (00000000 00000000...)
(39724) DBB: write, last tick
(39730) DBB: write request from dla, addr 80101440 id 0
(39730) DBB: write data from dla (00000000 00000000...)
(39730) DBB: write, last tick
(39736) DBB: write request from dla, addr 80101440 id 0
(39736) DBB: write data from dla (00000000 00000000...)
(39736) DBB: write, last tick
(39742) DBB: write request from dla, addr 80101440 id 0
(39742) DBB: write data from dla (00000000 00000000...)
(39742) DBB: write, last tick
(39748) DBB: write request from dla, addr 80101440 id 0
(39748) DBB: write data from dla (00000000 00000000...)
(39748) DBB: write, last tick
(39754) DBB: write request from dla, addr 80101440 id 0
(39754) DBB: write data from dla (00000000 00000000...)
(39754) DBB: write, last tick
(39760) DBB: write request from dla, addr 80101480 id 0
(39760) DBB: write data from dla (00000043 00000000...)
(39760) DBB: write, last tick
(39766) DBB: write request from dla, addr 80101480 id 0
(39766) DBB: write data from dla (00003000 00000000...)
(39766) DBB: write, last tick
(39772) DBB: write request from dla, addr 80101480 id 0
(39772) DBB: write data from dla (00430000 00000000...)
(39772) DBB: write, last tick
(39778) DBB: write request from dla, addr 80101480 id 0
(39778) DBB: write data from dla (31000000 00000000...)
(39778) DBB: write, last tick
(39784) DBB: write request from dla, addr 80101480 id 0
(39784) DBB: write data from dla (00000000 00000043...)
(39784) DBB: write, last tick
(39790) DBB: write request from dla, addr 80101480 id 0
(39790) DBB: write data from dla (00000000 00003200...)
(39790) DBB: write, last tick
(39796) DBB: write request from dla, addr 80101480 id 0
(39796) DBB: write data from dla (00000000 00430000...)
(39796) DBB: write, last tick
(39802) DBB: write request from dla, addr 80101480 id 0
(39802) DBB: write data from dla (00000000 33000000...)
(39802) DBB: write, last tick
(39808) DBB: write request from dla, addr 80101480 id 0
(39808) DBB: write data from dla (00000000 00000000...)
(39808) DBB: write, last tick
(39814) DBB: write request from dla, addr 80101480 id 0
(39814) DBB: write data from dla (00000000 00000000...)
(39814) DBB: write, last tick
(39820) DBB: write request from dla, addr 80101480 id 0
(39820) DBB: write data from dla (00000000 00000000...)
(39820) DBB: write, last tick
(39826) DBB: write request from dla, addr 80101480 id 0
(39826) DBB: write data from dla (00000000 00000000...)
(39826) DBB: write, last tick
(39832) DBB: write request from dla, addr 80101480 id 0
(39832) DBB: write data from dla (00000000 00000000...)
(39832) DBB: write, last tick
(39838) DBB: write request from dla, addr 80101480 id 0
(39838) DBB: write data from dla (00000000 00000000...)
(39838) DBB: write, last tick
(39844) DBB: write request from dla, addr 80101480 id 0
(39844) DBB: write data from dla (00000000 00000000...)
(39844) DBB: write, last tick
(39850) DBB: write request from dla, addr 80101480 id 0
(39850) DBB: write data from dla (00000000 00000000...)
(39850) DBB: write, last tick
(39856) DBB: write request from dla, addr 80101480 id 0
(39856) DBB: write data from dla (00000000 00000000...)
(39856) DBB: write, last tick
(39862) DBB: write request from dla, addr 80101480 id 0
(39862) DBB: write data from dla (00000000 00000000...)
(39862) DBB: write, last tick
(39868) DBB: write request from dla, addr 80101480 id 0
(39868) DBB: write data from dla (00000000 00000000...)
(39868) DBB: write, last tick
(39874) DBB: write request from dla, addr 80101480 id 0
(39874) DBB: write data from dla (00000000 00000000...)
(39874) DBB: write, last tick
(39880) DBB: write request from dla, addr 80101480 id 0
(39880) DBB: write data from dla (00000000 00000000...)
(39880) DBB: write, last tick
(39886) DBB: write request from dla, addr 80101480 id 0
(39886) DBB: write data from dla (00000000 00000000...)
(39886) DBB: write, last tick
(39892) DBB: write request from dla, addr 80101480 id 0
(39892) DBB: write data from dla (00000000 00000000...)
(39892) DBB: write, last tick
(39898) DBB: write request from dla, addr 80101480 id 0
(39898) DBB: write data from dla (00000000 00000000...)
(39898) DBB: write, last tick
(39904) DBB: write request from dla, addr 80101480 id 0
(39904) DBB: write data from dla (00000000 00000000...)
(39904) DBB: write, last tick
(39910) DBB: write request from dla, addr 80101480 id 0
(39910) DBB: write data from dla (00000000 00000000...)
(39910) DBB: write, last tick
(39916) DBB: write request from dla, addr 80101480 id 0
(39916) DBB: write data from dla (00000000 00000000...)
(39916) DBB: write, last tick
(39922) DBB: write request from dla, addr 80101480 id 0
(39922) DBB: write data from dla (00000000 00000000...)
(39922) DBB: write, last tick
(39928) DBB: write request from dla, addr 80101480 id 0
(39928) DBB: write data from dla (00000000 00000000...)
(39928) DBB: write, last tick
(39934) DBB: write request from dla, addr 80101480 id 0
(39934) DBB: write data from dla (00000000 00000000...)
(39934) DBB: write, last tick
(39940) DBB: write request from dla, addr 80101480 id 0
(39940) DBB: write data from dla (00000000 00000000...)
(39940) DBB: write, last tick
(39946) DBB: write request from dla, addr 80101480 id 0
(39946) DBB: write data from dla (00000000 00000000...)
(39946) DBB: write, last tick
(39952) DBB: write request from dla, addr 80101480 id 0
(39952) DBB: write data from dla (00000000 00000000...)
(39952) DBB: write, last tick
(39958) DBB: write request from dla, addr 80101480 id 0
(39958) DBB: write data from dla (00000000 00000000...)
(39958) DBB: write, last tick
(39964) DBB: write request from dla, addr 80101480 id 0
(39964) DBB: write data from dla (00000000 00000000...)
(39964) DBB: write, last tick
(39970) DBB: write request from dla, addr 80101480 id 0
(39970) DBB: write data from dla (00000000 00000000...)
(39970) DBB: write, last tick
(39976) DBB: write request from dla, addr 80101480 id 0
(39976) DBB: write data from dla (00000000 00000000...)
(39976) DBB: write, last tick
(39982) DBB: write request from dla, addr 80101480 id 0
(39982) DBB: write data from dla (00000000 00000000...)
(39982) DBB: write, last tick
(39988) DBB: write request from dla, addr 80101480 id 0
(39988) DBB: write data from dla (00000000 00000000...)
(39988) DBB: write, last tick
(39994) DBB: write request from dla, addr 80101480 id 0
(39994) DBB: write data from dla (00000000 00000000...)
(39994) DBB: write, last tick
(40000) DBB: write request from dla, addr 80101480 id 0
(40000) DBB: write data from dla (00000000 00000000...)
(40000) DBB: write, last tick
(40006) DBB: write request from dla, addr 80101480 id 0
(40006) DBB: write data from dla (00000000 00000000...)
(40006) DBB: write, last tick
(40012) DBB: write request from dla, addr 80101480 id 0
(40012) DBB: write data from dla (00000000 00000000...)
(40012) DBB: write, last tick
(40018) DBB: write request from dla, addr 80101480 id 0
(40018) DBB: write data from dla (00000000 00000000...)
(40018) DBB: write, last tick
(40024) DBB: write request from dla, addr 80101480 id 0
(40024) DBB: write data from dla (00000000 00000000...)
(40024) DBB: write, last tick
(40030) DBB: write request from dla, addr 80101480 id 0
(40030) DBB: write data from dla (00000000 00000000...)
(40030) DBB: write, last tick
(40036) DBB: write request from dla, addr 80101480 id 0
(40036) DBB: write data from dla (00000000 00000000...)
(40036) DBB: write, last tick
(40042) DBB: write request from dla, addr 80101480 id 0
(40042) DBB: write data from dla (00000000 00000000...)
(40042) DBB: write, last tick
(40048) DBB: write request from dla, addr 80101480 id 0
(40048) DBB: write data from dla (00000000 00000000...)
(40048) DBB: write, last tick
(40054) DBB: write request from dla, addr 80101480 id 0
(40054) DBB: write data from dla (00000000 00000000...)
(40054) DBB: write, last tick
(40060) DBB: write request from dla, addr 80101480 id 0
(40060) DBB: write data from dla (00000000 00000000...)
(40060) DBB: write, last tick
(40066) DBB: write request from dla, addr 80101480 id 0
(40066) DBB: write data from dla (00000000 00000000...)
(40066) DBB: write, last tick
(40072) DBB: write request from dla, addr 80101480 id 0
(40072) DBB: write data from dla (00000000 00000000...)
(40072) DBB: write, last tick
(40078) DBB: write request from dla, addr 80101480 id 0
(40078) DBB: write data from dla (00000000 00000000...)
(40078) DBB: write, last tick
(40084) DBB: write request from dla, addr 80101480 id 0
(40084) DBB: write data from dla (00000000 00000000...)
(40084) DBB: write, last tick
(40090) DBB: write request from dla, addr 80101480 id 0
(40090) DBB: write data from dla (00000000 00000000...)
(40090) DBB: write, last tick
(40096) DBB: write request from dla, addr 80101480 id 0
(40096) DBB: write data from dla (00000000 00000000...)
(40096) DBB: write, last tick
(40102) DBB: write request from dla, addr 80101480 id 0
(40102) DBB: write data from dla (00000000 00000000...)
(40102) DBB: write, last tick
(40108) DBB: write request from dla, addr 80101480 id 0
(40108) DBB: write data from dla (00000000 00000000...)
(40108) DBB: write, last tick
(40114) DBB: write request from dla, addr 80101480 id 0
(40114) DBB: write data from dla (00000000 00000000...)
(40114) DBB: write, last tick
(40120) DBB: write request from dla, addr 80101480 id 0
(40120) DBB: write data from dla (00000000 00000000...)
(40120) DBB: write, last tick
(40126) DBB: write request from dla, addr 80101480 id 0
(40126) DBB: write data from dla (00000000 00000000...)
(40126) DBB: write, last tick
(40132) DBB: write request from dla, addr 80101480 id 0
(40132) DBB: write data from dla (00000000 00000000...)
(40132) DBB: write, last tick
(40138) DBB: write request from dla, addr 80101480 id 0
(40138) DBB: write data from dla (00000000 00000000...)
(40138) DBB: write, last tick
(40144) DBB: write request from dla, addr 801014c0 id 0
(40144) DBB: write data from dla (00000063 00000000...)
(40144) DBB: write, last tick
(40150) DBB: write request from dla, addr 801014c0 id 0
(40150) DBB: write data from dla (00003000 00000000...)
(40150) DBB: write, last tick
(40156) DBB: write request from dla, addr 801014c0 id 0
(40156) DBB: write data from dla (00630000 00000000...)
(40156) DBB: write, last tick
(40162) DBB: write request from dla, addr 801014c0 id 0
(40162) DBB: write data from dla (31000000 00000000...)
(40162) DBB: write, last tick
(40168) DBB: write request from dla, addr 801014c0 id 0
(40168) DBB: write data from dla (00000000 00000063...)
(40168) DBB: write, last tick
(40174) DBB: write request from dla, addr 801014c0 id 0
(40174) DBB: write data from dla (00000000 00003200...)
(40174) DBB: write, last tick
(40180) DBB: write request from dla, addr 801014c0 id 0
(40180) DBB: write data from dla (00000000 00630000...)
(40180) DBB: write, last tick
(40186) DBB: write request from dla, addr 801014c0 id 0
(40186) DBB: write data from dla (00000000 33000000...)
(40186) DBB: write, last tick
(40192) DBB: write request from dla, addr 801014c0 id 0
(40192) DBB: write data from dla (00000000 00000000...)
(40192) DBB: write, last tick
(40198) DBB: write request from dla, addr 801014c0 id 0
(40198) DBB: write data from dla (00000000 00000000...)
(40198) DBB: write, last tick
(40204) DBB: write request from dla, addr 801014c0 id 0
(40204) DBB: write data from dla (00000000 00000000...)
(40204) DBB: write, last tick
(40210) DBB: write request from dla, addr 801014c0 id 0
(40210) DBB: write data from dla (00000000 00000000...)
(40210) DBB: write, last tick
(40216) DBB: write request from dla, addr 801014c0 id 0
(40216) DBB: write data from dla (00000000 00000000...)
(40216) DBB: write, last tick
(40222) DBB: write request from dla, addr 801014c0 id 0
(40222) DBB: write data from dla (00000000 00000000...)
(40222) DBB: write, last tick
(40228) DBB: write request from dla, addr 801014c0 id 0
(40228) DBB: write data from dla (00000000 00000000...)
(40228) DBB: write, last tick
(40234) DBB: write request from dla, addr 801014c0 id 0
(40234) DBB: write data from dla (00000000 00000000...)
(40234) DBB: write, last tick
(40240) DBB: write request from dla, addr 801014c0 id 0
(40240) DBB: write data from dla (00000000 00000000...)
(40240) DBB: write, last tick
(40246) DBB: write request from dla, addr 801014c0 id 0
(40246) DBB: write data from dla (00000000 00000000...)
(40246) DBB: write, last tick
(40252) DBB: write request from dla, addr 801014c0 id 0
(40252) DBB: write data from dla (00000000 00000000...)
(40252) DBB: write, last tick
(40258) DBB: write request from dla, addr 801014c0 id 0
(40258) DBB: write data from dla (00000000 00000000...)
(40258) DBB: write, last tick
(40264) DBB: write request from dla, addr 801014c0 id 0
(40264) DBB: write data from dla (00000000 00000000...)
(40264) DBB: write, last tick
(40270) DBB: write request from dla, addr 801014c0 id 0
(40270) DBB: write data from dla (00000000 00000000...)
(40270) DBB: write, last tick
(40276) DBB: write request from dla, addr 801014c0 id 0
(40276) DBB: write data from dla (00000000 00000000...)
(40276) DBB: write, last tick
(40282) DBB: write request from dla, addr 801014c0 id 0
(40282) DBB: write data from dla (00000000 00000000...)
(40282) DBB: write, last tick
(40288) DBB: write request from dla, addr 801014c0 id 0
(40288) DBB: write data from dla (00000000 00000000...)
(40288) DBB: write, last tick
(40294) DBB: write request from dla, addr 801014c0 id 0
(40294) DBB: write data from dla (00000000 00000000...)
(40294) DBB: write, last tick
(40300) DBB: write request from dla, addr 801014c0 id 0
(40300) DBB: write data from dla (00000000 00000000...)
(40300) DBB: write, last tick
(40306) DBB: write request from dla, addr 801014c0 id 0
(40306) DBB: write data from dla (00000000 00000000...)
(40306) DBB: write, last tick
(40312) DBB: write request from dla, addr 801014c0 id 0
(40312) DBB: write data from dla (00000000 00000000...)
(40312) DBB: write, last tick
(40318) DBB: write request from dla, addr 801014c0 id 0
(40318) DBB: write data from dla (00000000 00000000...)
(40318) DBB: write, last tick
(40324) DBB: write request from dla, addr 801014c0 id 0
(40324) DBB: write data from dla (00000000 00000000...)
(40324) DBB: write, last tick
(40330) DBB: write request from dla, addr 801014c0 id 0
(40330) DBB: write data from dla (00000000 00000000...)
(40330) DBB: write, last tick
(40336) DBB: write request from dla, addr 801014c0 id 0
(40336) DBB: write data from dla (00000000 00000000...)
(40336) DBB: write, last tick
(40342) DBB: write request from dla, addr 801014c0 id 0
(40342) DBB: write data from dla (00000000 00000000...)
(40342) DBB: write, last tick
(40348) DBB: write request from dla, addr 801014c0 id 0
(40348) DBB: write data from dla (00000000 00000000...)
(40348) DBB: write, last tick
(40354) DBB: write request from dla, addr 801014c0 id 0
(40354) DBB: write data from dla (00000000 00000000...)
(40354) DBB: write, last tick
(40360) DBB: write request from dla, addr 801014c0 id 0
(40360) DBB: write data from dla (00000000 00000000...)
(40360) DBB: write, last tick
(40366) DBB: write request from dla, addr 801014c0 id 0
(40366) DBB: write data from dla (00000000 00000000...)
(40366) DBB: write, last tick
(40372) DBB: write request from dla, addr 801014c0 id 0
(40372) DBB: write data from dla (00000000 00000000...)
(40372) DBB: write, last tick
(40378) DBB: write request from dla, addr 801014c0 id 0
(40378) DBB: write data from dla (00000000 00000000...)
(40378) DBB: write, last tick
(40384) DBB: write request from dla, addr 801014c0 id 0
(40384) DBB: write data from dla (00000000 00000000...)
(40384) DBB: write, last tick
(40390) DBB: write request from dla, addr 801014c0 id 0
(40390) DBB: write data from dla (00000000 00000000...)
(40390) DBB: write, last tick
(40396) DBB: write request from dla, addr 801014c0 id 0
(40396) DBB: write data from dla (00000000 00000000...)
(40396) DBB: write, last tick
(40402) DBB: write request from dla, addr 801014c0 id 0
(40402) DBB: write data from dla (00000000 00000000...)
(40402) DBB: write, last tick
(40408) DBB: write request from dla, addr 801014c0 id 0
(40408) DBB: write data from dla (00000000 00000000...)
(40408) DBB: write, last tick
(40414) DBB: write request from dla, addr 801014c0 id 0
(40414) DBB: write data from dla (00000000 00000000...)
(40414) DBB: write, last tick
(40420) DBB: write request from dla, addr 801014c0 id 0
(40420) DBB: write data from dla (00000000 00000000...)
(40420) DBB: write, last tick
(40426) DBB: write request from dla, addr 801014c0 id 0
(40426) DBB: write data from dla (00000000 00000000...)
(40426) DBB: write, last tick
(40432) DBB: write request from dla, addr 801014c0 id 0
(40432) DBB: write data from dla (00000000 00000000...)
(40432) DBB: write, last tick
(40438) DBB: write request from dla, addr 801014c0 id 0
(40438) DBB: write data from dla (00000000 00000000...)
(40438) DBB: write, last tick
(40444) DBB: write request from dla, addr 801014c0 id 0
(40444) DBB: write data from dla (00000000 00000000...)
(40444) DBB: write, last tick
(40450) DBB: write request from dla, addr 801014c0 id 0
(40450) DBB: write data from dla (00000000 00000000...)
(40450) DBB: write, last tick
(40456) DBB: write request from dla, addr 801014c0 id 0
(40456) DBB: write data from dla (00000000 00000000...)
(40456) DBB: write, last tick
(40462) DBB: write request from dla, addr 801014c0 id 0
(40462) DBB: write data from dla (00000000 00000000...)
(40462) DBB: write, last tick
(40468) DBB: write request from dla, addr 801014c0 id 0
(40468) DBB: write data from dla (00000000 00000000...)
(40468) DBB: write, last tick
(40474) DBB: write request from dla, addr 801014c0 id 0
(40474) DBB: write data from dla (00000000 00000000...)
(40474) DBB: write, last tick
(40480) DBB: write request from dla, addr 801014c0 id 0
(40480) DBB: write data from dla (00000000 00000000...)
(40480) DBB: write, last tick
(40486) DBB: write request from dla, addr 801014c0 id 0
(40486) DBB: write data from dla (00000000 00000000...)
(40486) DBB: write, last tick
(40492) DBB: write request from dla, addr 801014c0 id 0
(40492) DBB: write data from dla (00000000 00000000...)
(40492) DBB: write, last tick
(40498) DBB: write request from dla, addr 801014c0 id 0
(40498) DBB: write data from dla (00000000 00000000...)
(40498) DBB: write, last tick
(40504) DBB: write request from dla, addr 801014c0 id 0
(40504) DBB: write data from dla (00000000 00000000...)
(40504) DBB: write, last tick
(40510) DBB: write request from dla, addr 801014c0 id 0
(40510) DBB: write data from dla (00000000 00000000...)
(40510) DBB: write, last tick
(40516) DBB: write request from dla, addr 801014c0 id 0
(40516) DBB: write data from dla (00000000 00000000...)
(40516) DBB: write, last tick
(40522) DBB: write request from dla, addr 801014c0 id 0
(40522) DBB: write data from dla (00000000 00000000...)
(40522) DBB: write, last tick
(40528) DBB: write request from dla, addr 80101500 id 0
(40528) DBB: write data from dla (00000014 00000000...)
(40528) DBB: write, last tick
(40534) DBB: write request from dla, addr 80101500 id 0
(40534) DBB: write data from dla (00003000 00000000...)
(40534) DBB: write, last tick
(40540) DBB: write request from dla, addr 80101500 id 0
(40540) DBB: write data from dla (00140000 00000000...)
(40540) DBB: write, last tick
(40546) DBB: write request from dla, addr 80101500 id 0
(40546) DBB: write data from dla (31000000 00000000...)
(40546) DBB: write, last tick
(40552) DBB: write request from dla, addr 80101500 id 0
(40552) DBB: write data from dla (00000000 00000014...)
(40552) DBB: write, last tick
(40558) DBB: write request from dla, addr 80101500 id 0
(40558) DBB: write data from dla (00000000 00003200...)
(40558) DBB: write, last tick
(40564) DBB: write request from dla, addr 80101500 id 0
(40564) DBB: write data from dla (00000000 00140000...)
(40564) DBB: write, last tick
(40570) DBB: write request from dla, addr 80101500 id 0
(40570) DBB: write data from dla (00000000 33000000...)
(40570) DBB: write, last tick
(40576) DBB: write request from dla, addr 80101500 id 0
(40576) DBB: write data from dla (00000000 00000000...)
(40576) DBB: write, last tick
(40582) DBB: write request from dla, addr 80101500 id 0
(40582) DBB: write data from dla (00000000 00000000...)
(40582) DBB: write, last tick
(40588) DBB: write request from dla, addr 80101500 id 0
(40588) DBB: write data from dla (00000000 00000000...)
(40588) DBB: write, last tick
(40594) DBB: write request from dla, addr 80101500 id 0
(40594) DBB: write data from dla (00000000 00000000...)
(40594) DBB: write, last tick
(40600) DBB: write request from dla, addr 80101500 id 0
(40600) DBB: write data from dla (00000000 00000000...)
(40600) DBB: write, last tick
(40606) DBB: write request from dla, addr 80101500 id 0
(40606) DBB: write data from dla (00000000 00000000...)
(40606) DBB: write, last tick
(40612) DBB: write request from dla, addr 80101500 id 0
(40612) DBB: write data from dla (00000000 00000000...)
(40612) DBB: write, last tick
(40618) DBB: write request from dla, addr 80101500 id 0
(40618) DBB: write data from dla (00000000 00000000...)
(40618) DBB: write, last tick
(40624) DBB: write request from dla, addr 80101500 id 0
(40624) DBB: write data from dla (00000000 00000000...)
(40624) DBB: write, last tick
(40630) DBB: write request from dla, addr 80101500 id 0
(40630) DBB: write data from dla (00000000 00000000...)
(40630) DBB: write, last tick
(40636) DBB: write request from dla, addr 80101500 id 0
(40636) DBB: write data from dla (00000000 00000000...)
(40636) DBB: write, last tick
(40642) DBB: write request from dla, addr 80101500 id 0
(40642) DBB: write data from dla (00000000 00000000...)
(40642) DBB: write, last tick
(40648) DBB: write request from dla, addr 80101500 id 0
(40648) DBB: write data from dla (00000000 00000000...)
(40648) DBB: write, last tick
(40654) DBB: write request from dla, addr 80101500 id 0
(40654) DBB: write data from dla (00000000 00000000...)
(40654) DBB: write, last tick
(40660) DBB: write request from dla, addr 80101500 id 0
(40660) DBB: write data from dla (00000000 00000000...)
(40660) DBB: write, last tick
(40666) DBB: write request from dla, addr 80101500 id 0
(40666) DBB: write data from dla (00000000 00000000...)
(40666) DBB: write, last tick
(40672) DBB: write request from dla, addr 80101500 id 0
(40672) DBB: write data from dla (00000000 00000000...)
(40672) DBB: write, last tick
(40678) DBB: write request from dla, addr 80101500 id 0
(40678) DBB: write data from dla (00000000 00000000...)
(40678) DBB: write, last tick
(40684) DBB: write request from dla, addr 80101500 id 0
(40684) DBB: write data from dla (00000000 00000000...)
(40684) DBB: write, last tick
(40690) DBB: write request from dla, addr 80101500 id 0
(40690) DBB: write data from dla (00000000 00000000...)
(40690) DBB: write, last tick
(40696) DBB: write request from dla, addr 80101500 id 0
(40696) DBB: write data from dla (00000000 00000000...)
(40696) DBB: write, last tick
(40702) DBB: write request from dla, addr 80101500 id 0
(40702) DBB: write data from dla (00000000 00000000...)
(40702) DBB: write, last tick
(40708) DBB: write request from dla, addr 80101500 id 0
(40708) DBB: write data from dla (00000000 00000000...)
(40708) DBB: write, last tick
(40714) DBB: write request from dla, addr 80101500 id 0
(40714) DBB: write data from dla (00000000 00000000...)
(40714) DBB: write, last tick
(40720) DBB: write request from dla, addr 80101500 id 0
(40720) DBB: write data from dla (00000000 00000000...)
(40720) DBB: write, last tick
(40726) DBB: write request from dla, addr 80101500 id 0
(40726) DBB: write data from dla (00000000 00000000...)
(40726) DBB: write, last tick
(40732) DBB: write request from dla, addr 80101500 id 0
(40732) DBB: write data from dla (00000000 00000000...)
(40732) DBB: write, last tick
(40738) DBB: write request from dla, addr 80101500 id 0
(40738) DBB: write data from dla (00000000 00000000...)
(40738) DBB: write, last tick
(40744) DBB: write request from dla, addr 80101500 id 0
(40744) DBB: write data from dla (00000000 00000000...)
(40744) DBB: write, last tick
(40750) DBB: write request from dla, addr 80101500 id 0
(40750) DBB: write data from dla (00000000 00000000...)
(40750) DBB: write, last tick
(40756) DBB: write request from dla, addr 80101500 id 0
(40756) DBB: write data from dla (00000000 00000000...)
(40756) DBB: write, last tick
(40762) DBB: write request from dla, addr 80101500 id 0
(40762) DBB: write data from dla (00000000 00000000...)
(40762) DBB: write, last tick
(40768) DBB: write request from dla, addr 80101500 id 0
(40768) DBB: write data from dla (00000000 00000000...)
(40768) DBB: write, last tick
(40774) DBB: write request from dla, addr 80101500 id 0
(40774) DBB: write data from dla (00000000 00000000...)
(40774) DBB: write, last tick
(40780) DBB: write request from dla, addr 80101500 id 0
(40780) DBB: write data from dla (00000000 00000000...)
(40780) DBB: write, last tick
(40786) DBB: write request from dla, addr 80101500 id 0
(40786) DBB: write data from dla (00000000 00000000...)
(40786) DBB: write, last tick
(40792) DBB: write request from dla, addr 80101500 id 0
(40792) DBB: write data from dla (00000000 00000000...)
(40792) DBB: write, last tick
(40798) DBB: write request from dla, addr 80101500 id 0
(40798) DBB: write data from dla (00000000 00000000...)
(40798) DBB: write, last tick
(40804) DBB: write request from dla, addr 80101500 id 0
(40804) DBB: write data from dla (00000000 00000000...)
(40804) DBB: write, last tick
(40810) DBB: write request from dla, addr 80101500 id 0
(40810) DBB: write data from dla (00000000 00000000...)
(40810) DBB: write, last tick
(40816) DBB: write request from dla, addr 80101500 id 0
(40816) DBB: write data from dla (00000000 00000000...)
(40816) DBB: write, last tick
(40822) DBB: write request from dla, addr 80101500 id 0
(40822) DBB: write data from dla (00000000 00000000...)
(40822) DBB: write, last tick
(40828) DBB: write request from dla, addr 80101500 id 0
(40828) DBB: write data from dla (00000000 00000000...)
(40828) DBB: write, last tick
(40834) DBB: write request from dla, addr 80101500 id 0
(40834) DBB: write data from dla (00000000 00000000...)
(40834) DBB: write, last tick
(40840) DBB: write request from dla, addr 80101500 id 0
(40840) DBB: write data from dla (00000000 00000000...)
(40840) DBB: write, last tick
(40846) DBB: write request from dla, addr 80101500 id 0
(40846) DBB: write data from dla (00000000 00000000...)
(40846) DBB: write, last tick
(40852) DBB: write request from dla, addr 80101500 id 0
(40852) DBB: write data from dla (00000000 00000000...)
(40852) DBB: write, last tick
(40858) DBB: write request from dla, addr 80101500 id 0
(40858) DBB: write data from dla (00000000 00000000...)
(40858) DBB: write, last tick
(40864) DBB: write request from dla, addr 80101500 id 0
(40864) DBB: write data from dla (00000000 00000000...)
(40864) DBB: write, last tick
(40870) DBB: write request from dla, addr 80101500 id 0
(40870) DBB: write data from dla (00000000 00000000...)
(40870) DBB: write, last tick
(40876) DBB: write request from dla, addr 80101500 id 0
(40876) DBB: write data from dla (00000000 00000000...)
(40876) DBB: write, last tick
(40882) DBB: write request from dla, addr 80101500 id 0
(40882) DBB: write data from dla (00000000 00000000...)
(40882) DBB: write, last tick
(40888) DBB: write request from dla, addr 80101500 id 0
(40888) DBB: write data from dla (00000000 00000000...)
(40888) DBB: write, last tick
(40894) DBB: write request from dla, addr 80101500 id 0
(40894) DBB: write data from dla (00000000 00000000...)
(40894) DBB: write, last tick
(40900) DBB: write request from dla, addr 80101500 id 0
(40900) DBB: write data from dla (00000000 00000000...)
(40900) DBB: write, last tick
(40906) DBB: write request from dla, addr 80101500 id 0
(40906) DBB: write data from dla (00000000 00000000...)
(40906) DBB: write, last tick
(40912) DBB: write request from dla, addr 80101540 id 0
(40912) DBB: write data from dla (00000034 00000000...)
(40912) DBB: write, last tick
(40918) DBB: write request from dla, addr 80101540 id 0
(40918) DBB: write data from dla (00003000 00000000...)
(40918) DBB: write, last tick
(40924) DBB: write request from dla, addr 80101540 id 0
(40924) DBB: write data from dla (00340000 00000000...)
(40924) DBB: write, last tick
(40930) DBB: write request from dla, addr 80101540 id 0
(40930) DBB: write data from dla (31000000 00000000...)
(40930) DBB: write, last tick
(40936) DBB: write request from dla, addr 80101540 id 0
(40936) DBB: write data from dla (00000000 00000034...)
(40936) DBB: write, last tick
(40942) DBB: write request from dla, addr 80101540 id 0
(40942) DBB: write data from dla (00000000 00003200...)
(40942) DBB: write, last tick
(40948) DBB: write request from dla, addr 80101540 id 0
(40948) DBB: write data from dla (00000000 00340000...)
(40948) DBB: write, last tick
(40954) DBB: write request from dla, addr 80101540 id 0
(40954) DBB: write data from dla (00000000 33000000...)
(40954) DBB: write, last tick
(40960) DBB: write request from dla, addr 80101540 id 0
(40960) DBB: write data from dla (00000000 00000000...)
(40960) DBB: write, last tick
(40966) DBB: write request from dla, addr 80101540 id 0
(40966) DBB: write data from dla (00000000 00000000...)
(40966) DBB: write, last tick
(40972) DBB: write request from dla, addr 80101540 id 0
(40972) DBB: write data from dla (00000000 00000000...)
(40972) DBB: write, last tick
(40978) DBB: write request from dla, addr 80101540 id 0
(40978) DBB: write data from dla (00000000 00000000...)
(40978) DBB: write, last tick
(40984) DBB: write request from dla, addr 80101540 id 0
(40984) DBB: write data from dla (00000000 00000000...)
(40984) DBB: write, last tick
(40990) DBB: write request from dla, addr 80101540 id 0
(40990) DBB: write data from dla (00000000 00000000...)
(40990) DBB: write, last tick
(40996) DBB: write request from dla, addr 80101540 id 0
(40996) DBB: write data from dla (00000000 00000000...)
(40996) DBB: write, last tick
(41002) DBB: write request from dla, addr 80101540 id 0
(41002) DBB: write data from dla (00000000 00000000...)
(41002) DBB: write, last tick
(41008) DBB: write request from dla, addr 80101540 id 0
(41008) DBB: write data from dla (00000000 00000000...)
(41008) DBB: write, last tick
(41014) DBB: write request from dla, addr 80101540 id 0
(41014) DBB: write data from dla (00000000 00000000...)
(41014) DBB: write, last tick
(41020) DBB: write request from dla, addr 80101540 id 0
(41020) DBB: write data from dla (00000000 00000000...)
(41020) DBB: write, last tick
(41026) DBB: write request from dla, addr 80101540 id 0
(41026) DBB: write data from dla (00000000 00000000...)
(41026) DBB: write, last tick
(41032) DBB: write request from dla, addr 80101540 id 0
(41032) DBB: write data from dla (00000000 00000000...)
(41032) DBB: write, last tick
(41038) DBB: write request from dla, addr 80101540 id 0
(41038) DBB: write data from dla (00000000 00000000...)
(41038) DBB: write, last tick
(41044) DBB: write request from dla, addr 80101540 id 0
(41044) DBB: write data from dla (00000000 00000000...)
(41044) DBB: write, last tick
(41050) DBB: write request from dla, addr 80101540 id 0
(41050) DBB: write data from dla (00000000 00000000...)
(41050) DBB: write, last tick
(41056) DBB: write request from dla, addr 80101540 id 0
(41056) DBB: write data from dla (00000000 00000000...)
(41056) DBB: write, last tick
(41062) DBB: write request from dla, addr 80101540 id 0
(41062) DBB: write data from dla (00000000 00000000...)
(41062) DBB: write, last tick
(41068) DBB: write request from dla, addr 80101540 id 0
(41068) DBB: write data from dla (00000000 00000000...)
(41068) DBB: write, last tick
(41074) DBB: write request from dla, addr 80101540 id 0
(41074) DBB: write data from dla (00000000 00000000...)
(41074) DBB: write, last tick
(41080) DBB: write request from dla, addr 80101540 id 0
(41080) DBB: write data from dla (00000000 00000000...)
(41080) DBB: write, last tick
(41086) DBB: write request from dla, addr 80101540 id 0
(41086) DBB: write data from dla (00000000 00000000...)
(41086) DBB: write, last tick
(41092) DBB: write request from dla, addr 80101540 id 0
(41092) DBB: write data from dla (00000000 00000000...)
(41092) DBB: write, last tick
(41098) DBB: write request from dla, addr 80101540 id 0
(41098) DBB: write data from dla (00000000 00000000...)
(41098) DBB: write, last tick
(41104) DBB: write request from dla, addr 80101540 id 0
(41104) DBB: write data from dla (00000000 00000000...)
(41104) DBB: write, last tick
(41110) DBB: write request from dla, addr 80101540 id 0
(41110) DBB: write data from dla (00000000 00000000...)
(41110) DBB: write, last tick
(41116) DBB: write request from dla, addr 80101540 id 0
(41116) DBB: write data from dla (00000000 00000000...)
(41116) DBB: write, last tick
(41122) DBB: write request from dla, addr 80101540 id 0
(41122) DBB: write data from dla (00000000 00000000...)
(41122) DBB: write, last tick
(41128) DBB: write request from dla, addr 80101540 id 0
(41128) DBB: write data from dla (00000000 00000000...)
(41128) DBB: write, last tick
(41134) DBB: write request from dla, addr 80101540 id 0
(41134) DBB: write data from dla (00000000 00000000...)
(41134) DBB: write, last tick
(41140) DBB: write request from dla, addr 80101540 id 0
(41140) DBB: write data from dla (00000000 00000000...)
(41140) DBB: write, last tick
(41146) DBB: write request from dla, addr 80101540 id 0
(41146) DBB: write data from dla (00000000 00000000...)
(41146) DBB: write, last tick
(41152) DBB: write request from dla, addr 80101540 id 0
(41152) DBB: write data from dla (00000000 00000000...)
(41152) DBB: write, last tick
(41158) DBB: write request from dla, addr 80101540 id 0
(41158) DBB: write data from dla (00000000 00000000...)
(41158) DBB: write, last tick
(41164) DBB: write request from dla, addr 80101540 id 0
(41164) DBB: write data from dla (00000000 00000000...)
(41164) DBB: write, last tick
(41170) DBB: write request from dla, addr 80101540 id 0
(41170) DBB: write data from dla (00000000 00000000...)
(41170) DBB: write, last tick
(41176) DBB: write request from dla, addr 80101540 id 0
(41176) DBB: write data from dla (00000000 00000000...)
(41176) DBB: write, last tick
(41182) DBB: write request from dla, addr 80101540 id 0
(41182) DBB: write data from dla (00000000 00000000...)
(41182) DBB: write, last tick
(41188) DBB: write request from dla, addr 80101540 id 0
(41188) DBB: write data from dla (00000000 00000000...)
(41188) DBB: write, last tick
(41194) DBB: write request from dla, addr 80101540 id 0
(41194) DBB: write data from dla (00000000 00000000...)
(41194) DBB: write, last tick
(41200) DBB: write request from dla, addr 80101540 id 0
(41200) DBB: write data from dla (00000000 00000000...)
(41200) DBB: write, last tick
(41206) DBB: write request from dla, addr 80101540 id 0
(41206) DBB: write data from dla (00000000 00000000...)
(41206) DBB: write, last tick
(41212) DBB: write request from dla, addr 80101540 id 0
(41212) DBB: write data from dla (00000000 00000000...)
(41212) DBB: write, last tick
(41218) DBB: write request from dla, addr 80101540 id 0
(41218) DBB: write data from dla (00000000 00000000...)
(41218) DBB: write, last tick
(41224) DBB: write request from dla, addr 80101540 id 0
(41224) DBB: write data from dla (00000000 00000000...)
(41224) DBB: write, last tick
(41230) DBB: write request from dla, addr 80101540 id 0
(41230) DBB: write data from dla (00000000 00000000...)
(41230) DBB: write, last tick
(41236) DBB: write request from dla, addr 80101540 id 0
(41236) DBB: write data from dla (00000000 00000000...)
(41236) DBB: write, last tick
(41242) DBB: write request from dla, addr 80101540 id 0
(41242) DBB: write data from dla (00000000 00000000...)
(41242) DBB: write, last tick
(41248) DBB: write request from dla, addr 80101540 id 0
(41248) DBB: write data from dla (00000000 00000000...)
(41248) DBB: write, last tick
(41254) DBB: write request from dla, addr 80101540 id 0
(41254) DBB: write data from dla (00000000 00000000...)
(41254) DBB: write, last tick
(41260) DBB: write request from dla, addr 80101540 id 0
(41260) DBB: write data from dla (00000000 00000000...)
(41260) DBB: write, last tick
(41266) DBB: write request from dla, addr 80101540 id 0
(41266) DBB: write data from dla (00000000 00000000...)
(41266) DBB: write, last tick
(41272) DBB: write request from dla, addr 80101540 id 0
(41272) DBB: write data from dla (00000000 00000000...)
(41272) DBB: write, last tick
(41278) DBB: write request from dla, addr 80101540 id 0
(41278) DBB: write data from dla (00000000 00000000...)
(41278) DBB: write, last tick
(41284) DBB: write request from dla, addr 80101540 id 0
(41284) DBB: write data from dla (00000000 00000000...)
(41284) DBB: write, last tick
(41290) DBB: write request from dla, addr 80101540 id 0
(41290) DBB: write data from dla (00000000 00000000...)
(41290) DBB: write, last tick
(41296) DBB: write request from dla, addr 80101580 id 0
(41296) DBB: write data from dla (00000054 00000000...)
(41296) DBB: write, last tick
(41302) DBB: write request from dla, addr 80101580 id 0
(41302) DBB: write data from dla (00003000 00000000...)
(41302) DBB: write, last tick
(41308) DBB: write request from dla, addr 80101580 id 0
(41308) DBB: write data from dla (00540000 00000000...)
(41308) DBB: write, last tick
(41314) DBB: write request from dla, addr 80101580 id 0
(41314) DBB: write data from dla (31000000 00000000...)
(41314) DBB: write, last tick
(41320) DBB: write request from dla, addr 80101580 id 0
(41320) DBB: write data from dla (00000000 00000054...)
(41320) DBB: write, last tick
(41326) DBB: write request from dla, addr 80101580 id 0
(41326) DBB: write data from dla (00000000 00003200...)
(41326) DBB: write, last tick
(41332) DBB: write request from dla, addr 80101580 id 0
(41332) DBB: write data from dla (00000000 00540000...)
(41332) DBB: write, last tick
(41338) DBB: write request from dla, addr 80101580 id 0
(41338) DBB: write data from dla (00000000 33000000...)
(41338) DBB: write, last tick
(41344) DBB: write request from dla, addr 80101580 id 0
(41344) DBB: write data from dla (00000000 00000000...)
(41344) DBB: write, last tick
(41350) DBB: write request from dla, addr 80101580 id 0
(41350) DBB: write data from dla (00000000 00000000...)
(41350) DBB: write, last tick
(41356) DBB: write request from dla, addr 80101580 id 0
(41356) DBB: write data from dla (00000000 00000000...)
(41356) DBB: write, last tick
(41362) DBB: write request from dla, addr 80101580 id 0
(41362) DBB: write data from dla (00000000 00000000...)
(41362) DBB: write, last tick
(41368) DBB: write request from dla, addr 80101580 id 0
(41368) DBB: write data from dla (00000000 00000000...)
(41368) DBB: write, last tick
(41374) DBB: write request from dla, addr 80101580 id 0
(41374) DBB: write data from dla (00000000 00000000...)
(41374) DBB: write, last tick
(41380) DBB: write request from dla, addr 80101580 id 0
(41380) DBB: write data from dla (00000000 00000000...)
(41380) DBB: write, last tick
(41386) DBB: write request from dla, addr 80101580 id 0
(41386) DBB: write data from dla (00000000 00000000...)
(41386) DBB: write, last tick
(41392) DBB: write request from dla, addr 80101580 id 0
(41392) DBB: write data from dla (00000000 00000000...)
(41392) DBB: write, last tick
(41398) DBB: write request from dla, addr 80101580 id 0
(41398) DBB: write data from dla (00000000 00000000...)
(41398) DBB: write, last tick
(41404) DBB: write request from dla, addr 80101580 id 0
(41404) DBB: write data from dla (00000000 00000000...)
(41404) DBB: write, last tick
(41410) DBB: write request from dla, addr 80101580 id 0
(41410) DBB: write data from dla (00000000 00000000...)
(41410) DBB: write, last tick
(41416) DBB: write request from dla, addr 80101580 id 0
(41416) DBB: write data from dla (00000000 00000000...)
(41416) DBB: write, last tick
(41422) DBB: write request from dla, addr 80101580 id 0
(41422) DBB: write data from dla (00000000 00000000...)
(41422) DBB: write, last tick
(41428) DBB: write request from dla, addr 80101580 id 0
(41428) DBB: write data from dla (00000000 00000000...)
(41428) DBB: write, last tick
(41434) DBB: write request from dla, addr 80101580 id 0
(41434) DBB: write data from dla (00000000 00000000...)
(41434) DBB: write, last tick
(41440) DBB: write request from dla, addr 80101580 id 0
(41440) DBB: write data from dla (00000000 00000000...)
(41440) DBB: write, last tick
(41446) DBB: write request from dla, addr 80101580 id 0
(41446) DBB: write data from dla (00000000 00000000...)
(41446) DBB: write, last tick
(41452) DBB: write request from dla, addr 80101580 id 0
(41452) DBB: write data from dla (00000000 00000000...)
(41452) DBB: write, last tick
(41458) DBB: write request from dla, addr 80101580 id 0
(41458) DBB: write data from dla (00000000 00000000...)
(41458) DBB: write, last tick
(41464) DBB: write request from dla, addr 80101580 id 0
(41464) DBB: write data from dla (00000000 00000000...)
(41464) DBB: write, last tick
(41470) DBB: write request from dla, addr 80101580 id 0
(41470) DBB: write data from dla (00000000 00000000...)
(41470) DBB: write, last tick
(41476) DBB: write request from dla, addr 80101580 id 0
(41476) DBB: write data from dla (00000000 00000000...)
(41476) DBB: write, last tick
(41482) DBB: write request from dla, addr 80101580 id 0
(41482) DBB: write data from dla (00000000 00000000...)
(41482) DBB: write, last tick
(41488) DBB: write request from dla, addr 80101580 id 0
(41488) DBB: write data from dla (00000000 00000000...)
(41488) DBB: write, last tick
(41494) DBB: write request from dla, addr 80101580 id 0
(41494) DBB: write data from dla (00000000 00000000...)
(41494) DBB: write, last tick
(41500) DBB: write request from dla, addr 80101580 id 0
(41500) DBB: write data from dla (00000000 00000000...)
(41500) DBB: write, last tick
(41506) DBB: write request from dla, addr 80101580 id 0
(41506) DBB: write data from dla (00000000 00000000...)
(41506) DBB: write, last tick
(41512) DBB: write request from dla, addr 80101580 id 0
(41512) DBB: write data from dla (00000000 00000000...)
(41512) DBB: write, last tick
(41518) DBB: write request from dla, addr 80101580 id 0
(41518) DBB: write data from dla (00000000 00000000...)
(41518) DBB: write, last tick
(41524) DBB: write request from dla, addr 80101580 id 0
(41524) DBB: write data from dla (00000000 00000000...)
(41524) DBB: write, last tick
(41530) DBB: write request from dla, addr 80101580 id 0
(41530) DBB: write data from dla (00000000 00000000...)
(41530) DBB: write, last tick
(41536) DBB: write request from dla, addr 80101580 id 0
(41536) DBB: write data from dla (00000000 00000000...)
(41536) DBB: write, last tick
(41542) DBB: write request from dla, addr 80101580 id 0
(41542) DBB: write data from dla (00000000 00000000...)
(41542) DBB: write, last tick
(41548) DBB: write request from dla, addr 80101580 id 0
(41548) DBB: write data from dla (00000000 00000000...)
(41548) DBB: write, last tick
(41554) DBB: write request from dla, addr 80101580 id 0
(41554) DBB: write data from dla (00000000 00000000...)
(41554) DBB: write, last tick
(41560) DBB: write request from dla, addr 80101580 id 0
(41560) DBB: write data from dla (00000000 00000000...)
(41560) DBB: write, last tick
(41566) DBB: write request from dla, addr 80101580 id 0
(41566) DBB: write data from dla (00000000 00000000...)
(41566) DBB: write, last tick
(41572) DBB: write request from dla, addr 80101580 id 0
(41572) DBB: write data from dla (00000000 00000000...)
(41572) DBB: write, last tick
(41578) DBB: write request from dla, addr 80101580 id 0
(41578) DBB: write data from dla (00000000 00000000...)
(41578) DBB: write, last tick
(41584) DBB: write request from dla, addr 80101580 id 0
(41584) DBB: write data from dla (00000000 00000000...)
(41584) DBB: write, last tick
(41590) DBB: write request from dla, addr 80101580 id 0
(41590) DBB: write data from dla (00000000 00000000...)
(41590) DBB: write, last tick
(41596) DBB: write request from dla, addr 80101580 id 0
(41596) DBB: write data from dla (00000000 00000000...)
(41596) DBB: write, last tick
(41602) DBB: write request from dla, addr 80101580 id 0
(41602) DBB: write data from dla (00000000 00000000...)
(41602) DBB: write, last tick
(41608) DBB: write request from dla, addr 80101580 id 0
(41608) DBB: write data from dla (00000000 00000000...)
(41608) DBB: write, last tick
(41614) DBB: write request from dla, addr 80101580 id 0
(41614) DBB: write data from dla (00000000 00000000...)
(41614) DBB: write, last tick
(41620) DBB: write request from dla, addr 80101580 id 0
(41620) DBB: write data from dla (00000000 00000000...)
(41620) DBB: write, last tick
(41626) DBB: write request from dla, addr 80101580 id 0
(41626) DBB: write data from dla (00000000 00000000...)
(41626) DBB: write, last tick
(41632) DBB: write request from dla, addr 80101580 id 0
(41632) DBB: write data from dla (00000000 00000000...)
(41632) DBB: write, last tick
(41638) DBB: write request from dla, addr 80101580 id 0
(41638) DBB: write data from dla (00000000 00000000...)
(41638) DBB: write, last tick
(41644) DBB: write request from dla, addr 80101580 id 0
(41644) DBB: write data from dla (00000000 00000000...)
(41644) DBB: write, last tick
(41650) DBB: write request from dla, addr 80101580 id 0
(41650) DBB: write data from dla (00000000 00000000...)
(41650) DBB: write, last tick
(41656) DBB: write request from dla, addr 80101580 id 0
(41656) DBB: write data from dla (00000000 00000000...)
(41656) DBB: write, last tick
(41662) DBB: write request from dla, addr 80101580 id 0
(41662) DBB: write data from dla (00000000 00000000...)
(41662) DBB: write, last tick
(41668) DBB: write request from dla, addr 80101580 id 0
(41668) DBB: write data from dla (00000000 00000000...)
(41668) DBB: write, last tick
(41674) DBB: write request from dla, addr 80101580 id 0
(41674) DBB: write data from dla (00000000 00000000...)
(41674) DBB: write, last tick
(41680) DBB: write request from dla, addr 801015c0 id 0
(41680) DBB: write data from dla (00000064 00000000...)
(41680) DBB: write, last tick
(41686) DBB: write request from dla, addr 801015c0 id 0
(41686) DBB: write data from dla (00003000 00000000...)
(41686) DBB: write, last tick
(41692) DBB: write request from dla, addr 801015c0 id 0
(41692) DBB: write data from dla (00640000 00000000...)
(41692) DBB: write, last tick
(41698) DBB: write request from dla, addr 801015c0 id 0
(41698) DBB: write data from dla (31000000 00000000...)
(41698) DBB: write, last tick
(41704) DBB: write request from dla, addr 801015c0 id 0
(41704) DBB: write data from dla (00000000 00000064...)
(41704) DBB: write, last tick
(41710) DBB: write request from dla, addr 801015c0 id 0
(41710) DBB: write data from dla (00000000 00003200...)
(41710) DBB: write, last tick
(41716) DBB: write request from dla, addr 801015c0 id 0
(41716) DBB: write data from dla (00000000 00640000...)
(41716) DBB: write, last tick
(41722) DBB: write request from dla, addr 801015c0 id 0
(41722) DBB: write data from dla (00000000 33000000...)
(41722) DBB: write, last tick
(41728) DBB: write request from dla, addr 801015c0 id 0
(41728) DBB: write data from dla (00000000 00000000...)
(41728) DBB: write, last tick
(41734) DBB: write request from dla, addr 801015c0 id 0
(41734) DBB: write data from dla (00000000 00000000...)
(41734) DBB: write, last tick
(41740) DBB: write request from dla, addr 801015c0 id 0
(41740) DBB: write data from dla (00000000 00000000...)
(41740) DBB: write, last tick
(41746) DBB: write request from dla, addr 801015c0 id 0
(41746) DBB: write data from dla (00000000 00000000...)
(41746) DBB: write, last tick
(41752) DBB: write request from dla, addr 801015c0 id 0
(41752) DBB: write data from dla (00000000 00000000...)
(41752) DBB: write, last tick
(41758) DBB: write request from dla, addr 801015c0 id 0
(41758) DBB: write data from dla (00000000 00000000...)
(41758) DBB: write, last tick
(41764) DBB: write request from dla, addr 801015c0 id 0
(41764) DBB: write data from dla (00000000 00000000...)
(41764) DBB: write, last tick
(41770) DBB: write request from dla, addr 801015c0 id 0
(41770) DBB: write data from dla (00000000 00000000...)
(41770) DBB: write, last tick
(41776) DBB: write request from dla, addr 801015c0 id 0
(41776) DBB: write data from dla (00000000 00000000...)
(41776) DBB: write, last tick
(41782) DBB: write request from dla, addr 801015c0 id 0
(41782) DBB: write data from dla (00000000 00000000...)
(41782) DBB: write, last tick
(41788) DBB: write request from dla, addr 801015c0 id 0
(41788) DBB: write data from dla (00000000 00000000...)
(41788) DBB: write, last tick
(41794) DBB: write request from dla, addr 801015c0 id 0
(41794) DBB: write data from dla (00000000 00000000...)
(41794) DBB: write, last tick
(41800) DBB: write request from dla, addr 801015c0 id 0
(41800) DBB: write data from dla (00000000 00000000...)
(41800) DBB: write, last tick
(41806) DBB: write request from dla, addr 801015c0 id 0
(41806) DBB: write data from dla (00000000 00000000...)
(41806) DBB: write, last tick
(41812) DBB: write request from dla, addr 801015c0 id 0
(41812) DBB: write data from dla (00000000 00000000...)
(41812) DBB: write, last tick
(41818) DBB: write request from dla, addr 801015c0 id 0
(41818) DBB: write data from dla (00000000 00000000...)
(41818) DBB: write, last tick
(41824) DBB: write request from dla, addr 801015c0 id 0
(41824) DBB: write data from dla (00000000 00000000...)
(41824) DBB: write, last tick
(41830) DBB: write request from dla, addr 801015c0 id 0
(41830) DBB: write data from dla (00000000 00000000...)
(41830) DBB: write, last tick
(41836) DBB: write request from dla, addr 801015c0 id 0
(41836) DBB: write data from dla (00000000 00000000...)
(41836) DBB: write, last tick
(41842) DBB: write request from dla, addr 801015c0 id 0
(41842) DBB: write data from dla (00000000 00000000...)
(41842) DBB: write, last tick
(41848) DBB: write request from dla, addr 801015c0 id 0
(41848) DBB: write data from dla (00000000 00000000...)
(41848) DBB: write, last tick
(41854) DBB: write request from dla, addr 801015c0 id 0
(41854) DBB: write data from dla (00000000 00000000...)
(41854) DBB: write, last tick
(41860) DBB: write request from dla, addr 801015c0 id 0
(41860) DBB: write data from dla (00000000 00000000...)
(41860) DBB: write, last tick
(41866) DBB: write request from dla, addr 801015c0 id 0
(41866) DBB: write data from dla (00000000 00000000...)
(41866) DBB: write, last tick
(41872) DBB: write request from dla, addr 801015c0 id 0
(41872) DBB: write data from dla (00000000 00000000...)
(41872) DBB: write, last tick
(41878) DBB: write request from dla, addr 801015c0 id 0
(41878) DBB: write data from dla (00000000 00000000...)
(41878) DBB: write, last tick
(41884) DBB: write request from dla, addr 801015c0 id 0
(41884) DBB: write data from dla (00000000 00000000...)
(41884) DBB: write, last tick
(41890) DBB: write request from dla, addr 801015c0 id 0
(41890) DBB: write data from dla (00000000 00000000...)
(41890) DBB: write, last tick
(41896) DBB: write request from dla, addr 801015c0 id 0
(41896) DBB: write data from dla (00000000 00000000...)
(41896) DBB: write, last tick
(41902) DBB: write request from dla, addr 801015c0 id 0
(41902) DBB: write data from dla (00000000 00000000...)
(41902) DBB: write, last tick
(41908) DBB: write request from dla, addr 801015c0 id 0
(41908) DBB: write data from dla (00000000 00000000...)
(41908) DBB: write, last tick
(41914) DBB: write request from dla, addr 801015c0 id 0
(41914) DBB: write data from dla (00000000 00000000...)
(41914) DBB: write, last tick
(41920) DBB: write request from dla, addr 801015c0 id 0
(41920) DBB: write data from dla (00000000 00000000...)
(41920) DBB: write, last tick
(41926) DBB: write request from dla, addr 801015c0 id 0
(41926) DBB: write data from dla (00000000 00000000...)
(41926) DBB: write, last tick
(41932) DBB: write request from dla, addr 801015c0 id 0
(41932) DBB: write data from dla (00000000 00000000...)
(41932) DBB: write, last tick
(41938) DBB: write request from dla, addr 801015c0 id 0
(41938) DBB: write data from dla (00000000 00000000...)
(41938) DBB: write, last tick
(41944) DBB: write request from dla, addr 801015c0 id 0
(41944) DBB: write data from dla (00000000 00000000...)
(41944) DBB: write, last tick
(41950) DBB: write request from dla, addr 801015c0 id 0
(41950) DBB: write data from dla (00000000 00000000...)
(41950) DBB: write, last tick
(41956) DBB: write request from dla, addr 801015c0 id 0
(41956) DBB: write data from dla (00000000 00000000...)
(41956) DBB: write, last tick
(41962) DBB: write request from dla, addr 801015c0 id 0
(41962) DBB: write data from dla (00000000 00000000...)
(41962) DBB: write, last tick
(41968) DBB: write request from dla, addr 801015c0 id 0
(41968) DBB: write data from dla (00000000 00000000...)
(41968) DBB: write, last tick
(41974) DBB: write request from dla, addr 801015c0 id 0
(41974) DBB: write data from dla (00000000 00000000...)
(41974) DBB: write, last tick
(41980) DBB: write request from dla, addr 801015c0 id 0
(41980) DBB: write data from dla (00000000 00000000...)
(41980) DBB: write, last tick
(41986) DBB: write request from dla, addr 801015c0 id 0
(41986) DBB: write data from dla (00000000 00000000...)
(41986) DBB: write, last tick
(41992) DBB: write request from dla, addr 801015c0 id 0
(41992) DBB: write data from dla (00000000 00000000...)
(41992) DBB: write, last tick
(41998) DBB: write request from dla, addr 801015c0 id 0
(41998) DBB: write data from dla (00000000 00000000...)
(41998) DBB: write, last tick
(42004) DBB: write request from dla, addr 801015c0 id 0
(42004) DBB: write data from dla (00000000 00000000...)
(42004) DBB: write, last tick
(42010) DBB: write request from dla, addr 801015c0 id 0
(42010) DBB: write data from dla (00000000 00000000...)
(42010) DBB: write, last tick
(42016) DBB: write request from dla, addr 801015c0 id 0
(42016) DBB: write data from dla (00000000 00000000...)
(42016) DBB: write, last tick
(42022) DBB: write request from dla, addr 801015c0 id 0
(42022) DBB: write data from dla (00000000 00000000...)
(42022) DBB: write, last tick
(42028) DBB: write request from dla, addr 801015c0 id 0
(42028) DBB: write data from dla (00000000 00000000...)
(42028) DBB: write, last tick
(42034) DBB: write request from dla, addr 801015c0 id 0
(42034) DBB: write data from dla (00000000 00000000...)
(42034) DBB: write, last tick
(42040) DBB: write request from dla, addr 801015c0 id 0
(42040) DBB: write data from dla (00000000 00000000...)
(42040) DBB: write, last tick
(42046) DBB: write request from dla, addr 801015c0 id 0
(42046) DBB: write data from dla (00000000 00000000...)
(42046) DBB: write, last tick
(42052) DBB: write request from dla, addr 801015c0 id 0
(42052) DBB: write data from dla (00000000 00000000...)
(42052) DBB: write, last tick
(42058) DBB: write request from dla, addr 801015c0 id 0
(42058) DBB: write data from dla (00000000 00000000...)
(42058) DBB: write, last tick
(42064) DBB: write request from dla, addr 80101600 id 0
(42064) DBB: write data from dla (00000025 00000000...)
(42064) DBB: write, last tick
(42070) DBB: write request from dla, addr 80101600 id 0
(42070) DBB: write data from dla (00003000 00000000...)
(42070) DBB: write, last tick
(42076) DBB: write request from dla, addr 80101600 id 0
(42076) DBB: write data from dla (00250000 00000000...)
(42076) DBB: write, last tick
(42082) DBB: write request from dla, addr 80101600 id 0
(42082) DBB: write data from dla (31000000 00000000...)
(42082) DBB: write, last tick
(42088) DBB: write request from dla, addr 80101600 id 0
(42088) DBB: write data from dla (00000000 00000025...)
(42088) DBB: write, last tick
(42094) DBB: write request from dla, addr 80101600 id 0
(42094) DBB: write data from dla (00000000 00003200...)
(42094) DBB: write, last tick
(42100) DBB: write request from dla, addr 80101600 id 0
(42100) DBB: write data from dla (00000000 00250000...)
(42100) DBB: write, last tick
(42106) DBB: write request from dla, addr 80101600 id 0
(42106) DBB: write data from dla (00000000 33000000...)
(42106) DBB: write, last tick
(42112) DBB: write request from dla, addr 80101600 id 0
(42112) DBB: write data from dla (00000000 00000000...)
(42112) DBB: write, last tick
(42118) DBB: write request from dla, addr 80101600 id 0
(42118) DBB: write data from dla (00000000 00000000...)
(42118) DBB: write, last tick
(42124) DBB: write request from dla, addr 80101600 id 0
(42124) DBB: write data from dla (00000000 00000000...)
(42124) DBB: write, last tick
(42130) DBB: write request from dla, addr 80101600 id 0
(42130) DBB: write data from dla (00000000 00000000...)
(42130) DBB: write, last tick
(42136) DBB: write request from dla, addr 80101600 id 0
(42136) DBB: write data from dla (00000000 00000000...)
(42136) DBB: write, last tick
(42142) DBB: write request from dla, addr 80101600 id 0
(42142) DBB: write data from dla (00000000 00000000...)
(42142) DBB: write, last tick
(42148) DBB: write request from dla, addr 80101600 id 0
(42148) DBB: write data from dla (00000000 00000000...)
(42148) DBB: write, last tick
(42154) DBB: write request from dla, addr 80101600 id 0
(42154) DBB: write data from dla (00000000 00000000...)
(42154) DBB: write, last tick
(42160) DBB: write request from dla, addr 80101600 id 0
(42160) DBB: write data from dla (00000000 00000000...)
(42160) DBB: write, last tick
(42166) DBB: write request from dla, addr 80101600 id 0
(42166) DBB: write data from dla (00000000 00000000...)
(42166) DBB: write, last tick
(42172) DBB: write request from dla, addr 80101600 id 0
(42172) DBB: write data from dla (00000000 00000000...)
(42172) DBB: write, last tick
(42178) DBB: write request from dla, addr 80101600 id 0
(42178) DBB: write data from dla (00000000 00000000...)
(42178) DBB: write, last tick
(42184) DBB: write request from dla, addr 80101600 id 0
(42184) DBB: write data from dla (00000000 00000000...)
(42184) DBB: write, last tick
(42190) DBB: write request from dla, addr 80101600 id 0
(42190) DBB: write data from dla (00000000 00000000...)
(42190) DBB: write, last tick
(42196) DBB: write request from dla, addr 80101600 id 0
(42196) DBB: write data from dla (00000000 00000000...)
(42196) DBB: write, last tick
(42202) DBB: write request from dla, addr 80101600 id 0
(42202) DBB: write data from dla (00000000 00000000...)
(42202) DBB: write, last tick
(42208) DBB: write request from dla, addr 80101600 id 0
(42208) DBB: write data from dla (00000000 00000000...)
(42208) DBB: write, last tick
(42214) DBB: write request from dla, addr 80101600 id 0
(42214) DBB: write data from dla (00000000 00000000...)
(42214) DBB: write, last tick
(42220) DBB: write request from dla, addr 80101600 id 0
(42220) DBB: write data from dla (00000000 00000000...)
(42220) DBB: write, last tick
(42226) DBB: write request from dla, addr 80101600 id 0
(42226) DBB: write data from dla (00000000 00000000...)
(42226) DBB: write, last tick
(42232) DBB: write request from dla, addr 80101600 id 0
(42232) DBB: write data from dla (00000000 00000000...)
(42232) DBB: write, last tick
(42238) DBB: write request from dla, addr 80101600 id 0
(42238) DBB: write data from dla (00000000 00000000...)
(42238) DBB: write, last tick
(42244) DBB: write request from dla, addr 80101600 id 0
(42244) DBB: write data from dla (00000000 00000000...)
(42244) DBB: write, last tick
(42250) DBB: write request from dla, addr 80101600 id 0
(42250) DBB: write data from dla (00000000 00000000...)
(42250) DBB: write, last tick
(42256) DBB: write request from dla, addr 80101600 id 0
(42256) DBB: write data from dla (00000000 00000000...)
(42256) DBB: write, last tick
(42262) DBB: write request from dla, addr 80101600 id 0
(42262) DBB: write data from dla (00000000 00000000...)
(42262) DBB: write, last tick
(42268) DBB: write request from dla, addr 80101600 id 0
(42268) DBB: write data from dla (00000000 00000000...)
(42268) DBB: write, last tick
(42274) DBB: write request from dla, addr 80101600 id 0
(42274) DBB: write data from dla (00000000 00000000...)
(42274) DBB: write, last tick
(42280) DBB: write request from dla, addr 80101600 id 0
(42280) DBB: write data from dla (00000000 00000000...)
(42280) DBB: write, last tick
(42286) DBB: write request from dla, addr 80101600 id 0
(42286) DBB: write data from dla (00000000 00000000...)
(42286) DBB: write, last tick
(42292) DBB: write request from dla, addr 80101600 id 0
(42292) DBB: write data from dla (00000000 00000000...)
(42292) DBB: write, last tick
(42298) DBB: write request from dla, addr 80101600 id 0
(42298) DBB: write data from dla (00000000 00000000...)
(42298) DBB: write, last tick
(42304) DBB: write request from dla, addr 80101600 id 0
(42304) DBB: write data from dla (00000000 00000000...)
(42304) DBB: write, last tick
(42310) DBB: write request from dla, addr 80101600 id 0
(42310) DBB: write data from dla (00000000 00000000...)
(42310) DBB: write, last tick
(42316) DBB: write request from dla, addr 80101600 id 0
(42316) DBB: write data from dla (00000000 00000000...)
(42316) DBB: write, last tick
(42322) DBB: write request from dla, addr 80101600 id 0
(42322) DBB: write data from dla (00000000 00000000...)
(42322) DBB: write, last tick
(42328) DBB: write request from dla, addr 80101600 id 0
(42328) DBB: write data from dla (00000000 00000000...)
(42328) DBB: write, last tick
(42334) DBB: write request from dla, addr 80101600 id 0
(42334) DBB: write data from dla (00000000 00000000...)
(42334) DBB: write, last tick
(42340) DBB: write request from dla, addr 80101600 id 0
(42340) DBB: write data from dla (00000000 00000000...)
(42340) DBB: write, last tick
(42346) DBB: write request from dla, addr 80101600 id 0
(42346) DBB: write data from dla (00000000 00000000...)
(42346) DBB: write, last tick
(42352) DBB: write request from dla, addr 80101600 id 0
(42352) DBB: write data from dla (00000000 00000000...)
(42352) DBB: write, last tick
(42358) DBB: write request from dla, addr 80101600 id 0
(42358) DBB: write data from dla (00000000 00000000...)
(42358) DBB: write, last tick
(42364) DBB: write request from dla, addr 80101600 id 0
(42364) DBB: write data from dla (00000000 00000000...)
(42364) DBB: write, last tick
(42370) DBB: write request from dla, addr 80101600 id 0
(42370) DBB: write data from dla (00000000 00000000...)
(42370) DBB: write, last tick
(42376) DBB: write request from dla, addr 80101600 id 0
(42376) DBB: write data from dla (00000000 00000000...)
(42376) DBB: write, last tick
(42382) DBB: write request from dla, addr 80101600 id 0
(42382) DBB: write data from dla (00000000 00000000...)
(42382) DBB: write, last tick
(42388) DBB: write request from dla, addr 80101600 id 0
(42388) DBB: write data from dla (00000000 00000000...)
(42388) DBB: write, last tick
(42394) DBB: write request from dla, addr 80101600 id 0
(42394) DBB: write data from dla (00000000 00000000...)
(42394) DBB: write, last tick
(42400) DBB: write request from dla, addr 80101600 id 0
(42400) DBB: write data from dla (00000000 00000000...)
(42400) DBB: write, last tick
(42406) DBB: write request from dla, addr 80101600 id 0
(42406) DBB: write data from dla (00000000 00000000...)
(42406) DBB: write, last tick
(42412) DBB: write request from dla, addr 80101600 id 0
(42412) DBB: write data from dla (00000000 00000000...)
(42412) DBB: write, last tick
(42418) DBB: write request from dla, addr 80101600 id 0
(42418) DBB: write data from dla (00000000 00000000...)
(42418) DBB: write, last tick
(42424) DBB: write request from dla, addr 80101600 id 0
(42424) DBB: write data from dla (00000000 00000000...)
(42424) DBB: write, last tick
(42430) DBB: write request from dla, addr 80101600 id 0
(42430) DBB: write data from dla (00000000 00000000...)
(42430) DBB: write, last tick
(42436) DBB: write request from dla, addr 80101600 id 0
(42436) DBB: write data from dla (00000000 00000000...)
(42436) DBB: write, last tick
(42442) DBB: write request from dla, addr 80101600 id 0
(42442) DBB: write data from dla (00000000 00000000...)
(42442) DBB: write, last tick
(42448) DBB: write request from dla, addr 80101640 id 0
(42448) DBB: write data from dla (00000045 00000000...)
(42448) DBB: write, last tick
(42454) DBB: write request from dla, addr 80101640 id 0
(42454) DBB: write data from dla (00003000 00000000...)
(42454) DBB: write, last tick
(42460) DBB: write request from dla, addr 80101640 id 0
(42460) DBB: write data from dla (00450000 00000000...)
(42460) DBB: write, last tick
(42466) DBB: write request from dla, addr 80101640 id 0
(42466) DBB: write data from dla (31000000 00000000...)
(42466) DBB: write, last tick
(42472) DBB: write request from dla, addr 80101640 id 0
(42472) DBB: write data from dla (00000000 00000045...)
(42472) DBB: write, last tick
(42478) DBB: write request from dla, addr 80101640 id 0
(42478) DBB: write data from dla (00000000 00003200...)
(42478) DBB: write, last tick
(42484) DBB: write request from dla, addr 80101640 id 0
(42484) DBB: write data from dla (00000000 00450000...)
(42484) DBB: write, last tick
(42490) DBB: write request from dla, addr 80101640 id 0
(42490) DBB: write data from dla (00000000 33000000...)
(42490) DBB: write, last tick
(42496) DBB: write request from dla, addr 80101640 id 0
(42496) DBB: write data from dla (00000000 00000000...)
(42496) DBB: write, last tick
(42502) DBB: write request from dla, addr 80101640 id 0
(42502) DBB: write data from dla (00000000 00000000...)
(42502) DBB: write, last tick
(42508) DBB: write request from dla, addr 80101640 id 0
(42508) DBB: write data from dla (00000000 00000000...)
(42508) DBB: write, last tick
(42514) DBB: write request from dla, addr 80101640 id 0
(42514) DBB: write data from dla (00000000 00000000...)
(42514) DBB: write, last tick
(42520) DBB: write request from dla, addr 80101640 id 0
(42520) DBB: write data from dla (00000000 00000000...)
(42520) DBB: write, last tick
(42526) DBB: write request from dla, addr 80101640 id 0
(42526) DBB: write data from dla (00000000 00000000...)
(42526) DBB: write, last tick
(42532) DBB: write request from dla, addr 80101640 id 0
(42532) DBB: write data from dla (00000000 00000000...)
(42532) DBB: write, last tick
(42538) DBB: write request from dla, addr 80101640 id 0
(42538) DBB: write data from dla (00000000 00000000...)
(42538) DBB: write, last tick
(42544) DBB: write request from dla, addr 80101640 id 0
(42544) DBB: write data from dla (00000000 00000000...)
(42544) DBB: write, last tick
(42550) DBB: write request from dla, addr 80101640 id 0
(42550) DBB: write data from dla (00000000 00000000...)
(42550) DBB: write, last tick
(42556) DBB: write request from dla, addr 80101640 id 0
(42556) DBB: write data from dla (00000000 00000000...)
(42556) DBB: write, last tick
(42562) DBB: write request from dla, addr 80101640 id 0
(42562) DBB: write data from dla (00000000 00000000...)
(42562) DBB: write, last tick
(42568) DBB: write request from dla, addr 80101640 id 0
(42568) DBB: write data from dla (00000000 00000000...)
(42568) DBB: write, last tick
(42574) DBB: write request from dla, addr 80101640 id 0
(42574) DBB: write data from dla (00000000 00000000...)
(42574) DBB: write, last tick
(42580) DBB: write request from dla, addr 80101640 id 0
(42580) DBB: write data from dla (00000000 00000000...)
(42580) DBB: write, last tick
(42586) DBB: write request from dla, addr 80101640 id 0
(42586) DBB: write data from dla (00000000 00000000...)
(42586) DBB: write, last tick
(42592) DBB: write request from dla, addr 80101640 id 0
(42592) DBB: write data from dla (00000000 00000000...)
(42592) DBB: write, last tick
(42598) DBB: write request from dla, addr 80101640 id 0
(42598) DBB: write data from dla (00000000 00000000...)
(42598) DBB: write, last tick
(42604) DBB: write request from dla, addr 80101640 id 0
(42604) DBB: write data from dla (00000000 00000000...)
(42604) DBB: write, last tick
(42610) DBB: write request from dla, addr 80101640 id 0
(42610) DBB: write data from dla (00000000 00000000...)
(42610) DBB: write, last tick
(42616) DBB: write request from dla, addr 80101640 id 0
(42616) DBB: write data from dla (00000000 00000000...)
(42616) DBB: write, last tick
(42622) DBB: write request from dla, addr 80101640 id 0
(42622) DBB: write data from dla (00000000 00000000...)
(42622) DBB: write, last tick
(42628) DBB: write request from dla, addr 80101640 id 0
(42628) DBB: write data from dla (00000000 00000000...)
(42628) DBB: write, last tick
(42634) DBB: write request from dla, addr 80101640 id 0
(42634) DBB: write data from dla (00000000 00000000...)
(42634) DBB: write, last tick
(42640) DBB: write request from dla, addr 80101640 id 0
(42640) DBB: write data from dla (00000000 00000000...)
(42640) DBB: write, last tick
(42646) DBB: write request from dla, addr 80101640 id 0
(42646) DBB: write data from dla (00000000 00000000...)
(42646) DBB: write, last tick
(42652) DBB: write request from dla, addr 80101640 id 0
(42652) DBB: write data from dla (00000000 00000000...)
(42652) DBB: write, last tick
(42658) DBB: write request from dla, addr 80101640 id 0
(42658) DBB: write data from dla (00000000 00000000...)
(42658) DBB: write, last tick
(42664) DBB: write request from dla, addr 80101640 id 0
(42664) DBB: write data from dla (00000000 00000000...)
(42664) DBB: write, last tick
(42670) DBB: write request from dla, addr 80101640 id 0
(42670) DBB: write data from dla (00000000 00000000...)
(42670) DBB: write, last tick
(42676) DBB: write request from dla, addr 80101640 id 0
(42676) DBB: write data from dla (00000000 00000000...)
(42676) DBB: write, last tick
(42682) DBB: write request from dla, addr 80101640 id 0
(42682) DBB: write data from dla (00000000 00000000...)
(42682) DBB: write, last tick
(42688) DBB: write request from dla, addr 80101640 id 0
(42688) DBB: write data from dla (00000000 00000000...)
(42688) DBB: write, last tick
(42694) DBB: write request from dla, addr 80101640 id 0
(42694) DBB: write data from dla (00000000 00000000...)
(42694) DBB: write, last tick
(42700) DBB: write request from dla, addr 80101640 id 0
(42700) DBB: write data from dla (00000000 00000000...)
(42700) DBB: write, last tick
(42706) DBB: write request from dla, addr 80101640 id 0
(42706) DBB: write data from dla (00000000 00000000...)
(42706) DBB: write, last tick
(42712) DBB: write request from dla, addr 80101640 id 0
(42712) DBB: write data from dla (00000000 00000000...)
(42712) DBB: write, last tick
(42718) DBB: write request from dla, addr 80101640 id 0
(42718) DBB: write data from dla (00000000 00000000...)
(42718) DBB: write, last tick
(42724) DBB: write request from dla, addr 80101640 id 0
(42724) DBB: write data from dla (00000000 00000000...)
(42724) DBB: write, last tick
(42730) DBB: write request from dla, addr 80101640 id 0
(42730) DBB: write data from dla (00000000 00000000...)
(42730) DBB: write, last tick
(42736) DBB: write request from dla, addr 80101640 id 0
(42736) DBB: write data from dla (00000000 00000000...)
(42736) DBB: write, last tick
(42742) DBB: write request from dla, addr 80101640 id 0
(42742) DBB: write data from dla (00000000 00000000...)
(42742) DBB: write, last tick
(42748) DBB: write request from dla, addr 80101640 id 0
(42748) DBB: write data from dla (00000000 00000000...)
(42748) DBB: write, last tick
(42754) DBB: write request from dla, addr 80101640 id 0
(42754) DBB: write data from dla (00000000 00000000...)
(42754) DBB: write, last tick
(42760) DBB: write request from dla, addr 80101640 id 0
(42760) DBB: write data from dla (00000000 00000000...)
(42760) DBB: write, last tick
(42766) DBB: write request from dla, addr 80101640 id 0
(42766) DBB: write data from dla (00000000 00000000...)
(42766) DBB: write, last tick
(42772) DBB: write request from dla, addr 80101640 id 0
(42772) DBB: write data from dla (00000000 00000000...)
(42772) DBB: write, last tick
(42778) DBB: write request from dla, addr 80101640 id 0
(42778) DBB: write data from dla (00000000 00000000...)
(42778) DBB: write, last tick
(42784) DBB: write request from dla, addr 80101640 id 0
(42784) DBB: write data from dla (00000000 00000000...)
(42784) DBB: write, last tick
(42790) DBB: write request from dla, addr 80101640 id 0
(42790) DBB: write data from dla (00000000 00000000...)
(42790) DBB: write, last tick
(42796) DBB: write request from dla, addr 80101640 id 0
(42796) DBB: write data from dla (00000000 00000000...)
(42796) DBB: write, last tick
(42802) DBB: write request from dla, addr 80101640 id 0
(42802) DBB: write data from dla (00000000 00000000...)
(42802) DBB: write, last tick
(42808) DBB: write request from dla, addr 80101640 id 0
(42808) DBB: write data from dla (00000000 00000000...)
(42808) DBB: write, last tick
(42814) DBB: write request from dla, addr 80101640 id 0
(42814) DBB: write data from dla (00000000 00000000...)
(42814) DBB: write, last tick
(42820) DBB: write request from dla, addr 80101640 id 0
(42820) DBB: write data from dla (00000000 00000000...)
(42820) DBB: write, last tick
(42826) DBB: write request from dla, addr 80101640 id 0
(42826) DBB: write data from dla (00000000 00000000...)
(42826) DBB: write, last tick
(42832) DBB: write request from dla, addr 80101680 id 0
(42832) DBB: write data from dla (00000065 00000000...)
(42832) DBB: write, last tick
(42838) DBB: write request from dla, addr 80101680 id 0
(42838) DBB: write data from dla (00003000 00000000...)
(42838) DBB: write, last tick
(42844) DBB: write request from dla, addr 80101680 id 0
(42844) DBB: write data from dla (00650000 00000000...)
(42844) DBB: write, last tick
(42850) DBB: write request from dla, addr 80101680 id 0
(42850) DBB: write data from dla (31000000 00000000...)
(42850) DBB: write, last tick
(42856) DBB: write request from dla, addr 80101680 id 0
(42856) DBB: write data from dla (00000000 00000065...)
(42856) DBB: write, last tick
(42862) DBB: write request from dla, addr 80101680 id 0
(42862) DBB: write data from dla (00000000 00003200...)
(42862) DBB: write, last tick
(42868) DBB: write request from dla, addr 80101680 id 0
(42868) DBB: write data from dla (00000000 00650000...)
(42868) DBB: write, last tick
(42874) DBB: write request from dla, addr 80101680 id 0
(42874) DBB: write data from dla (00000000 33000000...)
(42874) DBB: write, last tick
(42880) DBB: write request from dla, addr 80101680 id 0
(42880) DBB: write data from dla (00000000 00000000...)
(42880) DBB: write, last tick
(42886) DBB: write request from dla, addr 80101680 id 0
(42886) DBB: write data from dla (00000000 00000000...)
(42886) DBB: write, last tick
(42892) DBB: write request from dla, addr 80101680 id 0
(42892) DBB: write data from dla (00000000 00000000...)
(42892) DBB: write, last tick
(42898) DBB: write request from dla, addr 80101680 id 0
(42898) DBB: write data from dla (00000000 00000000...)
(42898) DBB: write, last tick
(42904) DBB: write request from dla, addr 80101680 id 0
(42904) DBB: write data from dla (00000000 00000000...)
(42904) DBB: write, last tick
(42910) DBB: write request from dla, addr 80101680 id 0
(42910) DBB: write data from dla (00000000 00000000...)
(42910) DBB: write, last tick
(42916) DBB: write request from dla, addr 80101680 id 0
(42916) DBB: write data from dla (00000000 00000000...)
(42916) DBB: write, last tick
(42922) DBB: write request from dla, addr 80101680 id 0
(42922) DBB: write data from dla (00000000 00000000...)
(42922) DBB: write, last tick
(42928) DBB: write request from dla, addr 80101680 id 0
(42928) DBB: write data from dla (00000000 00000000...)
(42928) DBB: write, last tick
(42934) DBB: write request from dla, addr 80101680 id 0
(42934) DBB: write data from dla (00000000 00000000...)
(42934) DBB: write, last tick
(42940) DBB: write request from dla, addr 80101680 id 0
(42940) DBB: write data from dla (00000000 00000000...)
(42940) DBB: write, last tick
(42946) DBB: write request from dla, addr 80101680 id 0
(42946) DBB: write data from dla (00000000 00000000...)
(42946) DBB: write, last tick
(42952) DBB: write request from dla, addr 80101680 id 0
(42952) DBB: write data from dla (00000000 00000000...)
(42952) DBB: write, last tick
(42958) DBB: write request from dla, addr 80101680 id 0
(42958) DBB: write data from dla (00000000 00000000...)
(42958) DBB: write, last tick
(42964) DBB: write request from dla, addr 80101680 id 0
(42964) DBB: write data from dla (00000000 00000000...)
(42964) DBB: write, last tick
(42970) DBB: write request from dla, addr 80101680 id 0
(42970) DBB: write data from dla (00000000 00000000...)
(42970) DBB: write, last tick
(42976) DBB: write request from dla, addr 80101680 id 0
(42976) DBB: write data from dla (00000000 00000000...)
(42976) DBB: write, last tick
(42982) DBB: write request from dla, addr 80101680 id 0
(42982) DBB: write data from dla (00000000 00000000...)
(42982) DBB: write, last tick
(42988) DBB: write request from dla, addr 80101680 id 0
(42988) DBB: write data from dla (00000000 00000000...)
(42988) DBB: write, last tick
(42994) DBB: write request from dla, addr 80101680 id 0
(42994) DBB: write data from dla (00000000 00000000...)
(42994) DBB: write, last tick
(43000) DBB: write request from dla, addr 80101680 id 0
(43000) DBB: write data from dla (00000000 00000000...)
(43000) DBB: write, last tick
(43006) DBB: write request from dla, addr 80101680 id 0
(43006) DBB: write data from dla (00000000 00000000...)
(43006) DBB: write, last tick
(43012) DBB: write request from dla, addr 80101680 id 0
(43012) DBB: write data from dla (00000000 00000000...)
(43012) DBB: write, last tick
(43018) DBB: write request from dla, addr 80101680 id 0
(43018) DBB: write data from dla (00000000 00000000...)
(43018) DBB: write, last tick
(43024) DBB: write request from dla, addr 80101680 id 0
(43024) DBB: write data from dla (00000000 00000000...)
(43024) DBB: write, last tick
(43030) DBB: write request from dla, addr 80101680 id 0
(43030) DBB: write data from dla (00000000 00000000...)
(43030) DBB: write, last tick
(43036) DBB: write request from dla, addr 80101680 id 0
(43036) DBB: write data from dla (00000000 00000000...)
(43036) DBB: write, last tick
(43042) DBB: write request from dla, addr 80101680 id 0
(43042) DBB: write data from dla (00000000 00000000...)
(43042) DBB: write, last tick
(43048) DBB: write request from dla, addr 80101680 id 0
(43048) DBB: write data from dla (00000000 00000000...)
(43048) DBB: write, last tick
(43054) DBB: write request from dla, addr 80101680 id 0
(43054) DBB: write data from dla (00000000 00000000...)
(43054) DBB: write, last tick
(43060) DBB: write request from dla, addr 80101680 id 0
(43060) DBB: write data from dla (00000000 00000000...)
(43060) DBB: write, last tick
(43066) DBB: write request from dla, addr 80101680 id 0
(43066) DBB: write data from dla (00000000 00000000...)
(43066) DBB: write, last tick
(43072) DBB: write request from dla, addr 80101680 id 0
(43072) DBB: write data from dla (00000000 00000000...)
(43072) DBB: write, last tick
(43078) DBB: write request from dla, addr 80101680 id 0
(43078) DBB: write data from dla (00000000 00000000...)
(43078) DBB: write, last tick
(43084) DBB: write request from dla, addr 80101680 id 0
(43084) DBB: write data from dla (00000000 00000000...)
(43084) DBB: write, last tick
(43090) DBB: write request from dla, addr 80101680 id 0
(43090) DBB: write data from dla (00000000 00000000...)
(43090) DBB: write, last tick
(43096) DBB: write request from dla, addr 80101680 id 0
(43096) DBB: write data from dla (00000000 00000000...)
(43096) DBB: write, last tick
(43102) DBB: write request from dla, addr 80101680 id 0
(43102) DBB: write data from dla (00000000 00000000...)
(43102) DBB: write, last tick
(43108) DBB: write request from dla, addr 80101680 id 0
(43108) DBB: write data from dla (00000000 00000000...)
(43108) DBB: write, last tick
(43114) DBB: write request from dla, addr 80101680 id 0
(43114) DBB: write data from dla (00000000 00000000...)
(43114) DBB: write, last tick
(43120) DBB: write request from dla, addr 80101680 id 0
(43120) DBB: write data from dla (00000000 00000000...)
(43120) DBB: write, last tick
(43126) DBB: write request from dla, addr 80101680 id 0
(43126) DBB: write data from dla (00000000 00000000...)
(43126) DBB: write, last tick
(43132) DBB: write request from dla, addr 80101680 id 0
(43132) DBB: write data from dla (00000000 00000000...)
(43132) DBB: write, last tick
(43138) DBB: write request from dla, addr 80101680 id 0
(43138) DBB: write data from dla (00000000 00000000...)
(43138) DBB: write, last tick
(43144) DBB: write request from dla, addr 80101680 id 0
(43144) DBB: write data from dla (00000000 00000000...)
(43144) DBB: write, last tick
(43150) DBB: write request from dla, addr 80101680 id 0
(43150) DBB: write data from dla (00000000 00000000...)
(43150) DBB: write, last tick
(43156) DBB: write request from dla, addr 80101680 id 0
(43156) DBB: write data from dla (00000000 00000000...)
(43156) DBB: write, last tick
(43162) DBB: write request from dla, addr 80101680 id 0
(43162) DBB: write data from dla (00000000 00000000...)
(43162) DBB: write, last tick
(43168) DBB: write request from dla, addr 80101680 id 0
(43168) DBB: write data from dla (00000000 00000000...)
(43168) DBB: write, last tick
(43174) DBB: write request from dla, addr 80101680 id 0
(43174) DBB: write data from dla (00000000 00000000...)
(43174) DBB: write, last tick
(43180) DBB: write request from dla, addr 80101680 id 0
(43180) DBB: write data from dla (00000000 00000000...)
(43180) DBB: write, last tick
(43186) DBB: write request from dla, addr 80101680 id 0
(43186) DBB: write data from dla (00000000 00000000...)
(43186) DBB: write, last tick
(43192) DBB: write request from dla, addr 80101680 id 0
(43192) DBB: write data from dla (00000000 00000000...)
(43192) DBB: write, last tick
(43198) DBB: write request from dla, addr 80101680 id 0
(43198) DBB: write data from dla (00000000 00000000...)
(43198) DBB: write, last tick
(43204) DBB: write request from dla, addr 80101680 id 0
(43204) DBB: write data from dla (00000000 00000000...)
(43204) DBB: write, last tick
(43210) DBB: write request from dla, addr 80101680 id 0
(43210) DBB: write data from dla (00000000 00000000...)
(43210) DBB: write, last tick
(43216) DBB: write request from dla, addr 801016c0 id 0
(43216) DBB: write data from dla (00000016 00000000...)
(43216) DBB: write, last tick
(43222) DBB: write request from dla, addr 801016c0 id 0
(43222) DBB: write data from dla (00003000 00000000...)
(43222) DBB: write, last tick
(43228) DBB: write request from dla, addr 801016c0 id 0
(43228) DBB: write data from dla (00160000 00000000...)
(43228) DBB: write, last tick
(43234) DBB: write request from dla, addr 801016c0 id 0
(43234) DBB: write data from dla (31000000 00000000...)
(43234) DBB: write, last tick
(43240) DBB: write request from dla, addr 801016c0 id 0
(43240) DBB: write data from dla (00000000 00000016...)
(43240) DBB: write, last tick
(43246) DBB: write request from dla, addr 801016c0 id 0
(43246) DBB: write data from dla (00000000 00003200...)
(43246) DBB: write, last tick
(43252) DBB: write request from dla, addr 801016c0 id 0
(43252) DBB: write data from dla (00000000 00160000...)
(43252) DBB: write, last tick
(43258) DBB: write request from dla, addr 801016c0 id 0
(43258) DBB: write data from dla (00000000 33000000...)
(43258) DBB: write, last tick
(43264) DBB: write request from dla, addr 801016c0 id 0
(43264) DBB: write data from dla (00000000 00000000...)
(43264) DBB: write, last tick
(43270) DBB: write request from dla, addr 801016c0 id 0
(43270) DBB: write data from dla (00000000 00000000...)
(43270) DBB: write, last tick
(43276) DBB: write request from dla, addr 801016c0 id 0
(43276) DBB: write data from dla (00000000 00000000...)
(43276) DBB: write, last tick
(43282) DBB: write request from dla, addr 801016c0 id 0
(43282) DBB: write data from dla (00000000 00000000...)
(43282) DBB: write, last tick
(43288) DBB: write request from dla, addr 801016c0 id 0
(43288) DBB: write data from dla (00000000 00000000...)
(43288) DBB: write, last tick
(43294) DBB: write request from dla, addr 801016c0 id 0
(43294) DBB: write data from dla (00000000 00000000...)
(43294) DBB: write, last tick
(43300) DBB: write request from dla, addr 801016c0 id 0
(43300) DBB: write data from dla (00000000 00000000...)
(43300) DBB: write, last tick
(43306) DBB: write request from dla, addr 801016c0 id 0
(43306) DBB: write data from dla (00000000 00000000...)
(43306) DBB: write, last tick
(43312) DBB: write request from dla, addr 801016c0 id 0
(43312) DBB: write data from dla (00000000 00000000...)
(43312) DBB: write, last tick
(43318) DBB: write request from dla, addr 801016c0 id 0
(43318) DBB: write data from dla (00000000 00000000...)
(43318) DBB: write, last tick
(43324) DBB: write request from dla, addr 801016c0 id 0
(43324) DBB: write data from dla (00000000 00000000...)
(43324) DBB: write, last tick
(43330) DBB: write request from dla, addr 801016c0 id 0
(43330) DBB: write data from dla (00000000 00000000...)
(43330) DBB: write, last tick
(43336) DBB: write request from dla, addr 801016c0 id 0
(43336) DBB: write data from dla (00000000 00000000...)
(43336) DBB: write, last tick
(43342) DBB: write request from dla, addr 801016c0 id 0
(43342) DBB: write data from dla (00000000 00000000...)
(43342) DBB: write, last tick
(43348) DBB: write request from dla, addr 801016c0 id 0
(43348) DBB: write data from dla (00000000 00000000...)
(43348) DBB: write, last tick
(43354) DBB: write request from dla, addr 801016c0 id 0
(43354) DBB: write data from dla (00000000 00000000...)
(43354) DBB: write, last tick
(43360) DBB: write request from dla, addr 801016c0 id 0
(43360) DBB: write data from dla (00000000 00000000...)
(43360) DBB: write, last tick
(43366) DBB: write request from dla, addr 801016c0 id 0
(43366) DBB: write data from dla (00000000 00000000...)
(43366) DBB: write, last tick
(43372) DBB: write request from dla, addr 801016c0 id 0
(43372) DBB: write data from dla (00000000 00000000...)
(43372) DBB: write, last tick
(43378) DBB: write request from dla, addr 801016c0 id 0
(43378) DBB: write data from dla (00000000 00000000...)
(43378) DBB: write, last tick
(43384) DBB: write request from dla, addr 801016c0 id 0
(43384) DBB: write data from dla (00000000 00000000...)
(43384) DBB: write, last tick
(43390) DBB: write request from dla, addr 801016c0 id 0
(43390) DBB: write data from dla (00000000 00000000...)
(43390) DBB: write, last tick
(43396) DBB: write request from dla, addr 801016c0 id 0
(43396) DBB: write data from dla (00000000 00000000...)
(43396) DBB: write, last tick
(43402) DBB: write request from dla, addr 801016c0 id 0
(43402) DBB: write data from dla (00000000 00000000...)
(43402) DBB: write, last tick
(43408) DBB: write request from dla, addr 801016c0 id 0
(43408) DBB: write data from dla (00000000 00000000...)
(43408) DBB: write, last tick
(43414) DBB: write request from dla, addr 801016c0 id 0
(43414) DBB: write data from dla (00000000 00000000...)
(43414) DBB: write, last tick
(43420) DBB: write request from dla, addr 801016c0 id 0
(43420) DBB: write data from dla (00000000 00000000...)
(43420) DBB: write, last tick
(43426) DBB: write request from dla, addr 801016c0 id 0
(43426) DBB: write data from dla (00000000 00000000...)
(43426) DBB: write, last tick
(43432) DBB: write request from dla, addr 801016c0 id 0
(43432) DBB: write data from dla (00000000 00000000...)
(43432) DBB: write, last tick
(43438) DBB: write request from dla, addr 801016c0 id 0
(43438) DBB: write data from dla (00000000 00000000...)
(43438) DBB: write, last tick
(43444) DBB: write request from dla, addr 801016c0 id 0
(43444) DBB: write data from dla (00000000 00000000...)
(43444) DBB: write, last tick
(43450) DBB: write request from dla, addr 801016c0 id 0
(43450) DBB: write data from dla (00000000 00000000...)
(43450) DBB: write, last tick
(43456) DBB: write request from dla, addr 801016c0 id 0
(43456) DBB: write data from dla (00000000 00000000...)
(43456) DBB: write, last tick
(43462) DBB: write request from dla, addr 801016c0 id 0
(43462) DBB: write data from dla (00000000 00000000...)
(43462) DBB: write, last tick
(43468) DBB: write request from dla, addr 801016c0 id 0
(43468) DBB: write data from dla (00000000 00000000...)
(43468) DBB: write, last tick
(43474) DBB: write request from dla, addr 801016c0 id 0
(43474) DBB: write data from dla (00000000 00000000...)
(43474) DBB: write, last tick
(43480) DBB: write request from dla, addr 801016c0 id 0
(43480) DBB: write data from dla (00000000 00000000...)
(43480) DBB: write, last tick
(43486) DBB: write request from dla, addr 801016c0 id 0
(43486) DBB: write data from dla (00000000 00000000...)
(43486) DBB: write, last tick
(43492) DBB: write request from dla, addr 801016c0 id 0
(43492) DBB: write data from dla (00000000 00000000...)
(43492) DBB: write, last tick
(43498) DBB: write request from dla, addr 801016c0 id 0
(43498) DBB: write data from dla (00000000 00000000...)
(43498) DBB: write, last tick
(43504) DBB: write request from dla, addr 801016c0 id 0
(43504) DBB: write data from dla (00000000 00000000...)
(43504) DBB: write, last tick
(43510) DBB: write request from dla, addr 801016c0 id 0
(43510) DBB: write data from dla (00000000 00000000...)
(43510) DBB: write, last tick
(43516) DBB: write request from dla, addr 801016c0 id 0
(43516) DBB: write data from dla (00000000 00000000...)
(43516) DBB: write, last tick
(43522) DBB: write request from dla, addr 801016c0 id 0
(43522) DBB: write data from dla (00000000 00000000...)
(43522) DBB: write, last tick
(43528) DBB: write request from dla, addr 801016c0 id 0
(43528) DBB: write data from dla (00000000 00000000...)
(43528) DBB: write, last tick
(43534) DBB: write request from dla, addr 801016c0 id 0
(43534) DBB: write data from dla (00000000 00000000...)
(43534) DBB: write, last tick
(43540) DBB: write request from dla, addr 801016c0 id 0
(43540) DBB: write data from dla (00000000 00000000...)
(43540) DBB: write, last tick
(43546) DBB: write request from dla, addr 801016c0 id 0
(43546) DBB: write data from dla (00000000 00000000...)
(43546) DBB: write, last tick
(43552) DBB: write request from dla, addr 801016c0 id 0
(43552) DBB: write data from dla (00000000 00000000...)
(43552) DBB: write, last tick
(43558) DBB: write request from dla, addr 801016c0 id 0
(43558) DBB: write data from dla (00000000 00000000...)
(43558) DBB: write, last tick
(43564) DBB: write request from dla, addr 801016c0 id 0
(43564) DBB: write data from dla (00000000 00000000...)
(43564) DBB: write, last tick
(43570) DBB: write request from dla, addr 801016c0 id 0
(43570) DBB: write data from dla (00000000 00000000...)
(43570) DBB: write, last tick
(43576) DBB: write request from dla, addr 801016c0 id 0
(43576) DBB: write data from dla (00000000 00000000...)
(43576) DBB: write, last tick
(43582) DBB: write request from dla, addr 801016c0 id 0
(43582) DBB: write data from dla (00000000 00000000...)
(43582) DBB: write, last tick
(43588) DBB: write request from dla, addr 801016c0 id 0
(43588) DBB: write data from dla (00000000 00000000...)
(43588) DBB: write, last tick
(43594) DBB: write request from dla, addr 801016c0 id 0
(43594) DBB: write data from dla (00000000 00000000...)
(43594) DBB: write, last tick
(43600) DBB: write request from dla, addr 80101700 id 0
(43600) DBB: write data from dla (00000036 00000000...)
(43600) DBB: write, last tick
(43606) DBB: write request from dla, addr 80101700 id 0
(43606) DBB: write data from dla (00003000 00000000...)
(43606) DBB: write, last tick
(43612) DBB: write request from dla, addr 80101700 id 0
(43612) DBB: write data from dla (00360000 00000000...)
(43612) DBB: write, last tick
(43618) DBB: write request from dla, addr 80101700 id 0
(43618) DBB: write data from dla (31000000 00000000...)
(43618) DBB: write, last tick
(43624) DBB: write request from dla, addr 80101700 id 0
(43624) DBB: write data from dla (00000000 00000036...)
(43624) DBB: write, last tick
(43630) DBB: write request from dla, addr 80101700 id 0
(43630) DBB: write data from dla (00000000 00003200...)
(43630) DBB: write, last tick
(43636) DBB: write request from dla, addr 80101700 id 0
(43636) DBB: write data from dla (00000000 00360000...)
(43636) DBB: write, last tick
(43642) DBB: write request from dla, addr 80101700 id 0
(43642) DBB: write data from dla (00000000 33000000...)
(43642) DBB: write, last tick
(43648) DBB: write request from dla, addr 80101700 id 0
(43648) DBB: write data from dla (00000000 00000000...)
(43648) DBB: write, last tick
(43654) DBB: write request from dla, addr 80101700 id 0
(43654) DBB: write data from dla (00000000 00000000...)
(43654) DBB: write, last tick
(43660) DBB: write request from dla, addr 80101700 id 0
(43660) DBB: write data from dla (00000000 00000000...)
(43660) DBB: write, last tick
(43666) DBB: write request from dla, addr 80101700 id 0
(43666) DBB: write data from dla (00000000 00000000...)
(43666) DBB: write, last tick
(43672) DBB: write request from dla, addr 80101700 id 0
(43672) DBB: write data from dla (00000000 00000000...)
(43672) DBB: write, last tick
(43678) DBB: write request from dla, addr 80101700 id 0
(43678) DBB: write data from dla (00000000 00000000...)
(43678) DBB: write, last tick
(43684) DBB: write request from dla, addr 80101700 id 0
(43684) DBB: write data from dla (00000000 00000000...)
(43684) DBB: write, last tick
(43690) DBB: write request from dla, addr 80101700 id 0
(43690) DBB: write data from dla (00000000 00000000...)
(43690) DBB: write, last tick
(43696) DBB: write request from dla, addr 80101700 id 0
(43696) DBB: write data from dla (00000000 00000000...)
(43696) DBB: write, last tick
(43702) DBB: write request from dla, addr 80101700 id 0
(43702) DBB: write data from dla (00000000 00000000...)
(43702) DBB: write, last tick
(43708) DBB: write request from dla, addr 80101700 id 0
(43708) DBB: write data from dla (00000000 00000000...)
(43708) DBB: write, last tick
(43714) DBB: write request from dla, addr 80101700 id 0
(43714) DBB: write data from dla (00000000 00000000...)
(43714) DBB: write, last tick
(43720) DBB: write request from dla, addr 80101700 id 0
(43720) DBB: write data from dla (00000000 00000000...)
(43720) DBB: write, last tick
(43726) DBB: write request from dla, addr 80101700 id 0
(43726) DBB: write data from dla (00000000 00000000...)
(43726) DBB: write, last tick
(43732) DBB: write request from dla, addr 80101700 id 0
(43732) DBB: write data from dla (00000000 00000000...)
(43732) DBB: write, last tick
(43738) DBB: write request from dla, addr 80101700 id 0
(43738) DBB: write data from dla (00000000 00000000...)
(43738) DBB: write, last tick
(43744) DBB: write request from dla, addr 80101700 id 0
(43744) DBB: write data from dla (00000000 00000000...)
(43744) DBB: write, last tick
(43750) DBB: write request from dla, addr 80101700 id 0
(43750) DBB: write data from dla (00000000 00000000...)
(43750) DBB: write, last tick
(43756) DBB: write request from dla, addr 80101700 id 0
(43756) DBB: write data from dla (00000000 00000000...)
(43756) DBB: write, last tick
(43762) DBB: write request from dla, addr 80101700 id 0
(43762) DBB: write data from dla (00000000 00000000...)
(43762) DBB: write, last tick
(43768) DBB: write request from dla, addr 80101700 id 0
(43768) DBB: write data from dla (00000000 00000000...)
(43768) DBB: write, last tick
(43774) DBB: write request from dla, addr 80101700 id 0
(43774) DBB: write data from dla (00000000 00000000...)
(43774) DBB: write, last tick
(43780) DBB: write request from dla, addr 80101700 id 0
(43780) DBB: write data from dla (00000000 00000000...)
(43780) DBB: write, last tick
(43786) DBB: write request from dla, addr 80101700 id 0
(43786) DBB: write data from dla (00000000 00000000...)
(43786) DBB: write, last tick
(43792) DBB: write request from dla, addr 80101700 id 0
(43792) DBB: write data from dla (00000000 00000000...)
(43792) DBB: write, last tick
(43798) DBB: write request from dla, addr 80101700 id 0
(43798) DBB: write data from dla (00000000 00000000...)
(43798) DBB: write, last tick
(43804) DBB: write request from dla, addr 80101700 id 0
(43804) DBB: write data from dla (00000000 00000000...)
(43804) DBB: write, last tick
(43810) DBB: write request from dla, addr 80101700 id 0
(43810) DBB: write data from dla (00000000 00000000...)
(43810) DBB: write, last tick
(43816) DBB: write request from dla, addr 80101700 id 0
(43816) DBB: write data from dla (00000000 00000000...)
(43816) DBB: write, last tick
(43822) DBB: write request from dla, addr 80101700 id 0
(43822) DBB: write data from dla (00000000 00000000...)
(43822) DBB: write, last tick
(43828) DBB: write request from dla, addr 80101700 id 0
(43828) DBB: write data from dla (00000000 00000000...)
(43828) DBB: write, last tick
(43834) DBB: write request from dla, addr 80101700 id 0
(43834) DBB: write data from dla (00000000 00000000...)
(43834) DBB: write, last tick
(43840) DBB: write request from dla, addr 80101700 id 0
(43840) DBB: write data from dla (00000000 00000000...)
(43840) DBB: write, last tick
(43846) DBB: write request from dla, addr 80101700 id 0
(43846) DBB: write data from dla (00000000 00000000...)
(43846) DBB: write, last tick
(43852) DBB: write request from dla, addr 80101700 id 0
(43852) DBB: write data from dla (00000000 00000000...)
(43852) DBB: write, last tick
(43858) DBB: write request from dla, addr 80101700 id 0
(43858) DBB: write data from dla (00000000 00000000...)
(43858) DBB: write, last tick
(43864) DBB: write request from dla, addr 80101700 id 0
(43864) DBB: write data from dla (00000000 00000000...)
(43864) DBB: write, last tick
(43870) DBB: write request from dla, addr 80101700 id 0
(43870) DBB: write data from dla (00000000 00000000...)
(43870) DBB: write, last tick
(43876) DBB: write request from dla, addr 80101700 id 0
(43876) DBB: write data from dla (00000000 00000000...)
(43876) DBB: write, last tick
(43882) DBB: write request from dla, addr 80101700 id 0
(43882) DBB: write data from dla (00000000 00000000...)
(43882) DBB: write, last tick
(43888) DBB: write request from dla, addr 80101700 id 0
(43888) DBB: write data from dla (00000000 00000000...)
(43888) DBB: write, last tick
(43894) DBB: write request from dla, addr 80101700 id 0
(43894) DBB: write data from dla (00000000 00000000...)
(43894) DBB: write, last tick
(43900) DBB: write request from dla, addr 80101700 id 0
(43900) DBB: write data from dla (00000000 00000000...)
(43900) DBB: write, last tick
(43906) DBB: write request from dla, addr 80101700 id 0
(43906) DBB: write data from dla (00000000 00000000...)
(43906) DBB: write, last tick
(43912) DBB: write request from dla, addr 80101700 id 0
(43912) DBB: write data from dla (00000000 00000000...)
(43912) DBB: write, last tick
(43918) DBB: write request from dla, addr 80101700 id 0
(43918) DBB: write data from dla (00000000 00000000...)
(43918) DBB: write, last tick
(43924) DBB: write request from dla, addr 80101700 id 0
(43924) DBB: write data from dla (00000000 00000000...)
(43924) DBB: write, last tick
(43930) DBB: write request from dla, addr 80101700 id 0
(43930) DBB: write data from dla (00000000 00000000...)
(43930) DBB: write, last tick
(43936) DBB: write request from dla, addr 80101700 id 0
(43936) DBB: write data from dla (00000000 00000000...)
(43936) DBB: write, last tick
(43942) DBB: write request from dla, addr 80101700 id 0
(43942) DBB: write data from dla (00000000 00000000...)
(43942) DBB: write, last tick
(43948) DBB: write request from dla, addr 80101700 id 0
(43948) DBB: write data from dla (00000000 00000000...)
(43948) DBB: write, last tick
(43954) DBB: write request from dla, addr 80101700 id 0
(43954) DBB: write data from dla (00000000 00000000...)
(43954) DBB: write, last tick
(43960) DBB: write request from dla, addr 80101700 id 0
(43960) DBB: write data from dla (00000000 00000000...)
(43960) DBB: write, last tick
(43966) DBB: write request from dla, addr 80101700 id 0
(43966) DBB: write data from dla (00000000 00000000...)
(43966) DBB: write, last tick
(43972) DBB: write request from dla, addr 80101700 id 0
(43972) DBB: write data from dla (00000000 00000000...)
(43972) DBB: write, last tick
(43978) DBB: write request from dla, addr 80101700 id 0
(43978) DBB: write data from dla (00000000 00000000...)
(43978) DBB: write, last tick
(43984) DBB: write request from dla, addr 80101740 id 0
(43984) DBB: write data from dla (00000056 00000000...)
(43984) DBB: write, last tick
(43990) DBB: write request from dla, addr 80101740 id 0
(43990) DBB: write data from dla (00003000 00000000...)
(43990) DBB: write, last tick
(43996) DBB: write request from dla, addr 80101740 id 0
(43996) DBB: write data from dla (00560000 00000000...)
(43996) DBB: write, last tick
(44002) DBB: write request from dla, addr 80101740 id 0
(44002) DBB: write data from dla (31000000 00000000...)
(44002) DBB: write, last tick
(44008) DBB: write request from dla, addr 80101740 id 0
(44008) DBB: write data from dla (00000000 00000056...)
(44008) DBB: write, last tick
(44014) DBB: write request from dla, addr 80101740 id 0
(44014) DBB: write data from dla (00000000 00003200...)
(44014) DBB: write, last tick
(44020) DBB: write request from dla, addr 80101740 id 0
(44020) DBB: write data from dla (00000000 00560000...)
(44020) DBB: write, last tick
(44026) DBB: write request from dla, addr 80101740 id 0
(44026) DBB: write data from dla (00000000 33000000...)
(44026) DBB: write, last tick
(44032) DBB: write request from dla, addr 80101740 id 0
(44032) DBB: write data from dla (00000000 00000000...)
(44032) DBB: write, last tick
(44038) DBB: write request from dla, addr 80101740 id 0
(44038) DBB: write data from dla (00000000 00000000...)
(44038) DBB: write, last tick
(44044) DBB: write request from dla, addr 80101740 id 0
(44044) DBB: write data from dla (00000000 00000000...)
(44044) DBB: write, last tick
(44050) DBB: write request from dla, addr 80101740 id 0
(44050) DBB: write data from dla (00000000 00000000...)
(44050) DBB: write, last tick
(44056) DBB: write request from dla, addr 80101740 id 0
(44056) DBB: write data from dla (00000000 00000000...)
(44056) DBB: write, last tick
(44062) DBB: write request from dla, addr 80101740 id 0
(44062) DBB: write data from dla (00000000 00000000...)
(44062) DBB: write, last tick
(44068) DBB: write request from dla, addr 80101740 id 0
(44068) DBB: write data from dla (00000000 00000000...)
(44068) DBB: write, last tick
(44074) DBB: write request from dla, addr 80101740 id 0
(44074) DBB: write data from dla (00000000 00000000...)
(44074) DBB: write, last tick
(44080) DBB: write request from dla, addr 80101740 id 0
(44080) DBB: write data from dla (00000000 00000000...)
(44080) DBB: write, last tick
(44086) DBB: write request from dla, addr 80101740 id 0
(44086) DBB: write data from dla (00000000 00000000...)
(44086) DBB: write, last tick
(44092) DBB: write request from dla, addr 80101740 id 0
(44092) DBB: write data from dla (00000000 00000000...)
(44092) DBB: write, last tick
(44098) DBB: write request from dla, addr 80101740 id 0
(44098) DBB: write data from dla (00000000 00000000...)
(44098) DBB: write, last tick
(44104) DBB: write request from dla, addr 80101740 id 0
(44104) DBB: write data from dla (00000000 00000000...)
(44104) DBB: write, last tick
(44110) DBB: write request from dla, addr 80101740 id 0
(44110) DBB: write data from dla (00000000 00000000...)
(44110) DBB: write, last tick
(44116) DBB: write request from dla, addr 80101740 id 0
(44116) DBB: write data from dla (00000000 00000000...)
(44116) DBB: write, last tick
(44122) DBB: write request from dla, addr 80101740 id 0
(44122) DBB: write data from dla (00000000 00000000...)
(44122) DBB: write, last tick
(44128) DBB: write request from dla, addr 80101740 id 0
(44128) DBB: write data from dla (00000000 00000000...)
(44128) DBB: write, last tick
(44134) DBB: write request from dla, addr 80101740 id 0
(44134) DBB: write data from dla (00000000 00000000...)
(44134) DBB: write, last tick
(44140) DBB: write request from dla, addr 80101740 id 0
(44140) DBB: write data from dla (00000000 00000000...)
(44140) DBB: write, last tick
(44146) DBB: write request from dla, addr 80101740 id 0
(44146) DBB: write data from dla (00000000 00000000...)
(44146) DBB: write, last tick
(44152) DBB: write request from dla, addr 80101740 id 0
(44152) DBB: write data from dla (00000000 00000000...)
(44152) DBB: write, last tick
(44158) DBB: write request from dla, addr 80101740 id 0
(44158) DBB: write data from dla (00000000 00000000...)
(44158) DBB: write, last tick
(44164) DBB: write request from dla, addr 80101740 id 0
(44164) DBB: write data from dla (00000000 00000000...)
(44164) DBB: write, last tick
(44170) DBB: write request from dla, addr 80101740 id 0
(44170) DBB: write data from dla (00000000 00000000...)
(44170) DBB: write, last tick
(44176) DBB: write request from dla, addr 80101740 id 0
(44176) DBB: write data from dla (00000000 00000000...)
(44176) DBB: write, last tick
(44182) DBB: write request from dla, addr 80101740 id 0
(44182) DBB: write data from dla (00000000 00000000...)
(44182) DBB: write, last tick
(44188) DBB: write request from dla, addr 80101740 id 0
(44188) DBB: write data from dla (00000000 00000000...)
(44188) DBB: write, last tick
(44194) DBB: write request from dla, addr 80101740 id 0
(44194) DBB: write data from dla (00000000 00000000...)
(44194) DBB: write, last tick
(44200) DBB: write request from dla, addr 80101740 id 0
(44200) DBB: write data from dla (00000000 00000000...)
(44200) DBB: write, last tick
(44206) DBB: write request from dla, addr 80101740 id 0
(44206) DBB: write data from dla (00000000 00000000...)
(44206) DBB: write, last tick
(44212) DBB: write request from dla, addr 80101740 id 0
(44212) DBB: write data from dla (00000000 00000000...)
(44212) DBB: write, last tick
(44218) DBB: write request from dla, addr 80101740 id 0
(44218) DBB: write data from dla (00000000 00000000...)
(44218) DBB: write, last tick
(44224) DBB: write request from dla, addr 80101740 id 0
(44224) DBB: write data from dla (00000000 00000000...)
(44224) DBB: write, last tick
(44230) DBB: write request from dla, addr 80101740 id 0
(44230) DBB: write data from dla (00000000 00000000...)
(44230) DBB: write, last tick
(44236) DBB: write request from dla, addr 80101740 id 0
(44236) DBB: write data from dla (00000000 00000000...)
(44236) DBB: write, last tick
(44242) DBB: write request from dla, addr 80101740 id 0
(44242) DBB: write data from dla (00000000 00000000...)
(44242) DBB: write, last tick
(44248) DBB: write request from dla, addr 80101740 id 0
(44248) DBB: write data from dla (00000000 00000000...)
(44248) DBB: write, last tick
(44254) DBB: write request from dla, addr 80101740 id 0
(44254) DBB: write data from dla (00000000 00000000...)
(44254) DBB: write, last tick
(44260) DBB: write request from dla, addr 80101740 id 0
(44260) DBB: write data from dla (00000000 00000000...)
(44260) DBB: write, last tick
(44266) DBB: write request from dla, addr 80101740 id 0
(44266) DBB: write data from dla (00000000 00000000...)
(44266) DBB: write, last tick
(44272) DBB: write request from dla, addr 80101740 id 0
(44272) DBB: write data from dla (00000000 00000000...)
(44272) DBB: write, last tick
(44278) DBB: write request from dla, addr 80101740 id 0
(44278) DBB: write data from dla (00000000 00000000...)
(44278) DBB: write, last tick
(44284) DBB: write request from dla, addr 80101740 id 0
(44284) DBB: write data from dla (00000000 00000000...)
(44284) DBB: write, last tick
(44290) DBB: write request from dla, addr 80101740 id 0
(44290) DBB: write data from dla (00000000 00000000...)
(44290) DBB: write, last tick
(44296) DBB: write request from dla, addr 80101740 id 0
(44296) DBB: write data from dla (00000000 00000000...)
(44296) DBB: write, last tick
(44302) DBB: write request from dla, addr 80101740 id 0
(44302) DBB: write data from dla (00000000 00000000...)
(44302) DBB: write, last tick
(44308) DBB: write request from dla, addr 80101740 id 0
(44308) DBB: write data from dla (00000000 00000000...)
(44308) DBB: write, last tick
(44314) DBB: write request from dla, addr 80101740 id 0
(44314) DBB: write data from dla (00000000 00000000...)
(44314) DBB: write, last tick
(44320) DBB: write request from dla, addr 80101740 id 0
(44320) DBB: write data from dla (00000000 00000000...)
(44320) DBB: write, last tick
(44326) DBB: write request from dla, addr 80101740 id 0
(44326) DBB: write data from dla (00000000 00000000...)
(44326) DBB: write, last tick
(44332) DBB: write request from dla, addr 80101740 id 0
(44332) DBB: write data from dla (00000000 00000000...)
(44332) DBB: write, last tick
(44338) DBB: write request from dla, addr 80101740 id 0
(44338) DBB: write data from dla (00000000 00000000...)
(44338) DBB: write, last tick
(44344) DBB: write request from dla, addr 80101740 id 0
(44344) DBB: write data from dla (00000000 00000000...)
(44344) DBB: write, last tick
(44350) DBB: write request from dla, addr 80101740 id 0
(44350) DBB: write data from dla (00000000 00000000...)
(44350) DBB: write, last tick
(44356) DBB: write request from dla, addr 80101740 id 0
(44356) DBB: write data from dla (00000000 00000000...)
(44356) DBB: write, last tick
(44362) DBB: write request from dla, addr 80101740 id 0
(44362) DBB: write data from dla (00000000 00000000...)
(44362) DBB: write, last tick
(44368) DBB: write request from dla, addr 80101780 id 0
(44368) DBB: write data from dla (00000066 00000000...)
(44368) DBB: write, last tick
(44374) DBB: write request from dla, addr 80101780 id 0
(44374) DBB: write data from dla (00003000 00000000...)
(44374) DBB: write, last tick
(44380) DBB: write request from dla, addr 80101780 id 0
(44380) DBB: write data from dla (00660000 00000000...)
(44380) DBB: write, last tick
(44386) DBB: write request from dla, addr 80101780 id 0
(44386) DBB: write data from dla (31000000 00000000...)
(44386) DBB: write, last tick
(44392) DBB: write request from dla, addr 80101780 id 0
(44392) DBB: write data from dla (00000000 00000066...)
(44392) DBB: write, last tick
(44398) DBB: write request from dla, addr 80101780 id 0
(44398) DBB: write data from dla (00000000 00003200...)
(44398) DBB: write, last tick
(44404) DBB: write request from dla, addr 80101780 id 0
(44404) DBB: write data from dla (00000000 00660000...)
(44404) DBB: write, last tick
(44410) DBB: write request from dla, addr 80101780 id 0
(44410) DBB: write data from dla (00000000 33000000...)
(44410) DBB: write, last tick
(44416) DBB: write request from dla, addr 80101780 id 0
(44416) DBB: write data from dla (00000000 00000000...)
(44416) DBB: write, last tick
(44422) DBB: write request from dla, addr 80101780 id 0
(44422) DBB: write data from dla (00000000 00000000...)
(44422) DBB: write, last tick
(44428) DBB: write request from dla, addr 80101780 id 0
(44428) DBB: write data from dla (00000000 00000000...)
(44428) DBB: write, last tick
(44434) DBB: write request from dla, addr 80101780 id 0
(44434) DBB: write data from dla (00000000 00000000...)
(44434) DBB: write, last tick
(44440) DBB: write request from dla, addr 80101780 id 0
(44440) DBB: write data from dla (00000000 00000000...)
(44440) DBB: write, last tick
(44446) DBB: write request from dla, addr 80101780 id 0
(44446) DBB: write data from dla (00000000 00000000...)
(44446) DBB: write, last tick
(44452) DBB: write request from dla, addr 80101780 id 0
(44452) DBB: write data from dla (00000000 00000000...)
(44452) DBB: write, last tick
(44458) DBB: write request from dla, addr 80101780 id 0
(44458) DBB: write data from dla (00000000 00000000...)
(44458) DBB: write, last tick
(44464) DBB: write request from dla, addr 80101780 id 0
(44464) DBB: write data from dla (00000000 00000000...)
(44464) DBB: write, last tick
(44470) DBB: write request from dla, addr 80101780 id 0
(44470) DBB: write data from dla (00000000 00000000...)
(44470) DBB: write, last tick
(44476) DBB: write request from dla, addr 80101780 id 0
(44476) DBB: write data from dla (00000000 00000000...)
(44476) DBB: write, last tick
(44482) DBB: write request from dla, addr 80101780 id 0
(44482) DBB: write data from dla (00000000 00000000...)
(44482) DBB: write, last tick
(44488) DBB: write request from dla, addr 80101780 id 0
(44488) DBB: write data from dla (00000000 00000000...)
(44488) DBB: write, last tick
(44494) DBB: write request from dla, addr 80101780 id 0
(44494) DBB: write data from dla (00000000 00000000...)
(44494) DBB: write, last tick
(44500) DBB: write request from dla, addr 80101780 id 0
(44500) DBB: write data from dla (00000000 00000000...)
(44500) DBB: write, last tick
(44506) DBB: write request from dla, addr 80101780 id 0
(44506) DBB: write data from dla (00000000 00000000...)
(44506) DBB: write, last tick
(44512) DBB: write request from dla, addr 80101780 id 0
(44512) DBB: write data from dla (00000000 00000000...)
(44512) DBB: write, last tick
(44518) DBB: write request from dla, addr 80101780 id 0
(44518) DBB: write data from dla (00000000 00000000...)
(44518) DBB: write, last tick
(44524) DBB: write request from dla, addr 80101780 id 0
(44524) DBB: write data from dla (00000000 00000000...)
(44524) DBB: write, last tick
(44530) DBB: write request from dla, addr 80101780 id 0
(44530) DBB: write data from dla (00000000 00000000...)
(44530) DBB: write, last tick
(44536) DBB: write request from dla, addr 80101780 id 0
(44536) DBB: write data from dla (00000000 00000000...)
(44536) DBB: write, last tick
(44542) DBB: write request from dla, addr 80101780 id 0
(44542) DBB: write data from dla (00000000 00000000...)
(44542) DBB: write, last tick
(44548) DBB: write request from dla, addr 80101780 id 0
(44548) DBB: write data from dla (00000000 00000000...)
(44548) DBB: write, last tick
(44554) DBB: write request from dla, addr 80101780 id 0
(44554) DBB: write data from dla (00000000 00000000...)
(44554) DBB: write, last tick
(44560) DBB: write request from dla, addr 80101780 id 0
(44560) DBB: write data from dla (00000000 00000000...)
(44560) DBB: write, last tick
(44566) DBB: write request from dla, addr 80101780 id 0
(44566) DBB: write data from dla (00000000 00000000...)
(44566) DBB: write, last tick
(44572) DBB: write request from dla, addr 80101780 id 0
(44572) DBB: write data from dla (00000000 00000000...)
(44572) DBB: write, last tick
(44578) DBB: write request from dla, addr 80101780 id 0
(44578) DBB: write data from dla (00000000 00000000...)
(44578) DBB: write, last tick
(44584) DBB: write request from dla, addr 80101780 id 0
(44584) DBB: write data from dla (00000000 00000000...)
(44584) DBB: write, last tick
(44590) DBB: write request from dla, addr 80101780 id 0
(44590) DBB: write data from dla (00000000 00000000...)
(44590) DBB: write, last tick
(44596) DBB: write request from dla, addr 80101780 id 0
(44596) DBB: write data from dla (00000000 00000000...)
(44596) DBB: write, last tick
(44602) DBB: write request from dla, addr 80101780 id 0
(44602) DBB: write data from dla (00000000 00000000...)
(44602) DBB: write, last tick
(44608) DBB: write request from dla, addr 80101780 id 0
(44608) DBB: write data from dla (00000000 00000000...)
(44608) DBB: write, last tick
(44614) DBB: write request from dla, addr 80101780 id 0
(44614) DBB: write data from dla (00000000 00000000...)
(44614) DBB: write, last tick
(44620) DBB: write request from dla, addr 80101780 id 0
(44620) DBB: write data from dla (00000000 00000000...)
(44620) DBB: write, last tick
(44626) DBB: write request from dla, addr 80101780 id 0
(44626) DBB: write data from dla (00000000 00000000...)
(44626) DBB: write, last tick
(44632) DBB: write request from dla, addr 80101780 id 0
(44632) DBB: write data from dla (00000000 00000000...)
(44632) DBB: write, last tick
(44638) DBB: write request from dla, addr 80101780 id 0
(44638) DBB: write data from dla (00000000 00000000...)
(44638) DBB: write, last tick
(44644) DBB: write request from dla, addr 80101780 id 0
(44644) DBB: write data from dla (00000000 00000000...)
(44644) DBB: write, last tick
(44650) DBB: write request from dla, addr 80101780 id 0
(44650) DBB: write data from dla (00000000 00000000...)
(44650) DBB: write, last tick
(44656) DBB: write request from dla, addr 80101780 id 0
(44656) DBB: write data from dla (00000000 00000000...)
(44656) DBB: write, last tick
(44662) DBB: write request from dla, addr 80101780 id 0
(44662) DBB: write data from dla (00000000 00000000...)
(44662) DBB: write, last tick
(44668) DBB: write request from dla, addr 80101780 id 0
(44668) DBB: write data from dla (00000000 00000000...)
(44668) DBB: write, last tick
(44674) DBB: write request from dla, addr 80101780 id 0
(44674) DBB: write data from dla (00000000 00000000...)
(44674) DBB: write, last tick
(44680) DBB: write request from dla, addr 80101780 id 0
(44680) DBB: write data from dla (00000000 00000000...)
(44680) DBB: write, last tick
(44686) DBB: write request from dla, addr 80101780 id 0
(44686) DBB: write data from dla (00000000 00000000...)
(44686) DBB: write, last tick
(44692) DBB: write request from dla, addr 80101780 id 0
(44692) DBB: write data from dla (00000000 00000000...)
(44692) DBB: write, last tick
(44698) DBB: write request from dla, addr 80101780 id 0
(44698) DBB: write data from dla (00000000 00000000...)
(44698) DBB: write, last tick
(44704) DBB: write request from dla, addr 80101780 id 0
(44704) DBB: write data from dla (00000000 00000000...)
(44704) DBB: write, last tick
(44710) DBB: write request from dla, addr 80101780 id 0
(44710) DBB: write data from dla (00000000 00000000...)
(44710) DBB: write, last tick
(44716) DBB: write request from dla, addr 80101780 id 0
(44716) DBB: write data from dla (00000000 00000000...)
(44716) DBB: write, last tick
(44722) DBB: write request from dla, addr 80101780 id 0
(44722) DBB: write data from dla (00000000 00000000...)
(44722) DBB: write, last tick
(44728) DBB: write request from dla, addr 80101780 id 0
(44728) DBB: write data from dla (00000000 00000000...)
(44728) DBB: write, last tick
(44734) DBB: write request from dla, addr 80101780 id 0
(44734) DBB: write data from dla (00000000 00000000...)
(44734) DBB: write, last tick
(44740) DBB: write request from dla, addr 80101780 id 0
(44740) DBB: write data from dla (00000000 00000000...)
(44740) DBB: write, last tick
(44746) DBB: write request from dla, addr 80101780 id 0
(44746) DBB: write data from dla (00000000 00000000...)
(44746) DBB: write, last tick
(44752) DBB: write request from dla, addr 801017c0 id 0
(44752) DBB: write data from dla (00000026 00000000...)
(44752) DBB: write, last tick
(44758) DBB: write request from dla, addr 801017c0 id 0
(44758) DBB: write data from dla (00003000 00000000...)
(44758) DBB: write, last tick
(44764) DBB: write request from dla, addr 801017c0 id 0
(44764) DBB: write data from dla (00260000 00000000...)
(44764) DBB: write, last tick
(44770) DBB: write request from dla, addr 801017c0 id 0
(44770) DBB: write data from dla (31000000 00000000...)
(44770) DBB: write, last tick
(44776) DBB: write request from dla, addr 801017c0 id 0
(44776) DBB: write data from dla (00000000 00000026...)
(44776) DBB: write, last tick
(44782) DBB: write request from dla, addr 801017c0 id 0
(44782) DBB: write data from dla (00000000 00003200...)
(44782) DBB: write, last tick
(44788) DBB: write request from dla, addr 801017c0 id 0
(44788) DBB: write data from dla (00000000 00260000...)
(44788) DBB: write, last tick
(44794) DBB: write request from dla, addr 801017c0 id 0
(44794) DBB: write data from dla (00000000 33000000...)
(44794) DBB: write, last tick
(44800) DBB: write request from dla, addr 801017c0 id 0
(44800) DBB: write data from dla (00000000 00000000...)
(44800) DBB: write, last tick
(44806) DBB: write request from dla, addr 801017c0 id 0
(44806) DBB: write data from dla (00000000 00000000...)
(44806) DBB: write, last tick
(44812) DBB: write request from dla, addr 801017c0 id 0
(44812) DBB: write data from dla (00000000 00000000...)
(44812) DBB: write, last tick
(44818) DBB: write request from dla, addr 801017c0 id 0
(44818) DBB: write data from dla (00000000 00000000...)
(44818) DBB: write, last tick
(44824) DBB: write request from dla, addr 801017c0 id 0
(44824) DBB: write data from dla (00000000 00000000...)
(44824) DBB: write, last tick
(44830) DBB: write request from dla, addr 801017c0 id 0
(44830) DBB: write data from dla (00000000 00000000...)
(44830) DBB: write, last tick
(44836) DBB: write request from dla, addr 801017c0 id 0
(44836) DBB: write data from dla (00000000 00000000...)
(44836) DBB: write, last tick
(44842) DBB: write request from dla, addr 801017c0 id 0
(44842) DBB: write data from dla (00000000 00000000...)
(44842) DBB: write, last tick
(44848) DBB: write request from dla, addr 801017c0 id 0
(44848) DBB: write data from dla (00000000 00000000...)
(44848) DBB: write, last tick
(44854) DBB: write request from dla, addr 801017c0 id 0
(44854) DBB: write data from dla (00000000 00000000...)
(44854) DBB: write, last tick
(44860) DBB: write request from dla, addr 801017c0 id 0
(44860) DBB: write data from dla (00000000 00000000...)
(44860) DBB: write, last tick
(44866) DBB: write request from dla, addr 801017c0 id 0
(44866) DBB: write data from dla (00000000 00000000...)
(44866) DBB: write, last tick
(44872) DBB: write request from dla, addr 801017c0 id 0
(44872) DBB: write data from dla (00000000 00000000...)
(44872) DBB: write, last tick
(44878) DBB: write request from dla, addr 801017c0 id 0
(44878) DBB: write data from dla (00000000 00000000...)
(44878) DBB: write, last tick
(44884) DBB: write request from dla, addr 801017c0 id 0
(44884) DBB: write data from dla (00000000 00000000...)
(44884) DBB: write, last tick
(44890) DBB: write request from dla, addr 801017c0 id 0
(44890) DBB: write data from dla (00000000 00000000...)
(44890) DBB: write, last tick
(44896) DBB: write request from dla, addr 801017c0 id 0
(44896) DBB: write data from dla (00000000 00000000...)
(44896) DBB: write, last tick
(44902) DBB: write request from dla, addr 801017c0 id 0
(44902) DBB: write data from dla (00000000 00000000...)
(44902) DBB: write, last tick
(44908) DBB: write request from dla, addr 801017c0 id 0
(44908) DBB: write data from dla (00000000 00000000...)
(44908) DBB: write, last tick
(44914) DBB: write request from dla, addr 801017c0 id 0
(44914) DBB: write data from dla (00000000 00000000...)
(44914) DBB: write, last tick
(44920) DBB: write request from dla, addr 801017c0 id 0
(44920) DBB: write data from dla (00000000 00000000...)
(44920) DBB: write, last tick
(44926) DBB: write request from dla, addr 801017c0 id 0
(44926) DBB: write data from dla (00000000 00000000...)
(44926) DBB: write, last tick
(44932) DBB: write request from dla, addr 801017c0 id 0
(44932) DBB: write data from dla (00000000 00000000...)
(44932) DBB: write, last tick
(44938) DBB: write request from dla, addr 801017c0 id 0
(44938) DBB: write data from dla (00000000 00000000...)
(44938) DBB: write, last tick
(44944) DBB: write request from dla, addr 801017c0 id 0
(44944) DBB: write data from dla (00000000 00000000...)
(44944) DBB: write, last tick
(44950) DBB: write request from dla, addr 801017c0 id 0
(44950) DBB: write data from dla (00000000 00000000...)
(44950) DBB: write, last tick
(44956) DBB: write request from dla, addr 801017c0 id 0
(44956) DBB: write data from dla (00000000 00000000...)
(44956) DBB: write, last tick
(44962) DBB: write request from dla, addr 801017c0 id 0
(44962) DBB: write data from dla (00000000 00000000...)
(44962) DBB: write, last tick
(44968) DBB: write request from dla, addr 801017c0 id 0
(44968) DBB: write data from dla (00000000 00000000...)
(44968) DBB: write, last tick
(44974) DBB: write request from dla, addr 801017c0 id 0
(44974) DBB: write data from dla (00000000 00000000...)
(44974) DBB: write, last tick
(44980) DBB: write request from dla, addr 801017c0 id 0
(44980) DBB: write data from dla (00000000 00000000...)
(44980) DBB: write, last tick
(44986) DBB: write request from dla, addr 801017c0 id 0
(44986) DBB: write data from dla (00000000 00000000...)
(44986) DBB: write, last tick
(44992) DBB: write request from dla, addr 801017c0 id 0
(44992) DBB: write data from dla (00000000 00000000...)
(44992) DBB: write, last tick
(44998) DBB: write request from dla, addr 801017c0 id 0
(44998) DBB: write data from dla (00000000 00000000...)
(44998) DBB: write, last tick
(45004) DBB: write request from dla, addr 801017c0 id 0
(45004) DBB: write data from dla (00000000 00000000...)
(45004) DBB: write, last tick
(45010) DBB: write request from dla, addr 801017c0 id 0
(45010) DBB: write data from dla (00000000 00000000...)
(45010) DBB: write, last tick
(45016) DBB: write request from dla, addr 801017c0 id 0
(45016) DBB: write data from dla (00000000 00000000...)
(45016) DBB: write, last tick
(45022) DBB: write request from dla, addr 801017c0 id 0
(45022) DBB: write data from dla (00000000 00000000...)
(45022) DBB: write, last tick
(45028) DBB: write request from dla, addr 801017c0 id 0
(45028) DBB: write data from dla (00000000 00000000...)
(45028) DBB: write, last tick
(45034) DBB: write request from dla, addr 801017c0 id 0
(45034) DBB: write data from dla (00000000 00000000...)
(45034) DBB: write, last tick
(45040) DBB: write request from dla, addr 801017c0 id 0
(45040) DBB: write data from dla (00000000 00000000...)
(45040) DBB: write, last tick
(45046) DBB: write request from dla, addr 801017c0 id 0
(45046) DBB: write data from dla (00000000 00000000...)
(45046) DBB: write, last tick
(45052) DBB: write request from dla, addr 801017c0 id 0
(45052) DBB: write data from dla (00000000 00000000...)
(45052) DBB: write, last tick
(45058) DBB: write request from dla, addr 801017c0 id 0
(45058) DBB: write data from dla (00000000 00000000...)
(45058) DBB: write, last tick
(45064) DBB: write request from dla, addr 801017c0 id 0
(45064) DBB: write data from dla (00000000 00000000...)
(45064) DBB: write, last tick
(45070) DBB: write request from dla, addr 801017c0 id 0
(45070) DBB: write data from dla (00000000 00000000...)
(45070) DBB: write, last tick
(45076) DBB: write request from dla, addr 801017c0 id 0
(45076) DBB: write data from dla (00000000 00000000...)
(45076) DBB: write, last tick
(45082) DBB: write request from dla, addr 801017c0 id 0
(45082) DBB: write data from dla (00000000 00000000...)
(45082) DBB: write, last tick
(45088) DBB: write request from dla, addr 801017c0 id 0
(45088) DBB: write data from dla (00000000 00000000...)
(45088) DBB: write, last tick
(45094) DBB: write request from dla, addr 801017c0 id 0
(45094) DBB: write data from dla (00000000 00000000...)
(45094) DBB: write, last tick
(45100) DBB: write request from dla, addr 801017c0 id 0
(45100) DBB: write data from dla (00000000 00000000...)
(45100) DBB: write, last tick
(45106) DBB: write request from dla, addr 801017c0 id 0
(45106) DBB: write data from dla (00000000 00000000...)
(45106) DBB: write, last tick
(45112) DBB: write request from dla, addr 801017c0 id 0
(45112) DBB: write data from dla (00000000 00000000...)
(45112) DBB: write, last tick
(45118) DBB: write request from dla, addr 801017c0 id 0
(45118) DBB: write data from dla (00000000 00000000...)
(45118) DBB: write, last tick
(45124) DBB: write request from dla, addr 801017c0 id 0
(45124) DBB: write data from dla (00000000 00000000...)
(45124) DBB: write, last tick
(45130) DBB: write request from dla, addr 801017c0 id 0
(45130) DBB: write data from dla (00000000 00000000...)
(45130) DBB: write, last tick
(45136) DBB: write request from dla, addr 80101800 id 0
(45136) DBB: write data from dla (00000046 00000000...)
(45136) DBB: write, last tick
(45142) DBB: write request from dla, addr 80101800 id 0
(45142) DBB: write data from dla (00003000 00000000...)
(45142) DBB: write, last tick
(45148) DBB: write request from dla, addr 80101800 id 0
(45148) DBB: write data from dla (00460000 00000000...)
(45148) DBB: write, last tick
(45154) DBB: write request from dla, addr 80101800 id 0
(45154) DBB: write data from dla (31000000 00000000...)
(45154) DBB: write, last tick
(45160) DBB: write request from dla, addr 80101800 id 0
(45160) DBB: write data from dla (00000000 00000046...)
(45160) DBB: write, last tick
(45166) DBB: write request from dla, addr 80101800 id 0
(45166) DBB: write data from dla (00000000 00003200...)
(45166) DBB: write, last tick
(45172) DBB: write request from dla, addr 80101800 id 0
(45172) DBB: write data from dla (00000000 00460000...)
(45172) DBB: write, last tick
(45178) DBB: write request from dla, addr 80101800 id 0
(45178) DBB: write data from dla (00000000 33000000...)
(45178) DBB: write, last tick
(45184) DBB: write request from dla, addr 80101800 id 0
(45184) DBB: write data from dla (00000000 00000000...)
(45184) DBB: write, last tick
(45190) DBB: write request from dla, addr 80101800 id 0
(45190) DBB: write data from dla (00000000 00000000...)
(45190) DBB: write, last tick
(45196) DBB: write request from dla, addr 80101800 id 0
(45196) DBB: write data from dla (00000000 00000000...)
(45196) DBB: write, last tick
(45202) DBB: write request from dla, addr 80101800 id 0
(45202) DBB: write data from dla (00000000 00000000...)
(45202) DBB: write, last tick
(45208) DBB: write request from dla, addr 80101800 id 0
(45208) DBB: write data from dla (00000000 00000000...)
(45208) DBB: write, last tick
(45214) DBB: write request from dla, addr 80101800 id 0
(45214) DBB: write data from dla (00000000 00000000...)
(45214) DBB: write, last tick
(45220) DBB: write request from dla, addr 80101800 id 0
(45220) DBB: write data from dla (00000000 00000000...)
(45220) DBB: write, last tick
(45226) DBB: write request from dla, addr 80101800 id 0
(45226) DBB: write data from dla (00000000 00000000...)
(45226) DBB: write, last tick
(45232) DBB: write request from dla, addr 80101800 id 0
(45232) DBB: write data from dla (00000000 00000000...)
(45232) DBB: write, last tick
(45238) DBB: write request from dla, addr 80101800 id 0
(45238) DBB: write data from dla (00000000 00000000...)
(45238) DBB: write, last tick
(45244) DBB: write request from dla, addr 80101800 id 0
(45244) DBB: write data from dla (00000000 00000000...)
(45244) DBB: write, last tick
(45250) DBB: write request from dla, addr 80101800 id 0
(45250) DBB: write data from dla (00000000 00000000...)
(45250) DBB: write, last tick
(45256) DBB: write request from dla, addr 80101800 id 0
(45256) DBB: write data from dla (00000000 00000000...)
(45256) DBB: write, last tick
(45262) DBB: write request from dla, addr 80101800 id 0
(45262) DBB: write data from dla (00000000 00000000...)
(45262) DBB: write, last tick
(45268) DBB: write request from dla, addr 80101800 id 0
(45268) DBB: write data from dla (00000000 00000000...)
(45268) DBB: write, last tick
(45274) DBB: write request from dla, addr 80101800 id 0
(45274) DBB: write data from dla (00000000 00000000...)
(45274) DBB: write, last tick
(45280) DBB: write request from dla, addr 80101800 id 0
(45280) DBB: write data from dla (00000000 00000000...)
(45280) DBB: write, last tick
(45286) DBB: write request from dla, addr 80101800 id 0
(45286) DBB: write data from dla (00000000 00000000...)
(45286) DBB: write, last tick
(45292) DBB: write request from dla, addr 80101800 id 0
(45292) DBB: write data from dla (00000000 00000000...)
(45292) DBB: write, last tick
(45298) DBB: write request from dla, addr 80101800 id 0
(45298) DBB: write data from dla (00000000 00000000...)
(45298) DBB: write, last tick
(45304) DBB: write request from dla, addr 80101800 id 0
(45304) DBB: write data from dla (00000000 00000000...)
(45304) DBB: write, last tick
(45310) DBB: write request from dla, addr 80101800 id 0
(45310) DBB: write data from dla (00000000 00000000...)
(45310) DBB: write, last tick
(45316) DBB: write request from dla, addr 80101800 id 0
(45316) DBB: write data from dla (00000000 00000000...)
(45316) DBB: write, last tick
(45322) DBB: write request from dla, addr 80101800 id 0
(45322) DBB: write data from dla (00000000 00000000...)
(45322) DBB: write, last tick
(45328) DBB: write request from dla, addr 80101800 id 0
(45328) DBB: write data from dla (00000000 00000000...)
(45328) DBB: write, last tick
(45334) DBB: write request from dla, addr 80101800 id 0
(45334) DBB: write data from dla (00000000 00000000...)
(45334) DBB: write, last tick
(45340) DBB: write request from dla, addr 80101800 id 0
(45340) DBB: write data from dla (00000000 00000000...)
(45340) DBB: write, last tick
(45346) DBB: write request from dla, addr 80101800 id 0
(45346) DBB: write data from dla (00000000 00000000...)
(45346) DBB: write, last tick
(45352) DBB: write request from dla, addr 80101800 id 0
(45352) DBB: write data from dla (00000000 00000000...)
(45352) DBB: write, last tick
(45358) DBB: write request from dla, addr 80101800 id 0
(45358) DBB: write data from dla (00000000 00000000...)
(45358) DBB: write, last tick
(45364) DBB: write request from dla, addr 80101800 id 0
(45364) DBB: write data from dla (00000000 00000000...)
(45364) DBB: write, last tick
(45370) DBB: write request from dla, addr 80101800 id 0
(45370) DBB: write data from dla (00000000 00000000...)
(45370) DBB: write, last tick
(45376) DBB: write request from dla, addr 80101800 id 0
(45376) DBB: write data from dla (00000000 00000000...)
(45376) DBB: write, last tick
(45382) DBB: write request from dla, addr 80101800 id 0
(45382) DBB: write data from dla (00000000 00000000...)
(45382) DBB: write, last tick
(45388) DBB: write request from dla, addr 80101800 id 0
(45388) DBB: write data from dla (00000000 00000000...)
(45388) DBB: write, last tick
(45394) DBB: write request from dla, addr 80101800 id 0
(45394) DBB: write data from dla (00000000 00000000...)
(45394) DBB: write, last tick
(45400) DBB: write request from dla, addr 80101800 id 0
(45400) DBB: write data from dla (00000000 00000000...)
(45400) DBB: write, last tick
(45406) DBB: write request from dla, addr 80101800 id 0
(45406) DBB: write data from dla (00000000 00000000...)
(45406) DBB: write, last tick
(45412) DBB: write request from dla, addr 80101800 id 0
(45412) DBB: write data from dla (00000000 00000000...)
(45412) DBB: write, last tick
(45418) DBB: write request from dla, addr 80101800 id 0
(45418) DBB: write data from dla (00000000 00000000...)
(45418) DBB: write, last tick
(45424) DBB: write request from dla, addr 80101800 id 0
(45424) DBB: write data from dla (00000000 00000000...)
(45424) DBB: write, last tick
(45430) DBB: write request from dla, addr 80101800 id 0
(45430) DBB: write data from dla (00000000 00000000...)
(45430) DBB: write, last tick
(45436) DBB: write request from dla, addr 80101800 id 0
(45436) DBB: write data from dla (00000000 00000000...)
(45436) DBB: write, last tick
(45442) DBB: write request from dla, addr 80101800 id 0
(45442) DBB: write data from dla (00000000 00000000...)
(45442) DBB: write, last tick
(45448) DBB: write request from dla, addr 80101800 id 0
(45448) DBB: write data from dla (00000000 00000000...)
(45448) DBB: write, last tick
(45454) DBB: write request from dla, addr 80101800 id 0
(45454) DBB: write data from dla (00000000 00000000...)
(45454) DBB: write, last tick
(45460) DBB: write request from dla, addr 80101800 id 0
(45460) DBB: write data from dla (00000000 00000000...)
(45460) DBB: write, last tick
(45466) DBB: write request from dla, addr 80101800 id 0
(45466) DBB: write data from dla (00000000 00000000...)
(45466) DBB: write, last tick
(45472) DBB: write request from dla, addr 80101800 id 0
(45472) DBB: write data from dla (00000000 00000000...)
(45472) DBB: write, last tick
(45478) DBB: write request from dla, addr 80101800 id 0
(45478) DBB: write data from dla (00000000 00000000...)
(45478) DBB: write, last tick
(45484) DBB: write request from dla, addr 80101800 id 0
(45484) DBB: write data from dla (00000000 00000000...)
(45484) DBB: write, last tick
(45490) DBB: write request from dla, addr 80101800 id 0
(45490) DBB: write data from dla (00000000 00000000...)
(45490) DBB: write, last tick
(45496) DBB: write request from dla, addr 80101800 id 0
(45496) DBB: write data from dla (00000000 00000000...)
(45496) DBB: write, last tick
(45502) DBB: write request from dla, addr 80101800 id 0
(45502) DBB: write data from dla (00000000 00000000...)
(45502) DBB: write, last tick
(45508) DBB: write request from dla, addr 80101800 id 0
(45508) DBB: write data from dla (00000000 00000000...)
(45508) DBB: write, last tick
(45514) DBB: write request from dla, addr 80101800 id 0
(45514) DBB: write data from dla (00000000 00000000...)
(45514) DBB: write, last tick
(45520) DBB: write request from dla, addr 80101840 id 0
(45520) DBB: write data from dla (00000066 00000000...)
(45520) DBB: write, last tick
(45526) DBB: write request from dla, addr 80101840 id 0
(45526) DBB: write data from dla (00003000 00000000...)
(45526) DBB: write, last tick
(45532) DBB: write request from dla, addr 80101840 id 0
(45532) DBB: write data from dla (00660000 00000000...)
(45532) DBB: write, last tick
(45538) DBB: write request from dla, addr 80101840 id 0
(45538) DBB: write data from dla (31000000 00000000...)
(45538) DBB: write, last tick
(45544) DBB: write request from dla, addr 80101840 id 0
(45544) DBB: write data from dla (00000000 00000066...)
(45544) DBB: write, last tick
(45550) DBB: write request from dla, addr 80101840 id 0
(45550) DBB: write data from dla (00000000 00003200...)
(45550) DBB: write, last tick
(45556) DBB: write request from dla, addr 80101840 id 0
(45556) DBB: write data from dla (00000000 00660000...)
(45556) DBB: write, last tick
(45562) DBB: write request from dla, addr 80101840 id 0
(45562) DBB: write data from dla (00000000 33000000...)
(45562) DBB: write, last tick
(45568) DBB: write request from dla, addr 80101840 id 0
(45568) DBB: write data from dla (00000000 00000000...)
(45568) DBB: write, last tick
(45574) DBB: write request from dla, addr 80101840 id 0
(45574) DBB: write data from dla (00000000 00000000...)
(45574) DBB: write, last tick
(45580) DBB: write request from dla, addr 80101840 id 0
(45580) DBB: write data from dla (00000000 00000000...)
(45580) DBB: write, last tick
(45586) DBB: write request from dla, addr 80101840 id 0
(45586) DBB: write data from dla (00000000 00000000...)
(45586) DBB: write, last tick
(45592) DBB: write request from dla, addr 80101840 id 0
(45592) DBB: write data from dla (00000000 00000000...)
(45592) DBB: write, last tick
(45598) DBB: write request from dla, addr 80101840 id 0
(45598) DBB: write data from dla (00000000 00000000...)
(45598) DBB: write, last tick
(45604) DBB: write request from dla, addr 80101840 id 0
(45604) DBB: write data from dla (00000000 00000000...)
(45604) DBB: write, last tick
(45610) DBB: write request from dla, addr 80101840 id 0
(45610) DBB: write data from dla (00000000 00000000...)
(45610) DBB: write, last tick
(45616) DBB: write request from dla, addr 80101840 id 0
(45616) DBB: write data from dla (00000000 00000000...)
(45616) DBB: write, last tick
(45622) DBB: write request from dla, addr 80101840 id 0
(45622) DBB: write data from dla (00000000 00000000...)
(45622) DBB: write, last tick
(45628) DBB: write request from dla, addr 80101840 id 0
(45628) DBB: write data from dla (00000000 00000000...)
(45628) DBB: write, last tick
(45634) DBB: write request from dla, addr 80101840 id 0
(45634) DBB: write data from dla (00000000 00000000...)
(45634) DBB: write, last tick
(45640) DBB: write request from dla, addr 80101840 id 0
(45640) DBB: write data from dla (00000000 00000000...)
(45640) DBB: write, last tick
(45646) DBB: write request from dla, addr 80101840 id 0
(45646) DBB: write data from dla (00000000 00000000...)
(45646) DBB: write, last tick
(45652) DBB: write request from dla, addr 80101840 id 0
(45652) DBB: write data from dla (00000000 00000000...)
(45652) DBB: write, last tick
(45658) DBB: write request from dla, addr 80101840 id 0
(45658) DBB: write data from dla (00000000 00000000...)
(45658) DBB: write, last tick
(45664) DBB: write request from dla, addr 80101840 id 0
(45664) DBB: write data from dla (00000000 00000000...)
(45664) DBB: write, last tick
(45670) DBB: write request from dla, addr 80101840 id 0
(45670) DBB: write data from dla (00000000 00000000...)
(45670) DBB: write, last tick
(45676) DBB: write request from dla, addr 80101840 id 0
(45676) DBB: write data from dla (00000000 00000000...)
(45676) DBB: write, last tick
(45682) DBB: write request from dla, addr 80101840 id 0
(45682) DBB: write data from dla (00000000 00000000...)
(45682) DBB: write, last tick
(45688) DBB: write request from dla, addr 80101840 id 0
(45688) DBB: write data from dla (00000000 00000000...)
(45688) DBB: write, last tick
(45694) DBB: write request from dla, addr 80101840 id 0
(45694) DBB: write data from dla (00000000 00000000...)
(45694) DBB: write, last tick
(45700) DBB: write request from dla, addr 80101840 id 0
(45700) DBB: write data from dla (00000000 00000000...)
(45700) DBB: write, last tick
(45706) DBB: write request from dla, addr 80101840 id 0
(45706) DBB: write data from dla (00000000 00000000...)
(45706) DBB: write, last tick
(45712) DBB: write request from dla, addr 80101840 id 0
(45712) DBB: write data from dla (00000000 00000000...)
(45712) DBB: write, last tick
(45718) DBB: write request from dla, addr 80101840 id 0
(45718) DBB: write data from dla (00000000 00000000...)
(45718) DBB: write, last tick
(45724) DBB: write request from dla, addr 80101840 id 0
(45724) DBB: write data from dla (00000000 00000000...)
(45724) DBB: write, last tick
(45730) DBB: write request from dla, addr 80101840 id 0
(45730) DBB: write data from dla (00000000 00000000...)
(45730) DBB: write, last tick
(45736) DBB: write request from dla, addr 80101840 id 0
(45736) DBB: write data from dla (00000000 00000000...)
(45736) DBB: write, last tick
(45742) DBB: write request from dla, addr 80101840 id 0
(45742) DBB: write data from dla (00000000 00000000...)
(45742) DBB: write, last tick
(45748) DBB: write request from dla, addr 80101840 id 0
(45748) DBB: write data from dla (00000000 00000000...)
(45748) DBB: write, last tick
(45754) DBB: write request from dla, addr 80101840 id 0
(45754) DBB: write data from dla (00000000 00000000...)
(45754) DBB: write, last tick
(45760) DBB: write request from dla, addr 80101840 id 0
(45760) DBB: write data from dla (00000000 00000000...)
(45760) DBB: write, last tick
(45766) DBB: write request from dla, addr 80101840 id 0
(45766) DBB: write data from dla (00000000 00000000...)
(45766) DBB: write, last tick
(45772) DBB: write request from dla, addr 80101840 id 0
(45772) DBB: write data from dla (00000000 00000000...)
(45772) DBB: write, last tick
(45778) DBB: write request from dla, addr 80101840 id 0
(45778) DBB: write data from dla (00000000 00000000...)
(45778) DBB: write, last tick
(45784) DBB: write request from dla, addr 80101840 id 0
(45784) DBB: write data from dla (00000000 00000000...)
(45784) DBB: write, last tick
(45790) DBB: write request from dla, addr 80101840 id 0
(45790) DBB: write data from dla (00000000 00000000...)
(45790) DBB: write, last tick
(45796) DBB: write request from dla, addr 80101840 id 0
(45796) DBB: write data from dla (00000000 00000000...)
(45796) DBB: write, last tick
(45802) DBB: write request from dla, addr 80101840 id 0
(45802) DBB: write data from dla (00000000 00000000...)
(45802) DBB: write, last tick
(45808) DBB: write request from dla, addr 80101840 id 0
(45808) DBB: write data from dla (00000000 00000000...)
(45808) DBB: write, last tick
(45814) DBB: write request from dla, addr 80101840 id 0
(45814) DBB: write data from dla (00000000 00000000...)
(45814) DBB: write, last tick
(45820) DBB: write request from dla, addr 80101840 id 0
(45820) DBB: write data from dla (00000000 00000000...)
(45820) DBB: write, last tick
(45826) DBB: write request from dla, addr 80101840 id 0
(45826) DBB: write data from dla (00000000 00000000...)
(45826) DBB: write, last tick
(45832) DBB: write request from dla, addr 80101840 id 0
(45832) DBB: write data from dla (00000000 00000000...)
(45832) DBB: write, last tick
(45838) DBB: write request from dla, addr 80101840 id 0
(45838) DBB: write data from dla (00000000 00000000...)
(45838) DBB: write, last tick
(45844) DBB: write request from dla, addr 80101840 id 0
(45844) DBB: write data from dla (00000000 00000000...)
(45844) DBB: write, last tick
(45850) DBB: write request from dla, addr 80101840 id 0
(45850) DBB: write data from dla (00000000 00000000...)
(45850) DBB: write, last tick
(45856) DBB: write request from dla, addr 80101840 id 0
(45856) DBB: write data from dla (00000000 00000000...)
(45856) DBB: write, last tick
(45862) DBB: write request from dla, addr 80101840 id 0
(45862) DBB: write data from dla (00000000 00000000...)
(45862) DBB: write, last tick
(45868) DBB: write request from dla, addr 80101840 id 0
(45868) DBB: write data from dla (00000000 00000000...)
(45868) DBB: write, last tick
(45874) DBB: write request from dla, addr 80101840 id 0
(45874) DBB: write data from dla (00000000 00000000...)
(45874) DBB: write, last tick
(45880) DBB: write request from dla, addr 80101840 id 0
(45880) DBB: write data from dla (00000000 00000000...)
(45880) DBB: write, last tick
(45886) DBB: write request from dla, addr 80101840 id 0
(45886) DBB: write data from dla (00000000 00000000...)
(45886) DBB: write, last tick
(45892) DBB: write request from dla, addr 80101840 id 0
(45892) DBB: write data from dla (00000000 00000000...)
(45892) DBB: write, last tick
(45898) DBB: write request from dla, addr 80101840 id 0
(45898) DBB: write data from dla (00000000 00000000...)
(45898) DBB: write, last tick
(45906) interrupt!
(45908) write to nvdla: addr ffff0003, data ffffffff
AXI: dumping memory to output_feature_map.dat
AXI: FAIL: mismatch at memory address 80100000 (exp 0x11, got 0x31), and maybe others too
done at 46312 ticks
*** FAIL: test failed due to output mismatch
