INFO: Preparing secworks:crypto:aes:1.0.0
INFO: Setting up project
WARNING: This backend is deprecated and will eventually be removed. Please migrate to the flow API instead.  See https://edalize.readthedocs.io/en/latest/ref/migrations.html#migrating-from-the-tool-api-to-the-flow-api for more details.
INFO: Building
INFO: Running
vvp -n -M. -l icarus.log   secworks_crypto_aes_1.0.0 -fst 
   -= Testbench for aes key mem started =-
    =====================================

Dumping all variables to tb_aes_key_mem vcd file.
FST info: dumpfile tb_aes_key_mem.vcd opened for output.
State of DUT
------------
Inputs and outputs:
key       = 0x0000000000000000000000000000000000000000000000000000000000000000
keylen    = 0x0, init = 0x0, ready = 0xx
round     = 0x00
round_key = 0xxxxxxxxxxxxxxxxxxxxxxxxxxxxxxxxx

Internal states:
key_mem_ctrl = 0x00, round_key_update = 0x0, round_ctr_reg = 0xx
prev_key0_reg = 0x00000000000000000000000000000000, prev_key0_new = 0x00000000000000000000000000000000, prev_key0_we = 0x0
prev_key1_reg = 0x00000000000000000000000000000000, prev_key1_new = 0x00000000000000000000000000000000, prev_key1_we = 0x0
rcon_reg = 0x00, rcon_new = 0x00,  rcon_set = 0x0,  rcon_next = 0x0, rcon_we = 0x0
w0 = 0x00000000, w1 = 0x00000000, w2 = 0x00000000, w3 = 0x00000000
w4 = 0x00000000, w5 = 0x00000000, w6 = 0x00000000, w7 = 0x00000000
sboxw = 0xxxxxxxxx, new_sboxw = 0xzzzzzzzz, rconw = 0x00000000
tw = 0x00000000, trw = 0x00000000
key_mem_new = 0x00000000000000000000000000000000, key_mem_we = 0x0

*** Toggle reset.
State of DUT
------------
Inputs and outputs:
key       = 0x0000000000000000000000000000000000000000000000000000000000000000
keylen    = 0x0, init = 0x0, ready = 0x0
round     = 0x00
round_key = 0x00000000000000000000000000000000

Internal states:
key_mem_ctrl = 0x00, round_key_update = 0x0, round_ctr_reg = 0x0
prev_key0_reg = 0x00000000000000000000000000000000, prev_key0_new = 0x00000000000000000000000000000000, prev_key0_we = 0x0
prev_key1_reg = 0x00000000000000000000000000000000, prev_key1_new = 0x00000000000000000000000000000000, prev_key1_we = 0x0
rcon_reg = 0x00, rcon_new = 0x00,  rcon_set = 0x0,  rcon_next = 0x0, rcon_we = 0x0
w0 = 0x00000000, w1 = 0x00000000, w2 = 0x00000000, w3 = 0x00000000
w4 = 0x00000000, w5 = 0x00000000, w6 = 0x00000000, w7 = 0x00000000
sboxw = 0xxxxxxxxx, new_sboxw = 0x00000000, rconw = 0x00000000
tw = 0x00000000, trw = 0x00000000
key_mem_new = 0x00000000000000000000000000000000, key_mem_we = 0x0

State after reset:
State of DUT
------------
Inputs and outputs:
key       = 0x0000000000000000000000000000000000000000000000000000000000000000
keylen    = 0x0, init = 0x0, ready = 0x0
round     = 0x00
round_key = 0x00000000000000000000000000000000

Internal states:
key_mem_ctrl = 0x00, round_key_update = 0x0, round_ctr_reg = 0x0
prev_key0_reg = 0x00000000000000000000000000000000, prev_key0_new = 0x00000000000000000000000000000000, prev_key0_we = 0x0
prev_key1_reg = 0x00000000000000000000000000000000, prev_key1_new = 0x00000000000000000000000000000000, prev_key1_we = 0x0
rcon_reg = 0x00, rcon_new = 0x00,  rcon_set = 0x0,  rcon_next = 0x0, rcon_we = 0x0
w0 = 0x00000000, w1 = 0x00000000, w2 = 0x00000000, w3 = 0x00000000
w4 = 0x00000000, w5 = 0x00000000, w6 = 0x00000000, w7 = 0x00000000
sboxw = 0xxxxxxxxx, new_sboxw = 0x00000000, rconw = 0x00000000
tw = 0x00000000, trw = 0x00000000
key_mem_new = 0x00000000000000000000000000000000, key_mem_we = 0x0


State of DUT
------------
Inputs and outputs:
key       = 0x0000000000000000000000000000000000000000000000000000000000000000
keylen    = 0x0, init = 0x0, ready = 0x0
round     = 0x00
round_key = 0x00000000000000000000000000000000

Internal states:
key_mem_ctrl = 0x00, round_key_update = 0x0, round_ctr_reg = 0x0
prev_key0_reg = 0x00000000000000000000000000000000, prev_key0_new = 0x00000000000000000000000000000000, prev_key0_we = 0x0
prev_key1_reg = 0x00000000000000000000000000000000, prev_key1_new = 0x00000000000000000000000000000000, prev_key1_we = 0x0
rcon_reg = 0x00, rcon_new = 0x00,  rcon_set = 0x0,  rcon_next = 0x0, rcon_we = 0x0
w0 = 0x00000000, w1 = 0x00000000, w2 = 0x00000000, w3 = 0x00000000
w4 = 0x00000000, w5 = 0x00000000, w6 = 0x00000000, w7 = 0x00000000
sboxw = 0xxxxxxxxx, new_sboxw = 0x00000000, rconw = 0x00000000
tw = 0x00000000, trw = 0x00000000
key_mem_new = 0x00000000000000000000000000000000, key_mem_we = 0x0

State of DUT
------------
Inputs and outputs:
key       = 0x0000000000000000000000000000000000000000000000000000000000000000
keylen    = 0x0, init = 0x0, ready = 0x0
round     = 0x00
round_key = 0x00000000000000000000000000000000

Internal states:
key_mem_ctrl = 0x00, round_key_update = 0x0, round_ctr_reg = 0x0
prev_key0_reg = 0x00000000000000000000000000000000, prev_key0_new = 0x00000000000000000000000000000000, prev_key0_we = 0x0
prev_key1_reg = 0x00000000000000000000000000000000, prev_key1_new = 0x00000000000000000000000000000000, prev_key1_we = 0x0
rcon_reg = 0x00, rcon_new = 0x00,  rcon_set = 0x0,  rcon_next = 0x0, rcon_we = 0x0
w0 = 0x00000000, w1 = 0x00000000, w2 = 0x00000000, w3 = 0x00000000
w4 = 0x00000000, w5 = 0x00000000, w6 = 0x00000000, w7 = 0x00000000
sboxw = 0xxxxxxxxx, new_sboxw = 0x00000000, rconw = 0x00000000
tw = 0x00000000, trw = 0x00000000
key_mem_new = 0x00000000000000000000000000000000, key_mem_we = 0x0

State of DUT
------------
Inputs and outputs:
key       = 0x0000000000000000000000000000000000000000000000000000000000000000
keylen    = 0x0, init = 0x0, ready = 0x0
round     = 0x00
round_key = 0x00000000000000000000000000000000

Internal states:
key_mem_ctrl = 0x00, round_key_update = 0x0, round_ctr_reg = 0x0
prev_key0_reg = 0x00000000000000000000000000000000, prev_key0_new = 0x00000000000000000000000000000000, prev_key0_we = 0x0
prev_key1_reg = 0x00000000000000000000000000000000, prev_key1_new = 0x00000000000000000000000000000000, prev_key1_we = 0x0
rcon_reg = 0x00, rcon_new = 0x00,  rcon_set = 0x0,  rcon_next = 0x0, rcon_we = 0x0
w0 = 0x00000000, w1 = 0x00000000, w2 = 0x00000000, w3 = 0x00000000
w4 = 0x00000000, w5 = 0x00000000, w6 = 0x00000000, w7 = 0x00000000
sboxw = 0xxxxxxxxx, new_sboxw = 0x00000000, rconw = 0x00000000
tw = 0x00000000, trw = 0x00000000
key_mem_new = 0x00000000000000000000000000000000, key_mem_we = 0x0

State of DUT
------------
Inputs and outputs:
key       = 0x0000000000000000000000000000000000000000000000000000000000000000
keylen    = 0x0, init = 0x0, ready = 0x0
round     = 0x00
round_key = 0x00000000000000000000000000000000

Internal states:
key_mem_ctrl = 0x00, round_key_update = 0x0, round_ctr_reg = 0x0
prev_key0_reg = 0x00000000000000000000000000000000, prev_key0_new = 0x00000000000000000000000000000000, prev_key0_we = 0x0
prev_key1_reg = 0x00000000000000000000000000000000, prev_key1_new = 0x00000000000000000000000000000000, prev_key1_we = 0x0
rcon_reg = 0x00, rcon_new = 0x00,  rcon_set = 0x0,  rcon_next = 0x0, rcon_we = 0x0
w0 = 0x00000000, w1 = 0x00000000, w2 = 0x00000000, w3 = 0x00000000
w4 = 0x00000000, w5 = 0x00000000, w6 = 0x00000000, w7 = 0x00000000
sboxw = 0xxxxxxxxx, new_sboxw = 0x00000000, rconw = 0x00000000
tw = 0x00000000, trw = 0x00000000
key_mem_new = 0x00000000000000000000000000000000, key_mem_we = 0x0

State of DUT
------------
Inputs and outputs:
key       = 0x0000000000000000000000000000000000000000000000000000000000000000
keylen    = 0x0, init = 0x0, ready = 0x0
round     = 0x00
round_key = 0x00000000000000000000000000000000

Internal states:
key_mem_ctrl = 0x00, round_key_update = 0x0, round_ctr_reg = 0x0
prev_key0_reg = 0x00000000000000000000000000000000, prev_key0_new = 0x00000000000000000000000000000000, prev_key0_we = 0x0
prev_key1_reg = 0x00000000000000000000000000000000, prev_key1_new = 0x00000000000000000000000000000000, prev_key1_we = 0x0
rcon_reg = 0x00, rcon_new = 0x00,  rcon_set = 0x0,  rcon_next = 0x0, rcon_we = 0x0
w0 = 0x00000000, w1 = 0x00000000, w2 = 0x00000000, w3 = 0x00000000
w4 = 0x00000000, w5 = 0x00000000, w6 = 0x00000000, w7 = 0x00000000
sboxw = 0xxxxxxxxx, new_sboxw = 0x00000000, rconw = 0x00000000
tw = 0x00000000, trw = 0x00000000
key_mem_new = 0x00000000000000000000000000000000, key_mem_we = 0x0

State of DUT
------------
Inputs and outputs:
key       = 0x0000000000000000000000000000000000000000000000000000000000000000
keylen    = 0x0, init = 0x0, ready = 0x0
round     = 0x00
round_key = 0x00000000000000000000000000000000

Internal states:
key_mem_ctrl = 0x00, round_key_update = 0x0, round_ctr_reg = 0x0
prev_key0_reg = 0x00000000000000000000000000000000, prev_key0_new = 0x00000000000000000000000000000000, prev_key0_we = 0x0
prev_key1_reg = 0x00000000000000000000000000000000, prev_key1_new = 0x00000000000000000000000000000000, prev_key1_we = 0x0
rcon_reg = 0x00, rcon_new = 0x00,  rcon_set = 0x0,  rcon_next = 0x0, rcon_we = 0x0
w0 = 0x00000000, w1 = 0x00000000, w2 = 0x00000000, w3 = 0x00000000
w4 = 0x00000000, w5 = 0x00000000, w6 = 0x00000000, w7 = 0x00000000
sboxw = 0xxxxxxxxx, new_sboxw = 0x00000000, rconw = 0x00000000
tw = 0x00000000, trw = 0x00000000
key_mem_new = 0x00000000000000000000000000000000, key_mem_we = 0x0

State of DUT
------------
Inputs and outputs:
key       = 0x0000000000000000000000000000000000000000000000000000000000000000
keylen    = 0x0, init = 0x0, ready = 0x0
round     = 0x00
round_key = 0x00000000000000000000000000000000

Internal states:
key_mem_ctrl = 0x00, round_key_update = 0x0, round_ctr_reg = 0x0
prev_key0_reg = 0x00000000000000000000000000000000, prev_key0_new = 0x00000000000000000000000000000000, prev_key0_we = 0x0
prev_key1_reg = 0x00000000000000000000000000000000, prev_key1_new = 0x00000000000000000000000000000000, prev_key1_we = 0x0
rcon_reg = 0x00, rcon_new = 0x00,  rcon_set = 0x0,  rcon_next = 0x0, rcon_we = 0x0
w0 = 0x00000000, w1 = 0x00000000, w2 = 0x00000000, w3 = 0x00000000
w4 = 0x00000000, w5 = 0x00000000, w6 = 0x00000000, w7 = 0x00000000
sboxw = 0xxxxxxxxx, new_sboxw = 0x00000000, rconw = 0x00000000
tw = 0x00000000, trw = 0x00000000
key_mem_new = 0x00000000000000000000000000000000, key_mem_we = 0x0

State of DUT
------------
Inputs and outputs:
key       = 0x0000000000000000000000000000000000000000000000000000000000000000
keylen    = 0x0, init = 0x0, ready = 0x0
round     = 0x00
round_key = 0x00000000000000000000000000000000

Internal states:
key_mem_ctrl = 0x00, round_key_update = 0x0, round_ctr_reg = 0x0
prev_key0_reg = 0x00000000000000000000000000000000, prev_key0_new = 0x00000000000000000000000000000000, prev_key0_we = 0x0
prev_key1_reg = 0x00000000000000000000000000000000, prev_key1_new = 0x00000000000000000000000000000000, prev_key1_we = 0x0
rcon_reg = 0x00, rcon_new = 0x00,  rcon_set = 0x0,  rcon_next = 0x0, rcon_we = 0x0
w0 = 0x00000000, w1 = 0x00000000, w2 = 0x00000000, w3 = 0x00000000
w4 = 0x00000000, w5 = 0x00000000, w6 = 0x00000000, w7 = 0x00000000
sboxw = 0xxxxxxxxx, new_sboxw = 0x00000000, rconw = 0x00000000
tw = 0x00000000, trw = 0x00000000
key_mem_new = 0x00000000000000000000000000000000, key_mem_we = 0x0

State of DUT
------------
Inputs and outputs:
key       = 0x0000000000000000000000000000000000000000000000000000000000000000
keylen    = 0x0, init = 0x0, ready = 0x0
round     = 0x00
round_key = 0x00000000000000000000000000000000

Internal states:
key_mem_ctrl = 0x00, round_key_update = 0x0, round_ctr_reg = 0x0
prev_key0_reg = 0x00000000000000000000000000000000, prev_key0_new = 0x00000000000000000000000000000000, prev_key0_we = 0x0
prev_key1_reg = 0x00000000000000000000000000000000, prev_key1_new = 0x00000000000000000000000000000000, prev_key1_we = 0x0
rcon_reg = 0x00, rcon_new = 0x00,  rcon_set = 0x0,  rcon_next = 0x0, rcon_we = 0x0
w0 = 0x00000000, w1 = 0x00000000, w2 = 0x00000000, w3 = 0x00000000
w4 = 0x00000000, w5 = 0x00000000, w6 = 0x00000000, w7 = 0x00000000
sboxw = 0xxxxxxxxx, new_sboxw = 0x00000000, rconw = 0x00000000
tw = 0x00000000, trw = 0x00000000
key_mem_new = 0x00000000000000000000000000000000, key_mem_we = 0x0

State of DUT
------------
Inputs and outputs:
key       = 0x0000000000000000000000000000000000000000000000000000000000000000
keylen    = 0x0, init = 0x0, ready = 0x0
round     = 0x00
round_key = 0x00000000000000000000000000000000

Internal states:
key_mem_ctrl = 0x00, round_key_update = 0x0, round_ctr_reg = 0x0
prev_key0_reg = 0x00000000000000000000000000000000, prev_key0_new = 0x00000000000000000000000000000000, prev_key0_we = 0x0
prev_key1_reg = 0x00000000000000000000000000000000, prev_key1_new = 0x00000000000000000000000000000000, prev_key1_we = 0x0
rcon_reg = 0x00, rcon_new = 0x00,  rcon_set = 0x0,  rcon_next = 0x0, rcon_we = 0x0
w0 = 0x00000000, w1 = 0x00000000, w2 = 0x00000000, w3 = 0x00000000
w4 = 0x00000000, w5 = 0x00000000, w6 = 0x00000000, w7 = 0x00000000
sboxw = 0xxxxxxxxx, new_sboxw = 0x00000000, rconw = 0x00000000
tw = 0x00000000, trw = 0x00000000
key_mem_new = 0x00000000000000000000000000000000, key_mem_we = 0x0

State of DUT
------------
Inputs and outputs:
key       = 0x0000000000000000000000000000000000000000000000000000000000000000
keylen    = 0x0, init = 0x0, ready = 0x0
round     = 0x00
round_key = 0x00000000000000000000000000000000

Internal states:
key_mem_ctrl = 0x00, round_key_update = 0x0, round_ctr_reg = 0x0
prev_key0_reg = 0x00000000000000000000000000000000, prev_key0_new = 0x00000000000000000000000000000000, prev_key0_we = 0x0
prev_key1_reg = 0x00000000000000000000000000000000, prev_key1_new = 0x00000000000000000000000000000000, prev_key1_we = 0x0
rcon_reg = 0x00, rcon_new = 0x00,  rcon_set = 0x0,  rcon_next = 0x0, rcon_we = 0x0
w0 = 0x00000000, w1 = 0x00000000, w2 = 0x00000000, w3 = 0x00000000
w4 = 0x00000000, w5 = 0x00000000, w6 = 0x00000000, w7 = 0x00000000
sboxw = 0xxxxxxxxx, new_sboxw = 0x00000000, rconw = 0x00000000
tw = 0x00000000, trw = 0x00000000
key_mem_new = 0x00000000000000000000000000000000, key_mem_we = 0x0

State of DUT
------------
Inputs and outputs:
key       = 0x0000000000000000000000000000000000000000000000000000000000000000
keylen    = 0x0, init = 0x0, ready = 0x0
round     = 0x00
round_key = 0x00000000000000000000000000000000

Internal states:
key_mem_ctrl = 0x00, round_key_update = 0x0, round_ctr_reg = 0x0
prev_key0_reg = 0x00000000000000000000000000000000, prev_key0_new = 0x00000000000000000000000000000000, prev_key0_we = 0x0
prev_key1_reg = 0x00000000000000000000000000000000, prev_key1_new = 0x00000000000000000000000000000000, prev_key1_we = 0x0
rcon_reg = 0x00, rcon_new = 0x00,  rcon_set = 0x0,  rcon_next = 0x0, rcon_we = 0x0
w0 = 0x00000000, w1 = 0x00000000, w2 = 0x00000000, w3 = 0x00000000
w4 = 0x00000000, w5 = 0x00000000, w6 = 0x00000000, w7 = 0x00000000
sboxw = 0xxxxxxxxx, new_sboxw = 0x00000000, rconw = 0x00000000
tw = 0x00000000, trw = 0x00000000
key_mem_new = 0x00000000000000000000000000000000, key_mem_we = 0x0

State of DUT
------------
Inputs and outputs:
key       = 0x0000000000000000000000000000000000000000000000000000000000000000
keylen    = 0x0, init = 0x0, ready = 0x0
round     = 0x00
round_key = 0x00000000000000000000000000000000

Internal states:
key_mem_ctrl = 0x00, round_key_update = 0x0, round_ctr_reg = 0x0
prev_key0_reg = 0x00000000000000000000000000000000, prev_key0_new = 0x00000000000000000000000000000000, prev_key0_we = 0x0
prev_key1_reg = 0x00000000000000000000000000000000, prev_key1_new = 0x00000000000000000000000000000000, prev_key1_we = 0x0
rcon_reg = 0x00, rcon_new = 0x00,  rcon_set = 0x0,  rcon_next = 0x0, rcon_we = 0x0
w0 = 0x00000000, w1 = 0x00000000, w2 = 0x00000000, w3 = 0x00000000
w4 = 0x00000000, w5 = 0x00000000, w6 = 0x00000000, w7 = 0x00000000
sboxw = 0xxxxxxxxx, new_sboxw = 0x00000000, rconw = 0x00000000
tw = 0x00000000, trw = 0x00000000
key_mem_new = 0x00000000000000000000000000000000, key_mem_we = 0x0

State of DUT
------------
Inputs and outputs:
key       = 0x0000000000000000000000000000000000000000000000000000000000000000
keylen    = 0x0, init = 0x0, ready = 0x0
round     = 0x00
round_key = 0x00000000000000000000000000000000

Internal states:
key_mem_ctrl = 0x00, round_key_update = 0x0, round_ctr_reg = 0x0
prev_key0_reg = 0x00000000000000000000000000000000, prev_key0_new = 0x00000000000000000000000000000000, prev_key0_we = 0x0
prev_key1_reg = 0x00000000000000000000000000000000, prev_key1_new = 0x00000000000000000000000000000000, prev_key1_we = 0x0
rcon_reg = 0x00, rcon_new = 0x00,  rcon_set = 0x0,  rcon_next = 0x0, rcon_we = 0x0
w0 = 0x00000000, w1 = 0x00000000, w2 = 0x00000000, w3 = 0x00000000
w4 = 0x00000000, w5 = 0x00000000, w6 = 0x00000000, w7 = 0x00000000
sboxw = 0xxxxxxxxx, new_sboxw = 0x00000000, rconw = 0x00000000
tw = 0x00000000, trw = 0x00000000
key_mem_new = 0x00000000000000000000000000000000, key_mem_we = 0x0

State of DUT
------------
Inputs and outputs:
key       = 0x0000000000000000000000000000000000000000000000000000000000000000
keylen    = 0x0, init = 0x0, ready = 0x0
round     = 0x00
round_key = 0x00000000000000000000000000000000

Internal states:
key_mem_ctrl = 0x00, round_key_update = 0x0, round_ctr_reg = 0x0
prev_key0_reg = 0x00000000000000000000000000000000, prev_key0_new = 0x00000000000000000000000000000000, prev_key0_we = 0x0
prev_key1_reg = 0x00000000000000000000000000000000, prev_key1_new = 0x00000000000000000000000000000000, prev_key1_we = 0x0
rcon_reg = 0x00, rcon_new = 0x00,  rcon_set = 0x0,  rcon_next = 0x0, rcon_we = 0x0
w0 = 0x00000000, w1 = 0x00000000, w2 = 0x00000000, w3 = 0x00000000
w4 = 0x00000000, w5 = 0x00000000, w6 = 0x00000000, w7 = 0x00000000
sboxw = 0xxxxxxxxx, new_sboxw = 0x00000000, rconw = 0x00000000
tw = 0x00000000, trw = 0x00000000
key_mem_new = 0x00000000000000000000000000000000, key_mem_we = 0x0

State of DUT
------------
Inputs and outputs:
key       = 0x0000000000000000000000000000000000000000000000000000000000000000
keylen    = 0x0, init = 0x0, ready = 0x0
round     = 0x00
round_key = 0x00000000000000000000000000000000

Internal states:
key_mem_ctrl = 0x00, round_key_update = 0x0, round_ctr_reg = 0x0
prev_key0_reg = 0x00000000000000000000000000000000, prev_key0_new = 0x00000000000000000000000000000000, prev_key0_we = 0x0
prev_key1_reg = 0x00000000000000000000000000000000, prev_key1_new = 0x00000000000000000000000000000000, prev_key1_we = 0x0
rcon_reg = 0x00, rcon_new = 0x00,  rcon_set = 0x0,  rcon_next = 0x0, rcon_we = 0x0
w0 = 0x00000000, w1 = 0x00000000, w2 = 0x00000000, w3 = 0x00000000
w4 = 0x00000000, w5 = 0x00000000, w6 = 0x00000000, w7 = 0x00000000
sboxw = 0xxxxxxxxx, new_sboxw = 0x00000000, rconw = 0x00000000
tw = 0x00000000, trw = 0x00000000
key_mem_new = 0x00000000000000000000000000000000, key_mem_we = 0x0

State of DUT
------------
Inputs and outputs:
key       = 0x0000000000000000000000000000000000000000000000000000000000000000
keylen    = 0x0, init = 0x0, ready = 0x0
round     = 0x00
round_key = 0x00000000000000000000000000000000

Internal states:
key_mem_ctrl = 0x00, round_key_update = 0x0, round_ctr_reg = 0x0
prev_key0_reg = 0x00000000000000000000000000000000, prev_key0_new = 0x00000000000000000000000000000000, prev_key0_we = 0x0
prev_key1_reg = 0x00000000000000000000000000000000, prev_key1_new = 0x00000000000000000000000000000000, prev_key1_we = 0x0
rcon_reg = 0x00, rcon_new = 0x00,  rcon_set = 0x0,  rcon_next = 0x0, rcon_we = 0x0
w0 = 0x00000000, w1 = 0x00000000, w2 = 0x00000000, w3 = 0x00000000
w4 = 0x00000000, w5 = 0x00000000, w6 = 0x00000000, w7 = 0x00000000
sboxw = 0xxxxxxxxx, new_sboxw = 0x00000000, rconw = 0x00000000
tw = 0x00000000, trw = 0x00000000
key_mem_new = 0x00000000000000000000000000000000, key_mem_we = 0x0

State of DUT
------------
Inputs and outputs:
key       = 0x0000000000000000000000000000000000000000000000000000000000000000
keylen    = 0x0, init = 0x0, ready = 0x0
round     = 0x00
round_key = 0x00000000000000000000000000000000

Internal states:
key_mem_ctrl = 0x00, round_key_update = 0x0, round_ctr_reg = 0x0
prev_key0_reg = 0x00000000000000000000000000000000, prev_key0_new = 0x00000000000000000000000000000000, prev_key0_we = 0x0
prev_key1_reg = 0x00000000000000000000000000000000, prev_key1_new = 0x00000000000000000000000000000000, prev_key1_we = 0x0
rcon_reg = 0x00, rcon_new = 0x00,  rcon_set = 0x0,  rcon_next = 0x0, rcon_we = 0x0
w0 = 0x00000000, w1 = 0x00000000, w2 = 0x00000000, w3 = 0x00000000
w4 = 0x00000000, w5 = 0x00000000, w6 = 0x00000000, w7 = 0x00000000
sboxw = 0xxxxxxxxx, new_sboxw = 0x00000000, rconw = 0x00000000
tw = 0x00000000, trw = 0x00000000
key_mem_new = 0x00000000000000000000000000000000, key_mem_we = 0x0

State of DUT
------------
Inputs and outputs:
key       = 0x0000000000000000000000000000000000000000000000000000000000000000
keylen    = 0x0, init = 0x0, ready = 0x0
round     = 0x00
round_key = 0x00000000000000000000000000000000

Internal states:
key_mem_ctrl = 0x00, round_key_update = 0x0, round_ctr_reg = 0x0
prev_key0_reg = 0x00000000000000000000000000000000, prev_key0_new = 0x00000000000000000000000000000000, prev_key0_we = 0x0
prev_key1_reg = 0x00000000000000000000000000000000, prev_key1_new = 0x00000000000000000000000000000000, prev_key1_we = 0x0
rcon_reg = 0x00, rcon_new = 0x00,  rcon_set = 0x0,  rcon_next = 0x0, rcon_we = 0x0
w0 = 0x00000000, w1 = 0x00000000, w2 = 0x00000000, w3 = 0x00000000
w4 = 0x00000000, w5 = 0x00000000, w6 = 0x00000000, w7 = 0x00000000
sboxw = 0xxxxxxxxx, new_sboxw = 0x00000000, rconw = 0x00000000
tw = 0x00000000, trw = 0x00000000
key_mem_new = 0x00000000000000000000000000000000, key_mem_we = 0x0

State of DUT
------------
Inputs and outputs:
key       = 0x0000000000000000000000000000000000000000000000000000000000000000
keylen    = 0x0, init = 0x0, ready = 0x0
round     = 0x00
round_key = 0x00000000000000000000000000000000

Internal states:
key_mem_ctrl = 0x00, round_key_update = 0x0, round_ctr_reg = 0x0
prev_key0_reg = 0x00000000000000000000000000000000, prev_key0_new = 0x00000000000000000000000000000000, prev_key0_we = 0x0
prev_key1_reg = 0x00000000000000000000000000000000, prev_key1_new = 0x00000000000000000000000000000000, prev_key1_we = 0x0
rcon_reg = 0x00, rcon_new = 0x00,  rcon_set = 0x0,  rcon_next = 0x0, rcon_we = 0x0
w0 = 0x00000000, w1 = 0x00000000, w2 = 0x00000000, w3 = 0x00000000
w4 = 0x00000000, w5 = 0x00000000, w6 = 0x00000000, w7 = 0x00000000
sboxw = 0xxxxxxxxx, new_sboxw = 0x00000000, rconw = 0x00000000
tw = 0x00000000, trw = 0x00000000
key_mem_new = 0x00000000000000000000000000000000, key_mem_we = 0x0

State of DUT
------------
Inputs and outputs:
key       = 0x0000000000000000000000000000000000000000000000000000000000000000
keylen    = 0x0, init = 0x0, ready = 0x0
round     = 0x00
round_key = 0x00000000000000000000000000000000

Internal states:
key_mem_ctrl = 0x00, round_key_update = 0x0, round_ctr_reg = 0x0
prev_key0_reg = 0x00000000000000000000000000000000, prev_key0_new = 0x00000000000000000000000000000000, prev_key0_we = 0x0
prev_key1_reg = 0x00000000000000000000000000000000, prev_key1_new = 0x00000000000000000000000000000000, prev_key1_we = 0x0
rcon_reg = 0x00, rcon_new = 0x00,  rcon_set = 0x0,  rcon_next = 0x0, rcon_we = 0x0
w0 = 0x00000000, w1 = 0x00000000, w2 = 0x00000000, w3 = 0x00000000
w4 = 0x00000000, w5 = 0x00000000, w6 = 0x00000000, w7 = 0x00000000
sboxw = 0xxxxxxxxx, new_sboxw = 0x00000000, rconw = 0x00000000
tw = 0x00000000, trw = 0x00000000
key_mem_new = 0x00000000000000000000000000000000, key_mem_we = 0x0

State of DUT
------------
Inputs and outputs:
key       = 0x0000000000000000000000000000000000000000000000000000000000000000
keylen    = 0x0, init = 0x0, ready = 0x0
round     = 0x00
round_key = 0x00000000000000000000000000000000

Internal states:
key_mem_ctrl = 0x00, round_key_update = 0x0, round_ctr_reg = 0x0
prev_key0_reg = 0x00000000000000000000000000000000, prev_key0_new = 0x00000000000000000000000000000000, prev_key0_we = 0x0
prev_key1_reg = 0x00000000000000000000000000000000, prev_key1_new = 0x00000000000000000000000000000000, prev_key1_we = 0x0
rcon_reg = 0x00, rcon_new = 0x00,  rcon_set = 0x0,  rcon_next = 0x0, rcon_we = 0x0
w0 = 0x00000000, w1 = 0x00000000, w2 = 0x00000000, w3 = 0x00000000
w4 = 0x00000000, w5 = 0x00000000, w6 = 0x00000000, w7 = 0x00000000
sboxw = 0xxxxxxxxx, new_sboxw = 0x00000000, rconw = 0x00000000
tw = 0x00000000, trw = 0x00000000
key_mem_new = 0x00000000000000000000000000000000, key_mem_we = 0x0

State of DUT
------------
Inputs and outputs:
key       = 0x0000000000000000000000000000000000000000000000000000000000000000
keylen    = 0x0, init = 0x0, ready = 0x0
round     = 0x00
round_key = 0x00000000000000000000000000000000

Internal states:
key_mem_ctrl = 0x00, round_key_update = 0x0, round_ctr_reg = 0x0
prev_key0_reg = 0x00000000000000000000000000000000, prev_key0_new = 0x00000000000000000000000000000000, prev_key0_we = 0x0
prev_key1_reg = 0x00000000000000000000000000000000, prev_key1_new = 0x00000000000000000000000000000000, prev_key1_we = 0x0
rcon_reg = 0x00, rcon_new = 0x00,  rcon_set = 0x0,  rcon_next = 0x0, rcon_we = 0x0
w0 = 0x00000000, w1 = 0x00000000, w2 = 0x00000000, w3 = 0x00000000
w4 = 0x00000000, w5 = 0x00000000, w6 = 0x00000000, w7 = 0x00000000
sboxw = 0xxxxxxxxx, new_sboxw = 0x00000000, rconw = 0x00000000
tw = 0x00000000, trw = 0x00000000
key_mem_new = 0x00000000000000000000000000000000, key_mem_we = 0x0

State of DUT
------------
Inputs and outputs:
key       = 0x0000000000000000000000000000000000000000000000000000000000000000
keylen    = 0x0, init = 0x0, ready = 0x0
round     = 0x00
round_key = 0x00000000000000000000000000000000

Internal states:
key_mem_ctrl = 0x00, round_key_update = 0x0, round_ctr_reg = 0x0
prev_key0_reg = 0x00000000000000000000000000000000, prev_key0_new = 0x00000000000000000000000000000000, prev_key0_we = 0x0
prev_key1_reg = 0x00000000000000000000000000000000, prev_key1_new = 0x00000000000000000000000000000000, prev_key1_we = 0x0
rcon_reg = 0x00, rcon_new = 0x00,  rcon_set = 0x0,  rcon_next = 0x0, rcon_we = 0x0
w0 = 0x00000000, w1 = 0x00000000, w2 = 0x00000000, w3 = 0x00000000
w4 = 0x00000000, w5 = 0x00000000, w6 = 0x00000000, w7 = 0x00000000
sboxw = 0xxxxxxxxx, new_sboxw = 0x00000000, rconw = 0x00000000
tw = 0x00000000, trw = 0x00000000
key_mem_new = 0x00000000000000000000000000000000, key_mem_we = 0x0

State of DUT
------------
Inputs and outputs:
key       = 0x0000000000000000000000000000000000000000000000000000000000000000
keylen    = 0x0, init = 0x0, ready = 0x0
round     = 0x00
round_key = 0x00000000000000000000000000000000

Internal states:
key_mem_ctrl = 0x00, round_key_update = 0x0, round_ctr_reg = 0x0
prev_key0_reg = 0x00000000000000000000000000000000, prev_key0_new = 0x00000000000000000000000000000000, prev_key0_we = 0x0
prev_key1_reg = 0x00000000000000000000000000000000, prev_key1_new = 0x00000000000000000000000000000000, prev_key1_we = 0x0
rcon_reg = 0x00, rcon_new = 0x00,  rcon_set = 0x0,  rcon_next = 0x0, rcon_we = 0x0
w0 = 0x00000000, w1 = 0x00000000, w2 = 0x00000000, w3 = 0x00000000
w4 = 0x00000000, w5 = 0x00000000, w6 = 0x00000000, w7 = 0x00000000
sboxw = 0xxxxxxxxx, new_sboxw = 0x00000000, rconw = 0x00000000
tw = 0x00000000, trw = 0x00000000
key_mem_new = 0x00000000000000000000000000000000, key_mem_we = 0x0

State of DUT
------------
Inputs and outputs:
key       = 0x0000000000000000000000000000000000000000000000000000000000000000
keylen    = 0x0, init = 0x0, ready = 0x0
round     = 0x00
round_key = 0x00000000000000000000000000000000

Internal states:
key_mem_ctrl = 0x00, round_key_update = 0x0, round_ctr_reg = 0x0
prev_key0_reg = 0x00000000000000000000000000000000, prev_key0_new = 0x00000000000000000000000000000000, prev_key0_we = 0x0
prev_key1_reg = 0x00000000000000000000000000000000, prev_key1_new = 0x00000000000000000000000000000000, prev_key1_we = 0x0
rcon_reg = 0x00, rcon_new = 0x00,  rcon_set = 0x0,  rcon_next = 0x0, rcon_we = 0x0
w0 = 0x00000000, w1 = 0x00000000, w2 = 0x00000000, w3 = 0x00000000
w4 = 0x00000000, w5 = 0x00000000, w6 = 0x00000000, w7 = 0x00000000
sboxw = 0xxxxxxxxx, new_sboxw = 0x00000000, rconw = 0x00000000
tw = 0x00000000, trw = 0x00000000
key_mem_new = 0x00000000000000000000000000000000, key_mem_we = 0x0

State of DUT
------------
Inputs and outputs:
key       = 0x0000000000000000000000000000000000000000000000000000000000000000
keylen    = 0x0, init = 0x0, ready = 0x0
round     = 0x00
round_key = 0x00000000000000000000000000000000

Internal states:
key_mem_ctrl = 0x00, round_key_update = 0x0, round_ctr_reg = 0x0
prev_key0_reg = 0x00000000000000000000000000000000, prev_key0_new = 0x00000000000000000000000000000000, prev_key0_we = 0x0
prev_key1_reg = 0x00000000000000000000000000000000, prev_key1_new = 0x00000000000000000000000000000000, prev_key1_we = 0x0
rcon_reg = 0x00, rcon_new = 0x00,  rcon_set = 0x0,  rcon_next = 0x0, rcon_we = 0x0
w0 = 0x00000000, w1 = 0x00000000, w2 = 0x00000000, w3 = 0x00000000
w4 = 0x00000000, w5 = 0x00000000, w6 = 0x00000000, w7 = 0x00000000
sboxw = 0xxxxxxxxx, new_sboxw = 0x00000000, rconw = 0x00000000
tw = 0x00000000, trw = 0x00000000
key_mem_new = 0x00000000000000000000000000000000, key_mem_we = 0x0

State of DUT
------------
Inputs and outputs:
key       = 0x0000000000000000000000000000000000000000000000000000000000000000
keylen    = 0x0, init = 0x0, ready = 0x0
round     = 0x00
round_key = 0x00000000000000000000000000000000

Internal states:
key_mem_ctrl = 0x00, round_key_update = 0x0, round_ctr_reg = 0x0
prev_key0_reg = 0x00000000000000000000000000000000, prev_key0_new = 0x00000000000000000000000000000000, prev_key0_we = 0x0
prev_key1_reg = 0x00000000000000000000000000000000, prev_key1_new = 0x00000000000000000000000000000000, prev_key1_we = 0x0
rcon_reg = 0x00, rcon_new = 0x00,  rcon_set = 0x0,  rcon_next = 0x0, rcon_we = 0x0
w0 = 0x00000000, w1 = 0x00000000, w2 = 0x00000000, w3 = 0x00000000
w4 = 0x00000000, w5 = 0x00000000, w6 = 0x00000000, w7 = 0x00000000
sboxw = 0xxxxxxxxx, new_sboxw = 0x00000000, rconw = 0x00000000
tw = 0x00000000, trw = 0x00000000
key_mem_new = 0x00000000000000000000000000000000, key_mem_we = 0x0

State of DUT
------------
Inputs and outputs:
key       = 0x0000000000000000000000000000000000000000000000000000000000000000
keylen    = 0x0, init = 0x0, ready = 0x0
round     = 0x00
round_key = 0x00000000000000000000000000000000

Internal states:
key_mem_ctrl = 0x00, round_key_update = 0x0, round_ctr_reg = 0x0
prev_key0_reg = 0x00000000000000000000000000000000, prev_key0_new = 0x00000000000000000000000000000000, prev_key0_we = 0x0
prev_key1_reg = 0x00000000000000000000000000000000, prev_key1_new = 0x00000000000000000000000000000000, prev_key1_we = 0x0
rcon_reg = 0x00, rcon_new = 0x00,  rcon_set = 0x0,  rcon_next = 0x0, rcon_we = 0x0
w0 = 0x00000000, w1 = 0x00000000, w2 = 0x00000000, w3 = 0x00000000
w4 = 0x00000000, w5 = 0x00000000, w6 = 0x00000000, w7 = 0x00000000
sboxw = 0xxxxxxxxx, new_sboxw = 0x00000000, rconw = 0x00000000
tw = 0x00000000, trw = 0x00000000
key_mem_new = 0x00000000000000000000000000000000, key_mem_we = 0x0

State of DUT
------------
Inputs and outputs:
key       = 0x0000000000000000000000000000000000000000000000000000000000000000
keylen    = 0x0, init = 0x0, ready = 0x0
round     = 0x00
round_key = 0x00000000000000000000000000000000

Internal states:
key_mem_ctrl = 0x00, round_key_update = 0x0, round_ctr_reg = 0x0
prev_key0_reg = 0x00000000000000000000000000000000, prev_key0_new = 0x00000000000000000000000000000000, prev_key0_we = 0x0
prev_key1_reg = 0x00000000000000000000000000000000, prev_key1_new = 0x00000000000000000000000000000000, prev_key1_we = 0x0
rcon_reg = 0x00, rcon_new = 0x00,  rcon_set = 0x0,  rcon_next = 0x0, rcon_we = 0x0
w0 = 0x00000000, w1 = 0x00000000, w2 = 0x00000000, w3 = 0x00000000
w4 = 0x00000000, w5 = 0x00000000, w6 = 0x00000000, w7 = 0x00000000
sboxw = 0xxxxxxxxx, new_sboxw = 0x00000000, rconw = 0x00000000
tw = 0x00000000, trw = 0x00000000
key_mem_new = 0x00000000000000000000000000000000, key_mem_we = 0x0

State of DUT
------------
Inputs and outputs:
key       = 0x0000000000000000000000000000000000000000000000000000000000000000
keylen    = 0x0, init = 0x0, ready = 0x0
round     = 0x00
round_key = 0x00000000000000000000000000000000

Internal states:
key_mem_ctrl = 0x00, round_key_update = 0x0, round_ctr_reg = 0x0
prev_key0_reg = 0x00000000000000000000000000000000, prev_key0_new = 0x00000000000000000000000000000000, prev_key0_we = 0x0
prev_key1_reg = 0x00000000000000000000000000000000, prev_key1_new = 0x00000000000000000000000000000000, prev_key1_we = 0x0
rcon_reg = 0x00, rcon_new = 0x00,  rcon_set = 0x0,  rcon_next = 0x0, rcon_we = 0x0
w0 = 0x00000000, w1 = 0x00000000, w2 = 0x00000000, w3 = 0x00000000
w4 = 0x00000000, w5 = 0x00000000, w6 = 0x00000000, w7 = 0x00000000
sboxw = 0xxxxxxxxx, new_sboxw = 0x00000000, rconw = 0x00000000
tw = 0x00000000, trw = 0x00000000
key_mem_new = 0x00000000000000000000000000000000, key_mem_we = 0x0

State of DUT
------------
Inputs and outputs:
key       = 0x0000000000000000000000000000000000000000000000000000000000000000
keylen    = 0x0, init = 0x0, ready = 0x0
round     = 0x00
round_key = 0x00000000000000000000000000000000

Internal states:
key_mem_ctrl = 0x00, round_key_update = 0x0, round_ctr_reg = 0x0
prev_key0_reg = 0x00000000000000000000000000000000, prev_key0_new = 0x00000000000000000000000000000000, prev_key0_we = 0x0
prev_key1_reg = 0x00000000000000000000000000000000, prev_key1_new = 0x00000000000000000000000000000000, prev_key1_we = 0x0
rcon_reg = 0x00, rcon_new = 0x00,  rcon_set = 0x0,  rcon_next = 0x0, rcon_we = 0x0
w0 = 0x00000000, w1 = 0x00000000, w2 = 0x00000000, w3 = 0x00000000
w4 = 0x00000000, w5 = 0x00000000, w6 = 0x00000000, w7 = 0x00000000
sboxw = 0xxxxxxxxx, new_sboxw = 0x00000000, rconw = 0x00000000
tw = 0x00000000, trw = 0x00000000
key_mem_new = 0x00000000000000000000000000000000, key_mem_we = 0x0

State of DUT
------------
Inputs and outputs:
key       = 0x0000000000000000000000000000000000000000000000000000000000000000
keylen    = 0x0, init = 0x0, ready = 0x0
round     = 0x00
round_key = 0x00000000000000000000000000000000

Internal states:
key_mem_ctrl = 0x00, round_key_update = 0x0, round_ctr_reg = 0x0
prev_key0_reg = 0x00000000000000000000000000000000, prev_key0_new = 0x00000000000000000000000000000000, prev_key0_we = 0x0
prev_key1_reg = 0x00000000000000000000000000000000, prev_key1_new = 0x00000000000000000000000000000000, prev_key1_we = 0x0
rcon_reg = 0x00, rcon_new = 0x00,  rcon_set = 0x0,  rcon_next = 0x0, rcon_we = 0x0
w0 = 0x00000000, w1 = 0x00000000, w2 = 0x00000000, w3 = 0x00000000
w4 = 0x00000000, w5 = 0x00000000, w6 = 0x00000000, w7 = 0x00000000
sboxw = 0xxxxxxxxx, new_sboxw = 0x00000000, rconw = 0x00000000
tw = 0x00000000, trw = 0x00000000
key_mem_new = 0x00000000000000000000000000000000, key_mem_we = 0x0

State of DUT
------------
Inputs and outputs:
key       = 0x0000000000000000000000000000000000000000000000000000000000000000
keylen    = 0x0, init = 0x0, ready = 0x0
round     = 0x00
round_key = 0x00000000000000000000000000000000

Internal states:
key_mem_ctrl = 0x00, round_key_update = 0x0, round_ctr_reg = 0x0
prev_key0_reg = 0x00000000000000000000000000000000, prev_key0_new = 0x00000000000000000000000000000000, prev_key0_we = 0x0
prev_key1_reg = 0x00000000000000000000000000000000, prev_key1_new = 0x00000000000000000000000000000000, prev_key1_we = 0x0
rcon_reg = 0x00, rcon_new = 0x00,  rcon_set = 0x0,  rcon_next = 0x0, rcon_we = 0x0
w0 = 0x00000000, w1 = 0x00000000, w2 = 0x00000000, w3 = 0x00000000
w4 = 0x00000000, w5 = 0x00000000, w6 = 0x00000000, w7 = 0x00000000
sboxw = 0xxxxxxxxx, new_sboxw = 0x00000000, rconw = 0x00000000
tw = 0x00000000, trw = 0x00000000
key_mem_new = 0x00000000000000000000000000000000, key_mem_we = 0x0

State of DUT
------------
Inputs and outputs:
key       = 0x0000000000000000000000000000000000000000000000000000000000000000
keylen    = 0x0, init = 0x0, ready = 0x0
round     = 0x00
round_key = 0x00000000000000000000000000000000

Internal states:
key_mem_ctrl = 0x00, round_key_update = 0x0, round_ctr_reg = 0x0
prev_key0_reg = 0x00000000000000000000000000000000, prev_key0_new = 0x00000000000000000000000000000000, prev_key0_we = 0x0
prev_key1_reg = 0x00000000000000000000000000000000, prev_key1_new = 0x00000000000000000000000000000000, prev_key1_we = 0x0
rcon_reg = 0x00, rcon_new = 0x00,  rcon_set = 0x0,  rcon_next = 0x0, rcon_we = 0x0
w0 = 0x00000000, w1 = 0x00000000, w2 = 0x00000000, w3 = 0x00000000
w4 = 0x00000000, w5 = 0x00000000, w6 = 0x00000000, w7 = 0x00000000
sboxw = 0xxxxxxxxx, new_sboxw = 0x00000000, rconw = 0x00000000
tw = 0x00000000, trw = 0x00000000
key_mem_new = 0x00000000000000000000000000000000, key_mem_we = 0x0

State of DUT
------------
Inputs and outputs:
key       = 0x0000000000000000000000000000000000000000000000000000000000000000
keylen    = 0x0, init = 0x0, ready = 0x0
round     = 0x00
round_key = 0x00000000000000000000000000000000

Internal states:
key_mem_ctrl = 0x00, round_key_update = 0x0, round_ctr_reg = 0x0
prev_key0_reg = 0x00000000000000000000000000000000, prev_key0_new = 0x00000000000000000000000000000000, prev_key0_we = 0x0
prev_key1_reg = 0x00000000000000000000000000000000, prev_key1_new = 0x00000000000000000000000000000000, prev_key1_we = 0x0
rcon_reg = 0x00, rcon_new = 0x00,  rcon_set = 0x0,  rcon_next = 0x0, rcon_we = 0x0
w0 = 0x00000000, w1 = 0x00000000, w2 = 0x00000000, w3 = 0x00000000
w4 = 0x00000000, w5 = 0x00000000, w6 = 0x00000000, w7 = 0x00000000
sboxw = 0xxxxxxxxx, new_sboxw = 0x00000000, rconw = 0x00000000
tw = 0x00000000, trw = 0x00000000
key_mem_new = 0x00000000000000000000000000000000, key_mem_we = 0x0

State of DUT
------------
Inputs and outputs:
key       = 0x0000000000000000000000000000000000000000000000000000000000000000
keylen    = 0x0, init = 0x0, ready = 0x0
round     = 0x00
round_key = 0x00000000000000000000000000000000

Internal states:
key_mem_ctrl = 0x00, round_key_update = 0x0, round_ctr_reg = 0x0
prev_key0_reg = 0x00000000000000000000000000000000, prev_key0_new = 0x00000000000000000000000000000000, prev_key0_we = 0x0
prev_key1_reg = 0x00000000000000000000000000000000, prev_key1_new = 0x00000000000000000000000000000000, prev_key1_we = 0x0
rcon_reg = 0x00, rcon_new = 0x00,  rcon_set = 0x0,  rcon_next = 0x0, rcon_we = 0x0
w0 = 0x00000000, w1 = 0x00000000, w2 = 0x00000000, w3 = 0x00000000
w4 = 0x00000000, w5 = 0x00000000, w6 = 0x00000000, w7 = 0x00000000
sboxw = 0xxxxxxxxx, new_sboxw = 0x00000000, rconw = 0x00000000
tw = 0x00000000, trw = 0x00000000
key_mem_new = 0x00000000000000000000000000000000, key_mem_we = 0x0

State of DUT
------------
Inputs and outputs:
key       = 0x0000000000000000000000000000000000000000000000000000000000000000
keylen    = 0x0, init = 0x0, ready = 0x0
round     = 0x00
round_key = 0x00000000000000000000000000000000

Internal states:
key_mem_ctrl = 0x00, round_key_update = 0x0, round_ctr_reg = 0x0
prev_key0_reg = 0x00000000000000000000000000000000, prev_key0_new = 0x00000000000000000000000000000000, prev_key0_we = 0x0
prev_key1_reg = 0x00000000000000000000000000000000, prev_key1_new = 0x00000000000000000000000000000000, prev_key1_we = 0x0
rcon_reg = 0x00, rcon_new = 0x00,  rcon_set = 0x0,  rcon_next = 0x0, rcon_we = 0x0
w0 = 0x00000000, w1 = 0x00000000, w2 = 0x00000000, w3 = 0x00000000
w4 = 0x00000000, w5 = 0x00000000, w6 = 0x00000000, w7 = 0x00000000
sboxw = 0xxxxxxxxx, new_sboxw = 0x00000000, rconw = 0x00000000
tw = 0x00000000, trw = 0x00000000
key_mem_new = 0x00000000000000000000000000000000, key_mem_we = 0x0

State of DUT
------------
Inputs and outputs:
key       = 0x0000000000000000000000000000000000000000000000000000000000000000
keylen    = 0x0, init = 0x0, ready = 0x0
round     = 0x00
round_key = 0x00000000000000000000000000000000

Internal states:
key_mem_ctrl = 0x00, round_key_update = 0x0, round_ctr_reg = 0x0
prev_key0_reg = 0x00000000000000000000000000000000, prev_key0_new = 0x00000000000000000000000000000000, prev_key0_we = 0x0
prev_key1_reg = 0x00000000000000000000000000000000, prev_key1_new = 0x00000000000000000000000000000000, prev_key1_we = 0x0
rcon_reg = 0x00, rcon_new = 0x00,  rcon_set = 0x0,  rcon_next = 0x0, rcon_we = 0x0
w0 = 0x00000000, w1 = 0x00000000, w2 = 0x00000000, w3 = 0x00000000
w4 = 0x00000000, w5 = 0x00000000, w6 = 0x00000000, w7 = 0x00000000
sboxw = 0xxxxxxxxx, new_sboxw = 0x00000000, rconw = 0x00000000
tw = 0x00000000, trw = 0x00000000
key_mem_new = 0x00000000000000000000000000000000, key_mem_we = 0x0

State of DUT
------------
Inputs and outputs:
key       = 0x0000000000000000000000000000000000000000000000000000000000000000
keylen    = 0x0, init = 0x0, ready = 0x0
round     = 0x00
round_key = 0x00000000000000000000000000000000

Internal states:
key_mem_ctrl = 0x00, round_key_update = 0x0, round_ctr_reg = 0x0
prev_key0_reg = 0x00000000000000000000000000000000, prev_key0_new = 0x00000000000000000000000000000000, prev_key0_we = 0x0
prev_key1_reg = 0x00000000000000000000000000000000, prev_key1_new = 0x00000000000000000000000000000000, prev_key1_we = 0x0
rcon_reg = 0x00, rcon_new = 0x00,  rcon_set = 0x0,  rcon_next = 0x0, rcon_we = 0x0
w0 = 0x00000000, w1 = 0x00000000, w2 = 0x00000000, w3 = 0x00000000
w4 = 0x00000000, w5 = 0x00000000, w6 = 0x00000000, w7 = 0x00000000
sboxw = 0xxxxxxxxx, new_sboxw = 0x00000000, rconw = 0x00000000
tw = 0x00000000, trw = 0x00000000
key_mem_new = 0x00000000000000000000000000000000, key_mem_we = 0x0

State of DUT
------------
Inputs and outputs:
key       = 0x0000000000000000000000000000000000000000000000000000000000000000
keylen    = 0x0, init = 0x0, ready = 0x0
round     = 0x00
round_key = 0x00000000000000000000000000000000

Internal states:
key_mem_ctrl = 0x00, round_key_update = 0x0, round_ctr_reg = 0x0
prev_key0_reg = 0x00000000000000000000000000000000, prev_key0_new = 0x00000000000000000000000000000000, prev_key0_we = 0x0
prev_key1_reg = 0x00000000000000000000000000000000, prev_key1_new = 0x00000000000000000000000000000000, prev_key1_we = 0x0
rcon_reg = 0x00, rcon_new = 0x00,  rcon_set = 0x0,  rcon_next = 0x0, rcon_we = 0x0
w0 = 0x00000000, w1 = 0x00000000, w2 = 0x00000000, w3 = 0x00000000
w4 = 0x00000000, w5 = 0x00000000, w6 = 0x00000000, w7 = 0x00000000
sboxw = 0xxxxxxxxx, new_sboxw = 0x00000000, rconw = 0x00000000
tw = 0x00000000, trw = 0x00000000
key_mem_new = 0x00000000000000000000000000000000, key_mem_we = 0x0

State of DUT
------------
Inputs and outputs:
key       = 0x0000000000000000000000000000000000000000000000000000000000000000
keylen    = 0x0, init = 0x0, ready = 0x0
round     = 0x00
round_key = 0x00000000000000000000000000000000

Internal states:
key_mem_ctrl = 0x00, round_key_update = 0x0, round_ctr_reg = 0x0
prev_key0_reg = 0x00000000000000000000000000000000, prev_key0_new = 0x00000000000000000000000000000000, prev_key0_we = 0x0
prev_key1_reg = 0x00000000000000000000000000000000, prev_key1_new = 0x00000000000000000000000000000000, prev_key1_we = 0x0
rcon_reg = 0x00, rcon_new = 0x00,  rcon_set = 0x0,  rcon_next = 0x0, rcon_we = 0x0
w0 = 0x00000000, w1 = 0x00000000, w2 = 0x00000000, w3 = 0x00000000
w4 = 0x00000000, w5 = 0x00000000, w6 = 0x00000000, w7 = 0x00000000
sboxw = 0xxxxxxxxx, new_sboxw = 0x00000000, rconw = 0x00000000
tw = 0x00000000, trw = 0x00000000
key_mem_new = 0x00000000000000000000000000000000, key_mem_we = 0x0

State of DUT
------------
Inputs and outputs:
key       = 0x0000000000000000000000000000000000000000000000000000000000000000
keylen    = 0x0, init = 0x0, ready = 0x0
round     = 0x00
round_key = 0x00000000000000000000000000000000

Internal states:
key_mem_ctrl = 0x00, round_key_update = 0x0, round_ctr_reg = 0x0
prev_key0_reg = 0x00000000000000000000000000000000, prev_key0_new = 0x00000000000000000000000000000000, prev_key0_we = 0x0
prev_key1_reg = 0x00000000000000000000000000000000, prev_key1_new = 0x00000000000000000000000000000000, prev_key1_we = 0x0
rcon_reg = 0x00, rcon_new = 0x00,  rcon_set = 0x0,  rcon_next = 0x0, rcon_we = 0x0
w0 = 0x00000000, w1 = 0x00000000, w2 = 0x00000000, w3 = 0x00000000
w4 = 0x00000000, w5 = 0x00000000, w6 = 0x00000000, w7 = 0x00000000
sboxw = 0xxxxxxxxx, new_sboxw = 0x00000000, rconw = 0x00000000
tw = 0x00000000, trw = 0x00000000
key_mem_new = 0x00000000000000000000000000000000, key_mem_we = 0x0

State of DUT
------------
Inputs and outputs:
key       = 0x0000000000000000000000000000000000000000000000000000000000000000
keylen    = 0x0, init = 0x0, ready = 0x0
round     = 0x00
round_key = 0x00000000000000000000000000000000

Internal states:
key_mem_ctrl = 0x00, round_key_update = 0x0, round_ctr_reg = 0x0
prev_key0_reg = 0x00000000000000000000000000000000, prev_key0_new = 0x00000000000000000000000000000000, prev_key0_we = 0x0
prev_key1_reg = 0x00000000000000000000000000000000, prev_key1_new = 0x00000000000000000000000000000000, prev_key1_we = 0x0
rcon_reg = 0x00, rcon_new = 0x00,  rcon_set = 0x0,  rcon_next = 0x0, rcon_we = 0x0
w0 = 0x00000000, w1 = 0x00000000, w2 = 0x00000000, w3 = 0x00000000
w4 = 0x00000000, w5 = 0x00000000, w6 = 0x00000000, w7 = 0x00000000
sboxw = 0xxxxxxxxx, new_sboxw = 0x00000000, rconw = 0x00000000
tw = 0x00000000, trw = 0x00000000
key_mem_new = 0x00000000000000000000000000000000, key_mem_we = 0x0

State of DUT
------------
Inputs and outputs:
key       = 0x0000000000000000000000000000000000000000000000000000000000000000
keylen    = 0x0, init = 0x0, ready = 0x0
round     = 0x00
round_key = 0x00000000000000000000000000000000

Internal states:
key_mem_ctrl = 0x00, round_key_update = 0x0, round_ctr_reg = 0x0
prev_key0_reg = 0x00000000000000000000000000000000, prev_key0_new = 0x00000000000000000000000000000000, prev_key0_we = 0x0
prev_key1_reg = 0x00000000000000000000000000000000, prev_key1_new = 0x00000000000000000000000000000000, prev_key1_we = 0x0
rcon_reg = 0x00, rcon_new = 0x00,  rcon_set = 0x0,  rcon_next = 0x0, rcon_we = 0x0
w0 = 0x00000000, w1 = 0x00000000, w2 = 0x00000000, w3 = 0x00000000
w4 = 0x00000000, w5 = 0x00000000, w6 = 0x00000000, w7 = 0x00000000
sboxw = 0xxxxxxxxx, new_sboxw = 0x00000000, rconw = 0x00000000
tw = 0x00000000, trw = 0x00000000
key_mem_new = 0x00000000000000000000000000000000, key_mem_we = 0x0

State of DUT
------------
Inputs and outputs:
key       = 0x0000000000000000000000000000000000000000000000000000000000000000
keylen    = 0x0, init = 0x0, ready = 0x0
round     = 0x00
round_key = 0x00000000000000000000000000000000

Internal states:
key_mem_ctrl = 0x00, round_key_update = 0x0, round_ctr_reg = 0x0
prev_key0_reg = 0x00000000000000000000000000000000, prev_key0_new = 0x00000000000000000000000000000000, prev_key0_we = 0x0
prev_key1_reg = 0x00000000000000000000000000000000, prev_key1_new = 0x00000000000000000000000000000000, prev_key1_we = 0x0
rcon_reg = 0x00, rcon_new = 0x00,  rcon_set = 0x0,  rcon_next = 0x0, rcon_we = 0x0
w0 = 0x00000000, w1 = 0x00000000, w2 = 0x00000000, w3 = 0x00000000
w4 = 0x00000000, w5 = 0x00000000, w6 = 0x00000000, w7 = 0x00000000
sboxw = 0xxxxxxxxx, new_sboxw = 0x00000000, rconw = 0x00000000
tw = 0x00000000, trw = 0x00000000
key_mem_new = 0x00000000000000000000000000000000, key_mem_we = 0x0

State of DUT
------------
Inputs and outputs:
key       = 0x0000000000000000000000000000000000000000000000000000000000000000
keylen    = 0x0, init = 0x0, ready = 0x0
round     = 0x00
round_key = 0x00000000000000000000000000000000

Internal states:
key_mem_ctrl = 0x00, round_key_update = 0x0, round_ctr_reg = 0x0
prev_key0_reg = 0x00000000000000000000000000000000, prev_key0_new = 0x00000000000000000000000000000000, prev_key0_we = 0x0
prev_key1_reg = 0x00000000000000000000000000000000, prev_key1_new = 0x00000000000000000000000000000000, prev_key1_we = 0x0
rcon_reg = 0x00, rcon_new = 0x00,  rcon_set = 0x0,  rcon_next = 0x0, rcon_we = 0x0
w0 = 0x00000000, w1 = 0x00000000, w2 = 0x00000000, w3 = 0x00000000
w4 = 0x00000000, w5 = 0x00000000, w6 = 0x00000000, w7 = 0x00000000
sboxw = 0xxxxxxxxx, new_sboxw = 0x00000000, rconw = 0x00000000
tw = 0x00000000, trw = 0x00000000
key_mem_new = 0x00000000000000000000000000000000, key_mem_we = 0x0

State of DUT
------------
Inputs and outputs:
key       = 0x0000000000000000000000000000000000000000000000000000000000000000
keylen    = 0x0, init = 0x0, ready = 0x0
round     = 0x00
round_key = 0x00000000000000000000000000000000

Internal states:
key_mem_ctrl = 0x00, round_key_update = 0x0, round_ctr_reg = 0x0
prev_key0_reg = 0x00000000000000000000000000000000, prev_key0_new = 0x00000000000000000000000000000000, prev_key0_we = 0x0
prev_key1_reg = 0x00000000000000000000000000000000, prev_key1_new = 0x00000000000000000000000000000000, prev_key1_we = 0x0
rcon_reg = 0x00, rcon_new = 0x00,  rcon_set = 0x0,  rcon_next = 0x0, rcon_we = 0x0
w0 = 0x00000000, w1 = 0x00000000, w2 = 0x00000000, w3 = 0x00000000
w4 = 0x00000000, w5 = 0x00000000, w6 = 0x00000000, w7 = 0x00000000
sboxw = 0xxxxxxxxx, new_sboxw = 0x00000000, rconw = 0x00000000
tw = 0x00000000, trw = 0x00000000
key_mem_new = 0x00000000000000000000000000000000, key_mem_we = 0x0

State of DUT
------------
Inputs and outputs:
key       = 0x0000000000000000000000000000000000000000000000000000000000000000
keylen    = 0x0, init = 0x0, ready = 0x0
round     = 0x00
round_key = 0x00000000000000000000000000000000

Internal states:
key_mem_ctrl = 0x00, round_key_update = 0x0, round_ctr_reg = 0x0
prev_key0_reg = 0x00000000000000000000000000000000, prev_key0_new = 0x00000000000000000000000000000000, prev_key0_we = 0x0
prev_key1_reg = 0x00000000000000000000000000000000, prev_key1_new = 0x00000000000000000000000000000000, prev_key1_we = 0x0
rcon_reg = 0x00, rcon_new = 0x00,  rcon_set = 0x0,  rcon_next = 0x0, rcon_we = 0x0
w0 = 0x00000000, w1 = 0x00000000, w2 = 0x00000000, w3 = 0x00000000
w4 = 0x00000000, w5 = 0x00000000, w6 = 0x00000000, w7 = 0x00000000
sboxw = 0xxxxxxxxx, new_sboxw = 0x00000000, rconw = 0x00000000
tw = 0x00000000, trw = 0x00000000
key_mem_new = 0x00000000000000000000000000000000, key_mem_we = 0x0

State of DUT
------------
Inputs and outputs:
key       = 0x0000000000000000000000000000000000000000000000000000000000000000
keylen    = 0x0, init = 0x0, ready = 0x0
round     = 0x00
round_key = 0x00000000000000000000000000000000

Internal states:
key_mem_ctrl = 0x00, round_key_update = 0x0, round_ctr_reg = 0x0
prev_key0_reg = 0x00000000000000000000000000000000, prev_key0_new = 0x00000000000000000000000000000000, prev_key0_we = 0x0
prev_key1_reg = 0x00000000000000000000000000000000, prev_key1_new = 0x00000000000000000000000000000000, prev_key1_we = 0x0
rcon_reg = 0x00, rcon_new = 0x00,  rcon_set = 0x0,  rcon_next = 0x0, rcon_we = 0x0
w0 = 0x00000000, w1 = 0x00000000, w2 = 0x00000000, w3 = 0x00000000
w4 = 0x00000000, w5 = 0x00000000, w6 = 0x00000000, w7 = 0x00000000
sboxw = 0xxxxxxxxx, new_sboxw = 0x00000000, rconw = 0x00000000
tw = 0x00000000, trw = 0x00000000
key_mem_new = 0x00000000000000000000000000000000, key_mem_we = 0x0

State of DUT
------------
Inputs and outputs:
key       = 0x0000000000000000000000000000000000000000000000000000000000000000
keylen    = 0x0, init = 0x0, ready = 0x0
round     = 0x00
round_key = 0x00000000000000000000000000000000

Internal states:
key_mem_ctrl = 0x00, round_key_update = 0x0, round_ctr_reg = 0x0
prev_key0_reg = 0x00000000000000000000000000000000, prev_key0_new = 0x00000000000000000000000000000000, prev_key0_we = 0x0
prev_key1_reg = 0x00000000000000000000000000000000, prev_key1_new = 0x00000000000000000000000000000000, prev_key1_we = 0x0
rcon_reg = 0x00, rcon_new = 0x00,  rcon_set = 0x0,  rcon_next = 0x0, rcon_we = 0x0
w0 = 0x00000000, w1 = 0x00000000, w2 = 0x00000000, w3 = 0x00000000
w4 = 0x00000000, w5 = 0x00000000, w6 = 0x00000000, w7 = 0x00000000
sboxw = 0xxxxxxxxx, new_sboxw = 0x00000000, rconw = 0x00000000
tw = 0x00000000, trw = 0x00000000
key_mem_new = 0x00000000000000000000000000000000, key_mem_we = 0x0

State of DUT
------------
Inputs and outputs:
key       = 0x0000000000000000000000000000000000000000000000000000000000000000
keylen    = 0x0, init = 0x0, ready = 0x0
round     = 0x00
round_key = 0x00000000000000000000000000000000

Internal states:
key_mem_ctrl = 0x00, round_key_update = 0x0, round_ctr_reg = 0x0
prev_key0_reg = 0x00000000000000000000000000000000, prev_key0_new = 0x00000000000000000000000000000000, prev_key0_we = 0x0
prev_key1_reg = 0x00000000000000000000000000000000, prev_key1_new = 0x00000000000000000000000000000000, prev_key1_we = 0x0
rcon_reg = 0x00, rcon_new = 0x00,  rcon_set = 0x0,  rcon_next = 0x0, rcon_we = 0x0
w0 = 0x00000000, w1 = 0x00000000, w2 = 0x00000000, w3 = 0x00000000
w4 = 0x00000000, w5 = 0x00000000, w6 = 0x00000000, w7 = 0x00000000
sboxw = 0xxxxxxxxx, new_sboxw = 0x00000000, rconw = 0x00000000
tw = 0x00000000, trw = 0x00000000
key_mem_new = 0x00000000000000000000000000000000, key_mem_we = 0x0

State of DUT
------------
Inputs and outputs:
key       = 0x0000000000000000000000000000000000000000000000000000000000000000
keylen    = 0x0, init = 0x0, ready = 0x0
round     = 0x00
round_key = 0x00000000000000000000000000000000

Internal states:
key_mem_ctrl = 0x00, round_key_update = 0x0, round_ctr_reg = 0x0
prev_key0_reg = 0x00000000000000000000000000000000, prev_key0_new = 0x00000000000000000000000000000000, prev_key0_we = 0x0
prev_key1_reg = 0x00000000000000000000000000000000, prev_key1_new = 0x00000000000000000000000000000000, prev_key1_we = 0x0
rcon_reg = 0x00, rcon_new = 0x00,  rcon_set = 0x0,  rcon_next = 0x0, rcon_we = 0x0
w0 = 0x00000000, w1 = 0x00000000, w2 = 0x00000000, w3 = 0x00000000
w4 = 0x00000000, w5 = 0x00000000, w6 = 0x00000000, w7 = 0x00000000
sboxw = 0xxxxxxxxx, new_sboxw = 0x00000000, rconw = 0x00000000
tw = 0x00000000, trw = 0x00000000
key_mem_new = 0x00000000000000000000000000000000, key_mem_we = 0x0

State of DUT
------------
Inputs and outputs:
key       = 0x0000000000000000000000000000000000000000000000000000000000000000
keylen    = 0x0, init = 0x0, ready = 0x0
round     = 0x00
round_key = 0x00000000000000000000000000000000

Internal states:
key_mem_ctrl = 0x00, round_key_update = 0x0, round_ctr_reg = 0x0
prev_key0_reg = 0x00000000000000000000000000000000, prev_key0_new = 0x00000000000000000000000000000000, prev_key0_we = 0x0
prev_key1_reg = 0x00000000000000000000000000000000, prev_key1_new = 0x00000000000000000000000000000000, prev_key1_we = 0x0
rcon_reg = 0x00, rcon_new = 0x00,  rcon_set = 0x0,  rcon_next = 0x0, rcon_we = 0x0
w0 = 0x00000000, w1 = 0x00000000, w2 = 0x00000000, w3 = 0x00000000
w4 = 0x00000000, w5 = 0x00000000, w6 = 0x00000000, w7 = 0x00000000
sboxw = 0xxxxxxxxx, new_sboxw = 0x00000000, rconw = 0x00000000
tw = 0x00000000, trw = 0x00000000
key_mem_new = 0x00000000000000000000000000000000, key_mem_we = 0x0

State of DUT
------------
Inputs and outputs:
key       = 0x0000000000000000000000000000000000000000000000000000000000000000
keylen    = 0x0, init = 0x0, ready = 0x0
round     = 0x00
round_key = 0x00000000000000000000000000000000

Internal states:
key_mem_ctrl = 0x00, round_key_update = 0x0, round_ctr_reg = 0x0
prev_key0_reg = 0x00000000000000000000000000000000, prev_key0_new = 0x00000000000000000000000000000000, prev_key0_we = 0x0
prev_key1_reg = 0x00000000000000000000000000000000, prev_key1_new = 0x00000000000000000000000000000000, prev_key1_we = 0x0
rcon_reg = 0x00, rcon_new = 0x00,  rcon_set = 0x0,  rcon_next = 0x0, rcon_we = 0x0
w0 = 0x00000000, w1 = 0x00000000, w2 = 0x00000000, w3 = 0x00000000
w4 = 0x00000000, w5 = 0x00000000, w6 = 0x00000000, w7 = 0x00000000
sboxw = 0xxxxxxxxx, new_sboxw = 0x00000000, rconw = 0x00000000
tw = 0x00000000, trw = 0x00000000
key_mem_new = 0x00000000000000000000000000000000, key_mem_we = 0x0

State of DUT
------------
Inputs and outputs:
key       = 0x0000000000000000000000000000000000000000000000000000000000000000
keylen    = 0x0, init = 0x0, ready = 0x0
round     = 0x00
round_key = 0x00000000000000000000000000000000

Internal states:
key_mem_ctrl = 0x00, round_key_update = 0x0, round_ctr_reg = 0x0
prev_key0_reg = 0x00000000000000000000000000000000, prev_key0_new = 0x00000000000000000000000000000000, prev_key0_we = 0x0
prev_key1_reg = 0x00000000000000000000000000000000, prev_key1_new = 0x00000000000000000000000000000000, prev_key1_we = 0x0
rcon_reg = 0x00, rcon_new = 0x00,  rcon_set = 0x0,  rcon_next = 0x0, rcon_we = 0x0
w0 = 0x00000000, w1 = 0x00000000, w2 = 0x00000000, w3 = 0x00000000
w4 = 0x00000000, w5 = 0x00000000, w6 = 0x00000000, w7 = 0x00000000
sboxw = 0xxxxxxxxx, new_sboxw = 0x00000000, rconw = 0x00000000
tw = 0x00000000, trw = 0x00000000
key_mem_new = 0x00000000000000000000000000000000, key_mem_we = 0x0

State of DUT
------------
Inputs and outputs:
key       = 0x0000000000000000000000000000000000000000000000000000000000000000
keylen    = 0x0, init = 0x0, ready = 0x0
round     = 0x00
round_key = 0x00000000000000000000000000000000

Internal states:
key_mem_ctrl = 0x00, round_key_update = 0x0, round_ctr_reg = 0x0
prev_key0_reg = 0x00000000000000000000000000000000, prev_key0_new = 0x00000000000000000000000000000000, prev_key0_we = 0x0
prev_key1_reg = 0x00000000000000000000000000000000, prev_key1_new = 0x00000000000000000000000000000000, prev_key1_we = 0x0
rcon_reg = 0x00, rcon_new = 0x00,  rcon_set = 0x0,  rcon_next = 0x0, rcon_we = 0x0
w0 = 0x00000000, w1 = 0x00000000, w2 = 0x00000000, w3 = 0x00000000
w4 = 0x00000000, w5 = 0x00000000, w6 = 0x00000000, w7 = 0x00000000
sboxw = 0xxxxxxxxx, new_sboxw = 0x00000000, rconw = 0x00000000
tw = 0x00000000, trw = 0x00000000
key_mem_new = 0x00000000000000000000000000000000, key_mem_we = 0x0

State of DUT
------------
Inputs and outputs:
key       = 0x0000000000000000000000000000000000000000000000000000000000000000
keylen    = 0x0, init = 0x0, ready = 0x0
round     = 0x00
round_key = 0x00000000000000000000000000000000

Internal states:
key_mem_ctrl = 0x00, round_key_update = 0x0, round_ctr_reg = 0x0
prev_key0_reg = 0x00000000000000000000000000000000, prev_key0_new = 0x00000000000000000000000000000000, prev_key0_we = 0x0
prev_key1_reg = 0x00000000000000000000000000000000, prev_key1_new = 0x00000000000000000000000000000000, prev_key1_we = 0x0
rcon_reg = 0x00, rcon_new = 0x00,  rcon_set = 0x0,  rcon_next = 0x0, rcon_we = 0x0
w0 = 0x00000000, w1 = 0x00000000, w2 = 0x00000000, w3 = 0x00000000
w4 = 0x00000000, w5 = 0x00000000, w6 = 0x00000000, w7 = 0x00000000
sboxw = 0xxxxxxxxx, new_sboxw = 0x00000000, rconw = 0x00000000
tw = 0x00000000, trw = 0x00000000
key_mem_new = 0x00000000000000000000000000000000, key_mem_we = 0x0

State of DUT
------------
Inputs and outputs:
key       = 0x0000000000000000000000000000000000000000000000000000000000000000
keylen    = 0x0, init = 0x0, ready = 0x0
round     = 0x00
round_key = 0x00000000000000000000000000000000

Internal states:
key_mem_ctrl = 0x00, round_key_update = 0x0, round_ctr_reg = 0x0
prev_key0_reg = 0x00000000000000000000000000000000, prev_key0_new = 0x00000000000000000000000000000000, prev_key0_we = 0x0
prev_key1_reg = 0x00000000000000000000000000000000, prev_key1_new = 0x00000000000000000000000000000000, prev_key1_we = 0x0
rcon_reg = 0x00, rcon_new = 0x00,  rcon_set = 0x0,  rcon_next = 0x0, rcon_we = 0x0
w0 = 0x00000000, w1 = 0x00000000, w2 = 0x00000000, w3 = 0x00000000
w4 = 0x00000000, w5 = 0x00000000, w6 = 0x00000000, w7 = 0x00000000
sboxw = 0xxxxxxxxx, new_sboxw = 0x00000000, rconw = 0x00000000
tw = 0x00000000, trw = 0x00000000
key_mem_new = 0x00000000000000000000000000000000, key_mem_we = 0x0

State of DUT
------------
Inputs and outputs:
key       = 0x0000000000000000000000000000000000000000000000000000000000000000
keylen    = 0x0, init = 0x0, ready = 0x0
round     = 0x00
round_key = 0x00000000000000000000000000000000

Internal states:
key_mem_ctrl = 0x00, round_key_update = 0x0, round_ctr_reg = 0x0
prev_key0_reg = 0x00000000000000000000000000000000, prev_key0_new = 0x00000000000000000000000000000000, prev_key0_we = 0x0
prev_key1_reg = 0x00000000000000000000000000000000, prev_key1_new = 0x00000000000000000000000000000000, prev_key1_we = 0x0
rcon_reg = 0x00, rcon_new = 0x00,  rcon_set = 0x0,  rcon_next = 0x0, rcon_we = 0x0
w0 = 0x00000000, w1 = 0x00000000, w2 = 0x00000000, w3 = 0x00000000
w4 = 0x00000000, w5 = 0x00000000, w6 = 0x00000000, w7 = 0x00000000
sboxw = 0xxxxxxxxx, new_sboxw = 0x00000000, rconw = 0x00000000
tw = 0x00000000, trw = 0x00000000
key_mem_new = 0x00000000000000000000000000000000, key_mem_we = 0x0

State of DUT
------------
Inputs and outputs:
key       = 0x0000000000000000000000000000000000000000000000000000000000000000
keylen    = 0x0, init = 0x0, ready = 0x0
round     = 0x00
round_key = 0x00000000000000000000000000000000

Internal states:
key_mem_ctrl = 0x00, round_key_update = 0x0, round_ctr_reg = 0x0
prev_key0_reg = 0x00000000000000000000000000000000, prev_key0_new = 0x00000000000000000000000000000000, prev_key0_we = 0x0
prev_key1_reg = 0x00000000000000000000000000000000, prev_key1_new = 0x00000000000000000000000000000000, prev_key1_we = 0x0
rcon_reg = 0x00, rcon_new = 0x00,  rcon_set = 0x0,  rcon_next = 0x0, rcon_we = 0x0
w0 = 0x00000000, w1 = 0x00000000, w2 = 0x00000000, w3 = 0x00000000
w4 = 0x00000000, w5 = 0x00000000, w6 = 0x00000000, w7 = 0x00000000
sboxw = 0xxxxxxxxx, new_sboxw = 0x00000000, rconw = 0x00000000
tw = 0x00000000, trw = 0x00000000
key_mem_new = 0x00000000000000000000000000000000, key_mem_we = 0x0

State of DUT
------------
Inputs and outputs:
key       = 0x0000000000000000000000000000000000000000000000000000000000000000
keylen    = 0x0, init = 0x0, ready = 0x0
round     = 0x00
round_key = 0x00000000000000000000000000000000

Internal states:
key_mem_ctrl = 0x00, round_key_update = 0x0, round_ctr_reg = 0x0
prev_key0_reg = 0x00000000000000000000000000000000, prev_key0_new = 0x00000000000000000000000000000000, prev_key0_we = 0x0
prev_key1_reg = 0x00000000000000000000000000000000, prev_key1_new = 0x00000000000000000000000000000000, prev_key1_we = 0x0
rcon_reg = 0x00, rcon_new = 0x00,  rcon_set = 0x0,  rcon_next = 0x0, rcon_we = 0x0
w0 = 0x00000000, w1 = 0x00000000, w2 = 0x00000000, w3 = 0x00000000
w4 = 0x00000000, w5 = 0x00000000, w6 = 0x00000000, w7 = 0x00000000
sboxw = 0xxxxxxxxx, new_sboxw = 0x00000000, rconw = 0x00000000
tw = 0x00000000, trw = 0x00000000
key_mem_new = 0x00000000000000000000000000000000, key_mem_we = 0x0

State of DUT
------------
Inputs and outputs:
key       = 0x0000000000000000000000000000000000000000000000000000000000000000
keylen    = 0x0, init = 0x0, ready = 0x0
round     = 0x00
round_key = 0x00000000000000000000000000000000

Internal states:
key_mem_ctrl = 0x00, round_key_update = 0x0, round_ctr_reg = 0x0
prev_key0_reg = 0x00000000000000000000000000000000, prev_key0_new = 0x00000000000000000000000000000000, prev_key0_we = 0x0
prev_key1_reg = 0x00000000000000000000000000000000, prev_key1_new = 0x00000000000000000000000000000000, prev_key1_we = 0x0
rcon_reg = 0x00, rcon_new = 0x00,  rcon_set = 0x0,  rcon_next = 0x0, rcon_we = 0x0
w0 = 0x00000000, w1 = 0x00000000, w2 = 0x00000000, w3 = 0x00000000
w4 = 0x00000000, w5 = 0x00000000, w6 = 0x00000000, w7 = 0x00000000
sboxw = 0xxxxxxxxx, new_sboxw = 0x00000000, rconw = 0x00000000
tw = 0x00000000, trw = 0x00000000
key_mem_new = 0x00000000000000000000000000000000, key_mem_we = 0x0

State of DUT
------------
Inputs and outputs:
key       = 0x0000000000000000000000000000000000000000000000000000000000000000
keylen    = 0x0, init = 0x0, ready = 0x0
round     = 0x00
round_key = 0x00000000000000000000000000000000

Internal states:
key_mem_ctrl = 0x00, round_key_update = 0x0, round_ctr_reg = 0x0
prev_key0_reg = 0x00000000000000000000000000000000, prev_key0_new = 0x00000000000000000000000000000000, prev_key0_we = 0x0
prev_key1_reg = 0x00000000000000000000000000000000, prev_key1_new = 0x00000000000000000000000000000000, prev_key1_we = 0x0
rcon_reg = 0x00, rcon_new = 0x00,  rcon_set = 0x0,  rcon_next = 0x0, rcon_we = 0x0
w0 = 0x00000000, w1 = 0x00000000, w2 = 0x00000000, w3 = 0x00000000
w4 = 0x00000000, w5 = 0x00000000, w6 = 0x00000000, w7 = 0x00000000
sboxw = 0xxxxxxxxx, new_sboxw = 0x00000000, rconw = 0x00000000
tw = 0x00000000, trw = 0x00000000
key_mem_new = 0x00000000000000000000000000000000, key_mem_we = 0x0

State of DUT
------------
Inputs and outputs:
key       = 0x0000000000000000000000000000000000000000000000000000000000000000
keylen    = 0x0, init = 0x0, ready = 0x0
round     = 0x00
round_key = 0x00000000000000000000000000000000

Internal states:
key_mem_ctrl = 0x00, round_key_update = 0x0, round_ctr_reg = 0x0
prev_key0_reg = 0x00000000000000000000000000000000, prev_key0_new = 0x00000000000000000000000000000000, prev_key0_we = 0x0
prev_key1_reg = 0x00000000000000000000000000000000, prev_key1_new = 0x00000000000000000000000000000000, prev_key1_we = 0x0
rcon_reg = 0x00, rcon_new = 0x00,  rcon_set = 0x0,  rcon_next = 0x0, rcon_we = 0x0
w0 = 0x00000000, w1 = 0x00000000, w2 = 0x00000000, w3 = 0x00000000
w4 = 0x00000000, w5 = 0x00000000, w6 = 0x00000000, w7 = 0x00000000
sboxw = 0xxxxxxxxx, new_sboxw = 0x00000000, rconw = 0x00000000
tw = 0x00000000, trw = 0x00000000
key_mem_new = 0x00000000000000000000000000000000, key_mem_we = 0x0

State of DUT
------------
Inputs and outputs:
key       = 0x0000000000000000000000000000000000000000000000000000000000000000
keylen    = 0x0, init = 0x0, ready = 0x0
round     = 0x00
round_key = 0x00000000000000000000000000000000

Internal states:
key_mem_ctrl = 0x00, round_key_update = 0x0, round_ctr_reg = 0x0
prev_key0_reg = 0x00000000000000000000000000000000, prev_key0_new = 0x00000000000000000000000000000000, prev_key0_we = 0x0
prev_key1_reg = 0x00000000000000000000000000000000, prev_key1_new = 0x00000000000000000000000000000000, prev_key1_we = 0x0
rcon_reg = 0x00, rcon_new = 0x00,  rcon_set = 0x0,  rcon_next = 0x0, rcon_we = 0x0
w0 = 0x00000000, w1 = 0x00000000, w2 = 0x00000000, w3 = 0x00000000
w4 = 0x00000000, w5 = 0x00000000, w6 = 0x00000000, w7 = 0x00000000
sboxw = 0xxxxxxxxx, new_sboxw = 0x00000000, rconw = 0x00000000
tw = 0x00000000, trw = 0x00000000
key_mem_new = 0x00000000000000000000000000000000, key_mem_we = 0x0

State of DUT
------------
Inputs and outputs:
key       = 0x0000000000000000000000000000000000000000000000000000000000000000
keylen    = 0x0, init = 0x0, ready = 0x0
round     = 0x00
round_key = 0x00000000000000000000000000000000

Internal states:
key_mem_ctrl = 0x00, round_key_update = 0x0, round_ctr_reg = 0x0
prev_key0_reg = 0x00000000000000000000000000000000, prev_key0_new = 0x00000000000000000000000000000000, prev_key0_we = 0x0
prev_key1_reg = 0x00000000000000000000000000000000, prev_key1_new = 0x00000000000000000000000000000000, prev_key1_we = 0x0
rcon_reg = 0x00, rcon_new = 0x00,  rcon_set = 0x0,  rcon_next = 0x0, rcon_we = 0x0
w0 = 0x00000000, w1 = 0x00000000, w2 = 0x00000000, w3 = 0x00000000
w4 = 0x00000000, w5 = 0x00000000, w6 = 0x00000000, w7 = 0x00000000
sboxw = 0xxxxxxxxx, new_sboxw = 0x00000000, rconw = 0x00000000
tw = 0x00000000, trw = 0x00000000
key_mem_new = 0x00000000000000000000000000000000, key_mem_we = 0x0

State of DUT
------------
Inputs and outputs:
key       = 0x0000000000000000000000000000000000000000000000000000000000000000
keylen    = 0x0, init = 0x0, ready = 0x0
round     = 0x00
round_key = 0x00000000000000000000000000000000

Internal states:
key_mem_ctrl = 0x00, round_key_update = 0x0, round_ctr_reg = 0x0
prev_key0_reg = 0x00000000000000000000000000000000, prev_key0_new = 0x00000000000000000000000000000000, prev_key0_we = 0x0
prev_key1_reg = 0x00000000000000000000000000000000, prev_key1_new = 0x00000000000000000000000000000000, prev_key1_we = 0x0
rcon_reg = 0x00, rcon_new = 0x00,  rcon_set = 0x0,  rcon_next = 0x0, rcon_we = 0x0
w0 = 0x00000000, w1 = 0x00000000, w2 = 0x00000000, w3 = 0x00000000
w4 = 0x00000000, w5 = 0x00000000, w6 = 0x00000000, w7 = 0x00000000
sboxw = 0xxxxxxxxx, new_sboxw = 0x00000000, rconw = 0x00000000
tw = 0x00000000, trw = 0x00000000
key_mem_new = 0x00000000000000000000000000000000, key_mem_we = 0x0

State of DUT
------------
Inputs and outputs:
key       = 0x0000000000000000000000000000000000000000000000000000000000000000
keylen    = 0x0, init = 0x0, ready = 0x0
round     = 0x00
round_key = 0x00000000000000000000000000000000

Internal states:
key_mem_ctrl = 0x00, round_key_update = 0x0, round_ctr_reg = 0x0
prev_key0_reg = 0x00000000000000000000000000000000, prev_key0_new = 0x00000000000000000000000000000000, prev_key0_we = 0x0
prev_key1_reg = 0x00000000000000000000000000000000, prev_key1_new = 0x00000000000000000000000000000000, prev_key1_we = 0x0
rcon_reg = 0x00, rcon_new = 0x00,  rcon_set = 0x0,  rcon_next = 0x0, rcon_we = 0x0
w0 = 0x00000000, w1 = 0x00000000, w2 = 0x00000000, w3 = 0x00000000
w4 = 0x00000000, w5 = 0x00000000, w6 = 0x00000000, w7 = 0x00000000
sboxw = 0xxxxxxxxx, new_sboxw = 0x00000000, rconw = 0x00000000
tw = 0x00000000, trw = 0x00000000
key_mem_new = 0x00000000000000000000000000000000, key_mem_we = 0x0

State of DUT
------------
Inputs and outputs:
key       = 0x0000000000000000000000000000000000000000000000000000000000000000
keylen    = 0x0, init = 0x0, ready = 0x0
round     = 0x00
round_key = 0x00000000000000000000000000000000

Internal states:
key_mem_ctrl = 0x00, round_key_update = 0x0, round_ctr_reg = 0x0
prev_key0_reg = 0x00000000000000000000000000000000, prev_key0_new = 0x00000000000000000000000000000000, prev_key0_we = 0x0
prev_key1_reg = 0x00000000000000000000000000000000, prev_key1_new = 0x00000000000000000000000000000000, prev_key1_we = 0x0
rcon_reg = 0x00, rcon_new = 0x00,  rcon_set = 0x0,  rcon_next = 0x0, rcon_we = 0x0
w0 = 0x00000000, w1 = 0x00000000, w2 = 0x00000000, w3 = 0x00000000
w4 = 0x00000000, w5 = 0x00000000, w6 = 0x00000000, w7 = 0x00000000
sboxw = 0xxxxxxxxx, new_sboxw = 0x00000000, rconw = 0x00000000
tw = 0x00000000, trw = 0x00000000
key_mem_new = 0x00000000000000000000000000000000, key_mem_we = 0x0

State of DUT
------------
Inputs and outputs:
key       = 0x0000000000000000000000000000000000000000000000000000000000000000
keylen    = 0x0, init = 0x0, ready = 0x0
round     = 0x00
round_key = 0x00000000000000000000000000000000

Internal states:
key_mem_ctrl = 0x00, round_key_update = 0x0, round_ctr_reg = 0x0
prev_key0_reg = 0x00000000000000000000000000000000, prev_key0_new = 0x00000000000000000000000000000000, prev_key0_we = 0x0
prev_key1_reg = 0x00000000000000000000000000000000, prev_key1_new = 0x00000000000000000000000000000000, prev_key1_we = 0x0
rcon_reg = 0x00, rcon_new = 0x00,  rcon_set = 0x0,  rcon_next = 0x0, rcon_we = 0x0
w0 = 0x00000000, w1 = 0x00000000, w2 = 0x00000000, w3 = 0x00000000
w4 = 0x00000000, w5 = 0x00000000, w6 = 0x00000000, w7 = 0x00000000
sboxw = 0xxxxxxxxx, new_sboxw = 0x00000000, rconw = 0x00000000
tw = 0x00000000, trw = 0x00000000
key_mem_new = 0x00000000000000000000000000000000, key_mem_we = 0x0

State of DUT
------------
Inputs and outputs:
key       = 0x0000000000000000000000000000000000000000000000000000000000000000
keylen    = 0x0, init = 0x0, ready = 0x0
round     = 0x00
round_key = 0x00000000000000000000000000000000

Internal states:
key_mem_ctrl = 0x00, round_key_update = 0x0, round_ctr_reg = 0x0
prev_key0_reg = 0x00000000000000000000000000000000, prev_key0_new = 0x00000000000000000000000000000000, prev_key0_we = 0x0
prev_key1_reg = 0x00000000000000000000000000000000, prev_key1_new = 0x00000000000000000000000000000000, prev_key1_we = 0x0
rcon_reg = 0x00, rcon_new = 0x00,  rcon_set = 0x0,  rcon_next = 0x0, rcon_we = 0x0
w0 = 0x00000000, w1 = 0x00000000, w2 = 0x00000000, w3 = 0x00000000
w4 = 0x00000000, w5 = 0x00000000, w6 = 0x00000000, w7 = 0x00000000
sboxw = 0xxxxxxxxx, new_sboxw = 0x00000000, rconw = 0x00000000
tw = 0x00000000, trw = 0x00000000
key_mem_new = 0x00000000000000000000000000000000, key_mem_we = 0x0

State of DUT
------------
Inputs and outputs:
key       = 0x0000000000000000000000000000000000000000000000000000000000000000
keylen    = 0x0, init = 0x0, ready = 0x0
round     = 0x00
round_key = 0x00000000000000000000000000000000

Internal states:
key_mem_ctrl = 0x00, round_key_update = 0x0, round_ctr_reg = 0x0
prev_key0_reg = 0x00000000000000000000000000000000, prev_key0_new = 0x00000000000000000000000000000000, prev_key0_we = 0x0
prev_key1_reg = 0x00000000000000000000000000000000, prev_key1_new = 0x00000000000000000000000000000000, prev_key1_we = 0x0
rcon_reg = 0x00, rcon_new = 0x00,  rcon_set = 0x0,  rcon_next = 0x0, rcon_we = 0x0
w0 = 0x00000000, w1 = 0x00000000, w2 = 0x00000000, w3 = 0x00000000
w4 = 0x00000000, w5 = 0x00000000, w6 = 0x00000000, w7 = 0x00000000
sboxw = 0xxxxxxxxx, new_sboxw = 0x00000000, rconw = 0x00000000
tw = 0x00000000, trw = 0x00000000
key_mem_new = 0x00000000000000000000000000000000, key_mem_we = 0x0

State of DUT
------------
Inputs and outputs:
key       = 0x0000000000000000000000000000000000000000000000000000000000000000
keylen    = 0x0, init = 0x0, ready = 0x0
round     = 0x00
round_key = 0x00000000000000000000000000000000

Internal states:
key_mem_ctrl = 0x00, round_key_update = 0x0, round_ctr_reg = 0x0
prev_key0_reg = 0x00000000000000000000000000000000, prev_key0_new = 0x00000000000000000000000000000000, prev_key0_we = 0x0
prev_key1_reg = 0x00000000000000000000000000000000, prev_key1_new = 0x00000000000000000000000000000000, prev_key1_we = 0x0
rcon_reg = 0x00, rcon_new = 0x00,  rcon_set = 0x0,  rcon_next = 0x0, rcon_we = 0x0
w0 = 0x00000000, w1 = 0x00000000, w2 = 0x00000000, w3 = 0x00000000
w4 = 0x00000000, w5 = 0x00000000, w6 = 0x00000000, w7 = 0x00000000
sboxw = 0xxxxxxxxx, new_sboxw = 0x00000000, rconw = 0x00000000
tw = 0x00000000, trw = 0x00000000
key_mem_new = 0x00000000000000000000000000000000, key_mem_we = 0x0

State of DUT
------------
Inputs and outputs:
key       = 0x0000000000000000000000000000000000000000000000000000000000000000
keylen    = 0x0, init = 0x0, ready = 0x0
round     = 0x00
round_key = 0x00000000000000000000000000000000

Internal states:
key_mem_ctrl = 0x00, round_key_update = 0x0, round_ctr_reg = 0x0
prev_key0_reg = 0x00000000000000000000000000000000, prev_key0_new = 0x00000000000000000000000000000000, prev_key0_we = 0x0
prev_key1_reg = 0x00000000000000000000000000000000, prev_key1_new = 0x00000000000000000000000000000000, prev_key1_we = 0x0
rcon_reg = 0x00, rcon_new = 0x00,  rcon_set = 0x0,  rcon_next = 0x0, rcon_we = 0x0
w0 = 0x00000000, w1 = 0x00000000, w2 = 0x00000000, w3 = 0x00000000
w4 = 0x00000000, w5 = 0x00000000, w6 = 0x00000000, w7 = 0x00000000
sboxw = 0xxxxxxxxx, new_sboxw = 0x00000000, rconw = 0x00000000
tw = 0x00000000, trw = 0x00000000
key_mem_new = 0x00000000000000000000000000000000, key_mem_we = 0x0

State of DUT
------------
Inputs and outputs:
key       = 0x0000000000000000000000000000000000000000000000000000000000000000
keylen    = 0x0, init = 0x0, ready = 0x0
round     = 0x00
round_key = 0x00000000000000000000000000000000

Internal states:
key_mem_ctrl = 0x00, round_key_update = 0x0, round_ctr_reg = 0x0
prev_key0_reg = 0x00000000000000000000000000000000, prev_key0_new = 0x00000000000000000000000000000000, prev_key0_we = 0x0
prev_key1_reg = 0x00000000000000000000000000000000, prev_key1_new = 0x00000000000000000000000000000000, prev_key1_we = 0x0
rcon_reg = 0x00, rcon_new = 0x00,  rcon_set = 0x0,  rcon_next = 0x0, rcon_we = 0x0
w0 = 0x00000000, w1 = 0x00000000, w2 = 0x00000000, w3 = 0x00000000
w4 = 0x00000000, w5 = 0x00000000, w6 = 0x00000000, w7 = 0x00000000
sboxw = 0xxxxxxxxx, new_sboxw = 0x00000000, rconw = 0x00000000
tw = 0x00000000, trw = 0x00000000
key_mem_new = 0x00000000000000000000000000000000, key_mem_we = 0x0

State of DUT
------------
Inputs and outputs:
key       = 0x0000000000000000000000000000000000000000000000000000000000000000
keylen    = 0x0, init = 0x0, ready = 0x0
round     = 0x00
round_key = 0x00000000000000000000000000000000

Internal states:
key_mem_ctrl = 0x00, round_key_update = 0x0, round_ctr_reg = 0x0
prev_key0_reg = 0x00000000000000000000000000000000, prev_key0_new = 0x00000000000000000000000000000000, prev_key0_we = 0x0
prev_key1_reg = 0x00000000000000000000000000000000, prev_key1_new = 0x00000000000000000000000000000000, prev_key1_we = 0x0
rcon_reg = 0x00, rcon_new = 0x00,  rcon_set = 0x0,  rcon_next = 0x0, rcon_we = 0x0
w0 = 0x00000000, w1 = 0x00000000, w2 = 0x00000000, w3 = 0x00000000
w4 = 0x00000000, w5 = 0x00000000, w6 = 0x00000000, w7 = 0x00000000
sboxw = 0xxxxxxxxx, new_sboxw = 0x00000000, rconw = 0x00000000
tw = 0x00000000, trw = 0x00000000
key_mem_new = 0x00000000000000000000000000000000, key_mem_we = 0x0

State of DUT
------------
Inputs and outputs:
key       = 0x0000000000000000000000000000000000000000000000000000000000000000
keylen    = 0x0, init = 0x0, ready = 0x0
round     = 0x00
round_key = 0x00000000000000000000000000000000

Internal states:
key_mem_ctrl = 0x00, round_key_update = 0x0, round_ctr_reg = 0x0
prev_key0_reg = 0x00000000000000000000000000000000, prev_key0_new = 0x00000000000000000000000000000000, prev_key0_we = 0x0
prev_key1_reg = 0x00000000000000000000000000000000, prev_key1_new = 0x00000000000000000000000000000000, prev_key1_we = 0x0
rcon_reg = 0x00, rcon_new = 0x00,  rcon_set = 0x0,  rcon_next = 0x0, rcon_we = 0x0
w0 = 0x00000000, w1 = 0x00000000, w2 = 0x00000000, w3 = 0x00000000
w4 = 0x00000000, w5 = 0x00000000, w6 = 0x00000000, w7 = 0x00000000
sboxw = 0xxxxxxxxx, new_sboxw = 0x00000000, rconw = 0x00000000
tw = 0x00000000, trw = 0x00000000
key_mem_new = 0x00000000000000000000000000000000, key_mem_we = 0x0

State of DUT
------------
Inputs and outputs:
key       = 0x0000000000000000000000000000000000000000000000000000000000000000
keylen    = 0x0, init = 0x0, ready = 0x0
round     = 0x00
round_key = 0x00000000000000000000000000000000

Internal states:
key_mem_ctrl = 0x00, round_key_update = 0x0, round_ctr_reg = 0x0
prev_key0_reg = 0x00000000000000000000000000000000, prev_key0_new = 0x00000000000000000000000000000000, prev_key0_we = 0x0
prev_key1_reg = 0x00000000000000000000000000000000, prev_key1_new = 0x00000000000000000000000000000000, prev_key1_we = 0x0
rcon_reg = 0x00, rcon_new = 0x00,  rcon_set = 0x0,  rcon_next = 0x0, rcon_we = 0x0
w0 = 0x00000000, w1 = 0x00000000, w2 = 0x00000000, w3 = 0x00000000
w4 = 0x00000000, w5 = 0x00000000, w6 = 0x00000000, w7 = 0x00000000
sboxw = 0xxxxxxxxx, new_sboxw = 0x00000000, rconw = 0x00000000
tw = 0x00000000, trw = 0x00000000
key_mem_new = 0x00000000000000000000000000000000, key_mem_we = 0x0

State of DUT
------------
Inputs and outputs:
key       = 0x0000000000000000000000000000000000000000000000000000000000000000
keylen    = 0x0, init = 0x0, ready = 0x0
round     = 0x00
round_key = 0x00000000000000000000000000000000

Internal states:
key_mem_ctrl = 0x00, round_key_update = 0x0, round_ctr_reg = 0x0
prev_key0_reg = 0x00000000000000000000000000000000, prev_key0_new = 0x00000000000000000000000000000000, prev_key0_we = 0x0
prev_key1_reg = 0x00000000000000000000000000000000, prev_key1_new = 0x00000000000000000000000000000000, prev_key1_we = 0x0
rcon_reg = 0x00, rcon_new = 0x00,  rcon_set = 0x0,  rcon_next = 0x0, rcon_we = 0x0
w0 = 0x00000000, w1 = 0x00000000, w2 = 0x00000000, w3 = 0x00000000
w4 = 0x00000000, w5 = 0x00000000, w6 = 0x00000000, w7 = 0x00000000
sboxw = 0xxxxxxxxx, new_sboxw = 0x00000000, rconw = 0x00000000
tw = 0x00000000, trw = 0x00000000
key_mem_new = 0x00000000000000000000000000000000, key_mem_we = 0x0

State of DUT
------------
Inputs and outputs:
key       = 0x0000000000000000000000000000000000000000000000000000000000000000
keylen    = 0x0, init = 0x0, ready = 0x0
round     = 0x00
round_key = 0x00000000000000000000000000000000

Internal states:
key_mem_ctrl = 0x00, round_key_update = 0x0, round_ctr_reg = 0x0
prev_key0_reg = 0x00000000000000000000000000000000, prev_key0_new = 0x00000000000000000000000000000000, prev_key0_we = 0x0
prev_key1_reg = 0x00000000000000000000000000000000, prev_key1_new = 0x00000000000000000000000000000000, prev_key1_we = 0x0
rcon_reg = 0x00, rcon_new = 0x00,  rcon_set = 0x0,  rcon_next = 0x0, rcon_we = 0x0
w0 = 0x00000000, w1 = 0x00000000, w2 = 0x00000000, w3 = 0x00000000
w4 = 0x00000000, w5 = 0x00000000, w6 = 0x00000000, w7 = 0x00000000
sboxw = 0xxxxxxxxx, new_sboxw = 0x00000000, rconw = 0x00000000
tw = 0x00000000, trw = 0x00000000
key_mem_new = 0x00000000000000000000000000000000, key_mem_we = 0x0

State of DUT
------------
Inputs and outputs:
key       = 0x0000000000000000000000000000000000000000000000000000000000000000
keylen    = 0x0, init = 0x0, ready = 0x0
round     = 0x00
round_key = 0x00000000000000000000000000000000

Internal states:
key_mem_ctrl = 0x00, round_key_update = 0x0, round_ctr_reg = 0x0
prev_key0_reg = 0x00000000000000000000000000000000, prev_key0_new = 0x00000000000000000000000000000000, prev_key0_we = 0x0
prev_key1_reg = 0x00000000000000000000000000000000, prev_key1_new = 0x00000000000000000000000000000000, prev_key1_we = 0x0
rcon_reg = 0x00, rcon_new = 0x00,  rcon_set = 0x0,  rcon_next = 0x0, rcon_we = 0x0
w0 = 0x00000000, w1 = 0x00000000, w2 = 0x00000000, w3 = 0x00000000
w4 = 0x00000000, w5 = 0x00000000, w6 = 0x00000000, w7 = 0x00000000
sboxw = 0xxxxxxxxx, new_sboxw = 0x00000000, rconw = 0x00000000
tw = 0x00000000, trw = 0x00000000
key_mem_new = 0x00000000000000000000000000000000, key_mem_we = 0x0

State of DUT
------------
Inputs and outputs:
key       = 0x0000000000000000000000000000000000000000000000000000000000000000
keylen    = 0x0, init = 0x0, ready = 0x0
round     = 0x00
round_key = 0x00000000000000000000000000000000

Internal states:
key_mem_ctrl = 0x00, round_key_update = 0x0, round_ctr_reg = 0x0
prev_key0_reg = 0x00000000000000000000000000000000, prev_key0_new = 0x00000000000000000000000000000000, prev_key0_we = 0x0
prev_key1_reg = 0x00000000000000000000000000000000, prev_key1_new = 0x00000000000000000000000000000000, prev_key1_we = 0x0
rcon_reg = 0x00, rcon_new = 0x00,  rcon_set = 0x0,  rcon_next = 0x0, rcon_we = 0x0
w0 = 0x00000000, w1 = 0x00000000, w2 = 0x00000000, w3 = 0x00000000
w4 = 0x00000000, w5 = 0x00000000, w6 = 0x00000000, w7 = 0x00000000
sboxw = 0xxxxxxxxx, new_sboxw = 0x00000000, rconw = 0x00000000
tw = 0x00000000, trw = 0x00000000
key_mem_new = 0x00000000000000000000000000000000, key_mem_we = 0x0

State of DUT
------------
Inputs and outputs:
key       = 0x0000000000000000000000000000000000000000000000000000000000000000
keylen    = 0x0, init = 0x0, ready = 0x0
round     = 0x00
round_key = 0x00000000000000000000000000000000

Internal states:
key_mem_ctrl = 0x00, round_key_update = 0x0, round_ctr_reg = 0x0
prev_key0_reg = 0x00000000000000000000000000000000, prev_key0_new = 0x00000000000000000000000000000000, prev_key0_we = 0x0
prev_key1_reg = 0x00000000000000000000000000000000, prev_key1_new = 0x00000000000000000000000000000000, prev_key1_we = 0x0
rcon_reg = 0x00, rcon_new = 0x00,  rcon_set = 0x0,  rcon_next = 0x0, rcon_we = 0x0
w0 = 0x00000000, w1 = 0x00000000, w2 = 0x00000000, w3 = 0x00000000
w4 = 0x00000000, w5 = 0x00000000, w6 = 0x00000000, w7 = 0x00000000
sboxw = 0xxxxxxxxx, new_sboxw = 0x00000000, rconw = 0x00000000
tw = 0x00000000, trw = 0x00000000
key_mem_new = 0x00000000000000000000000000000000, key_mem_we = 0x0

State of DUT
------------
Inputs and outputs:
key       = 0x0000000000000000000000000000000000000000000000000000000000000000
keylen    = 0x0, init = 0x0, ready = 0x0
round     = 0x00
round_key = 0x00000000000000000000000000000000

Internal states:
key_mem_ctrl = 0x00, round_key_update = 0x0, round_ctr_reg = 0x0
prev_key0_reg = 0x00000000000000000000000000000000, prev_key0_new = 0x00000000000000000000000000000000, prev_key0_we = 0x0
prev_key1_reg = 0x00000000000000000000000000000000, prev_key1_new = 0x00000000000000000000000000000000, prev_key1_we = 0x0
rcon_reg = 0x00, rcon_new = 0x00,  rcon_set = 0x0,  rcon_next = 0x0, rcon_we = 0x0
w0 = 0x00000000, w1 = 0x00000000, w2 = 0x00000000, w3 = 0x00000000
w4 = 0x00000000, w5 = 0x00000000, w6 = 0x00000000, w7 = 0x00000000
sboxw = 0xxxxxxxxx, new_sboxw = 0x00000000, rconw = 0x00000000
tw = 0x00000000, trw = 0x00000000
key_mem_new = 0x00000000000000000000000000000000, key_mem_we = 0x0

State of DUT
------------
Inputs and outputs:
key       = 0x0000000000000000000000000000000000000000000000000000000000000000
keylen    = 0x0, init = 0x0, ready = 0x0
round     = 0x00
round_key = 0x00000000000000000000000000000000

Internal states:
key_mem_ctrl = 0x00, round_key_update = 0x0, round_ctr_reg = 0x0
prev_key0_reg = 0x00000000000000000000000000000000, prev_key0_new = 0x00000000000000000000000000000000, prev_key0_we = 0x0
prev_key1_reg = 0x00000000000000000000000000000000, prev_key1_new = 0x00000000000000000000000000000000, prev_key1_we = 0x0
rcon_reg = 0x00, rcon_new = 0x00,  rcon_set = 0x0,  rcon_next = 0x0, rcon_we = 0x0
w0 = 0x00000000, w1 = 0x00000000, w2 = 0x00000000, w3 = 0x00000000
w4 = 0x00000000, w5 = 0x00000000, w6 = 0x00000000, w7 = 0x00000000
sboxw = 0xxxxxxxxx, new_sboxw = 0x00000000, rconw = 0x00000000
tw = 0x00000000, trw = 0x00000000
key_mem_new = 0x00000000000000000000000000000000, key_mem_we = 0x0

State of DUT
------------
Inputs and outputs:
key       = 0x0000000000000000000000000000000000000000000000000000000000000000
keylen    = 0x0, init = 0x0, ready = 0x0
round     = 0x00
round_key = 0x00000000000000000000000000000000

Internal states:
key_mem_ctrl = 0x00, round_key_update = 0x0, round_ctr_reg = 0x0
prev_key0_reg = 0x00000000000000000000000000000000, prev_key0_new = 0x00000000000000000000000000000000, prev_key0_we = 0x0
prev_key1_reg = 0x00000000000000000000000000000000, prev_key1_new = 0x00000000000000000000000000000000, prev_key1_we = 0x0
rcon_reg = 0x00, rcon_new = 0x00,  rcon_set = 0x0,  rcon_next = 0x0, rcon_we = 0x0
w0 = 0x00000000, w1 = 0x00000000, w2 = 0x00000000, w3 = 0x00000000
w4 = 0x00000000, w5 = 0x00000000, w6 = 0x00000000, w7 = 0x00000000
sboxw = 0xxxxxxxxx, new_sboxw = 0x00000000, rconw = 0x00000000
tw = 0x00000000, trw = 0x00000000
key_mem_new = 0x00000000000000000000000000000000, key_mem_we = 0x0

State of DUT
------------
Inputs and outputs:
key       = 0x0000000000000000000000000000000000000000000000000000000000000000
keylen    = 0x0, init = 0x0, ready = 0x0
round     = 0x00
round_key = 0x00000000000000000000000000000000

Internal states:
key_mem_ctrl = 0x00, round_key_update = 0x0, round_ctr_reg = 0x0
prev_key0_reg = 0x00000000000000000000000000000000, prev_key0_new = 0x00000000000000000000000000000000, prev_key0_we = 0x0
prev_key1_reg = 0x00000000000000000000000000000000, prev_key1_new = 0x00000000000000000000000000000000, prev_key1_we = 0x0
rcon_reg = 0x00, rcon_new = 0x00,  rcon_set = 0x0,  rcon_next = 0x0, rcon_we = 0x0
w0 = 0x00000000, w1 = 0x00000000, w2 = 0x00000000, w3 = 0x00000000
w4 = 0x00000000, w5 = 0x00000000, w6 = 0x00000000, w7 = 0x00000000
sboxw = 0xxxxxxxxx, new_sboxw = 0x00000000, rconw = 0x00000000
tw = 0x00000000, trw = 0x00000000
key_mem_new = 0x00000000000000000000000000000000, key_mem_we = 0x0

State of DUT
------------
Inputs and outputs:
key       = 0x0000000000000000000000000000000000000000000000000000000000000000
keylen    = 0x0, init = 0x0, ready = 0x0
round     = 0x00
round_key = 0x00000000000000000000000000000000

Internal states:
key_mem_ctrl = 0x00, round_key_update = 0x0, round_ctr_reg = 0x0
prev_key0_reg = 0x00000000000000000000000000000000, prev_key0_new = 0x00000000000000000000000000000000, prev_key0_we = 0x0
prev_key1_reg = 0x00000000000000000000000000000000, prev_key1_new = 0x00000000000000000000000000000000, prev_key1_we = 0x0
rcon_reg = 0x00, rcon_new = 0x00,  rcon_set = 0x0,  rcon_next = 0x0, rcon_we = 0x0
w0 = 0x00000000, w1 = 0x00000000, w2 = 0x00000000, w3 = 0x00000000
w4 = 0x00000000, w5 = 0x00000000, w6 = 0x00000000, w7 = 0x00000000
sboxw = 0xxxxxxxxx, new_sboxw = 0x00000000, rconw = 0x00000000
tw = 0x00000000, trw = 0x00000000
key_mem_new = 0x00000000000000000000000000000000, key_mem_we = 0x0

State of DUT
------------
Inputs and outputs:
key       = 0x0000000000000000000000000000000000000000000000000000000000000000
keylen    = 0x0, init = 0x0, ready = 0x0
round     = 0x00
round_key = 0x00000000000000000000000000000000

Internal states:
key_mem_ctrl = 0x00, round_key_update = 0x0, round_ctr_reg = 0x0
prev_key0_reg = 0x00000000000000000000000000000000, prev_key0_new = 0x00000000000000000000000000000000, prev_key0_we = 0x0
prev_key1_reg = 0x00000000000000000000000000000000, prev_key1_new = 0x00000000000000000000000000000000, prev_key1_we = 0x0
rcon_reg = 0x00, rcon_new = 0x00,  rcon_set = 0x0,  rcon_next = 0x0, rcon_we = 0x0
w0 = 0x00000000, w1 = 0x00000000, w2 = 0x00000000, w3 = 0x00000000
w4 = 0x00000000, w5 = 0x00000000, w6 = 0x00000000, w7 = 0x00000000
sboxw = 0xxxxxxxxx, new_sboxw = 0x00000000, rconw = 0x00000000
tw = 0x00000000, trw = 0x00000000
key_mem_new = 0x00000000000000000000000000000000, key_mem_we = 0x0

State of DUT
------------
Inputs and outputs:
key       = 0x0000000000000000000000000000000000000000000000000000000000000000
keylen    = 0x0, init = 0x0, ready = 0x0
round     = 0x00
round_key = 0x00000000000000000000000000000000

Internal states:
key_mem_ctrl = 0x00, round_key_update = 0x0, round_ctr_reg = 0x0
prev_key0_reg = 0x00000000000000000000000000000000, prev_key0_new = 0x00000000000000000000000000000000, prev_key0_we = 0x0
prev_key1_reg = 0x00000000000000000000000000000000, prev_key1_new = 0x00000000000000000000000000000000, prev_key1_we = 0x0
rcon_reg = 0x00, rcon_new = 0x00,  rcon_set = 0x0,  rcon_next = 0x0, rcon_we = 0x0
w0 = 0x00000000, w1 = 0x00000000, w2 = 0x00000000, w3 = 0x00000000
w4 = 0x00000000, w5 = 0x00000000, w6 = 0x00000000, w7 = 0x00000000
sboxw = 0xxxxxxxxx, new_sboxw = 0x00000000, rconw = 0x00000000
tw = 0x00000000, trw = 0x00000000
key_mem_new = 0x00000000000000000000000000000000, key_mem_we = 0x0

State of DUT
------------
Inputs and outputs:
key       = 0x0000000000000000000000000000000000000000000000000000000000000000
keylen    = 0x0, init = 0x0, ready = 0x0
round     = 0x00
round_key = 0x00000000000000000000000000000000

Internal states:
key_mem_ctrl = 0x00, round_key_update = 0x0, round_ctr_reg = 0x0
prev_key0_reg = 0x00000000000000000000000000000000, prev_key0_new = 0x00000000000000000000000000000000, prev_key0_we = 0x0
prev_key1_reg = 0x00000000000000000000000000000000, prev_key1_new = 0x00000000000000000000000000000000, prev_key1_we = 0x0
rcon_reg = 0x00, rcon_new = 0x00,  rcon_set = 0x0,  rcon_next = 0x0, rcon_we = 0x0
w0 = 0x00000000, w1 = 0x00000000, w2 = 0x00000000, w3 = 0x00000000
w4 = 0x00000000, w5 = 0x00000000, w6 = 0x00000000, w7 = 0x00000000
sboxw = 0xxxxxxxxx, new_sboxw = 0x00000000, rconw = 0x00000000
tw = 0x00000000, trw = 0x00000000
key_mem_new = 0x00000000000000000000000000000000, key_mem_we = 0x0

State of DUT
------------
Inputs and outputs:
key       = 0x0000000000000000000000000000000000000000000000000000000000000000
keylen    = 0x0, init = 0x0, ready = 0x0
round     = 0x00
round_key = 0x00000000000000000000000000000000

Internal states:
key_mem_ctrl = 0x00, round_key_update = 0x0, round_ctr_reg = 0x0
prev_key0_reg = 0x00000000000000000000000000000000, prev_key0_new = 0x00000000000000000000000000000000, prev_key0_we = 0x0
prev_key1_reg = 0x00000000000000000000000000000000, prev_key1_new = 0x00000000000000000000000000000000, prev_key1_we = 0x0
rcon_reg = 0x00, rcon_new = 0x00,  rcon_set = 0x0,  rcon_next = 0x0, rcon_we = 0x0
w0 = 0x00000000, w1 = 0x00000000, w2 = 0x00000000, w3 = 0x00000000
w4 = 0x00000000, w5 = 0x00000000, w6 = 0x00000000, w7 = 0x00000000
sboxw = 0xxxxxxxxx, new_sboxw = 0x00000000, rconw = 0x00000000
tw = 0x00000000, trw = 0x00000000
key_mem_new = 0x00000000000000000000000000000000, key_mem_we = 0x0

State of DUT
------------
Inputs and outputs:
key       = 0x0000000000000000000000000000000000000000000000000000000000000000
keylen    = 0x0, init = 0x0, ready = 0x0
round     = 0x00
round_key = 0x00000000000000000000000000000000

Internal states:
key_mem_ctrl = 0x00, round_key_update = 0x0, round_ctr_reg = 0x0
prev_key0_reg = 0x00000000000000000000000000000000, prev_key0_new = 0x00000000000000000000000000000000, prev_key0_we = 0x0
prev_key1_reg = 0x00000000000000000000000000000000, prev_key1_new = 0x00000000000000000000000000000000, prev_key1_we = 0x0
rcon_reg = 0x00, rcon_new = 0x00,  rcon_set = 0x0,  rcon_next = 0x0, rcon_we = 0x0
w0 = 0x00000000, w1 = 0x00000000, w2 = 0x00000000, w3 = 0x00000000
w4 = 0x00000000, w5 = 0x00000000, w6 = 0x00000000, w7 = 0x00000000
sboxw = 0xxxxxxxxx, new_sboxw = 0x00000000, rconw = 0x00000000
tw = 0x00000000, trw = 0x00000000
key_mem_new = 0x00000000000000000000000000000000, key_mem_we = 0x0

State of DUT
------------
Inputs and outputs:
key       = 0x0000000000000000000000000000000000000000000000000000000000000000
keylen    = 0x0, init = 0x0, ready = 0x0
round     = 0x00
round_key = 0x00000000000000000000000000000000

Internal states:
key_mem_ctrl = 0x00, round_key_update = 0x0, round_ctr_reg = 0x0
prev_key0_reg = 0x00000000000000000000000000000000, prev_key0_new = 0x00000000000000000000000000000000, prev_key0_we = 0x0
prev_key1_reg = 0x00000000000000000000000000000000, prev_key1_new = 0x00000000000000000000000000000000, prev_key1_we = 0x0
rcon_reg = 0x00, rcon_new = 0x00,  rcon_set = 0x0,  rcon_next = 0x0, rcon_we = 0x0
w0 = 0x00000000, w1 = 0x00000000, w2 = 0x00000000, w3 = 0x00000000
w4 = 0x00000000, w5 = 0x00000000, w6 = 0x00000000, w7 = 0x00000000
sboxw = 0xxxxxxxxx, new_sboxw = 0x00000000, rconw = 0x00000000
tw = 0x00000000, trw = 0x00000000
key_mem_new = 0x00000000000000000000000000000000, key_mem_we = 0x0

State of DUT
------------
Inputs and outputs:
key       = 0x0000000000000000000000000000000000000000000000000000000000000000
keylen    = 0x0, init = 0x0, ready = 0x0
round     = 0x00
round_key = 0x00000000000000000000000000000000

Internal states:
key_mem_ctrl = 0x00, round_key_update = 0x0, round_ctr_reg = 0x0
prev_key0_reg = 0x00000000000000000000000000000000, prev_key0_new = 0x00000000000000000000000000000000, prev_key0_we = 0x0
prev_key1_reg = 0x00000000000000000000000000000000, prev_key1_new = 0x00000000000000000000000000000000, prev_key1_we = 0x0
rcon_reg = 0x00, rcon_new = 0x00,  rcon_set = 0x0,  rcon_next = 0x0, rcon_we = 0x0
w0 = 0x00000000, w1 = 0x00000000, w2 = 0x00000000, w3 = 0x00000000
w4 = 0x00000000, w5 = 0x00000000, w6 = 0x00000000, w7 = 0x00000000
sboxw = 0xxxxxxxxx, new_sboxw = 0x00000000, rconw = 0x00000000
tw = 0x00000000, trw = 0x00000000
key_mem_new = 0x00000000000000000000000000000000, key_mem_we = 0x0

State of DUT
------------
Inputs and outputs:
key       = 0x0000000000000000000000000000000000000000000000000000000000000000
keylen    = 0x0, init = 0x0, ready = 0x0
round     = 0x00
round_key = 0x00000000000000000000000000000000

Internal states:
key_mem_ctrl = 0x00, round_key_update = 0x0, round_ctr_reg = 0x0
prev_key0_reg = 0x00000000000000000000000000000000, prev_key0_new = 0x00000000000000000000000000000000, prev_key0_we = 0x0
prev_key1_reg = 0x00000000000000000000000000000000, prev_key1_new = 0x00000000000000000000000000000000, prev_key1_we = 0x0
rcon_reg = 0x00, rcon_new = 0x00,  rcon_set = 0x0,  rcon_next = 0x0, rcon_we = 0x0
w0 = 0x00000000, w1 = 0x00000000, w2 = 0x00000000, w3 = 0x00000000
w4 = 0x00000000, w5 = 0x00000000, w6 = 0x00000000, w7 = 0x00000000
sboxw = 0xxxxxxxxx, new_sboxw = 0x00000000, rconw = 0x00000000
tw = 0x00000000, trw = 0x00000000
key_mem_new = 0x00000000000000000000000000000000, key_mem_we = 0x0

State of DUT
------------
Inputs and outputs:
key       = 0x0000000000000000000000000000000000000000000000000000000000000000
keylen    = 0x0, init = 0x0, ready = 0x0
round     = 0x00
round_key = 0x00000000000000000000000000000000

Internal states:
key_mem_ctrl = 0x00, round_key_update = 0x0, round_ctr_reg = 0x0
prev_key0_reg = 0x00000000000000000000000000000000, prev_key0_new = 0x00000000000000000000000000000000, prev_key0_we = 0x0
prev_key1_reg = 0x00000000000000000000000000000000, prev_key1_new = 0x00000000000000000000000000000000, prev_key1_we = 0x0
rcon_reg = 0x00, rcon_new = 0x00,  rcon_set = 0x0,  rcon_next = 0x0, rcon_we = 0x0
w0 = 0x00000000, w1 = 0x00000000, w2 = 0x00000000, w3 = 0x00000000
w4 = 0x00000000, w5 = 0x00000000, w6 = 0x00000000, w7 = 0x00000000
sboxw = 0xxxxxxxxx, new_sboxw = 0x00000000, rconw = 0x00000000
tw = 0x00000000, trw = 0x00000000
key_mem_new = 0x00000000000000000000000000000000, key_mem_we = 0x0

State of DUT
------------
Inputs and outputs:
key       = 0x0000000000000000000000000000000000000000000000000000000000000000
keylen    = 0x0, init = 0x0, ready = 0x0
round     = 0x00
round_key = 0x00000000000000000000000000000000

Internal states:
key_mem_ctrl = 0x00, round_key_update = 0x0, round_ctr_reg = 0x0
prev_key0_reg = 0x00000000000000000000000000000000, prev_key0_new = 0x00000000000000000000000000000000, prev_key0_we = 0x0
prev_key1_reg = 0x00000000000000000000000000000000, prev_key1_new = 0x00000000000000000000000000000000, prev_key1_we = 0x0
rcon_reg = 0x00, rcon_new = 0x00,  rcon_set = 0x0,  rcon_next = 0x0, rcon_we = 0x0
w0 = 0x00000000, w1 = 0x00000000, w2 = 0x00000000, w3 = 0x00000000
w4 = 0x00000000, w5 = 0x00000000, w6 = 0x00000000, w7 = 0x00000000
sboxw = 0xxxxxxxxx, new_sboxw = 0x00000000, rconw = 0x00000000
tw = 0x00000000, trw = 0x00000000
key_mem_new = 0x00000000000000000000000000000000, key_mem_we = 0x0

State of DUT
------------
Inputs and outputs:
key       = 0x0000000000000000000000000000000000000000000000000000000000000000
keylen    = 0x0, init = 0x0, ready = 0x0
round     = 0x00
round_key = 0x00000000000000000000000000000000

Internal states:
key_mem_ctrl = 0x00, round_key_update = 0x0, round_ctr_reg = 0x0
prev_key0_reg = 0x00000000000000000000000000000000, prev_key0_new = 0x00000000000000000000000000000000, prev_key0_we = 0x0
prev_key1_reg = 0x00000000000000000000000000000000, prev_key1_new = 0x00000000000000000000000000000000, prev_key1_we = 0x0
rcon_reg = 0x00, rcon_new = 0x00,  rcon_set = 0x0,  rcon_next = 0x0, rcon_we = 0x0
w0 = 0x00000000, w1 = 0x00000000, w2 = 0x00000000, w3 = 0x00000000
w4 = 0x00000000, w5 = 0x00000000, w6 = 0x00000000, w7 = 0x00000000
sboxw = 0xxxxxxxxx, new_sboxw = 0x00000000, rconw = 0x00000000
tw = 0x00000000, trw = 0x00000000
key_mem_new = 0x00000000000000000000000000000000, key_mem_we = 0x0

** Testing with 128-bit key 0x00000000000000000000000000000000

State of DUT
------------
Inputs and outputs:
key       = 0x0000000000000000000000000000000000000000000000000000000000000000
keylen    = 0x0, init = 0x1, ready = 0x0
round     = 0x00
round_key = 0x00000000000000000000000000000000

Internal states:
key_mem_ctrl = 0x00, round_key_update = 0x0, round_ctr_reg = 0x0
prev_key0_reg = 0x00000000000000000000000000000000, prev_key0_new = 0x00000000000000000000000000000000, prev_key0_we = 0x0
prev_key1_reg = 0x00000000000000000000000000000000, prev_key1_new = 0x00000000000000000000000000000000, prev_key1_we = 0x0
rcon_reg = 0x00, rcon_new = 0x00,  rcon_set = 0x0,  rcon_next = 0x0, rcon_we = 0x0
w0 = 0x00000000, w1 = 0x00000000, w2 = 0x00000000, w3 = 0x00000000
w4 = 0x00000000, w5 = 0x00000000, w6 = 0x00000000, w7 = 0x00000000
sboxw = 0xxxxxxxxx, new_sboxw = 0x00000000, rconw = 0x00000000
tw = 0x00000000, trw = 0x00000000
key_mem_new = 0x00000000000000000000000000000000, key_mem_we = 0x0

State of DUT
------------
Inputs and outputs:
key       = 0x0000000000000000000000000000000000000000000000000000000000000000
keylen    = 0x0, init = 0x1, ready = 0x0
round     = 0x00
round_key = 0x00000000000000000000000000000000

Internal states:
key_mem_ctrl = 0x00, round_key_update = 0x0, round_ctr_reg = 0x1
prev_key0_reg = 0x00000000000000000000000000000000, prev_key0_new = 0x00000000000000000000000000000000, prev_key0_we = 0x0
prev_key1_reg = 0x00000000000000000000000000000000, prev_key1_new = 0x00000000000000000000000000000000, prev_key1_we = 0x0
rcon_reg = 0x00, rcon_new = 0x00,  rcon_set = 0x0,  rcon_next = 0x0, rcon_we = 0x0
w0 = 0x00000000, w1 = 0x00000000, w2 = 0x00000000, w3 = 0x00000000
w4 = 0x00000000, w5 = 0x00000000, w6 = 0x00000000, w7 = 0x00000000
sboxw = 0x00000000, new_sboxw = 0x63636363, rconw = 0x00000000
tw = 0x00000000, trw = 0x00000000
key_mem_new = 0x00000000000000000000000000000000, key_mem_we = 0x0

State of DUT
------------
Inputs and outputs:
key       = 0x0000000000000000000000000000000000000000000000000000000000000000
keylen    = 0x0, init = 0x0, ready = 0x0
round     = 0x00
round_key = 0x00000000000000000000000000000000

Internal states:
key_mem_ctrl = 0x00, round_key_update = 0x0, round_ctr_reg = 0x1
prev_key0_reg = 0x00000000000000000000000000000000, prev_key0_new = 0x00000000000000000000000000000000, prev_key0_we = 0x0
prev_key1_reg = 0x00000000000000000000000000000000, prev_key1_new = 0x00000000000000000000000000000000, prev_key1_we = 0x0
rcon_reg = 0x00, rcon_new = 0x00,  rcon_set = 0x0,  rcon_next = 0x0, rcon_we = 0x0
w0 = 0x00000000, w1 = 0x00000000, w2 = 0x00000000, w3 = 0x00000000
w4 = 0x00000000, w5 = 0x00000000, w6 = 0x00000000, w7 = 0x00000000
sboxw = 0x00000000, new_sboxw = 0x63636363, rconw = 0x00000000
tw = 0x00000000, trw = 0x00000000
key_mem_new = 0x00000000000000000000000000000000, key_mem_we = 0x0

State of DUT
------------
Inputs and outputs:
key       = 0x0000000000000000000000000000000000000000000000000000000000000000
keylen    = 0x0, init = 0x0, ready = 0x0
round     = 0x00
round_key = 0x00000000000000000000000000000000

Internal states:
key_mem_ctrl = 0x00, round_key_update = 0x0, round_ctr_reg = 0x2
prev_key0_reg = 0x00000000000000000000000000000000, prev_key0_new = 0x00000000000000000000000000000000, prev_key0_we = 0x0
prev_key1_reg = 0x00000000000000000000000000000000, prev_key1_new = 0x00000000000000000000000000000000, prev_key1_we = 0x0
rcon_reg = 0x00, rcon_new = 0x00,  rcon_set = 0x0,  rcon_next = 0x0, rcon_we = 0x0
w0 = 0x00000000, w1 = 0x00000000, w2 = 0x00000000, w3 = 0x00000000
w4 = 0x00000000, w5 = 0x00000000, w6 = 0x00000000, w7 = 0x00000000
sboxw = 0x63636362, new_sboxw = 0xfbfbfbaa, rconw = 0x00000000
tw = 0x00000000, trw = 0x00000000
key_mem_new = 0x00000000000000000000000000000000, key_mem_we = 0x0

State of DUT
------------
Inputs and outputs:
key       = 0x0000000000000000000000000000000000000000000000000000000000000000
keylen    = 0x0, init = 0x0, ready = 0x0
round     = 0x00
round_key = 0x00000000000000000000000000000000

Internal states:
key_mem_ctrl = 0x00, round_key_update = 0x0, round_ctr_reg = 0x3
prev_key0_reg = 0x00000000000000000000000000000000, prev_key0_new = 0x00000000000000000000000000000000, prev_key0_we = 0x0
prev_key1_reg = 0x00000000000000000000000000000000, prev_key1_new = 0x00000000000000000000000000000000, prev_key1_we = 0x0
rcon_reg = 0x00, rcon_new = 0x00,  rcon_set = 0x0,  rcon_next = 0x0, rcon_we = 0x0
w0 = 0x00000000, w1 = 0x00000000, w2 = 0x00000000, w3 = 0x00000000
w4 = 0x00000000, w5 = 0x00000000, w6 = 0x00000000, w7 = 0x00000000
sboxw = 0xfbfbaaf9, new_sboxw = 0x0f0fac99, rconw = 0x00000000
tw = 0x00000000, trw = 0x00000000
key_mem_new = 0x00000000000000000000000000000000, key_mem_we = 0x0

State of DUT
------------
Inputs and outputs:
key       = 0x0000000000000000000000000000000000000000000000000000000000000000
keylen    = 0x0, init = 0x0, ready = 0x0
round     = 0x00
round_key = 0x00000000000000000000000000000000

Internal states:
key_mem_ctrl = 0x00, round_key_update = 0x0, round_ctr_reg = 0x4
prev_key0_reg = 0x00000000000000000000000000000000, prev_key0_new = 0x00000000000000000000000000000000, prev_key0_we = 0x0
prev_key1_reg = 0x00000000000000000000000000000000, prev_key1_new = 0x00000000000000000000000000000000, prev_key1_we = 0x0
rcon_reg = 0x00, rcon_new = 0x00,  rcon_set = 0x0,  rcon_next = 0x0, rcon_we = 0x0
w0 = 0x00000000, w1 = 0x00000000, w2 = 0x00000000, w3 = 0x00000000
w4 = 0x00000000, w5 = 0x00000000, w6 = 0x00000000, w7 = 0x00000000
sboxw = 0x0fac990b, new_sboxw = 0x7691ee2b, rconw = 0x00000000
tw = 0x00000000, trw = 0x00000000
key_mem_new = 0x00000000000000000000000000000000, key_mem_we = 0x0

State of DUT
------------
Inputs and outputs:
key       = 0x0000000000000000000000000000000000000000000000000000000000000000
keylen    = 0x0, init = 0x0, ready = 0x0
round     = 0x00
round_key = 0x00000000000000000000000000000000

Internal states:
key_mem_ctrl = 0x00, round_key_update = 0x0, round_ctr_reg = 0x5
prev_key0_reg = 0x00000000000000000000000000000000, prev_key0_new = 0x00000000000000000000000000000000, prev_key0_we = 0x0
prev_key1_reg = 0x00000000000000000000000000000000, prev_key1_new = 0x00000000000000000000000000000000, prev_key1_we = 0x0
rcon_reg = 0x00, rcon_new = 0x00,  rcon_set = 0x0,  rcon_next = 0x0, rcon_we = 0x0
w0 = 0x00000000, w1 = 0x00000000, w2 = 0x00000000, w3 = 0x00000000
w4 = 0x00000000, w5 = 0x00000000, w6 = 0x00000000, w7 = 0x00000000
sboxw = 0x91ee2b7e, new_sboxw = 0x8128f1f3, rconw = 0x00000000
tw = 0x00000000, trw = 0x00000000
key_mem_new = 0x00000000000000000000000000000000, key_mem_we = 0x0

State of DUT
------------
Inputs and outputs:
key       = 0x0000000000000000000000000000000000000000000000000000000000000000
keylen    = 0x0, init = 0x0, ready = 0x0
round     = 0x00
round_key = 0x00000000000000000000000000000000

Internal states:
key_mem_ctrl = 0x00, round_key_update = 0x0, round_ctr_reg = 0x6
prev_key0_reg = 0x00000000000000000000000000000000, prev_key0_new = 0x00000000000000000000000000000000, prev_key0_we = 0x0
prev_key1_reg = 0x00000000000000000000000000000000, prev_key1_new = 0x00000000000000000000000000000000, prev_key1_we = 0x0
rcon_reg = 0x00, rcon_new = 0x00,  rcon_set = 0x0,  rcon_next = 0x0, rcon_we = 0x0
w0 = 0x00000000, w1 = 0x00000000, w2 = 0x00000000, w3 = 0x00000000
w4 = 0x00000000, w5 = 0x00000000, w6 = 0x00000000, w7 = 0x00000000
sboxw = 0x4b9290f3, new_sboxw = 0xb34f600d, rconw = 0x00000000
tw = 0x00000000, trw = 0x00000000
key_mem_new = 0x00000000000000000000000000000000, key_mem_we = 0x0

State of DUT
------------
Inputs and outputs:
key       = 0x0000000000000000000000000000000000000000000000000000000000000000
keylen    = 0x0, init = 0x0, ready = 0x0
round     = 0x00
round_key = 0x00000000000000000000000000000000

Internal states:
key_mem_ctrl = 0x00, round_key_update = 0x0, round_ctr_reg = 0x7
prev_key0_reg = 0x00000000000000000000000000000000, prev_key0_new = 0x00000000000000000000000000000000, prev_key0_we = 0x0
prev_key1_reg = 0x00000000000000000000000000000000, prev_key1_new = 0x00000000000000000000000000000000, prev_key1_we = 0x0
rcon_reg = 0x00, rcon_new = 0x00,  rcon_set = 0x0,  rcon_next = 0x0, rcon_we = 0x0
w0 = 0x00000000, w1 = 0x00000000, w2 = 0x00000000, w3 = 0x00000000
w4 = 0x00000000, w5 = 0x00000000, w6 = 0x00000000, w7 = 0x00000000
sboxw = 0xb49ba76a, new_sboxw = 0x8d145c02, rconw = 0x00000000
tw = 0x00000000, trw = 0x00000000
key_mem_new = 0x00000000000000000000000000000000, key_mem_we = 0x0

State of DUT
------------
Inputs and outputs:
key       = 0x0000000000000000000000000000000000000000000000000000000000000000
keylen    = 0x0, init = 0x0, ready = 0x0
round     = 0x00
round_key = 0x00000000000000000000000000000000

Internal states:
key_mem_ctrl = 0x00, round_key_update = 0x0, round_ctr_reg = 0x8
prev_key0_reg = 0x00000000000000000000000000000000, prev_key0_new = 0x00000000000000000000000000000000, prev_key0_we = 0x0
prev_key1_reg = 0x00000000000000000000000000000000, prev_key1_new = 0x00000000000000000000000000000000, prev_key1_we = 0x0
rcon_reg = 0x00, rcon_new = 0x00,  rcon_set = 0x0,  rcon_next = 0x0, rcon_we = 0x0
w0 = 0x00000000, w1 = 0x00000000, w2 = 0x00000000, w3 = 0x00000000
w4 = 0x00000000, w5 = 0x00000000, w6 = 0x00000000, w7 = 0x00000000
sboxw = 0x1bf09bc6, new_sboxw = 0xaf8c14b4, rconw = 0x00000000
tw = 0x00000000, trw = 0x00000000
key_mem_new = 0x00000000000000000000000000000000, key_mem_we = 0x0

State of DUT
------------
Inputs and outputs:
key       = 0x0000000000000000000000000000000000000000000000000000000000000000
keylen    = 0x0, init = 0x0, ready = 0x0
round     = 0x00
round_key = 0x00000000000000000000000000000000

Internal states:
key_mem_ctrl = 0x00, round_key_update = 0x0, round_ctr_reg = 0x9
prev_key0_reg = 0x00000000000000000000000000000000, prev_key0_new = 0x00000000000000000000000000000000, prev_key0_we = 0x0
prev_key1_reg = 0x00000000000000000000000000000000, prev_key1_new = 0x00000000000000000000000000000000, prev_key1_we = 0x0
rcon_reg = 0x00, rcon_new = 0x00,  rcon_set = 0x0,  rcon_next = 0x0, rcon_we = 0x0
w0 = 0x00000000, w1 = 0x00000000, w2 = 0x00000000, w3 = 0x00000000
w4 = 0x00000000, w5 = 0x00000000, w6 = 0x00000000, w7 = 0x00000000
sboxw = 0x1dfa9f51, new_sboxw = 0xa42ddbd1, rconw = 0x00000000
tw = 0x00000000, trw = 0x00000000
key_mem_new = 0x00000000000000000000000000000000, key_mem_we = 0x0

State of DUT
------------
Inputs and outputs:
key       = 0x0000000000000000000000000000000000000000000000000000000000000000
keylen    = 0x0, init = 0x0, ready = 0x0
round     = 0x00
round_key = 0x00000000000000000000000000000000

Internal states:
key_mem_ctrl = 0x00, round_key_update = 0x0, round_ctr_reg = 0xa
prev_key0_reg = 0x00000000000000000000000000000000, prev_key0_new = 0x00000000000000000000000000000000, prev_key0_we = 0x0
prev_key1_reg = 0x00000000000000000000000000000000, prev_key1_new = 0x00000000000000000000000000000000, prev_key1_we = 0x0
rcon_reg = 0x00, rcon_new = 0x00,  rcon_set = 0x0,  rcon_next = 0x0, rcon_we = 0x0
w0 = 0x00000000, w1 = 0x00000000, w2 = 0x00000000, w3 = 0x00000000
w4 = 0x00000000, w5 = 0x00000000, w6 = 0x00000000, w7 = 0x00000000
sboxw = 0x6649414c, new_sboxw = 0x333b8329, rconw = 0x00000000
tw = 0x00000000, trw = 0x00000000
key_mem_new = 0x00000000000000000000000000000000, key_mem_we = 0x0

State of DUT
------------
Inputs and outputs:
key       = 0x0000000000000000000000000000000000000000000000000000000000000000
keylen    = 0x0, init = 0x0, ready = 0x1
round     = 0x00
round_key = 0x00000000000000000000000000000000

Internal states:
key_mem_ctrl = 0x00, round_key_update = 0x0, round_ctr_reg = 0xb
prev_key0_reg = 0x00000000000000000000000000000000, prev_key0_new = 0x00000000000000000000000000000000, prev_key0_we = 0x0
prev_key1_reg = 0x00000000000000000000000000000000, prev_key1_new = 0x00000000000000000000000000000000, prev_key1_we = 0x0
rcon_reg = 0x00, rcon_new = 0x00,  rcon_set = 0x0,  rcon_next = 0x0, rcon_we = 0x0
w0 = 0x00000000, w1 = 0x00000000, w2 = 0x00000000, w3 = 0x00000000
w4 = 0x00000000, w5 = 0x00000000, w6 = 0x00000000, w7 = 0x00000000
sboxw = 0x8f188e6f, new_sboxw = 0x73ad19a8, rconw = 0x00000000
tw = 0x00000000, trw = 0x00000000
key_mem_new = 0x00000000000000000000000000000000, key_mem_we = 0x0

** key 0x0 matched expected round key.
** Got:      0x00000000000000000000000000000000 **

State of DUT
------------
Inputs and outputs:
key       = 0x0000000000000000000000000000000000000000000000000000000000000000
keylen    = 0x0, init = 0x0, ready = 0x1
round     = 0x01
round_key = 0x62636363626363636263636362636363

Internal states:
key_mem_ctrl = 0x00, round_key_update = 0x0, round_ctr_reg = 0xb
prev_key0_reg = 0x00000000000000000000000000000000, prev_key0_new = 0x00000000000000000000000000000000, prev_key0_we = 0x0
prev_key1_reg = 0x00000000000000000000000000000000, prev_key1_new = 0x00000000000000000000000000000000, prev_key1_we = 0x0
rcon_reg = 0x00, rcon_new = 0x00,  rcon_set = 0x0,  rcon_next = 0x0, rcon_we = 0x0
w0 = 0x00000000, w1 = 0x00000000, w2 = 0x00000000, w3 = 0x00000000
w4 = 0x00000000, w5 = 0x00000000, w6 = 0x00000000, w7 = 0x00000000
sboxw = 0x8f188e6f, new_sboxw = 0x73ad19a8, rconw = 0x00000000
tw = 0x00000000, trw = 0x00000000
key_mem_new = 0x00000000000000000000000000000000, key_mem_we = 0x0

** key 0x1 matched expected round key.
** Got:      0x62636363626363636263636362636363 **

State of DUT
------------
Inputs and outputs:
key       = 0x0000000000000000000000000000000000000000000000000000000000000000
keylen    = 0x0, init = 0x0, ready = 0x1
round     = 0x02
round_key = 0x9b9898c9f9fbfbaa9b9898c9f9fbfbaa

Internal states:
key_mem_ctrl = 0x00, round_key_update = 0x0, round_ctr_reg = 0xb
prev_key0_reg = 0x00000000000000000000000000000000, prev_key0_new = 0x00000000000000000000000000000000, prev_key0_we = 0x0
prev_key1_reg = 0x00000000000000000000000000000000, prev_key1_new = 0x00000000000000000000000000000000, prev_key1_we = 0x0
rcon_reg = 0x00, rcon_new = 0x00,  rcon_set = 0x0,  rcon_next = 0x0, rcon_we = 0x0
w0 = 0x00000000, w1 = 0x00000000, w2 = 0x00000000, w3 = 0x00000000
w4 = 0x00000000, w5 = 0x00000000, w6 = 0x00000000, w7 = 0x00000000
sboxw = 0x8f188e6f, new_sboxw = 0x73ad19a8, rconw = 0x00000000
tw = 0x00000000, trw = 0x00000000
key_mem_new = 0x00000000000000000000000000000000, key_mem_we = 0x0

** key 0x2 matched expected round key.
** Got:      0x9b9898c9f9fbfbaa9b9898c9f9fbfbaa **

State of DUT
------------
Inputs and outputs:
key       = 0x0000000000000000000000000000000000000000000000000000000000000000
keylen    = 0x0, init = 0x0, ready = 0x1
round     = 0x03
round_key = 0x90973450696ccffaf2f457330b0fac99

Internal states:
key_mem_ctrl = 0x00, round_key_update = 0x0, round_ctr_reg = 0xb
prev_key0_reg = 0x00000000000000000000000000000000, prev_key0_new = 0x00000000000000000000000000000000, prev_key0_we = 0x0
prev_key1_reg = 0x00000000000000000000000000000000, prev_key1_new = 0x00000000000000000000000000000000, prev_key1_we = 0x0
rcon_reg = 0x00, rcon_new = 0x00,  rcon_set = 0x0,  rcon_next = 0x0, rcon_we = 0x0
w0 = 0x00000000, w1 = 0x00000000, w2 = 0x00000000, w3 = 0x00000000
w4 = 0x00000000, w5 = 0x00000000, w6 = 0x00000000, w7 = 0x00000000
sboxw = 0x8f188e6f, new_sboxw = 0x73ad19a8, rconw = 0x00000000
tw = 0x00000000, trw = 0x00000000
key_mem_new = 0x00000000000000000000000000000000, key_mem_we = 0x0

** key 0x3 matched expected round key.
** Got:      0x90973450696ccffaf2f457330b0fac99 **

State of DUT
------------
Inputs and outputs:
key       = 0x0000000000000000000000000000000000000000000000000000000000000000
keylen    = 0x0, init = 0x0, ready = 0x1
round     = 0x04
round_key = 0xee06da7b876a1581759e42b27e91ee2b

Internal states:
key_mem_ctrl = 0x00, round_key_update = 0x0, round_ctr_reg = 0xb
prev_key0_reg = 0x00000000000000000000000000000000, prev_key0_new = 0x00000000000000000000000000000000, prev_key0_we = 0x0
prev_key1_reg = 0x00000000000000000000000000000000, prev_key1_new = 0x00000000000000000000000000000000, prev_key1_we = 0x0
rcon_reg = 0x00, rcon_new = 0x00,  rcon_set = 0x0,  rcon_next = 0x0, rcon_we = 0x0
w0 = 0x00000000, w1 = 0x00000000, w2 = 0x00000000, w3 = 0x00000000
w4 = 0x00000000, w5 = 0x00000000, w6 = 0x00000000, w7 = 0x00000000
sboxw = 0x8f188e6f, new_sboxw = 0x73ad19a8, rconw = 0x00000000
tw = 0x00000000, trw = 0x00000000
key_mem_new = 0x00000000000000000000000000000000, key_mem_we = 0x0

** key 0x4 matched expected round key.
** Got:      0xee06da7b876a1581759e42b27e91ee2b **

State of DUT
------------
Inputs and outputs:
key       = 0x0000000000000000000000000000000000000000000000000000000000000000
keylen    = 0x0, init = 0x0, ready = 0x1
round     = 0x05
round_key = 0x7f2e2b88f8443e098dda7cbbf34b9290

Internal states:
key_mem_ctrl = 0x00, round_key_update = 0x0, round_ctr_reg = 0xb
prev_key0_reg = 0x00000000000000000000000000000000, prev_key0_new = 0x00000000000000000000000000000000, prev_key0_we = 0x0
prev_key1_reg = 0x00000000000000000000000000000000, prev_key1_new = 0x00000000000000000000000000000000, prev_key1_we = 0x0
rcon_reg = 0x00, rcon_new = 0x00,  rcon_set = 0x0,  rcon_next = 0x0, rcon_we = 0x0
w0 = 0x00000000, w1 = 0x00000000, w2 = 0x00000000, w3 = 0x00000000
w4 = 0x00000000, w5 = 0x00000000, w6 = 0x00000000, w7 = 0x00000000
sboxw = 0x8f188e6f, new_sboxw = 0x73ad19a8, rconw = 0x00000000
tw = 0x00000000, trw = 0x00000000
key_mem_new = 0x00000000000000000000000000000000, key_mem_we = 0x0

** key 0x5 matched expected round key.
** Got:      0x7f2e2b88f8443e098dda7cbbf34b9290 **

State of DUT
------------
Inputs and outputs:
key       = 0x0000000000000000000000000000000000000000000000000000000000000000
keylen    = 0x0, init = 0x0, ready = 0x1
round     = 0x06
round_key = 0xec614b851425758c99ff09376ab49ba7

Internal states:
key_mem_ctrl = 0x00, round_key_update = 0x0, round_ctr_reg = 0xb
prev_key0_reg = 0x00000000000000000000000000000000, prev_key0_new = 0x00000000000000000000000000000000, prev_key0_we = 0x0
prev_key1_reg = 0x00000000000000000000000000000000, prev_key1_new = 0x00000000000000000000000000000000, prev_key1_we = 0x0
rcon_reg = 0x00, rcon_new = 0x00,  rcon_set = 0x0,  rcon_next = 0x0, rcon_we = 0x0
w0 = 0x00000000, w1 = 0x00000000, w2 = 0x00000000, w3 = 0x00000000
w4 = 0x00000000, w5 = 0x00000000, w6 = 0x00000000, w7 = 0x00000000
sboxw = 0x8f188e6f, new_sboxw = 0x73ad19a8, rconw = 0x00000000
tw = 0x00000000, trw = 0x00000000
key_mem_new = 0x00000000000000000000000000000000, key_mem_we = 0x0

** key 0x6 matched expected round key.
** Got:      0xec614b851425758c99ff09376ab49ba7 **

State of DUT
------------
Inputs and outputs:
key       = 0x0000000000000000000000000000000000000000000000000000000000000000
keylen    = 0x0, init = 0x0, ready = 0x1
round     = 0x07
round_key = 0x217517873550620bacaf6b3cc61bf09b

Internal states:
key_mem_ctrl = 0x00, round_key_update = 0x0, round_ctr_reg = 0xb
prev_key0_reg = 0x00000000000000000000000000000000, prev_key0_new = 0x00000000000000000000000000000000, prev_key0_we = 0x0
prev_key1_reg = 0x00000000000000000000000000000000, prev_key1_new = 0x00000000000000000000000000000000, prev_key1_we = 0x0
rcon_reg = 0x00, rcon_new = 0x00,  rcon_set = 0x0,  rcon_next = 0x0, rcon_we = 0x0
w0 = 0x00000000, w1 = 0x00000000, w2 = 0x00000000, w3 = 0x00000000
w4 = 0x00000000, w5 = 0x00000000, w6 = 0x00000000, w7 = 0x00000000
sboxw = 0x8f188e6f, new_sboxw = 0x73ad19a8, rconw = 0x00000000
tw = 0x00000000, trw = 0x00000000
key_mem_new = 0x00000000000000000000000000000000, key_mem_we = 0x0

** key 0x7 matched expected round key.
** Got:      0x217517873550620bacaf6b3cc61bf09b **

State of DUT
------------
Inputs and outputs:
key       = 0x0000000000000000000000000000000000000000000000000000000000000000
keylen    = 0x0, init = 0x0, ready = 0x1
round     = 0x08
round_key = 0x0ef903333ba9613897060a04511dfa9f

Internal states:
key_mem_ctrl = 0x00, round_key_update = 0x0, round_ctr_reg = 0xb
prev_key0_reg = 0x00000000000000000000000000000000, prev_key0_new = 0x00000000000000000000000000000000, prev_key0_we = 0x0
prev_key1_reg = 0x00000000000000000000000000000000, prev_key1_new = 0x00000000000000000000000000000000, prev_key1_we = 0x0
rcon_reg = 0x00, rcon_new = 0x00,  rcon_set = 0x0,  rcon_next = 0x0, rcon_we = 0x0
w0 = 0x00000000, w1 = 0x00000000, w2 = 0x00000000, w3 = 0x00000000
w4 = 0x00000000, w5 = 0x00000000, w6 = 0x00000000, w7 = 0x00000000
sboxw = 0x8f188e6f, new_sboxw = 0x73ad19a8, rconw = 0x00000000
tw = 0x00000000, trw = 0x00000000
key_mem_new = 0x00000000000000000000000000000000, key_mem_we = 0x0

** key 0x8 matched expected round key.
** Got:      0x0ef903333ba9613897060a04511dfa9f **

State of DUT
------------
Inputs and outputs:
key       = 0x0000000000000000000000000000000000000000000000000000000000000000
keylen    = 0x0, init = 0x0, ready = 0x1
round     = 0x09
round_key = 0xb1d4d8e28a7db9da1d7bb3de4c664941

Internal states:
key_mem_ctrl = 0x00, round_key_update = 0x0, round_ctr_reg = 0xb
prev_key0_reg = 0x00000000000000000000000000000000, prev_key0_new = 0x00000000000000000000000000000000, prev_key0_we = 0x0
prev_key1_reg = 0x00000000000000000000000000000000, prev_key1_new = 0x00000000000000000000000000000000, prev_key1_we = 0x0
rcon_reg = 0x00, rcon_new = 0x00,  rcon_set = 0x0,  rcon_next = 0x0, rcon_we = 0x0
w0 = 0x00000000, w1 = 0x00000000, w2 = 0x00000000, w3 = 0x00000000
w4 = 0x00000000, w5 = 0x00000000, w6 = 0x00000000, w7 = 0x00000000
sboxw = 0x8f188e6f, new_sboxw = 0x73ad19a8, rconw = 0x00000000
tw = 0x00000000, trw = 0x00000000
key_mem_new = 0x00000000000000000000000000000000, key_mem_we = 0x0

** key 0x9 matched expected round key.
** Got:      0xb1d4d8e28a7db9da1d7bb3de4c664941 **

State of DUT
------------
Inputs and outputs:
key       = 0x0000000000000000000000000000000000000000000000000000000000000000
keylen    = 0x0, init = 0x0, ready = 0x1
round     = 0x0a
round_key = 0xb4ef5bcb3e92e21123e951cf6f8f188e

Internal states:
key_mem_ctrl = 0x00, round_key_update = 0x0, round_ctr_reg = 0xb
prev_key0_reg = 0x00000000000000000000000000000000, prev_key0_new = 0x00000000000000000000000000000000, prev_key0_we = 0x0
prev_key1_reg = 0x00000000000000000000000000000000, prev_key1_new = 0x00000000000000000000000000000000, prev_key1_we = 0x0
rcon_reg = 0x00, rcon_new = 0x00,  rcon_set = 0x0,  rcon_next = 0x0, rcon_we = 0x0
w0 = 0x00000000, w1 = 0x00000000, w2 = 0x00000000, w3 = 0x00000000
w4 = 0x00000000, w5 = 0x00000000, w6 = 0x00000000, w7 = 0x00000000
sboxw = 0x8f188e6f, new_sboxw = 0x73ad19a8, rconw = 0x00000000
tw = 0x00000000, trw = 0x00000000
key_mem_new = 0x00000000000000000000000000000000, key_mem_we = 0x0

** key 0xa matched expected round key.
** Got:      0xb4ef5bcb3e92e21123e951cf6f8f188e **

** Testing with 128-bit key 0xffffffffffffffffffffffffffffffff

State of DUT
------------
Inputs and outputs:
key       = 0xffffffffffffffffffffffffffffffff00000000000000000000000000000000
keylen    = 0x0, init = 0x1, ready = 0x1
round     = 0x0a
round_key = 0xb4ef5bcb3e92e21123e951cf6f8f188e

Internal states:
key_mem_ctrl = 0x00, round_key_update = 0x0, round_ctr_reg = 0xb
prev_key0_reg = 0x00000000000000000000000000000000, prev_key0_new = 0x00000000000000000000000000000000, prev_key0_we = 0x0
prev_key1_reg = 0x00000000000000000000000000000000, prev_key1_new = 0x00000000000000000000000000000000, prev_key1_we = 0x0
rcon_reg = 0x00, rcon_new = 0x00,  rcon_set = 0x0,  rcon_next = 0x0, rcon_we = 0x0
w0 = 0x00000000, w1 = 0x00000000, w2 = 0x00000000, w3 = 0x00000000
w4 = 0x00000000, w5 = 0x00000000, w6 = 0x00000000, w7 = 0x00000000
sboxw = 0x8f188e6f, new_sboxw = 0x73ad19a8, rconw = 0x00000000
tw = 0x00000000, trw = 0x00000000
key_mem_new = 0x00000000000000000000000000000000, key_mem_we = 0x0

State of DUT
------------
Inputs and outputs:
key       = 0xffffffffffffffffffffffffffffffff00000000000000000000000000000000
keylen    = 0x0, init = 0x1, ready = 0x0
round     = 0x0a
round_key = 0xb4ef5bcb3e92e21123e951cf6f8f188e

Internal states:
key_mem_ctrl = 0x00, round_key_update = 0x0, round_ctr_reg = 0x1
prev_key0_reg = 0x00000000000000000000000000000000, prev_key0_new = 0x00000000000000000000000000000000, prev_key0_we = 0x0
prev_key1_reg = 0x00000000000000000000000000000000, prev_key1_new = 0x00000000000000000000000000000000, prev_key1_we = 0x0
rcon_reg = 0x00, rcon_new = 0x00,  rcon_set = 0x0,  rcon_next = 0x0, rcon_we = 0x0
w0 = 0x00000000, w1 = 0x00000000, w2 = 0x00000000, w3 = 0x00000000
w4 = 0x00000000, w5 = 0x00000000, w6 = 0x00000000, w7 = 0x00000000
sboxw = 0xffffffff, new_sboxw = 0x16161616, rconw = 0x00000000
tw = 0x00000000, trw = 0x00000000
key_mem_new = 0x00000000000000000000000000000000, key_mem_we = 0x0

State of DUT
------------
Inputs and outputs:
key       = 0xffffffffffffffffffffffffffffffff00000000000000000000000000000000
keylen    = 0x0, init = 0x0, ready = 0x0
round     = 0x0a
round_key = 0xb4ef5bcb3e92e21123e951cf6f8f188e

Internal states:
key_mem_ctrl = 0x00, round_key_update = 0x0, round_ctr_reg = 0x1
prev_key0_reg = 0x00000000000000000000000000000000, prev_key0_new = 0x00000000000000000000000000000000, prev_key0_we = 0x0
prev_key1_reg = 0x00000000000000000000000000000000, prev_key1_new = 0x00000000000000000000000000000000, prev_key1_we = 0x0
rcon_reg = 0x00, rcon_new = 0x00,  rcon_set = 0x0,  rcon_next = 0x0, rcon_we = 0x0
w0 = 0x00000000, w1 = 0x00000000, w2 = 0x00000000, w3 = 0x00000000
w4 = 0x00000000, w5 = 0x00000000, w6 = 0x00000000, w7 = 0x00000000
sboxw = 0xffffffff, new_sboxw = 0x16161616, rconw = 0x00000000
tw = 0x00000000, trw = 0x00000000
key_mem_new = 0x00000000000000000000000000000000, key_mem_we = 0x0

State of DUT
------------
Inputs and outputs:
key       = 0xffffffffffffffffffffffffffffffff00000000000000000000000000000000
keylen    = 0x0, init = 0x0, ready = 0x0
round     = 0x0a
round_key = 0xb4ef5bcb3e92e21123e951cf6f8f188e

Internal states:
key_mem_ctrl = 0x00, round_key_update = 0x0, round_ctr_reg = 0x2
prev_key0_reg = 0x00000000000000000000000000000000, prev_key0_new = 0x00000000000000000000000000000000, prev_key0_we = 0x0
prev_key1_reg = 0x00000000000000000000000000000000, prev_key1_new = 0x00000000000000000000000000000000, prev_key1_we = 0x0
rcon_reg = 0x00, rcon_new = 0x00,  rcon_set = 0x0,  rcon_next = 0x0, rcon_we = 0x0
w0 = 0x00000000, w1 = 0x00000000, w2 = 0x00000000, w3 = 0x00000000
w4 = 0x00000000, w5 = 0x00000000, w6 = 0x00000000, w7 = 0x00000000
sboxw = 0x16161617, new_sboxw = 0x474747f0, rconw = 0x00000000
tw = 0x00000000, trw = 0x00000000
key_mem_new = 0x00000000000000000000000000000000, key_mem_we = 0x0

State of DUT
------------
Inputs and outputs:
key       = 0xffffffffffffffffffffffffffffffff00000000000000000000000000000000
keylen    = 0x0, init = 0x0, ready = 0x0
round     = 0x0a
round_key = 0xb4ef5bcb3e92e21123e951cf6f8f188e

Internal states:
key_mem_ctrl = 0x00, round_key_update = 0x0, round_ctr_reg = 0x3
prev_key0_reg = 0x00000000000000000000000000000000, prev_key0_new = 0x00000000000000000000000000000000, prev_key0_we = 0x0
prev_key1_reg = 0x00000000000000000000000000000000, prev_key1_new = 0x00000000000000000000000000000000, prev_key1_we = 0x0
rcon_reg = 0x00, rcon_new = 0x00,  rcon_set = 0x0,  rcon_next = 0x0, rcon_we = 0x0
w0 = 0x00000000, w1 = 0x00000000, w2 = 0x00000000, w3 = 0x00000000
w4 = 0x00000000, w5 = 0x00000000, w6 = 0x00000000, w7 = 0x00000000
sboxw = 0x4747f045, new_sboxw = 0xa0a08c6e, rconw = 0x00000000
tw = 0x00000000, trw = 0x00000000
key_mem_new = 0x00000000000000000000000000000000, key_mem_we = 0x0

State of DUT
------------
Inputs and outputs:
key       = 0xffffffffffffffffffffffffffffffff00000000000000000000000000000000
keylen    = 0x0, init = 0x0, ready = 0x0
round     = 0x0a
round_key = 0xb4ef5bcb3e92e21123e951cf6f8f188e

Internal states:
key_mem_ctrl = 0x00, round_key_update = 0x0, round_ctr_reg = 0x4
prev_key0_reg = 0x00000000000000000000000000000000, prev_key0_new = 0x00000000000000000000000000000000, prev_key0_we = 0x0
prev_key1_reg = 0x00000000000000000000000000000000, prev_key1_new = 0x00000000000000000000000000000000, prev_key1_we = 0x0
rcon_reg = 0x00, rcon_new = 0x00,  rcon_set = 0x0,  rcon_next = 0x0, rcon_we = 0x0
w0 = 0x00000000, w1 = 0x00000000, w2 = 0x00000000, w3 = 0x00000000
w4 = 0x00000000, w5 = 0x00000000, w6 = 0x00000000, w7 = 0x00000000
sboxw = 0xa08c6ea4, new_sboxw = 0xe0649f49, rconw = 0x00000000
tw = 0x00000000, trw = 0x00000000
key_mem_new = 0x00000000000000000000000000000000, key_mem_we = 0x0

State of DUT
------------
Inputs and outputs:
key       = 0xffffffffffffffffffffffffffffffff00000000000000000000000000000000
keylen    = 0x0, init = 0x0, ready = 0x0
round     = 0x0a
round_key = 0xb4ef5bcb3e92e21123e951cf6f8f188e

Internal states:
key_mem_ctrl = 0x00, round_key_update = 0x0, round_ctr_reg = 0x5
prev_key0_reg = 0x00000000000000000000000000000000, prev_key0_new = 0x00000000000000000000000000000000, prev_key0_we = 0x0
prev_key1_reg = 0x00000000000000000000000000000000, prev_key1_new = 0x00000000000000000000000000000000, prev_key1_we = 0x0
rcon_reg = 0x00, rcon_new = 0x00,  rcon_set = 0x0,  rcon_next = 0x0, rcon_we = 0x0
w0 = 0x00000000, w1 = 0x00000000, w2 = 0x00000000, w3 = 0x00000000
w4 = 0x00000000, w5 = 0x00000000, w6 = 0x00000000, w7 = 0x00000000
sboxw = 0x9b60b617, new_sboxw = 0x14d04ef0, rconw = 0x00000000
tw = 0x00000000, trw = 0x00000000
key_mem_new = 0x00000000000000000000000000000000, key_mem_we = 0x0

State of DUT
------------
Inputs and outputs:
key       = 0xffffffffffffffffffffffffffffffff00000000000000000000000000000000
keylen    = 0x0, init = 0x0, ready = 0x0
round     = 0x0a
round_key = 0xb4ef5bcb3e92e21123e951cf6f8f188e

Internal states:
key_mem_ctrl = 0x00, round_key_update = 0x0, round_ctr_reg = 0x6
prev_key0_reg = 0x00000000000000000000000000000000, prev_key0_new = 0x00000000000000000000000000000000, prev_key0_we = 0x0
prev_key1_reg = 0x00000000000000000000000000000000, prev_key1_new = 0x00000000000000000000000000000000, prev_key1_we = 0x0
rcon_reg = 0x00, rcon_new = 0x00,  rcon_set = 0x0,  rcon_next = 0x0, rcon_we = 0x0
w0 = 0x00000000, w1 = 0x00000000, w2 = 0x00000000, w3 = 0x00000000
w4 = 0x00000000, w5 = 0x00000000, w6 = 0x00000000, w7 = 0x00000000
sboxw = 0xc658e613, new_sboxw = 0xb46a8e7d, rconw = 0x00000000
tw = 0x00000000, trw = 0x00000000
key_mem_new = 0x00000000000000000000000000000000, key_mem_we = 0x0

State of DUT
------------
Inputs and outputs:
key       = 0xffffffffffffffffffffffffffffffff00000000000000000000000000000000
keylen    = 0x0, init = 0x0, ready = 0x0
round     = 0x0a
round_key = 0xb4ef5bcb3e92e21123e951cf6f8f188e

Internal states:
key_mem_ctrl = 0x00, round_key_update = 0x0, round_ctr_reg = 0x7
prev_key0_reg = 0x00000000000000000000000000000000, prev_key0_new = 0x00000000000000000000000000000000, prev_key0_we = 0x0
prev_key1_reg = 0x00000000000000000000000000000000, prev_key1_new = 0x00000000000000000000000000000000, prev_key1_we = 0x0
rcon_reg = 0x00, rcon_new = 0x00,  rcon_set = 0x0,  rcon_next = 0x0, rcon_we = 0x0
w0 = 0x00000000, w1 = 0x00000000, w2 = 0x00000000, w3 = 0x00000000
w4 = 0x00000000, w5 = 0x00000000, w6 = 0x00000000, w7 = 0x00000000
sboxw = 0x2dc98dd1, new_sboxw = 0xd8dd5d3e, rconw = 0x00000000
tw = 0x00000000, trw = 0x00000000
key_mem_new = 0x00000000000000000000000000000000, key_mem_we = 0x0

State of DUT
------------
Inputs and outputs:
key       = 0xffffffffffffffffffffffffffffffff00000000000000000000000000000000
keylen    = 0x0, init = 0x0, ready = 0x0
round     = 0x0a
round_key = 0xb4ef5bcb3e92e21123e951cf6f8f188e

Internal states:
key_mem_ctrl = 0x00, round_key_update = 0x0, round_ctr_reg = 0x8
prev_key0_reg = 0x00000000000000000000000000000000, prev_key0_new = 0x00000000000000000000000000000000, prev_key0_we = 0x0
prev_key1_reg = 0x00000000000000000000000000000000, prev_key1_new = 0x00000000000000000000000000000000, prev_key1_we = 0x0
rcon_reg = 0x00, rcon_new = 0x00,  rcon_set = 0x0,  rcon_next = 0x0, rcon_we = 0x0
w0 = 0x00000000, w1 = 0x00000000, w2 = 0x00000000, w3 = 0x00000000
w4 = 0x00000000, w5 = 0x00000000, w6 = 0x00000000, w7 = 0x00000000
sboxw = 0x7dd1503c, new_sboxw = 0xff3e53eb, rconw = 0x00000000
tw = 0x00000000, trw = 0x00000000
key_mem_new = 0x00000000000000000000000000000000, key_mem_we = 0x0

State of DUT
------------
Inputs and outputs:
key       = 0xffffffffffffffffffffffffffffffff00000000000000000000000000000000
keylen    = 0x0, init = 0x0, ready = 0x0
round     = 0x0a
round_key = 0xb4ef5bcb3e92e21123e951cf6f8f188e

Internal states:
key_mem_ctrl = 0x00, round_key_update = 0x0, round_ctr_reg = 0x9
prev_key0_reg = 0x00000000000000000000000000000000, prev_key0_new = 0x00000000000000000000000000000000, prev_key0_we = 0x0
prev_key1_reg = 0x00000000000000000000000000000000, prev_key1_new = 0x00000000000000000000000000000000, prev_key1_we = 0x0
rcon_reg = 0x00, rcon_new = 0x00,  rcon_set = 0x0,  rcon_next = 0x0, rcon_we = 0x0
w0 = 0x00000000, w1 = 0x00000000, w2 = 0x00000000, w3 = 0x00000000
w4 = 0x00000000, w5 = 0x00000000, w6 = 0x00000000, w7 = 0x00000000
sboxw = 0xa5335d68, new_sboxw = 0x06c34c45, rconw = 0x00000000
tw = 0x00000000, trw = 0x00000000
key_mem_new = 0x00000000000000000000000000000000, key_mem_we = 0x0

State of DUT
------------
Inputs and outputs:
key       = 0xffffffffffffffffffffffffffffffff00000000000000000000000000000000
keylen    = 0x0, init = 0x0, ready = 0x0
round     = 0x0a
round_key = 0xb4ef5bcb3e92e21123e951cf6f8f188e

Internal states:
key_mem_ctrl = 0x00, round_key_update = 0x0, round_ctr_reg = 0xa
prev_key0_reg = 0x00000000000000000000000000000000, prev_key0_new = 0x00000000000000000000000000000000, prev_key0_we = 0x0
prev_key1_reg = 0x00000000000000000000000000000000, prev_key1_new = 0x00000000000000000000000000000000, prev_key1_we = 0x0
rcon_reg = 0x00, rcon_new = 0x00,  rcon_set = 0x0,  rcon_next = 0x0, rcon_we = 0x0
w0 = 0x00000000, w1 = 0x00000000, w2 = 0x00000000, w3 = 0x00000000
w4 = 0x00000000, w5 = 0x00000000, w6 = 0x00000000, w7 = 0x00000000
sboxw = 0x0514a30e, new_sboxw = 0x6bfa0aab, rconw = 0x00000000
tw = 0x00000000, trw = 0x00000000
key_mem_new = 0x00000000000000000000000000000000, key_mem_we = 0x0

State of DUT
------------
Inputs and outputs:
key       = 0xffffffffffffffffffffffffffffffff00000000000000000000000000000000
keylen    = 0x0, init = 0x0, ready = 0x1
round     = 0x00
round_key = 0xffffffffffffffffffffffffffffffff

Internal states:
key_mem_ctrl = 0x00, round_key_update = 0x0, round_ctr_reg = 0xb
prev_key0_reg = 0x00000000000000000000000000000000, prev_key0_new = 0x00000000000000000000000000000000, prev_key0_we = 0x0
prev_key1_reg = 0x00000000000000000000000000000000, prev_key1_new = 0x00000000000000000000000000000000, prev_key1_we = 0x0
rcon_reg = 0x00, rcon_new = 0x00,  rcon_set = 0x0,  rcon_next = 0x0, rcon_we = 0x0
w0 = 0x00000000, w1 = 0x00000000, w2 = 0x00000000, w3 = 0x00000000
w4 = 0x00000000, w5 = 0x00000000, w6 = 0x00000000, w7 = 0x00000000
sboxw = 0xd7c3268c, new_sboxw = 0x0e2ef764, rconw = 0x00000000
tw = 0x00000000, trw = 0x00000000
key_mem_new = 0x00000000000000000000000000000000, key_mem_we = 0x0

** key 0x0 matched expected round key.
** Got:      0xffffffffffffffffffffffffffffffff **

State of DUT
------------
Inputs and outputs:
key       = 0xffffffffffffffffffffffffffffffff00000000000000000000000000000000
keylen    = 0x0, init = 0x0, ready = 0x1
round     = 0x01
round_key = 0xe8e9e9e917161616e8e9e9e917161616

Internal states:
key_mem_ctrl = 0x00, round_key_update = 0x0, round_ctr_reg = 0xb
prev_key0_reg = 0x00000000000000000000000000000000, prev_key0_new = 0x00000000000000000000000000000000, prev_key0_we = 0x0
prev_key1_reg = 0x00000000000000000000000000000000, prev_key1_new = 0x00000000000000000000000000000000, prev_key1_we = 0x0
rcon_reg = 0x00, rcon_new = 0x00,  rcon_set = 0x0,  rcon_next = 0x0, rcon_we = 0x0
w0 = 0x00000000, w1 = 0x00000000, w2 = 0x00000000, w3 = 0x00000000
w4 = 0x00000000, w5 = 0x00000000, w6 = 0x00000000, w7 = 0x00000000
sboxw = 0xd7c3268c, new_sboxw = 0x0e2ef764, rconw = 0x00000000
tw = 0x00000000, trw = 0x00000000
key_mem_new = 0x00000000000000000000000000000000, key_mem_we = 0x0

** key 0x1 matched expected round key.
** Got:      0xe8e9e9e917161616e8e9e9e917161616 **

State of DUT
------------
Inputs and outputs:
key       = 0xffffffffffffffffffffffffffffffff00000000000000000000000000000000
keylen    = 0x0, init = 0x0, ready = 0x1
round     = 0x02
round_key = 0xadaeae19bab8b80f525151e6454747f0

Internal states:
key_mem_ctrl = 0x00, round_key_update = 0x0, round_ctr_reg = 0xb
prev_key0_reg = 0x00000000000000000000000000000000, prev_key0_new = 0x00000000000000000000000000000000, prev_key0_we = 0x0
prev_key1_reg = 0x00000000000000000000000000000000, prev_key1_new = 0x00000000000000000000000000000000, prev_key1_we = 0x0
rcon_reg = 0x00, rcon_new = 0x00,  rcon_set = 0x0,  rcon_next = 0x0, rcon_we = 0x0
w0 = 0x00000000, w1 = 0x00000000, w2 = 0x00000000, w3 = 0x00000000
w4 = 0x00000000, w5 = 0x00000000, w6 = 0x00000000, w7 = 0x00000000
sboxw = 0xd7c3268c, new_sboxw = 0x0e2ef764, rconw = 0x00000000
tw = 0x00000000, trw = 0x00000000
key_mem_new = 0x00000000000000000000000000000000, key_mem_we = 0x0

** key 0x2 matched expected round key.
** Got:      0xadaeae19bab8b80f525151e6454747f0 **

State of DUT
------------
Inputs and outputs:
key       = 0xffffffffffffffffffffffffffffffff00000000000000000000000000000000
keylen    = 0x0, init = 0x0, ready = 0x1
round     = 0x03
round_key = 0x090e2277b3b69a78e1e7cb9ea4a08c6e

Internal states:
key_mem_ctrl = 0x00, round_key_update = 0x0, round_ctr_reg = 0xb
prev_key0_reg = 0x00000000000000000000000000000000, prev_key0_new = 0x00000000000000000000000000000000, prev_key0_we = 0x0
prev_key1_reg = 0x00000000000000000000000000000000, prev_key1_new = 0x00000000000000000000000000000000, prev_key1_we = 0x0
rcon_reg = 0x00, rcon_new = 0x00,  rcon_set = 0x0,  rcon_next = 0x0, rcon_we = 0x0
w0 = 0x00000000, w1 = 0x00000000, w2 = 0x00000000, w3 = 0x00000000
w4 = 0x00000000, w5 = 0x00000000, w6 = 0x00000000, w7 = 0x00000000
sboxw = 0xd7c3268c, new_sboxw = 0x0e2ef764, rconw = 0x00000000
tw = 0x00000000, trw = 0x00000000
key_mem_new = 0x00000000000000000000000000000000, key_mem_we = 0x0

** key 0x3 matched expected round key.
** Got:      0x090e2277b3b69a78e1e7cb9ea4a08c6e **

State of DUT
------------
Inputs and outputs:
key       = 0xffffffffffffffffffffffffffffffff00000000000000000000000000000000
keylen    = 0x0, init = 0x0, ready = 0x1
round     = 0x04
round_key = 0xe16abd3e52dc2746b33becd8179b60b6

Internal states:
key_mem_ctrl = 0x00, round_key_update = 0x0, round_ctr_reg = 0xb
prev_key0_reg = 0x00000000000000000000000000000000, prev_key0_new = 0x00000000000000000000000000000000, prev_key0_we = 0x0
prev_key1_reg = 0x00000000000000000000000000000000, prev_key1_new = 0x00000000000000000000000000000000, prev_key1_we = 0x0
rcon_reg = 0x00, rcon_new = 0x00,  rcon_set = 0x0,  rcon_next = 0x0, rcon_we = 0x0
w0 = 0x00000000, w1 = 0x00000000, w2 = 0x00000000, w3 = 0x00000000
w4 = 0x00000000, w5 = 0x00000000, w6 = 0x00000000, w7 = 0x00000000
sboxw = 0xd7c3268c, new_sboxw = 0x0e2ef764, rconw = 0x00000000
tw = 0x00000000, trw = 0x00000000
key_mem_new = 0x00000000000000000000000000000000, key_mem_we = 0x0

** key 0x4 matched expected round key.
** Got:      0xe16abd3e52dc2746b33becd8179b60b6 **

State of DUT
------------
Inputs and outputs:
key       = 0xffffffffffffffffffffffffffffffff00000000000000000000000000000000
keylen    = 0x0, init = 0x0, ready = 0x1
round     = 0x05
round_key = 0xe5baf3ceb766d488045d385013c658e6

Internal states:
key_mem_ctrl = 0x00, round_key_update = 0x0, round_ctr_reg = 0xb
prev_key0_reg = 0x00000000000000000000000000000000, prev_key0_new = 0x00000000000000000000000000000000, prev_key0_we = 0x0
prev_key1_reg = 0x00000000000000000000000000000000, prev_key1_new = 0x00000000000000000000000000000000, prev_key1_we = 0x0
rcon_reg = 0x00, rcon_new = 0x00,  rcon_set = 0x0,  rcon_next = 0x0, rcon_we = 0x0
w0 = 0x00000000, w1 = 0x00000000, w2 = 0x00000000, w3 = 0x00000000
w4 = 0x00000000, w5 = 0x00000000, w6 = 0x00000000, w7 = 0x00000000
sboxw = 0xd7c3268c, new_sboxw = 0x0e2ef764, rconw = 0x00000000
tw = 0x00000000, trw = 0x00000000
key_mem_new = 0x00000000000000000000000000000000, key_mem_we = 0x0

** key 0x5 matched expected round key.
** Got:      0xe5baf3ceb766d488045d385013c658e6 **

State of DUT
------------
Inputs and outputs:
key       = 0xffffffffffffffffffffffffffffffff00000000000000000000000000000000
keylen    = 0x0, init = 0x0, ready = 0x1
round     = 0x06
round_key = 0x71d07db3c6b6a93bc2eb916bd12dc98d

Internal states:
key_mem_ctrl = 0x00, round_key_update = 0x0, round_ctr_reg = 0xb
prev_key0_reg = 0x00000000000000000000000000000000, prev_key0_new = 0x00000000000000000000000000000000, prev_key0_we = 0x0
prev_key1_reg = 0x00000000000000000000000000000000, prev_key1_new = 0x00000000000000000000000000000000, prev_key1_we = 0x0
rcon_reg = 0x00, rcon_new = 0x00,  rcon_set = 0x0,  rcon_next = 0x0, rcon_we = 0x0
w0 = 0x00000000, w1 = 0x00000000, w2 = 0x00000000, w3 = 0x00000000
w4 = 0x00000000, w5 = 0x00000000, w6 = 0x00000000, w7 = 0x00000000
sboxw = 0xd7c3268c, new_sboxw = 0x0e2ef764, rconw = 0x00000000
tw = 0x00000000, trw = 0x00000000
key_mem_new = 0x00000000000000000000000000000000, key_mem_we = 0x0

** key 0x6 matched expected round key.
** Got:      0x71d07db3c6b6a93bc2eb916bd12dc98d **

State of DUT
------------
Inputs and outputs:
key       = 0xffffffffffffffffffffffffffffffff00000000000000000000000000000000
keylen    = 0x0, init = 0x0, ready = 0x1
round     = 0x07
round_key = 0xe90d208d2fbb89b6ed5018dd3c7dd150

Internal states:
key_mem_ctrl = 0x00, round_key_update = 0x0, round_ctr_reg = 0xb
prev_key0_reg = 0x00000000000000000000000000000000, prev_key0_new = 0x00000000000000000000000000000000, prev_key0_we = 0x0
prev_key1_reg = 0x00000000000000000000000000000000, prev_key1_new = 0x00000000000000000000000000000000, prev_key1_we = 0x0
rcon_reg = 0x00, rcon_new = 0x00,  rcon_set = 0x0,  rcon_next = 0x0, rcon_we = 0x0
w0 = 0x00000000, w1 = 0x00000000, w2 = 0x00000000, w3 = 0x00000000
w4 = 0x00000000, w5 = 0x00000000, w6 = 0x00000000, w7 = 0x00000000
sboxw = 0xd7c3268c, new_sboxw = 0x0e2ef764, rconw = 0x00000000
tw = 0x00000000, trw = 0x00000000
key_mem_new = 0x00000000000000000000000000000000, key_mem_we = 0x0

** key 0x7 matched expected round key.
** Got:      0xe90d208d2fbb89b6ed5018dd3c7dd150 **

State of DUT
------------
Inputs and outputs:
key       = 0xffffffffffffffffffffffffffffffff00000000000000000000000000000000
keylen    = 0x0, init = 0x0, ready = 0x1
round     = 0x08
round_key = 0x96337366b988fad054d8e20d68a5335d

Internal states:
key_mem_ctrl = 0x00, round_key_update = 0x0, round_ctr_reg = 0xb
prev_key0_reg = 0x00000000000000000000000000000000, prev_key0_new = 0x00000000000000000000000000000000, prev_key0_we = 0x0
prev_key1_reg = 0x00000000000000000000000000000000, prev_key1_new = 0x00000000000000000000000000000000, prev_key1_we = 0x0
rcon_reg = 0x00, rcon_new = 0x00,  rcon_set = 0x0,  rcon_next = 0x0, rcon_we = 0x0
w0 = 0x00000000, w1 = 0x00000000, w2 = 0x00000000, w3 = 0x00000000
w4 = 0x00000000, w5 = 0x00000000, w6 = 0x00000000, w7 = 0x00000000
sboxw = 0xd7c3268c, new_sboxw = 0x0e2ef764, rconw = 0x00000000
tw = 0x00000000, trw = 0x00000000
key_mem_new = 0x00000000000000000000000000000000, key_mem_we = 0x0

** key 0x8 matched expected round key.
** Got:      0x96337366b988fad054d8e20d68a5335d **

State of DUT
------------
Inputs and outputs:
key       = 0xffffffffffffffffffffffffffffffff00000000000000000000000000000000
keylen    = 0x0, init = 0x0, ready = 0x1
round     = 0x09
round_key = 0x8bf03f233278c5f366a027fe0e0514a3

Internal states:
key_mem_ctrl = 0x00, round_key_update = 0x0, round_ctr_reg = 0xb
prev_key0_reg = 0x00000000000000000000000000000000, prev_key0_new = 0x00000000000000000000000000000000, prev_key0_we = 0x0
prev_key1_reg = 0x00000000000000000000000000000000, prev_key1_new = 0x00000000000000000000000000000000, prev_key1_we = 0x0
rcon_reg = 0x00, rcon_new = 0x00,  rcon_set = 0x0,  rcon_next = 0x0, rcon_we = 0x0
w0 = 0x00000000, w1 = 0x00000000, w2 = 0x00000000, w3 = 0x00000000
w4 = 0x00000000, w5 = 0x00000000, w6 = 0x00000000, w7 = 0x00000000
sboxw = 0xd7c3268c, new_sboxw = 0x0e2ef764, rconw = 0x00000000
tw = 0x00000000, trw = 0x00000000
key_mem_new = 0x00000000000000000000000000000000, key_mem_we = 0x0

** key 0x9 matched expected round key.
** Got:      0x8bf03f233278c5f366a027fe0e0514a3 **

State of DUT
------------
Inputs and outputs:
key       = 0xffffffffffffffffffffffffffffffff00000000000000000000000000000000
keylen    = 0x0, init = 0x0, ready = 0x1
round     = 0x0a
round_key = 0xd60a3588e472f07b82d2d7858cd7c326

Internal states:
key_mem_ctrl = 0x00, round_key_update = 0x0, round_ctr_reg = 0xb
prev_key0_reg = 0x00000000000000000000000000000000, prev_key0_new = 0x00000000000000000000000000000000, prev_key0_we = 0x0
prev_key1_reg = 0x00000000000000000000000000000000, prev_key1_new = 0x00000000000000000000000000000000, prev_key1_we = 0x0
rcon_reg = 0x00, rcon_new = 0x00,  rcon_set = 0x0,  rcon_next = 0x0, rcon_we = 0x0
w0 = 0x00000000, w1 = 0x00000000, w2 = 0x00000000, w3 = 0x00000000
w4 = 0x00000000, w5 = 0x00000000, w6 = 0x00000000, w7 = 0x00000000
sboxw = 0xd7c3268c, new_sboxw = 0x0e2ef764, rconw = 0x00000000
tw = 0x00000000, trw = 0x00000000
key_mem_new = 0x00000000000000000000000000000000, key_mem_we = 0x0

** key 0xa matched expected round key.
** Got:      0xd60a3588e472f07b82d2d7858cd7c326 **

** Testing with 128-bit key 0x000102030405060708090a0b0c0d0e0f

State of DUT
------------
Inputs and outputs:
key       = 0x000102030405060708090a0b0c0d0e0f00000000000000000000000000000000
keylen    = 0x0, init = 0x1, ready = 0x1
round     = 0x0a
round_key = 0xd60a3588e472f07b82d2d7858cd7c326

Internal states:
key_mem_ctrl = 0x00, round_key_update = 0x0, round_ctr_reg = 0xb
prev_key0_reg = 0x00000000000000000000000000000000, prev_key0_new = 0x00000000000000000000000000000000, prev_key0_we = 0x0
prev_key1_reg = 0x00000000000000000000000000000000, prev_key1_new = 0x00000000000000000000000000000000, prev_key1_we = 0x0
rcon_reg = 0x00, rcon_new = 0x00,  rcon_set = 0x0,  rcon_next = 0x0, rcon_we = 0x0
w0 = 0x00000000, w1 = 0x00000000, w2 = 0x00000000, w3 = 0x00000000
w4 = 0x00000000, w5 = 0x00000000, w6 = 0x00000000, w7 = 0x00000000
sboxw = 0xd7c3268c, new_sboxw = 0x0e2ef764, rconw = 0x00000000
tw = 0x00000000, trw = 0x00000000
key_mem_new = 0x00000000000000000000000000000000, key_mem_we = 0x0

State of DUT
------------
Inputs and outputs:
key       = 0x000102030405060708090a0b0c0d0e0f00000000000000000000000000000000
keylen    = 0x0, init = 0x1, ready = 0x0
round     = 0x0a
round_key = 0xd60a3588e472f07b82d2d7858cd7c326

Internal states:
key_mem_ctrl = 0x00, round_key_update = 0x0, round_ctr_reg = 0x1
prev_key0_reg = 0x00000000000000000000000000000000, prev_key0_new = 0x00000000000000000000000000000000, prev_key0_we = 0x0
prev_key1_reg = 0x00000000000000000000000000000000, prev_key1_new = 0x00000000000000000000000000000000, prev_key1_we = 0x0
rcon_reg = 0x00, rcon_new = 0x00,  rcon_set = 0x0,  rcon_next = 0x0, rcon_we = 0x0
w0 = 0x00000000, w1 = 0x00000000, w2 = 0x00000000, w3 = 0x00000000
w4 = 0x00000000, w5 = 0x00000000, w6 = 0x00000000, w7 = 0x00000000
sboxw = 0x0d0e0f0c, new_sboxw = 0xd7ab76fe, rconw = 0x00000000
tw = 0x00000000, trw = 0x00000000
key_mem_new = 0x00000000000000000000000000000000, key_mem_we = 0x0

State of DUT
------------
Inputs and outputs:
key       = 0x000102030405060708090a0b0c0d0e0f00000000000000000000000000000000
keylen    = 0x0, init = 0x0, ready = 0x0
round     = 0x0a
round_key = 0xd60a3588e472f07b82d2d7858cd7c326

Internal states:
key_mem_ctrl = 0x00, round_key_update = 0x0, round_ctr_reg = 0x1
prev_key0_reg = 0x00000000000000000000000000000000, prev_key0_new = 0x00000000000000000000000000000000, prev_key0_we = 0x0
prev_key1_reg = 0x00000000000000000000000000000000, prev_key1_new = 0x00000000000000000000000000000000, prev_key1_we = 0x0
rcon_reg = 0x00, rcon_new = 0x00,  rcon_set = 0x0,  rcon_next = 0x0, rcon_we = 0x0
w0 = 0x00000000, w1 = 0x00000000, w2 = 0x00000000, w3 = 0x00000000
w4 = 0x00000000, w5 = 0x00000000, w6 = 0x00000000, w7 = 0x00000000
sboxw = 0x0d0e0f0c, new_sboxw = 0xd7ab76fe, rconw = 0x00000000
tw = 0x00000000, trw = 0x00000000
key_mem_new = 0x00000000000000000000000000000000, key_mem_we = 0x0

State of DUT
------------
Inputs and outputs:
key       = 0x000102030405060708090a0b0c0d0e0f00000000000000000000000000000000
keylen    = 0x0, init = 0x0, ready = 0x0
round     = 0x0a
round_key = 0xd60a3588e472f07b82d2d7858cd7c326

Internal states:
key_mem_ctrl = 0x00, round_key_update = 0x0, round_ctr_reg = 0x2
prev_key0_reg = 0x00000000000000000000000000000000, prev_key0_new = 0x00000000000000000000000000000000, prev_key0_we = 0x0
prev_key1_reg = 0x00000000000000000000000000000000, prev_key1_new = 0x00000000000000000000000000000000, prev_key1_we = 0x0
rcon_reg = 0x00, rcon_new = 0x00,  rcon_set = 0x0,  rcon_next = 0x0, rcon_we = 0x0
w0 = 0x00000000, w1 = 0x00000000, w2 = 0x00000000, w3 = 0x00000000
w4 = 0x00000000, w5 = 0x00000000, w6 = 0x00000000, w7 = 0x00000000
sboxw = 0xab76fed6, new_sboxw = 0x6238bbf6, rconw = 0x00000000
tw = 0x00000000, trw = 0x00000000
key_mem_new = 0x00000000000000000000000000000000, key_mem_we = 0x0

State of DUT
------------
Inputs and outputs:
key       = 0x000102030405060708090a0b0c0d0e0f00000000000000000000000000000000
keylen    = 0x0, init = 0x0, ready = 0x0
round     = 0x0a
round_key = 0xd60a3588e472f07b82d2d7858cd7c326

Internal states:
key_mem_ctrl = 0x00, round_key_update = 0x0, round_ctr_reg = 0x3
prev_key0_reg = 0x00000000000000000000000000000000, prev_key0_new = 0x00000000000000000000000000000000, prev_key0_we = 0x0
prev_key1_reg = 0x00000000000000000000000000000000, prev_key1_new = 0x00000000000000000000000000000000, prev_key1_we = 0x0
rcon_reg = 0x00, rcon_new = 0x00,  rcon_set = 0x0,  rcon_next = 0x0, rcon_we = 0x0
w0 = 0x00000000, w1 = 0x00000000, w2 = 0x00000000, w3 = 0x00000000
w4 = 0x00000000, w5 = 0x00000000, w6 = 0x00000000, w7 = 0x00000000
sboxw = 0x30b3fe68, new_sboxw = 0x046dbb45, rconw = 0x00000000
tw = 0x00000000, trw = 0x00000000
key_mem_new = 0x00000000000000000000000000000000, key_mem_we = 0x0

State of DUT
------------
Inputs and outputs:
key       = 0x000102030405060708090a0b0c0d0e0f00000000000000000000000000000000
keylen    = 0x0, init = 0x0, ready = 0x0
round     = 0x0a
round_key = 0xd60a3588e472f07b82d2d7858cd7c326

Internal states:
key_mem_ctrl = 0x00, round_key_update = 0x0, round_ctr_reg = 0x4
prev_key0_reg = 0x00000000000000000000000000000000, prev_key0_new = 0x00000000000000000000000000000000, prev_key0_we = 0x0
prev_key1_reg = 0x00000000000000000000000000000000, prev_key1_new = 0x00000000000000000000000000000000, prev_key1_we = 0x0
rcon_reg = 0x00, rcon_new = 0x00,  rcon_set = 0x0,  rcon_next = 0x0, rcon_we = 0x0
w0 = 0x00000000, w1 = 0x00000000, w2 = 0x00000000, w3 = 0x00000000
w4 = 0x00000000, w5 = 0x00000000, w6 = 0x00000000, w7 = 0x00000000
sboxw = 0x69bf4104, new_sboxw = 0xf90883f2, rconw = 0x00000000
tw = 0x00000000, trw = 0x00000000
key_mem_new = 0x00000000000000000000000000000000, key_mem_we = 0x0

State of DUT
------------
Inputs and outputs:
key       = 0x000102030405060708090a0b0c0d0e0f00000000000000000000000000000000
keylen    = 0x0, init = 0x0, ready = 0x0
round     = 0x0a
round_key = 0xd60a3588e472f07b82d2d7858cd7c326

Internal states:
key_mem_ctrl = 0x00, round_key_update = 0x0, round_ctr_reg = 0x5
prev_key0_reg = 0x00000000000000000000000000000000, prev_key0_new = 0x00000000000000000000000000000000, prev_key0_we = 0x0
prev_key1_reg = 0x00000000000000000000000000000000, prev_key1_new = 0x00000000000000000000000000000000, prev_key1_we = 0x0
rcon_reg = 0x00, rcon_new = 0x00,  rcon_set = 0x0,  rcon_next = 0x0, rcon_we = 0x0
w0 = 0x00000000, w1 = 0x00000000, w2 = 0x00000000, w3 = 0x00000000
w4 = 0x00000000, w5 = 0x00000000, w6 = 0x00000000, w7 = 0x00000000
sboxw = 0x058dfdfd, new_sboxw = 0x6b5d5454, rconw = 0x00000000
tw = 0x00000000, trw = 0x00000000
key_mem_new = 0x00000000000000000000000000000000, key_mem_we = 0x0

State of DUT
------------
Inputs and outputs:
key       = 0x000102030405060708090a0b0c0d0e0f00000000000000000000000000000000
keylen    = 0x0, init = 0x0, ready = 0x0
round     = 0x0a
round_key = 0xd60a3588e472f07b82d2d7858cd7c326

Internal states:
key_mem_ctrl = 0x00, round_key_update = 0x0, round_ctr_reg = 0x6
prev_key0_reg = 0x00000000000000000000000000000000, prev_key0_new = 0x00000000000000000000000000000000, prev_key0_we = 0x0
prev_key1_reg = 0x00000000000000000000000000000000, prev_key1_new = 0x00000000000000000000000000000000, prev_key1_we = 0x0
rcon_reg = 0x00, rcon_new = 0x00,  rcon_set = 0x0,  rcon_next = 0x0, rcon_we = 0x0
w0 = 0x00000000, w1 = 0x00000000, w2 = 0x00000000, w3 = 0x00000000
w4 = 0x00000000, w5 = 0x00000000, w6 = 0x00000000, w7 = 0x00000000
sboxw = 0xf622aaad, new_sboxw = 0x4293ac95, rconw = 0x00000000
tw = 0x00000000, trw = 0x00000000
key_mem_new = 0x00000000000000000000000000000000, key_mem_we = 0x0

State of DUT
------------
Inputs and outputs:
key       = 0x000102030405060708090a0b0c0d0e0f00000000000000000000000000000000
keylen    = 0x0, init = 0x0, ready = 0x0
round     = 0x0a
round_key = 0xd60a3588e472f07b82d2d7858cd7c326

Internal states:
key_mem_ctrl = 0x00, round_key_update = 0x0, round_ctr_reg = 0x7
prev_key0_reg = 0x00000000000000000000000000000000, prev_key0_new = 0x00000000000000000000000000000000, prev_key0_we = 0x0
prev_key1_reg = 0x00000000000000000000000000000000, prev_key1_new = 0x00000000000000000000000000000000, prev_key1_we = 0x0
rcon_reg = 0x00, rcon_new = 0x00,  rcon_set = 0x0,  rcon_next = 0x0, rcon_we = 0x0
w0 = 0x00000000, w1 = 0x00000000, w2 = 0x00000000, w3 = 0x00000000
w4 = 0x00000000, w5 = 0x00000000, w6 = 0x00000000, w7 = 0x00000000
sboxw = 0xa31f6b0a, new_sboxw = 0x0ac07f67, rconw = 0x00000000
tw = 0x00000000, trw = 0x00000000
key_mem_new = 0x00000000000000000000000000000000, key_mem_we = 0x0

State of DUT
------------
Inputs and outputs:
key       = 0x000102030405060708090a0b0c0d0e0f00000000000000000000000000000000
keylen    = 0x0, init = 0x0, ready = 0x0
round     = 0x0a
round_key = 0xd60a3588e472f07b82d2d7858cd7c326

Internal states:
key_mem_ctrl = 0x00, round_key_update = 0x0, round_ctr_reg = 0x8
prev_key0_reg = 0x00000000000000000000000000000000, prev_key0_new = 0x00000000000000000000000000000000, prev_key0_we = 0x0
prev_key1_reg = 0x00000000000000000000000000000000, prev_key1_new = 0x00000000000000000000000000000000, prev_key1_we = 0x0
rcon_reg = 0x00, rcon_new = 0x00,  rcon_set = 0x0,  rcon_next = 0x0, rcon_we = 0x0
w0 = 0x00000000, w1 = 0x00000000, w2 = 0x00000000, w3 = 0x00000000
w4 = 0x00000000, w5 = 0x00000000, w6 = 0x00000000, w7 = 0x00000000
sboxw = 0xa9c0264e, new_sboxw = 0xd3baf72f, rconw = 0x00000000
tw = 0x00000000, trw = 0x00000000
key_mem_new = 0x00000000000000000000000000000000, key_mem_we = 0x0

State of DUT
------------
Inputs and outputs:
key       = 0x000102030405060708090a0b0c0d0e0f00000000000000000000000000000000
keylen    = 0x0, init = 0x0, ready = 0x0
round     = 0x0a
round_key = 0xd60a3588e472f07b82d2d7858cd7c326

Internal states:
key_mem_ctrl = 0x00, round_key_update = 0x0, round_ctr_reg = 0x9
prev_key0_reg = 0x00000000000000000000000000000000, prev_key0_new = 0x00000000000000000000000000000000, prev_key0_we = 0x0
prev_key1_reg = 0x00000000000000000000000000000000, prev_key1_new = 0x00000000000000000000000000000000, prev_key1_we = 0x0
rcon_reg = 0x00, rcon_new = 0x00,  rcon_set = 0x0,  rcon_next = 0x0, rcon_we = 0x0
w0 = 0x00000000, w1 = 0x00000000, w2 = 0x00000000, w3 = 0x00000000
w4 = 0x00000000, w5 = 0x00000000, w6 = 0x00000000, w7 = 0x00000000
sboxw = 0xbf7ad2ae, new_sboxw = 0x08dab5e4, rconw = 0x00000000
tw = 0x00000000, trw = 0x00000000
key_mem_new = 0x00000000000000000000000000000000, key_mem_we = 0x0

State of DUT
------------
Inputs and outputs:
key       = 0x000102030405060708090a0b0c0d0e0f00000000000000000000000000000000
keylen    = 0x0, init = 0x0, ready = 0x0
round     = 0x0a
round_key = 0xd60a3588e472f07b82d2d7858cd7c326

Internal states:
key_mem_ctrl = 0x00, round_key_update = 0x0, round_ctr_reg = 0xa
prev_key0_reg = 0x00000000000000000000000000000000, prev_key0_new = 0x00000000000000000000000000000000, prev_key0_we = 0x0
prev_key1_reg = 0x00000000000000000000000000000000, prev_key1_new = 0x00000000000000000000000000000000, prev_key1_we = 0x0
rcon_reg = 0x00, rcon_new = 0x00,  rcon_set = 0x0,  rcon_next = 0x0, rcon_we = 0x0
w0 = 0x00000000, w1 = 0x00000000, w2 = 0x00000000, w3 = 0x00000000
w4 = 0x00000000, w5 = 0x00000000, w6 = 0x00000000, w7 = 0x00000000
sboxw = 0x2c974ebe, new_sboxw = 0x71882fae, rconw = 0x00000000
tw = 0x00000000, trw = 0x00000000
key_mem_new = 0x00000000000000000000000000000000, key_mem_we = 0x0

State of DUT
------------
Inputs and outputs:
key       = 0x000102030405060708090a0b0c0d0e0f00000000000000000000000000000000
keylen    = 0x0, init = 0x0, ready = 0x1
round     = 0x00
round_key = 0x000102030405060708090a0b0c0d0e0f

Internal states:
key_mem_ctrl = 0x00, round_key_update = 0x0, round_ctr_reg = 0xb
prev_key0_reg = 0x00000000000000000000000000000000, prev_key0_new = 0x00000000000000000000000000000000, prev_key0_we = 0x0
prev_key1_reg = 0x00000000000000000000000000000000, prev_key1_new = 0x00000000000000000000000000000000, prev_key1_we = 0x0
rcon_reg = 0x00, rcon_new = 0x00,  rcon_set = 0x0,  rcon_next = 0x0, rcon_we = 0x0
w0 = 0x00000000, w1 = 0x00000000, w2 = 0x00000000, w3 = 0x00000000
w4 = 0x00000000, w5 = 0x00000000, w6 = 0x00000000, w7 = 0x00000000
sboxw = 0x2b30c54d, new_sboxw = 0xf104a6e3, rconw = 0x00000000
tw = 0x00000000, trw = 0x00000000
key_mem_new = 0x00000000000000000000000000000000, key_mem_we = 0x0

** key 0x0 matched expected round key.
** Got:      0x000102030405060708090a0b0c0d0e0f **

State of DUT
------------
Inputs and outputs:
key       = 0x000102030405060708090a0b0c0d0e0f00000000000000000000000000000000
keylen    = 0x0, init = 0x0, ready = 0x1
round     = 0x01
round_key = 0xd6aa74fdd2af72fadaa678f1d6ab76fe

Internal states:
key_mem_ctrl = 0x00, round_key_update = 0x0, round_ctr_reg = 0xb
prev_key0_reg = 0x00000000000000000000000000000000, prev_key0_new = 0x00000000000000000000000000000000, prev_key0_we = 0x0
prev_key1_reg = 0x00000000000000000000000000000000, prev_key1_new = 0x00000000000000000000000000000000, prev_key1_we = 0x0
rcon_reg = 0x00, rcon_new = 0x00,  rcon_set = 0x0,  rcon_next = 0x0, rcon_we = 0x0
w0 = 0x00000000, w1 = 0x00000000, w2 = 0x00000000, w3 = 0x00000000
w4 = 0x00000000, w5 = 0x00000000, w6 = 0x00000000, w7 = 0x00000000
sboxw = 0x2b30c54d, new_sboxw = 0xf104a6e3, rconw = 0x00000000
tw = 0x00000000, trw = 0x00000000
key_mem_new = 0x00000000000000000000000000000000, key_mem_we = 0x0

** key 0x1 matched expected round key.
** Got:      0xd6aa74fdd2af72fadaa678f1d6ab76fe **

State of DUT
------------
Inputs and outputs:
key       = 0x000102030405060708090a0b0c0d0e0f00000000000000000000000000000000
keylen    = 0x0, init = 0x0, ready = 0x1
round     = 0x02
round_key = 0xb692cf0b643dbdf1be9bc5006830b3fe

Internal states:
key_mem_ctrl = 0x00, round_key_update = 0x0, round_ctr_reg = 0xb
prev_key0_reg = 0x00000000000000000000000000000000, prev_key0_new = 0x00000000000000000000000000000000, prev_key0_we = 0x0
prev_key1_reg = 0x00000000000000000000000000000000, prev_key1_new = 0x00000000000000000000000000000000, prev_key1_we = 0x0
rcon_reg = 0x00, rcon_new = 0x00,  rcon_set = 0x0,  rcon_next = 0x0, rcon_we = 0x0
w0 = 0x00000000, w1 = 0x00000000, w2 = 0x00000000, w3 = 0x00000000
w4 = 0x00000000, w5 = 0x00000000, w6 = 0x00000000, w7 = 0x00000000
sboxw = 0x2b30c54d, new_sboxw = 0xf104a6e3, rconw = 0x00000000
tw = 0x00000000, trw = 0x00000000
key_mem_new = 0x00000000000000000000000000000000, key_mem_we = 0x0

** key 0x2 matched expected round key.
** Got:      0xb692cf0b643dbdf1be9bc5006830b3fe **

State of DUT
------------
Inputs and outputs:
key       = 0x000102030405060708090a0b0c0d0e0f00000000000000000000000000000000
keylen    = 0x0, init = 0x0, ready = 0x1
round     = 0x03
round_key = 0xb6ff744ed2c2c9bf6c590cbf0469bf41

Internal states:
key_mem_ctrl = 0x00, round_key_update = 0x0, round_ctr_reg = 0xb
prev_key0_reg = 0x00000000000000000000000000000000, prev_key0_new = 0x00000000000000000000000000000000, prev_key0_we = 0x0
prev_key1_reg = 0x00000000000000000000000000000000, prev_key1_new = 0x00000000000000000000000000000000, prev_key1_we = 0x0
rcon_reg = 0x00, rcon_new = 0x00,  rcon_set = 0x0,  rcon_next = 0x0, rcon_we = 0x0
w0 = 0x00000000, w1 = 0x00000000, w2 = 0x00000000, w3 = 0x00000000
w4 = 0x00000000, w5 = 0x00000000, w6 = 0x00000000, w7 = 0x00000000
sboxw = 0x2b30c54d, new_sboxw = 0xf104a6e3, rconw = 0x00000000
tw = 0x00000000, trw = 0x00000000
key_mem_new = 0x00000000000000000000000000000000, key_mem_we = 0x0

** key 0x3 matched expected round key.
** Got:      0xb6ff744ed2c2c9bf6c590cbf0469bf41 **

State of DUT
------------
Inputs and outputs:
key       = 0x000102030405060708090a0b0c0d0e0f00000000000000000000000000000000
keylen    = 0x0, init = 0x0, ready = 0x1
round     = 0x04
round_key = 0x47f7f7bc95353e03f96c32bcfd058dfd

Internal states:
key_mem_ctrl = 0x00, round_key_update = 0x0, round_ctr_reg = 0xb
prev_key0_reg = 0x00000000000000000000000000000000, prev_key0_new = 0x00000000000000000000000000000000, prev_key0_we = 0x0
prev_key1_reg = 0x00000000000000000000000000000000, prev_key1_new = 0x00000000000000000000000000000000, prev_key1_we = 0x0
rcon_reg = 0x00, rcon_new = 0x00,  rcon_set = 0x0,  rcon_next = 0x0, rcon_we = 0x0
w0 = 0x00000000, w1 = 0x00000000, w2 = 0x00000000, w3 = 0x00000000
w4 = 0x00000000, w5 = 0x00000000, w6 = 0x00000000, w7 = 0x00000000
sboxw = 0x2b30c54d, new_sboxw = 0xf104a6e3, rconw = 0x00000000
tw = 0x00000000, trw = 0x00000000
key_mem_new = 0x00000000000000000000000000000000, key_mem_we = 0x0

** key 0x4 matched expected round key.
** Got:      0x47f7f7bc95353e03f96c32bcfd058dfd **

State of DUT
------------
Inputs and outputs:
key       = 0x000102030405060708090a0b0c0d0e0f00000000000000000000000000000000
keylen    = 0x0, init = 0x0, ready = 0x1
round     = 0x05
round_key = 0x3caaa3e8a99f9deb50f3af57adf622aa

Internal states:
key_mem_ctrl = 0x00, round_key_update = 0x0, round_ctr_reg = 0xb
prev_key0_reg = 0x00000000000000000000000000000000, prev_key0_new = 0x00000000000000000000000000000000, prev_key0_we = 0x0
prev_key1_reg = 0x00000000000000000000000000000000, prev_key1_new = 0x00000000000000000000000000000000, prev_key1_we = 0x0
rcon_reg = 0x00, rcon_new = 0x00,  rcon_set = 0x0,  rcon_next = 0x0, rcon_we = 0x0
w0 = 0x00000000, w1 = 0x00000000, w2 = 0x00000000, w3 = 0x00000000
w4 = 0x00000000, w5 = 0x00000000, w6 = 0x00000000, w7 = 0x00000000
sboxw = 0x2b30c54d, new_sboxw = 0xf104a6e3, rconw = 0x00000000
tw = 0x00000000, trw = 0x00000000
key_mem_new = 0x00000000000000000000000000000000, key_mem_we = 0x0

** key 0x5 matched expected round key.
** Got:      0x3caaa3e8a99f9deb50f3af57adf622aa **

State of DUT
------------
Inputs and outputs:
key       = 0x000102030405060708090a0b0c0d0e0f00000000000000000000000000000000
keylen    = 0x0, init = 0x0, ready = 0x1
round     = 0x06
round_key = 0x5e390f7df7a69296a7553dc10aa31f6b

Internal states:
key_mem_ctrl = 0x00, round_key_update = 0x0, round_ctr_reg = 0xb
prev_key0_reg = 0x00000000000000000000000000000000, prev_key0_new = 0x00000000000000000000000000000000, prev_key0_we = 0x0
prev_key1_reg = 0x00000000000000000000000000000000, prev_key1_new = 0x00000000000000000000000000000000, prev_key1_we = 0x0
rcon_reg = 0x00, rcon_new = 0x00,  rcon_set = 0x0,  rcon_next = 0x0, rcon_we = 0x0
w0 = 0x00000000, w1 = 0x00000000, w2 = 0x00000000, w3 = 0x00000000
w4 = 0x00000000, w5 = 0x00000000, w6 = 0x00000000, w7 = 0x00000000
sboxw = 0x2b30c54d, new_sboxw = 0xf104a6e3, rconw = 0x00000000
tw = 0x00000000, trw = 0x00000000
key_mem_new = 0x00000000000000000000000000000000, key_mem_we = 0x0

** key 0x6 matched expected round key.
** Got:      0x5e390f7df7a69296a7553dc10aa31f6b **

State of DUT
------------
Inputs and outputs:
key       = 0x000102030405060708090a0b0c0d0e0f00000000000000000000000000000000
keylen    = 0x0, init = 0x0, ready = 0x1
round     = 0x07
round_key = 0x14f9701ae35fe28c440adf4d4ea9c026

Internal states:
key_mem_ctrl = 0x00, round_key_update = 0x0, round_ctr_reg = 0xb
prev_key0_reg = 0x00000000000000000000000000000000, prev_key0_new = 0x00000000000000000000000000000000, prev_key0_we = 0x0
prev_key1_reg = 0x00000000000000000000000000000000, prev_key1_new = 0x00000000000000000000000000000000, prev_key1_we = 0x0
rcon_reg = 0x00, rcon_new = 0x00,  rcon_set = 0x0,  rcon_next = 0x0, rcon_we = 0x0
w0 = 0x00000000, w1 = 0x00000000, w2 = 0x00000000, w3 = 0x00000000
w4 = 0x00000000, w5 = 0x00000000, w6 = 0x00000000, w7 = 0x00000000
sboxw = 0x2b30c54d, new_sboxw = 0xf104a6e3, rconw = 0x00000000
tw = 0x00000000, trw = 0x00000000
key_mem_new = 0x00000000000000000000000000000000, key_mem_we = 0x0

** key 0x7 matched expected round key.
** Got:      0x14f9701ae35fe28c440adf4d4ea9c026 **

State of DUT
------------
Inputs and outputs:
key       = 0x000102030405060708090a0b0c0d0e0f00000000000000000000000000000000
keylen    = 0x0, init = 0x0, ready = 0x1
round     = 0x08
round_key = 0x47438735a41c65b9e016baf4aebf7ad2

Internal states:
key_mem_ctrl = 0x00, round_key_update = 0x0, round_ctr_reg = 0xb
prev_key0_reg = 0x00000000000000000000000000000000, prev_key0_new = 0x00000000000000000000000000000000, prev_key0_we = 0x0
prev_key1_reg = 0x00000000000000000000000000000000, prev_key1_new = 0x00000000000000000000000000000000, prev_key1_we = 0x0
rcon_reg = 0x00, rcon_new = 0x00,  rcon_set = 0x0,  rcon_next = 0x0, rcon_we = 0x0
w0 = 0x00000000, w1 = 0x00000000, w2 = 0x00000000, w3 = 0x00000000
w4 = 0x00000000, w5 = 0x00000000, w6 = 0x00000000, w7 = 0x00000000
sboxw = 0x2b30c54d, new_sboxw = 0xf104a6e3, rconw = 0x00000000
tw = 0x00000000, trw = 0x00000000
key_mem_new = 0x00000000000000000000000000000000, key_mem_we = 0x0

** key 0x8 matched expected round key.
** Got:      0x47438735a41c65b9e016baf4aebf7ad2 **

State of DUT
------------
Inputs and outputs:
key       = 0x000102030405060708090a0b0c0d0e0f00000000000000000000000000000000
keylen    = 0x0, init = 0x0, ready = 0x1
round     = 0x09
round_key = 0x549932d1f08557681093ed9cbe2c974e

Internal states:
key_mem_ctrl = 0x00, round_key_update = 0x0, round_ctr_reg = 0xb
prev_key0_reg = 0x00000000000000000000000000000000, prev_key0_new = 0x00000000000000000000000000000000, prev_key0_we = 0x0
prev_key1_reg = 0x00000000000000000000000000000000, prev_key1_new = 0x00000000000000000000000000000000, prev_key1_we = 0x0
rcon_reg = 0x00, rcon_new = 0x00,  rcon_set = 0x0,  rcon_next = 0x0, rcon_we = 0x0
w0 = 0x00000000, w1 = 0x00000000, w2 = 0x00000000, w3 = 0x00000000
w4 = 0x00000000, w5 = 0x00000000, w6 = 0x00000000, w7 = 0x00000000
sboxw = 0x2b30c54d, new_sboxw = 0xf104a6e3, rconw = 0x00000000
tw = 0x00000000, trw = 0x00000000
key_mem_new = 0x00000000000000000000000000000000, key_mem_we = 0x0

** key 0x9 matched expected round key.
** Got:      0x549932d1f08557681093ed9cbe2c974e **

State of DUT
------------
Inputs and outputs:
key       = 0x000102030405060708090a0b0c0d0e0f00000000000000000000000000000000
keylen    = 0x0, init = 0x0, ready = 0x1
round     = 0x0a
round_key = 0x13111d7fe3944a17f307a78b4d2b30c5

Internal states:
key_mem_ctrl = 0x00, round_key_update = 0x0, round_ctr_reg = 0xb
prev_key0_reg = 0x00000000000000000000000000000000, prev_key0_new = 0x00000000000000000000000000000000, prev_key0_we = 0x0
prev_key1_reg = 0x00000000000000000000000000000000, prev_key1_new = 0x00000000000000000000000000000000, prev_key1_we = 0x0
rcon_reg = 0x00, rcon_new = 0x00,  rcon_set = 0x0,  rcon_next = 0x0, rcon_we = 0x0
w0 = 0x00000000, w1 = 0x00000000, w2 = 0x00000000, w3 = 0x00000000
w4 = 0x00000000, w5 = 0x00000000, w6 = 0x00000000, w7 = 0x00000000
sboxw = 0x2b30c54d, new_sboxw = 0xf104a6e3, rconw = 0x00000000
tw = 0x00000000, trw = 0x00000000
key_mem_new = 0x00000000000000000000000000000000, key_mem_we = 0x0

** key 0xa matched expected round key.
** Got:      0x13111d7fe3944a17f307a78b4d2b30c5 **

** Testing with 128-bit key 0x6920e299a5202a6d656e636869746f2a

State of DUT
------------
Inputs and outputs:
key       = 0x6920e299a5202a6d656e636869746f2a00000000000000000000000000000000
keylen    = 0x0, init = 0x1, ready = 0x1
round     = 0x0a
round_key = 0x13111d7fe3944a17f307a78b4d2b30c5

Internal states:
key_mem_ctrl = 0x00, round_key_update = 0x0, round_ctr_reg = 0xb
prev_key0_reg = 0x00000000000000000000000000000000, prev_key0_new = 0x00000000000000000000000000000000, prev_key0_we = 0x0
prev_key1_reg = 0x00000000000000000000000000000000, prev_key1_new = 0x00000000000000000000000000000000, prev_key1_we = 0x0
rcon_reg = 0x00, rcon_new = 0x00,  rcon_set = 0x0,  rcon_next = 0x0, rcon_we = 0x0
w0 = 0x00000000, w1 = 0x00000000, w2 = 0x00000000, w3 = 0x00000000
w4 = 0x00000000, w5 = 0x00000000, w6 = 0x00000000, w7 = 0x00000000
sboxw = 0x2b30c54d, new_sboxw = 0xf104a6e3, rconw = 0x00000000
tw = 0x00000000, trw = 0x00000000
key_mem_new = 0x00000000000000000000000000000000, key_mem_we = 0x0

State of DUT
------------
Inputs and outputs:
key       = 0x6920e299a5202a6d656e636869746f2a00000000000000000000000000000000
keylen    = 0x0, init = 0x1, ready = 0x0
round     = 0x0a
round_key = 0x13111d7fe3944a17f307a78b4d2b30c5

Internal states:
key_mem_ctrl = 0x00, round_key_update = 0x0, round_ctr_reg = 0x1
prev_key0_reg = 0x00000000000000000000000000000000, prev_key0_new = 0x00000000000000000000000000000000, prev_key0_we = 0x0
prev_key1_reg = 0x00000000000000000000000000000000, prev_key1_new = 0x00000000000000000000000000000000, prev_key1_we = 0x0
rcon_reg = 0x00, rcon_new = 0x00,  rcon_set = 0x0,  rcon_next = 0x0, rcon_we = 0x0
w0 = 0x00000000, w1 = 0x00000000, w2 = 0x00000000, w3 = 0x00000000
w4 = 0x00000000, w5 = 0x00000000, w6 = 0x00000000, w7 = 0x00000000
sboxw = 0x746f2a69, new_sboxw = 0x92a8e5f9, rconw = 0x00000000
tw = 0x00000000, trw = 0x00000000
key_mem_new = 0x00000000000000000000000000000000, key_mem_we = 0x0

State of DUT
------------
Inputs and outputs:
key       = 0x6920e299a5202a6d656e636869746f2a00000000000000000000000000000000
keylen    = 0x0, init = 0x0, ready = 0x0
round     = 0x0a
round_key = 0x13111d7fe3944a17f307a78b4d2b30c5

Internal states:
key_mem_ctrl = 0x00, round_key_update = 0x0, round_ctr_reg = 0x1
prev_key0_reg = 0x00000000000000000000000000000000, prev_key0_new = 0x00000000000000000000000000000000, prev_key0_we = 0x0
prev_key1_reg = 0x00000000000000000000000000000000, prev_key1_new = 0x00000000000000000000000000000000, prev_key1_we = 0x0
rcon_reg = 0x00, rcon_new = 0x00,  rcon_set = 0x0,  rcon_next = 0x0, rcon_we = 0x0
w0 = 0x00000000, w1 = 0x00000000, w2 = 0x00000000, w3 = 0x00000000
w4 = 0x00000000, w5 = 0x00000000, w6 = 0x00000000, w7 = 0x00000000
sboxw = 0x746f2a69, new_sboxw = 0x92a8e5f9, rconw = 0x00000000
tw = 0x00000000, trw = 0x00000000
key_mem_new = 0x00000000000000000000000000000000, key_mem_we = 0x0

State of DUT
------------
Inputs and outputs:
key       = 0x6920e299a5202a6d656e636869746f2a00000000000000000000000000000000
keylen    = 0x0, init = 0x0, ready = 0x0
round     = 0x0a
round_key = 0x13111d7fe3944a17f307a78b4d2b30c5

Internal states:
key_mem_ctrl = 0x00, round_key_update = 0x0, round_ctr_reg = 0x2
prev_key0_reg = 0x00000000000000000000000000000000, prev_key0_new = 0x00000000000000000000000000000000, prev_key0_we = 0x0
prev_key1_reg = 0x00000000000000000000000000000000, prev_key1_new = 0x00000000000000000000000000000000, prev_key1_we = 0x0
rcon_reg = 0x00, rcon_new = 0x00,  rcon_set = 0x0,  rcon_next = 0x0, rcon_we = 0x0
w0 = 0x00000000, w1 = 0x00000000, w2 = 0x00000000, w3 = 0x00000000
w4 = 0x00000000, w5 = 0x00000000, w6 = 0x00000000, w7 = 0x00000000
sboxw = 0xb2214f53, new_sboxw = 0x37fd84ed, rconw = 0x00000000
tw = 0x00000000, trw = 0x00000000
key_mem_new = 0x00000000000000000000000000000000, key_mem_we = 0x0

State of DUT
------------
Inputs and outputs:
key       = 0x6920e299a5202a6d656e636869746f2a00000000000000000000000000000000
keylen    = 0x0, init = 0x0, ready = 0x0
round     = 0x0a
round_key = 0x13111d7fe3944a17f307a78b4d2b30c5

Internal states:
key_mem_ctrl = 0x00, round_key_update = 0x0, round_ctr_reg = 0x3
prev_key0_reg = 0x00000000000000000000000000000000, prev_key0_new = 0x00000000000000000000000000000000, prev_key0_we = 0x0
prev_key1_reg = 0x00000000000000000000000000000000, prev_key1_new = 0x00000000000000000000000000000000, prev_key1_we = 0x0
rcon_reg = 0x00, rcon_new = 0x00,  rcon_set = 0x0,  rcon_next = 0x0, rcon_we = 0x0
w0 = 0x00000000, w1 = 0x00000000, w2 = 0x00000000, w3 = 0x00000000
w4 = 0x00000000, w5 = 0x00000000, w6 = 0x00000000, w7 = 0x00000000
sboxw = 0xa9c1aaf9, new_sboxw = 0xd378ac99, rconw = 0x00000000
tw = 0x00000000, trw = 0x00000000
key_mem_new = 0x00000000000000000000000000000000, key_mem_we = 0x0

State of DUT
------------
Inputs and outputs:
key       = 0x6920e299a5202a6d656e636869746f2a00000000000000000000000000000000
keylen    = 0x0, init = 0x0, ready = 0x0
round     = 0x0a
round_key = 0x13111d7fe3944a17f307a78b4d2b30c5

Internal states:
key_mem_ctrl = 0x00, round_key_update = 0x0, round_ctr_reg = 0x4
prev_key0_reg = 0x00000000000000000000000000000000, prev_key0_new = 0x00000000000000000000000000000000, prev_key0_we = 0x0
prev_key1_reg = 0x00000000000000000000000000000000, prev_key1_new = 0x00000000000000000000000000000000, prev_key1_we = 0x0
rcon_reg = 0x00, rcon_new = 0x00,  rcon_set = 0x0,  rcon_next = 0x0, rcon_we = 0x0
w0 = 0x00000000, w1 = 0x00000000, w2 = 0x00000000, w3 = 0x00000000
w4 = 0x00000000, w5 = 0x00000000, w6 = 0x00000000, w7 = 0x00000000
sboxw = 0x62a0dbdb, new_sboxw = 0xaae0b9b9, rconw = 0x00000000
tw = 0x00000000, trw = 0x00000000
key_mem_new = 0x00000000000000000000000000000000, key_mem_we = 0x0

State of DUT
------------
Inputs and outputs:
key       = 0x6920e299a5202a6d656e636869746f2a00000000000000000000000000000000
keylen    = 0x0, init = 0x0, ready = 0x0
round     = 0x0a
round_key = 0x13111d7fe3944a17f307a78b4d2b30c5

Internal states:
key_mem_ctrl = 0x00, round_key_update = 0x0, round_ctr_reg = 0x5
prev_key0_reg = 0x00000000000000000000000000000000, prev_key0_new = 0x00000000000000000000000000000000, prev_key0_we = 0x0
prev_key1_reg = 0x00000000000000000000000000000000, prev_key1_new = 0x00000000000000000000000000000000, prev_key1_we = 0x0
rcon_reg = 0x00, rcon_new = 0x00,  rcon_set = 0x0,  rcon_next = 0x0, rcon_we = 0x0
w0 = 0x00000000, w1 = 0x00000000, w2 = 0x00000000, w3 = 0x00000000
w4 = 0x00000000, w5 = 0x00000000, w6 = 0x00000000, w7 = 0x00000000
sboxw = 0x94d693cb, new_sboxw = 0x22f6dc1f, rconw = 0x00000000
tw = 0x00000000, trw = 0x00000000
key_mem_new = 0x00000000000000000000000000000000, key_mem_we = 0x0

State of DUT
------------
Inputs and outputs:
key       = 0x6920e299a5202a6d656e636869746f2a00000000000000000000000000000000
keylen    = 0x0, init = 0x0, ready = 0x0
round     = 0x0a
round_key = 0x13111d7fe3944a17f307a78b4d2b30c5

Internal states:
key_mem_ctrl = 0x00, round_key_update = 0x0, round_ctr_reg = 0x6
prev_key0_reg = 0x00000000000000000000000000000000, prev_key0_new = 0x00000000000000000000000000000000, prev_key0_we = 0x0
prev_key1_reg = 0x00000000000000000000000000000000, prev_key1_new = 0x00000000000000000000000000000000, prev_key1_we = 0x0
rcon_reg = 0x00, rcon_new = 0x00,  rcon_set = 0x0,  rcon_next = 0x0, rcon_we = 0x0
w0 = 0x00000000, w1 = 0x00000000, w2 = 0x00000000, w3 = 0x00000000
w4 = 0x00000000, w5 = 0x00000000, w6 = 0x00000000, w7 = 0x00000000
sboxw = 0x44fd5061, new_sboxw = 0x1b5453ef, rconw = 0x00000000
tw = 0x00000000, trw = 0x00000000
key_mem_new = 0x00000000000000000000000000000000, key_mem_we = 0x0

State of DUT
------------
Inputs and outputs:
key       = 0x6920e299a5202a6d656e636869746f2a00000000000000000000000000000000
keylen    = 0x0, init = 0x0, ready = 0x0
round     = 0x0a
round_key = 0x13111d7fe3944a17f307a78b4d2b30c5

Internal states:
key_mem_ctrl = 0x00, round_key_update = 0x0, round_ctr_reg = 0x7
prev_key0_reg = 0x00000000000000000000000000000000, prev_key0_new = 0x00000000000000000000000000000000, prev_key0_we = 0x0
prev_key1_reg = 0x00000000000000000000000000000000, prev_key1_new = 0x00000000000000000000000000000000, prev_key1_we = 0x0
rcon_reg = 0x00, rcon_new = 0x00,  rcon_set = 0x0,  rcon_next = 0x0, rcon_we = 0x0
w0 = 0x00000000, w1 = 0x00000000, w2 = 0x00000000, w3 = 0x00000000
w4 = 0x00000000, w5 = 0x00000000, w6 = 0x00000000, w7 = 0x00000000
sboxw = 0xfd9245c2, new_sboxw = 0x544f6e25, rconw = 0x00000000
tw = 0x00000000, trw = 0x00000000
key_mem_new = 0x00000000000000000000000000000000, key_mem_we = 0x0

State of DUT
------------
Inputs and outputs:
key       = 0x6920e299a5202a6d656e636869746f2a00000000000000000000000000000000
keylen    = 0x0, init = 0x0, ready = 0x0
round     = 0x0a
round_key = 0x13111d7fe3944a17f307a78b4d2b30c5

Internal states:
key_mem_ctrl = 0x00, round_key_update = 0x0, round_ctr_reg = 0x8
prev_key0_reg = 0x00000000000000000000000000000000, prev_key0_new = 0x00000000000000000000000000000000, prev_key0_we = 0x0
prev_key1_reg = 0x00000000000000000000000000000000, prev_key1_new = 0x00000000000000000000000000000000, prev_key1_we = 0x0
rcon_reg = 0x00, rcon_new = 0x00,  rcon_set = 0x0,  rcon_next = 0x0, rcon_we = 0x0
w0 = 0x00000000, w1 = 0x00000000, w2 = 0x00000000, w3 = 0x00000000
w4 = 0x00000000, w5 = 0x00000000, w6 = 0x00000000, w7 = 0x00000000
sboxw = 0x2dcefecf, new_sboxw = 0xd88bbb8a, rconw = 0x00000000
tw = 0x00000000, trw = 0x00000000
key_mem_new = 0x00000000000000000000000000000000, key_mem_we = 0x0

State of DUT
------------
Inputs and outputs:
key       = 0x6920e299a5202a6d656e636869746f2a00000000000000000000000000000000
keylen    = 0x0, init = 0x0, ready = 0x0
round     = 0x0a
round_key = 0x13111d7fe3944a17f307a78b4d2b30c5

Internal states:
key_mem_ctrl = 0x00, round_key_update = 0x0, round_ctr_reg = 0x9
prev_key0_reg = 0x00000000000000000000000000000000, prev_key0_new = 0x00000000000000000000000000000000, prev_key0_we = 0x0
prev_key1_reg = 0x00000000000000000000000000000000, prev_key1_new = 0x00000000000000000000000000000000, prev_key1_we = 0x0
rcon_reg = 0x00, rcon_new = 0x00,  rcon_set = 0x0,  rcon_next = 0x0, rcon_we = 0x0
w0 = 0x00000000, w1 = 0x00000000, w2 = 0x00000000, w3 = 0x00000000
w4 = 0x00000000, w5 = 0x00000000, w6 = 0x00000000, w7 = 0x00000000
sboxw = 0x1f6d1993, new_sboxw = 0xc03cd4dc, rconw = 0x00000000
tw = 0x00000000, trw = 0x00000000
key_mem_new = 0x00000000000000000000000000000000, key_mem_we = 0x0

State of DUT
------------
Inputs and outputs:
key       = 0x6920e299a5202a6d656e636869746f2a00000000000000000000000000000000
keylen    = 0x0, init = 0x0, ready = 0x0
round     = 0x0a
round_key = 0x13111d7fe3944a17f307a78b4d2b30c5

Internal states:
key_mem_ctrl = 0x00, round_key_update = 0x0, round_ctr_reg = 0xa
prev_key0_reg = 0x00000000000000000000000000000000, prev_key0_new = 0x00000000000000000000000000000000, prev_key0_we = 0x0
prev_key1_reg = 0x00000000000000000000000000000000, prev_key1_new = 0x00000000000000000000000000000000, prev_key1_we = 0x0
rcon_reg = 0x00, rcon_new = 0x00,  rcon_set = 0x0,  rcon_next = 0x0, rcon_we = 0x0
w0 = 0x00000000, w1 = 0x00000000, w2 = 0x00000000, w3 = 0x00000000
w4 = 0x00000000, w5 = 0x00000000, w6 = 0x00000000, w7 = 0x00000000
sboxw = 0x78298cba, new_sboxw = 0xbca564f4, rconw = 0x00000000
tw = 0x00000000, trw = 0x00000000
key_mem_new = 0x00000000000000000000000000000000, key_mem_we = 0x0

State of DUT
------------
Inputs and outputs:
key       = 0x6920e299a5202a6d656e636869746f2a00000000000000000000000000000000
keylen    = 0x0, init = 0x0, ready = 0x1
round     = 0x00
round_key = 0x6920e299a5202a6d656e636869746f2a

Internal states:
key_mem_ctrl = 0x00, round_key_update = 0x0, round_ctr_reg = 0xb
prev_key0_reg = 0x00000000000000000000000000000000, prev_key0_new = 0x00000000000000000000000000000000, prev_key0_we = 0x0
prev_key1_reg = 0x00000000000000000000000000000000, prev_key1_new = 0x00000000000000000000000000000000, prev_key1_we = 0x0
rcon_reg = 0x00, rcon_new = 0x00,  rcon_set = 0x0,  rcon_next = 0x0, rcon_we = 0x0
w0 = 0x00000000, w1 = 0x00000000, w2 = 0x00000000, w3 = 0x00000000
w4 = 0x00000000, w5 = 0x00000000, w6 = 0x00000000, w7 = 0x00000000
sboxw = 0x58f6b148, new_sboxw = 0x6a42c852, rconw = 0x00000000
tw = 0x00000000, trw = 0x00000000
key_mem_new = 0x00000000000000000000000000000000, key_mem_we = 0x0

** key 0x0 matched expected round key.
** Got:      0x6920e299a5202a6d656e636869746f2a **

State of DUT
------------
Inputs and outputs:
key       = 0x6920e299a5202a6d656e636869746f2a00000000000000000000000000000000
keylen    = 0x0, init = 0x0, ready = 0x1
round     = 0x01
round_key = 0xfa8807605fa82d0d3ac64e6553b2214f

Internal states:
key_mem_ctrl = 0x00, round_key_update = 0x0, round_ctr_reg = 0xb
prev_key0_reg = 0x00000000000000000000000000000000, prev_key0_new = 0x00000000000000000000000000000000, prev_key0_we = 0x0
prev_key1_reg = 0x00000000000000000000000000000000, prev_key1_new = 0x00000000000000000000000000000000, prev_key1_we = 0x0
rcon_reg = 0x00, rcon_new = 0x00,  rcon_set = 0x0,  rcon_next = 0x0, rcon_we = 0x0
w0 = 0x00000000, w1 = 0x00000000, w2 = 0x00000000, w3 = 0x00000000
w4 = 0x00000000, w5 = 0x00000000, w6 = 0x00000000, w7 = 0x00000000
sboxw = 0x58f6b148, new_sboxw = 0x6a42c852, rconw = 0x00000000
tw = 0x00000000, trw = 0x00000000
key_mem_new = 0x00000000000000000000000000000000, key_mem_we = 0x0

** key 0x1 matched expected round key.
** Got:      0xfa8807605fa82d0d3ac64e6553b2214f **

State of DUT
------------
Inputs and outputs:
key       = 0x6920e299a5202a6d656e636869746f2a00000000000000000000000000000000
keylen    = 0x0, init = 0x0, ready = 0x1
round     = 0x02
round_key = 0xcf75838d90ddae80aa1be0e5f9a9c1aa

Internal states:
key_mem_ctrl = 0x00, round_key_update = 0x0, round_ctr_reg = 0xb
prev_key0_reg = 0x00000000000000000000000000000000, prev_key0_new = 0x00000000000000000000000000000000, prev_key0_we = 0x0
prev_key1_reg = 0x00000000000000000000000000000000, prev_key1_new = 0x00000000000000000000000000000000, prev_key1_we = 0x0
rcon_reg = 0x00, rcon_new = 0x00,  rcon_set = 0x0,  rcon_next = 0x0, rcon_we = 0x0
w0 = 0x00000000, w1 = 0x00000000, w2 = 0x00000000, w3 = 0x00000000
w4 = 0x00000000, w5 = 0x00000000, w6 = 0x00000000, w7 = 0x00000000
sboxw = 0x58f6b148, new_sboxw = 0x6a42c852, rconw = 0x00000000
tw = 0x00000000, trw = 0x00000000
key_mem_new = 0x00000000000000000000000000000000, key_mem_we = 0x0

** key 0x2 matched expected round key.
** Got:      0xcf75838d90ddae80aa1be0e5f9a9c1aa **

State of DUT
------------
Inputs and outputs:
key       = 0x6920e299a5202a6d656e636869746f2a00000000000000000000000000000000
keylen    = 0x0, init = 0x0, ready = 0x1
round     = 0x03
round_key = 0x180d2f1488d0819422cb6171db62a0db

Internal states:
key_mem_ctrl = 0x00, round_key_update = 0x0, round_ctr_reg = 0xb
prev_key0_reg = 0x00000000000000000000000000000000, prev_key0_new = 0x00000000000000000000000000000000, prev_key0_we = 0x0
prev_key1_reg = 0x00000000000000000000000000000000, prev_key1_new = 0x00000000000000000000000000000000, prev_key1_we = 0x0
rcon_reg = 0x00, rcon_new = 0x00,  rcon_set = 0x0,  rcon_next = 0x0, rcon_we = 0x0
w0 = 0x00000000, w1 = 0x00000000, w2 = 0x00000000, w3 = 0x00000000
w4 = 0x00000000, w5 = 0x00000000, w6 = 0x00000000, w7 = 0x00000000
sboxw = 0x58f6b148, new_sboxw = 0x6a42c852, rconw = 0x00000000
tw = 0x00000000, trw = 0x00000000
key_mem_new = 0x00000000000000000000000000000000, key_mem_we = 0x0

** key 0x3 matched expected round key.
** Got:      0x180d2f1488d0819422cb6171db62a0db **

State of DUT
------------
Inputs and outputs:
key       = 0x6920e299a5202a6d656e636869746f2a00000000000000000000000000000000
keylen    = 0x0, init = 0x0, ready = 0x1
round     = 0x04
round_key = 0xbaed96ad323d173910f67648cb94d693

Internal states:
key_mem_ctrl = 0x00, round_key_update = 0x0, round_ctr_reg = 0xb
prev_key0_reg = 0x00000000000000000000000000000000, prev_key0_new = 0x00000000000000000000000000000000, prev_key0_we = 0x0
prev_key1_reg = 0x00000000000000000000000000000000, prev_key1_new = 0x00000000000000000000000000000000, prev_key1_we = 0x0
rcon_reg = 0x00, rcon_new = 0x00,  rcon_set = 0x0,  rcon_next = 0x0, rcon_we = 0x0
w0 = 0x00000000, w1 = 0x00000000, w2 = 0x00000000, w3 = 0x00000000
w4 = 0x00000000, w5 = 0x00000000, w6 = 0x00000000, w7 = 0x00000000
sboxw = 0x58f6b148, new_sboxw = 0x6a42c852, rconw = 0x00000000
tw = 0x00000000, trw = 0x00000000
key_mem_new = 0x00000000000000000000000000000000, key_mem_we = 0x0

** key 0x4 matched expected round key.
** Got:      0xbaed96ad323d173910f67648cb94d693 **

State of DUT
------------
Inputs and outputs:
key       = 0x6920e299a5202a6d656e636869746f2a00000000000000000000000000000000
keylen    = 0x0, init = 0x0, ready = 0x1
round     = 0x05
round_key = 0x881b4ab2ba265d8baad02bc36144fd50

Internal states:
key_mem_ctrl = 0x00, round_key_update = 0x0, round_ctr_reg = 0xb
prev_key0_reg = 0x00000000000000000000000000000000, prev_key0_new = 0x00000000000000000000000000000000, prev_key0_we = 0x0
prev_key1_reg = 0x00000000000000000000000000000000, prev_key1_new = 0x00000000000000000000000000000000, prev_key1_we = 0x0
rcon_reg = 0x00, rcon_new = 0x00,  rcon_set = 0x0,  rcon_next = 0x0, rcon_we = 0x0
w0 = 0x00000000, w1 = 0x00000000, w2 = 0x00000000, w3 = 0x00000000
w4 = 0x00000000, w5 = 0x00000000, w6 = 0x00000000, w7 = 0x00000000
sboxw = 0x58f6b148, new_sboxw = 0x6a42c852, rconw = 0x00000000
tw = 0x00000000, trw = 0x00000000
key_mem_new = 0x00000000000000000000000000000000, key_mem_we = 0x0

** key 0x5 matched expected round key.
** Got:      0x881b4ab2ba265d8baad02bc36144fd50 **

State of DUT
------------
Inputs and outputs:
key       = 0x6920e299a5202a6d656e636869746f2a00000000000000000000000000000000
keylen    = 0x0, init = 0x0, ready = 0x1
round     = 0x06
round_key = 0xb34f195d096944d6a3b96f15c2fd9245

Internal states:
key_mem_ctrl = 0x00, round_key_update = 0x0, round_ctr_reg = 0xb
prev_key0_reg = 0x00000000000000000000000000000000, prev_key0_new = 0x00000000000000000000000000000000, prev_key0_we = 0x0
prev_key1_reg = 0x00000000000000000000000000000000, prev_key1_new = 0x00000000000000000000000000000000, prev_key1_we = 0x0
rcon_reg = 0x00, rcon_new = 0x00,  rcon_set = 0x0,  rcon_next = 0x0, rcon_we = 0x0
w0 = 0x00000000, w1 = 0x00000000, w2 = 0x00000000, w3 = 0x00000000
w4 = 0x00000000, w5 = 0x00000000, w6 = 0x00000000, w7 = 0x00000000
sboxw = 0x58f6b148, new_sboxw = 0x6a42c852, rconw = 0x00000000
tw = 0x00000000, trw = 0x00000000
key_mem_new = 0x00000000000000000000000000000000, key_mem_we = 0x0

** key 0x6 matched expected round key.
** Got:      0xb34f195d096944d6a3b96f15c2fd9245 **

State of DUT
------------
Inputs and outputs:
key       = 0x6920e299a5202a6d656e636869746f2a00000000000000000000000000000000
keylen    = 0x0, init = 0x0, ready = 0x1
round     = 0x07
round_key = 0xa7007778ae6933ae0dd05cbbcf2dcefe

Internal states:
key_mem_ctrl = 0x00, round_key_update = 0x0, round_ctr_reg = 0xb
prev_key0_reg = 0x00000000000000000000000000000000, prev_key0_new = 0x00000000000000000000000000000000, prev_key0_we = 0x0
prev_key1_reg = 0x00000000000000000000000000000000, prev_key1_new = 0x00000000000000000000000000000000, prev_key1_we = 0x0
rcon_reg = 0x00, rcon_new = 0x00,  rcon_set = 0x0,  rcon_next = 0x0, rcon_we = 0x0
w0 = 0x00000000, w1 = 0x00000000, w2 = 0x00000000, w3 = 0x00000000
w4 = 0x00000000, w5 = 0x00000000, w6 = 0x00000000, w7 = 0x00000000
sboxw = 0x58f6b148, new_sboxw = 0x6a42c852, rconw = 0x00000000
tw = 0x00000000, trw = 0x00000000
key_mem_new = 0x00000000000000000000000000000000, key_mem_we = 0x0

** key 0x7 matched expected round key.
** Got:      0xa7007778ae6933ae0dd05cbbcf2dcefe **

State of DUT
------------
Inputs and outputs:
key       = 0x6920e299a5202a6d656e636869746f2a00000000000000000000000000000000
keylen    = 0x0, init = 0x0, ready = 0x1
round     = 0x08
round_key = 0xff8bccf251e2ff5c5c32a3e7931f6d19

Internal states:
key_mem_ctrl = 0x00, round_key_update = 0x0, round_ctr_reg = 0xb
prev_key0_reg = 0x00000000000000000000000000000000, prev_key0_new = 0x00000000000000000000000000000000, prev_key0_we = 0x0
prev_key1_reg = 0x00000000000000000000000000000000, prev_key1_new = 0x00000000000000000000000000000000, prev_key1_we = 0x0
rcon_reg = 0x00, rcon_new = 0x00,  rcon_set = 0x0,  rcon_next = 0x0, rcon_we = 0x0
w0 = 0x00000000, w1 = 0x00000000, w2 = 0x00000000, w3 = 0x00000000
w4 = 0x00000000, w5 = 0x00000000, w6 = 0x00000000, w7 = 0x00000000
sboxw = 0x58f6b148, new_sboxw = 0x6a42c852, rconw = 0x00000000
tw = 0x00000000, trw = 0x00000000
key_mem_new = 0x00000000000000000000000000000000, key_mem_we = 0x0

** key 0x8 matched expected round key.
** Got:      0xff8bccf251e2ff5c5c32a3e7931f6d19 **

State of DUT
------------
Inputs and outputs:
key       = 0x6920e299a5202a6d656e636869746f2a00000000000000000000000000000000
keylen    = 0x0, init = 0x0, ready = 0x1
round     = 0x09
round_key = 0x24b7182e7555e77229674495ba78298c

Internal states:
key_mem_ctrl = 0x00, round_key_update = 0x0, round_ctr_reg = 0xb
prev_key0_reg = 0x00000000000000000000000000000000, prev_key0_new = 0x00000000000000000000000000000000, prev_key0_we = 0x0
prev_key1_reg = 0x00000000000000000000000000000000, prev_key1_new = 0x00000000000000000000000000000000, prev_key1_we = 0x0
rcon_reg = 0x00, rcon_new = 0x00,  rcon_set = 0x0,  rcon_next = 0x0, rcon_we = 0x0
w0 = 0x00000000, w1 = 0x00000000, w2 = 0x00000000, w3 = 0x00000000
w4 = 0x00000000, w5 = 0x00000000, w6 = 0x00000000, w7 = 0x00000000
sboxw = 0x58f6b148, new_sboxw = 0x6a42c852, rconw = 0x00000000
tw = 0x00000000, trw = 0x00000000
key_mem_new = 0x00000000000000000000000000000000, key_mem_we = 0x0

** key 0x9 matched expected round key.
** Got:      0x24b7182e7555e77229674495ba78298c **

State of DUT
------------
Inputs and outputs:
key       = 0x6920e299a5202a6d656e636869746f2a00000000000000000000000000000000
keylen    = 0x0, init = 0x0, ready = 0x1
round     = 0x0a
round_key = 0xae127cdadb479ba8f220df3d4858f6b1

Internal states:
key_mem_ctrl = 0x00, round_key_update = 0x0, round_ctr_reg = 0xb
prev_key0_reg = 0x00000000000000000000000000000000, prev_key0_new = 0x00000000000000000000000000000000, prev_key0_we = 0x0
prev_key1_reg = 0x00000000000000000000000000000000, prev_key1_new = 0x00000000000000000000000000000000, prev_key1_we = 0x0
rcon_reg = 0x00, rcon_new = 0x00,  rcon_set = 0x0,  rcon_next = 0x0, rcon_we = 0x0
w0 = 0x00000000, w1 = 0x00000000, w2 = 0x00000000, w3 = 0x00000000
w4 = 0x00000000, w5 = 0x00000000, w6 = 0x00000000, w7 = 0x00000000
sboxw = 0x58f6b148, new_sboxw = 0x6a42c852, rconw = 0x00000000
tw = 0x00000000, trw = 0x00000000
key_mem_new = 0x00000000000000000000000000000000, key_mem_we = 0x0

** key 0xa matched expected round key.
** Got:      0xae127cdadb479ba8f220df3d4858f6b1 **

Testing the NIST AES-128 key.
** Testing with 128-bit key 0x2b7e151628aed2a6abf7158809cf4f3c

State of DUT
------------
Inputs and outputs:
key       = 0x2b7e151628aed2a6abf7158809cf4f3c00000000000000000000000000000000
keylen    = 0x0, init = 0x1, ready = 0x1
round     = 0x0a
round_key = 0xae127cdadb479ba8f220df3d4858f6b1

Internal states:
key_mem_ctrl = 0x00, round_key_update = 0x0, round_ctr_reg = 0xb
prev_key0_reg = 0x00000000000000000000000000000000, prev_key0_new = 0x00000000000000000000000000000000, prev_key0_we = 0x0
prev_key1_reg = 0x00000000000000000000000000000000, prev_key1_new = 0x00000000000000000000000000000000, prev_key1_we = 0x0
rcon_reg = 0x00, rcon_new = 0x00,  rcon_set = 0x0,  rcon_next = 0x0, rcon_we = 0x0
w0 = 0x00000000, w1 = 0x00000000, w2 = 0x00000000, w3 = 0x00000000
w4 = 0x00000000, w5 = 0x00000000, w6 = 0x00000000, w7 = 0x00000000
sboxw = 0x58f6b148, new_sboxw = 0x6a42c852, rconw = 0x00000000
tw = 0x00000000, trw = 0x00000000
key_mem_new = 0x00000000000000000000000000000000, key_mem_we = 0x0

State of DUT
------------
Inputs and outputs:
key       = 0x2b7e151628aed2a6abf7158809cf4f3c00000000000000000000000000000000
keylen    = 0x0, init = 0x1, ready = 0x0
round     = 0x0a
round_key = 0xae127cdadb479ba8f220df3d4858f6b1

Internal states:
key_mem_ctrl = 0x00, round_key_update = 0x0, round_ctr_reg = 0x1
prev_key0_reg = 0x00000000000000000000000000000000, prev_key0_new = 0x00000000000000000000000000000000, prev_key0_we = 0x0
prev_key1_reg = 0x00000000000000000000000000000000, prev_key1_new = 0x00000000000000000000000000000000, prev_key1_we = 0x0
rcon_reg = 0x00, rcon_new = 0x00,  rcon_set = 0x0,  rcon_next = 0x0, rcon_we = 0x0
w0 = 0x00000000, w1 = 0x00000000, w2 = 0x00000000, w3 = 0x00000000
w4 = 0x00000000, w5 = 0x00000000, w6 = 0x00000000, w7 = 0x00000000
sboxw = 0xcf4f3c09, new_sboxw = 0x8a84eb01, rconw = 0x00000000
tw = 0x00000000, trw = 0x00000000
key_mem_new = 0x00000000000000000000000000000000, key_mem_we = 0x0

State of DUT
------------
Inputs and outputs:
key       = 0x2b7e151628aed2a6abf7158809cf4f3c00000000000000000000000000000000
keylen    = 0x0, init = 0x0, ready = 0x0
round     = 0x0a
round_key = 0xae127cdadb479ba8f220df3d4858f6b1

Internal states:
key_mem_ctrl = 0x00, round_key_update = 0x0, round_ctr_reg = 0x1
prev_key0_reg = 0x00000000000000000000000000000000, prev_key0_new = 0x00000000000000000000000000000000, prev_key0_we = 0x0
prev_key1_reg = 0x00000000000000000000000000000000, prev_key1_new = 0x00000000000000000000000000000000, prev_key1_we = 0x0
rcon_reg = 0x00, rcon_new = 0x00,  rcon_set = 0x0,  rcon_next = 0x0, rcon_we = 0x0
w0 = 0x00000000, w1 = 0x00000000, w2 = 0x00000000, w3 = 0x00000000
w4 = 0x00000000, w5 = 0x00000000, w6 = 0x00000000, w7 = 0x00000000
sboxw = 0xcf4f3c09, new_sboxw = 0x8a84eb01, rconw = 0x00000000
tw = 0x00000000, trw = 0x00000000
key_mem_new = 0x00000000000000000000000000000000, key_mem_we = 0x0

State of DUT
------------
Inputs and outputs:
key       = 0x2b7e151628aed2a6abf7158809cf4f3c00000000000000000000000000000000
keylen    = 0x0, init = 0x0, ready = 0x0
round     = 0x0a
round_key = 0xae127cdadb479ba8f220df3d4858f6b1

Internal states:
key_mem_ctrl = 0x00, round_key_update = 0x0, round_ctr_reg = 0x2
prev_key0_reg = 0x00000000000000000000000000000000, prev_key0_new = 0x00000000000000000000000000000000, prev_key0_we = 0x0
prev_key1_reg = 0x00000000000000000000000000000000, prev_key1_new = 0x00000000000000000000000000000000, prev_key1_we = 0x0
rcon_reg = 0x00, rcon_new = 0x00,  rcon_set = 0x0,  rcon_next = 0x0, rcon_we = 0x0
w0 = 0x00000000, w1 = 0x00000000, w2 = 0x00000000, w3 = 0x00000000
w4 = 0x00000000, w5 = 0x00000000, w6 = 0x00000000, w7 = 0x00000000
sboxw = 0x6c76052a, new_sboxw = 0x50386be5, rconw = 0x00000000
tw = 0x00000000, trw = 0x00000000
key_mem_new = 0x00000000000000000000000000000000, key_mem_we = 0x0

State of DUT
------------
Inputs and outputs:
key       = 0x2b7e151628aed2a6abf7158809cf4f3c00000000000000000000000000000000
keylen    = 0x0, init = 0x0, ready = 0x0
round     = 0x0a
round_key = 0xae127cdadb479ba8f220df3d4858f6b1

Internal states:
key_mem_ctrl = 0x00, round_key_update = 0x0, round_ctr_reg = 0x3
prev_key0_reg = 0x00000000000000000000000000000000, prev_key0_new = 0x00000000000000000000000000000000, prev_key0_we = 0x0
prev_key1_reg = 0x00000000000000000000000000000000, prev_key1_new = 0x00000000000000000000000000000000, prev_key1_we = 0x0
rcon_reg = 0x00, rcon_new = 0x00,  rcon_set = 0x0,  rcon_next = 0x0, rcon_we = 0x0
w0 = 0x00000000, w1 = 0x00000000, w2 = 0x00000000, w3 = 0x00000000
w4 = 0x00000000, w5 = 0x00000000, w6 = 0x00000000, w7 = 0x00000000
sboxw = 0x59f67f73, new_sboxw = 0xcb42d28f, rconw = 0x00000000
tw = 0x00000000, trw = 0x00000000
key_mem_new = 0x00000000000000000000000000000000, key_mem_we = 0x0

State of DUT
------------
Inputs and outputs:
key       = 0x2b7e151628aed2a6abf7158809cf4f3c00000000000000000000000000000000
keylen    = 0x0, init = 0x0, ready = 0x0
round     = 0x0a
round_key = 0xae127cdadb479ba8f220df3d4858f6b1

Internal states:
key_mem_ctrl = 0x00, round_key_update = 0x0, round_ctr_reg = 0x4
prev_key0_reg = 0x00000000000000000000000000000000, prev_key0_new = 0x00000000000000000000000000000000, prev_key0_we = 0x0
prev_key1_reg = 0x00000000000000000000000000000000, prev_key1_new = 0x00000000000000000000000000000000, prev_key1_we = 0x0
rcon_reg = 0x00, rcon_new = 0x00,  rcon_set = 0x0,  rcon_next = 0x0, rcon_we = 0x0
w0 = 0x00000000, w1 = 0x00000000, w2 = 0x00000000, w3 = 0x00000000
w4 = 0x00000000, w5 = 0x00000000, w6 = 0x00000000, w7 = 0x00000000
sboxw = 0x7a883b6d, new_sboxw = 0xdac4e23c, rconw = 0x00000000
tw = 0x00000000, trw = 0x00000000
key_mem_new = 0x00000000000000000000000000000000, key_mem_we = 0x0

State of DUT
------------
Inputs and outputs:
key       = 0x2b7e151628aed2a6abf7158809cf4f3c00000000000000000000000000000000
keylen    = 0x0, init = 0x0, ready = 0x0
round     = 0x0a
round_key = 0xae127cdadb479ba8f220df3d4858f6b1

Internal states:
key_mem_ctrl = 0x00, round_key_update = 0x0, round_ctr_reg = 0x5
prev_key0_reg = 0x00000000000000000000000000000000, prev_key0_new = 0x00000000000000000000000000000000, prev_key0_we = 0x0
prev_key1_reg = 0x00000000000000000000000000000000, prev_key1_new = 0x00000000000000000000000000000000, prev_key1_we = 0x0
rcon_reg = 0x00, rcon_new = 0x00,  rcon_set = 0x0,  rcon_next = 0x0, rcon_we = 0x0
w0 = 0x00000000, w1 = 0x00000000, w2 = 0x00000000, w3 = 0x00000000
w4 = 0x00000000, w5 = 0x00000000, w6 = 0x00000000, w7 = 0x00000000
sboxw = 0x0bad00db, new_sboxw = 0x2b9563b9, rconw = 0x00000000
tw = 0x00000000, trw = 0x00000000
key_mem_new = 0x00000000000000000000000000000000, key_mem_we = 0x0

State of DUT
------------
Inputs and outputs:
key       = 0x2b7e151628aed2a6abf7158809cf4f3c00000000000000000000000000000000
keylen    = 0x0, init = 0x0, ready = 0x0
round     = 0x0a
round_key = 0xae127cdadb479ba8f220df3d4858f6b1

Internal states:
key_mem_ctrl = 0x00, round_key_update = 0x0, round_ctr_reg = 0x6
prev_key0_reg = 0x00000000000000000000000000000000, prev_key0_new = 0x00000000000000000000000000000000, prev_key0_we = 0x0
prev_key1_reg = 0x00000000000000000000000000000000, prev_key1_new = 0x00000000000000000000000000000000, prev_key1_we = 0x0
rcon_reg = 0x00, rcon_new = 0x00,  rcon_set = 0x0,  rcon_next = 0x0, rcon_we = 0x0
w0 = 0x00000000, w1 = 0x00000000, w2 = 0x00000000, w3 = 0x00000000
w4 = 0x00000000, w5 = 0x00000000, w6 = 0x00000000, w7 = 0x00000000
sboxw = 0xf915bc11, new_sboxw = 0x99596582, rconw = 0x00000000
tw = 0x00000000, trw = 0x00000000
key_mem_new = 0x00000000000000000000000000000000, key_mem_we = 0x0

State of DUT
------------
Inputs and outputs:
key       = 0x2b7e151628aed2a6abf7158809cf4f3c00000000000000000000000000000000
keylen    = 0x0, init = 0x0, ready = 0x0
round     = 0x0a
round_key = 0xae127cdadb479ba8f220df3d4858f6b1

Internal states:
key_mem_ctrl = 0x00, round_key_update = 0x0, round_ctr_reg = 0x7
prev_key0_reg = 0x00000000000000000000000000000000, prev_key0_new = 0x00000000000000000000000000000000, prev_key0_we = 0x0
prev_key1_reg = 0x00000000000000000000000000000000, prev_key1_new = 0x00000000000000000000000000000000, prev_key1_we = 0x0
rcon_reg = 0x00, rcon_new = 0x00,  rcon_set = 0x0,  rcon_next = 0x0, rcon_we = 0x0
w0 = 0x00000000, w1 = 0x00000000, w2 = 0x00000000, w3 = 0x00000000
w4 = 0x00000000, w5 = 0x00000000, w6 = 0x00000000, w7 = 0x00000000
sboxw = 0x0093fdca, new_sboxw = 0x63dc5474, rconw = 0x00000000
tw = 0x00000000, trw = 0x00000000
key_mem_new = 0x00000000000000000000000000000000, key_mem_we = 0x0

State of DUT
------------
Inputs and outputs:
key       = 0x2b7e151628aed2a6abf7158809cf4f3c00000000000000000000000000000000
keylen    = 0x0, init = 0x0, ready = 0x0
round     = 0x0a
round_key = 0xae127cdadb479ba8f220df3d4858f6b1

Internal states:
key_mem_ctrl = 0x00, round_key_update = 0x0, round_ctr_reg = 0x8
prev_key0_reg = 0x00000000000000000000000000000000, prev_key0_new = 0x00000000000000000000000000000000, prev_key0_we = 0x0
prev_key1_reg = 0x00000000000000000000000000000000, prev_key1_new = 0x00000000000000000000000000000000, prev_key1_we = 0x0
rcon_reg = 0x00, rcon_new = 0x00,  rcon_set = 0x0,  rcon_next = 0x0, rcon_we = 0x0
w0 = 0x00000000, w1 = 0x00000000, w2 = 0x00000000, w3 = 0x00000000
w4 = 0x00000000, w5 = 0x00000000, w6 = 0x00000000, w7 = 0x00000000
sboxw = 0xa6dc4f4e, new_sboxw = 0x2486842f, rconw = 0x00000000
tw = 0x00000000, trw = 0x00000000
key_mem_new = 0x00000000000000000000000000000000, key_mem_we = 0x0

State of DUT
------------
Inputs and outputs:
key       = 0x2b7e151628aed2a6abf7158809cf4f3c00000000000000000000000000000000
keylen    = 0x0, init = 0x0, ready = 0x0
round     = 0x0a
round_key = 0xae127cdadb479ba8f220df3d4858f6b1

Internal states:
key_mem_ctrl = 0x00, round_key_update = 0x0, round_ctr_reg = 0x9
prev_key0_reg = 0x00000000000000000000000000000000, prev_key0_new = 0x00000000000000000000000000000000, prev_key0_we = 0x0
prev_key1_reg = 0x00000000000000000000000000000000, prev_key1_new = 0x00000000000000000000000000000000, prev_key1_we = 0x0
rcon_reg = 0x00, rcon_new = 0x00,  rcon_set = 0x0,  rcon_next = 0x0, rcon_we = 0x0
w0 = 0x00000000, w1 = 0x00000000, w2 = 0x00000000, w3 = 0x00000000
w4 = 0x00000000, w5 = 0x00000000, w6 = 0x00000000, w7 = 0x00000000
sboxw = 0x8d292f7f, new_sboxw = 0x5da515d2, rconw = 0x00000000
tw = 0x00000000, trw = 0x00000000
key_mem_new = 0x00000000000000000000000000000000, key_mem_we = 0x0

State of DUT
------------
Inputs and outputs:
key       = 0x2b7e151628aed2a6abf7158809cf4f3c00000000000000000000000000000000
keylen    = 0x0, init = 0x0, ready = 0x0
round     = 0x0a
round_key = 0xae127cdadb479ba8f220df3d4858f6b1

Internal states:
key_mem_ctrl = 0x00, round_key_update = 0x0, round_ctr_reg = 0xa
prev_key0_reg = 0x00000000000000000000000000000000, prev_key0_new = 0x00000000000000000000000000000000, prev_key0_we = 0x0
prev_key1_reg = 0x00000000000000000000000000000000, prev_key1_new = 0x00000000000000000000000000000000, prev_key1_we = 0x0
rcon_reg = 0x00, rcon_new = 0x00,  rcon_set = 0x0,  rcon_next = 0x0, rcon_we = 0x0
w0 = 0x00000000, w1 = 0x00000000, w2 = 0x00000000, w3 = 0x00000000
w4 = 0x00000000, w5 = 0x00000000, w6 = 0x00000000, w7 = 0x00000000
sboxw = 0x5c006e57, new_sboxw = 0x4a639f5b, rconw = 0x00000000
tw = 0x00000000, trw = 0x00000000
key_mem_new = 0x00000000000000000000000000000000, key_mem_we = 0x0

State of DUT
------------
Inputs and outputs:
key       = 0x2b7e151628aed2a6abf7158809cf4f3c00000000000000000000000000000000
keylen    = 0x0, init = 0x0, ready = 0x1
round     = 0x00
round_key = 0x2b7e151628aed2a6abf7158809cf4f3c

Internal states:
key_mem_ctrl = 0x00, round_key_update = 0x0, round_ctr_reg = 0xb
prev_key0_reg = 0x00000000000000000000000000000000, prev_key0_new = 0x00000000000000000000000000000000, prev_key0_we = 0x0
prev_key1_reg = 0x00000000000000000000000000000000, prev_key1_new = 0x00000000000000000000000000000000, prev_key1_we = 0x0
rcon_reg = 0x00, rcon_new = 0x00,  rcon_set = 0x0,  rcon_next = 0x0, rcon_we = 0x0
w0 = 0x00000000, w1 = 0x00000000, w2 = 0x00000000, w3 = 0x00000000
w4 = 0x00000000, w5 = 0x00000000, w6 = 0x00000000, w7 = 0x00000000
sboxw = 0x630ca6b6, new_sboxw = 0xfbfe244e, rconw = 0x00000000
tw = 0x00000000, trw = 0x00000000
key_mem_new = 0x00000000000000000000000000000000, key_mem_we = 0x0

** key 0x0 matched expected round key.
** Got:      0x2b7e151628aed2a6abf7158809cf4f3c **

State of DUT
------------
Inputs and outputs:
key       = 0x2b7e151628aed2a6abf7158809cf4f3c00000000000000000000000000000000
keylen    = 0x0, init = 0x0, ready = 0x1
round     = 0x01
round_key = 0xa0fafe1788542cb123a339392a6c7605

Internal states:
key_mem_ctrl = 0x00, round_key_update = 0x0, round_ctr_reg = 0xb
prev_key0_reg = 0x00000000000000000000000000000000, prev_key0_new = 0x00000000000000000000000000000000, prev_key0_we = 0x0
prev_key1_reg = 0x00000000000000000000000000000000, prev_key1_new = 0x00000000000000000000000000000000, prev_key1_we = 0x0
rcon_reg = 0x00, rcon_new = 0x00,  rcon_set = 0x0,  rcon_next = 0x0, rcon_we = 0x0
w0 = 0x00000000, w1 = 0x00000000, w2 = 0x00000000, w3 = 0x00000000
w4 = 0x00000000, w5 = 0x00000000, w6 = 0x00000000, w7 = 0x00000000
sboxw = 0x630ca6b6, new_sboxw = 0xfbfe244e, rconw = 0x00000000
tw = 0x00000000, trw = 0x00000000
key_mem_new = 0x00000000000000000000000000000000, key_mem_we = 0x0

** key 0x1 matched expected round key.
** Got:      0xa0fafe1788542cb123a339392a6c7605 **

State of DUT
------------
Inputs and outputs:
key       = 0x2b7e151628aed2a6abf7158809cf4f3c00000000000000000000000000000000
keylen    = 0x0, init = 0x0, ready = 0x1
round     = 0x02
round_key = 0xf2c295f27a96b9435935807a7359f67f

Internal states:
key_mem_ctrl = 0x00, round_key_update = 0x0, round_ctr_reg = 0xb
prev_key0_reg = 0x00000000000000000000000000000000, prev_key0_new = 0x00000000000000000000000000000000, prev_key0_we = 0x0
prev_key1_reg = 0x00000000000000000000000000000000, prev_key1_new = 0x00000000000000000000000000000000, prev_key1_we = 0x0
rcon_reg = 0x00, rcon_new = 0x00,  rcon_set = 0x0,  rcon_next = 0x0, rcon_we = 0x0
w0 = 0x00000000, w1 = 0x00000000, w2 = 0x00000000, w3 = 0x00000000
w4 = 0x00000000, w5 = 0x00000000, w6 = 0x00000000, w7 = 0x00000000
sboxw = 0x630ca6b6, new_sboxw = 0xfbfe244e, rconw = 0x00000000
tw = 0x00000000, trw = 0x00000000
key_mem_new = 0x00000000000000000000000000000000, key_mem_we = 0x0

** key 0x2 matched expected round key.
** Got:      0xf2c295f27a96b9435935807a7359f67f **

State of DUT
------------
Inputs and outputs:
key       = 0x2b7e151628aed2a6abf7158809cf4f3c00000000000000000000000000000000
keylen    = 0x0, init = 0x0, ready = 0x1
round     = 0x03
round_key = 0x3d80477d4716fe3e1e237e446d7a883b

Internal states:
key_mem_ctrl = 0x00, round_key_update = 0x0, round_ctr_reg = 0xb
prev_key0_reg = 0x00000000000000000000000000000000, prev_key0_new = 0x00000000000000000000000000000000, prev_key0_we = 0x0
prev_key1_reg = 0x00000000000000000000000000000000, prev_key1_new = 0x00000000000000000000000000000000, prev_key1_we = 0x0
rcon_reg = 0x00, rcon_new = 0x00,  rcon_set = 0x0,  rcon_next = 0x0, rcon_we = 0x0
w0 = 0x00000000, w1 = 0x00000000, w2 = 0x00000000, w3 = 0x00000000
w4 = 0x00000000, w5 = 0x00000000, w6 = 0x00000000, w7 = 0x00000000
sboxw = 0x630ca6b6, new_sboxw = 0xfbfe244e, rconw = 0x00000000
tw = 0x00000000, trw = 0x00000000
key_mem_new = 0x00000000000000000000000000000000, key_mem_we = 0x0

** key 0x3 matched expected round key.
** Got:      0x3d80477d4716fe3e1e237e446d7a883b **

State of DUT
------------
Inputs and outputs:
key       = 0x2b7e151628aed2a6abf7158809cf4f3c00000000000000000000000000000000
keylen    = 0x0, init = 0x0, ready = 0x1
round     = 0x04
round_key = 0xef44a541a8525b7fb671253bdb0bad00

Internal states:
key_mem_ctrl = 0x00, round_key_update = 0x0, round_ctr_reg = 0xb
prev_key0_reg = 0x00000000000000000000000000000000, prev_key0_new = 0x00000000000000000000000000000000, prev_key0_we = 0x0
prev_key1_reg = 0x00000000000000000000000000000000, prev_key1_new = 0x00000000000000000000000000000000, prev_key1_we = 0x0
rcon_reg = 0x00, rcon_new = 0x00,  rcon_set = 0x0,  rcon_next = 0x0, rcon_we = 0x0
w0 = 0x00000000, w1 = 0x00000000, w2 = 0x00000000, w3 = 0x00000000
w4 = 0x00000000, w5 = 0x00000000, w6 = 0x00000000, w7 = 0x00000000
sboxw = 0x630ca6b6, new_sboxw = 0xfbfe244e, rconw = 0x00000000
tw = 0x00000000, trw = 0x00000000
key_mem_new = 0x00000000000000000000000000000000, key_mem_we = 0x0

** key 0x4 matched expected round key.
** Got:      0xef44a541a8525b7fb671253bdb0bad00 **

State of DUT
------------
Inputs and outputs:
key       = 0x2b7e151628aed2a6abf7158809cf4f3c00000000000000000000000000000000
keylen    = 0x0, init = 0x0, ready = 0x1
round     = 0x05
round_key = 0xd4d1c6f87c839d87caf2b8bc11f915bc

Internal states:
key_mem_ctrl = 0x00, round_key_update = 0x0, round_ctr_reg = 0xb
prev_key0_reg = 0x00000000000000000000000000000000, prev_key0_new = 0x00000000000000000000000000000000, prev_key0_we = 0x0
prev_key1_reg = 0x00000000000000000000000000000000, prev_key1_new = 0x00000000000000000000000000000000, prev_key1_we = 0x0
rcon_reg = 0x00, rcon_new = 0x00,  rcon_set = 0x0,  rcon_next = 0x0, rcon_we = 0x0
w0 = 0x00000000, w1 = 0x00000000, w2 = 0x00000000, w3 = 0x00000000
w4 = 0x00000000, w5 = 0x00000000, w6 = 0x00000000, w7 = 0x00000000
sboxw = 0x630ca6b6, new_sboxw = 0xfbfe244e, rconw = 0x00000000
tw = 0x00000000, trw = 0x00000000
key_mem_new = 0x00000000000000000000000000000000, key_mem_we = 0x0

** key 0x5 matched expected round key.
** Got:      0xd4d1c6f87c839d87caf2b8bc11f915bc **

State of DUT
------------
Inputs and outputs:
key       = 0x2b7e151628aed2a6abf7158809cf4f3c00000000000000000000000000000000
keylen    = 0x0, init = 0x0, ready = 0x1
round     = 0x06
round_key = 0x6d88a37a110b3efddbf98641ca0093fd

Internal states:
key_mem_ctrl = 0x00, round_key_update = 0x0, round_ctr_reg = 0xb
prev_key0_reg = 0x00000000000000000000000000000000, prev_key0_new = 0x00000000000000000000000000000000, prev_key0_we = 0x0
prev_key1_reg = 0x00000000000000000000000000000000, prev_key1_new = 0x00000000000000000000000000000000, prev_key1_we = 0x0
rcon_reg = 0x00, rcon_new = 0x00,  rcon_set = 0x0,  rcon_next = 0x0, rcon_we = 0x0
w0 = 0x00000000, w1 = 0x00000000, w2 = 0x00000000, w3 = 0x00000000
w4 = 0x00000000, w5 = 0x00000000, w6 = 0x00000000, w7 = 0x00000000
sboxw = 0x630ca6b6, new_sboxw = 0xfbfe244e, rconw = 0x00000000
tw = 0x00000000, trw = 0x00000000
key_mem_new = 0x00000000000000000000000000000000, key_mem_we = 0x0

** key 0x6 matched expected round key.
** Got:      0x6d88a37a110b3efddbf98641ca0093fd **

State of DUT
------------
Inputs and outputs:
key       = 0x2b7e151628aed2a6abf7158809cf4f3c00000000000000000000000000000000
keylen    = 0x0, init = 0x0, ready = 0x1
round     = 0x07
round_key = 0x4e54f70e5f5fc9f384a64fb24ea6dc4f

Internal states:
key_mem_ctrl = 0x00, round_key_update = 0x0, round_ctr_reg = 0xb
prev_key0_reg = 0x00000000000000000000000000000000, prev_key0_new = 0x00000000000000000000000000000000, prev_key0_we = 0x0
prev_key1_reg = 0x00000000000000000000000000000000, prev_key1_new = 0x00000000000000000000000000000000, prev_key1_we = 0x0
rcon_reg = 0x00, rcon_new = 0x00,  rcon_set = 0x0,  rcon_next = 0x0, rcon_we = 0x0
w0 = 0x00000000, w1 = 0x00000000, w2 = 0x00000000, w3 = 0x00000000
w4 = 0x00000000, w5 = 0x00000000, w6 = 0x00000000, w7 = 0x00000000
sboxw = 0x630ca6b6, new_sboxw = 0xfbfe244e, rconw = 0x00000000
tw = 0x00000000, trw = 0x00000000
key_mem_new = 0x00000000000000000000000000000000, key_mem_we = 0x0

** key 0x7 matched expected round key.
** Got:      0x4e54f70e5f5fc9f384a64fb24ea6dc4f **

State of DUT
------------
Inputs and outputs:
key       = 0x2b7e151628aed2a6abf7158809cf4f3c00000000000000000000000000000000
keylen    = 0x0, init = 0x0, ready = 0x1
round     = 0x08
round_key = 0xead27321b58dbad2312bf5607f8d292f

Internal states:
key_mem_ctrl = 0x00, round_key_update = 0x0, round_ctr_reg = 0xb
prev_key0_reg = 0x00000000000000000000000000000000, prev_key0_new = 0x00000000000000000000000000000000, prev_key0_we = 0x0
prev_key1_reg = 0x00000000000000000000000000000000, prev_key1_new = 0x00000000000000000000000000000000, prev_key1_we = 0x0
rcon_reg = 0x00, rcon_new = 0x00,  rcon_set = 0x0,  rcon_next = 0x0, rcon_we = 0x0
w0 = 0x00000000, w1 = 0x00000000, w2 = 0x00000000, w3 = 0x00000000
w4 = 0x00000000, w5 = 0x00000000, w6 = 0x00000000, w7 = 0x00000000
sboxw = 0x630ca6b6, new_sboxw = 0xfbfe244e, rconw = 0x00000000
tw = 0x00000000, trw = 0x00000000
key_mem_new = 0x00000000000000000000000000000000, key_mem_we = 0x0

** key 0x8 matched expected round key.
** Got:      0xead27321b58dbad2312bf5607f8d292f **

State of DUT
------------
Inputs and outputs:
key       = 0x2b7e151628aed2a6abf7158809cf4f3c00000000000000000000000000000000
keylen    = 0x0, init = 0x0, ready = 0x1
round     = 0x09
round_key = 0xac7766f319fadc2128d12941575c006e

Internal states:
key_mem_ctrl = 0x00, round_key_update = 0x0, round_ctr_reg = 0xb
prev_key0_reg = 0x00000000000000000000000000000000, prev_key0_new = 0x00000000000000000000000000000000, prev_key0_we = 0x0
prev_key1_reg = 0x00000000000000000000000000000000, prev_key1_new = 0x00000000000000000000000000000000, prev_key1_we = 0x0
rcon_reg = 0x00, rcon_new = 0x00,  rcon_set = 0x0,  rcon_next = 0x0, rcon_we = 0x0
w0 = 0x00000000, w1 = 0x00000000, w2 = 0x00000000, w3 = 0x00000000
w4 = 0x00000000, w5 = 0x00000000, w6 = 0x00000000, w7 = 0x00000000
sboxw = 0x630ca6b6, new_sboxw = 0xfbfe244e, rconw = 0x00000000
tw = 0x00000000, trw = 0x00000000
key_mem_new = 0x00000000000000000000000000000000, key_mem_we = 0x0

** key 0x9 matched expected round key.
** Got:      0xac7766f319fadc2128d12941575c006e **

State of DUT
------------
Inputs and outputs:
key       = 0x2b7e151628aed2a6abf7158809cf4f3c00000000000000000000000000000000
keylen    = 0x0, init = 0x0, ready = 0x1
round     = 0x0a
round_key = 0xd014f9a8c9ee2589e13f0cc8b6630ca6

Internal states:
key_mem_ctrl = 0x00, round_key_update = 0x0, round_ctr_reg = 0xb
prev_key0_reg = 0x00000000000000000000000000000000, prev_key0_new = 0x00000000000000000000000000000000, prev_key0_we = 0x0
prev_key1_reg = 0x00000000000000000000000000000000, prev_key1_new = 0x00000000000000000000000000000000, prev_key1_we = 0x0
rcon_reg = 0x00, rcon_new = 0x00,  rcon_set = 0x0,  rcon_next = 0x0, rcon_we = 0x0
w0 = 0x00000000, w1 = 0x00000000, w2 = 0x00000000, w3 = 0x00000000
w4 = 0x00000000, w5 = 0x00000000, w6 = 0x00000000, w7 = 0x00000000
sboxw = 0x630ca6b6, new_sboxw = 0xfbfe244e, rconw = 0x00000000
tw = 0x00000000, trw = 0x00000000
key_mem_new = 0x00000000000000000000000000000000, key_mem_we = 0x0

** key 0xa matched expected round key.
** Got:      0xd014f9a8c9ee2589e13f0cc8b6630ca6 **

** Testing with 256-bit key 0x0000000000000000000000000000000000000000000000000000000000000000

State of DUT
------------
Inputs and outputs:
key       = 0x0000000000000000000000000000000000000000000000000000000000000000
keylen    = 0x1, init = 0x1, ready = 0x1
round     = 0x0a
round_key = 0xd014f9a8c9ee2589e13f0cc8b6630ca6

Internal states:
key_mem_ctrl = 0x00, round_key_update = 0x0, round_ctr_reg = 0xb
prev_key0_reg = 0x00000000000000000000000000000000, prev_key0_new = 0x00000000000000000000000000000000, prev_key0_we = 0x0
prev_key1_reg = 0x00000000000000000000000000000000, prev_key1_new = 0x00000000000000000000000000000000, prev_key1_we = 0x0
rcon_reg = 0x00, rcon_new = 0x00,  rcon_set = 0x0,  rcon_next = 0x0, rcon_we = 0x0
w0 = 0x00000000, w1 = 0x00000000, w2 = 0x00000000, w3 = 0x00000000
w4 = 0x00000000, w5 = 0x00000000, w6 = 0x00000000, w7 = 0x00000000
sboxw = 0x630ca6b6, new_sboxw = 0xfbfe244e, rconw = 0x00000000
tw = 0x00000000, trw = 0x00000000
key_mem_new = 0x00000000000000000000000000000000, key_mem_we = 0x0

State of DUT
------------
Inputs and outputs:
key       = 0x0000000000000000000000000000000000000000000000000000000000000000
keylen    = 0x1, init = 0x1, ready = 0x0
round     = 0x0a
round_key = 0xd014f9a8c9ee2589e13f0cc8b6630ca6

Internal states:
key_mem_ctrl = 0x00, round_key_update = 0x0, round_ctr_reg = 0x2
prev_key0_reg = 0x00000000000000000000000000000000, prev_key0_new = 0x00000000000000000000000000000000, prev_key0_we = 0x0
prev_key1_reg = 0x00000000000000000000000000000000, prev_key1_new = 0x00000000000000000000000000000000, prev_key1_we = 0x0
rcon_reg = 0x00, rcon_new = 0x00,  rcon_set = 0x0,  rcon_next = 0x0, rcon_we = 0x0
w0 = 0x00000000, w1 = 0x00000000, w2 = 0x00000000, w3 = 0x00000000
w4 = 0x00000000, w5 = 0x00000000, w6 = 0x00000000, w7 = 0x00000000
sboxw = 0x00000000, new_sboxw = 0x63636363, rconw = 0x00000000
tw = 0x00000000, trw = 0x00000000
key_mem_new = 0x00000000000000000000000000000000, key_mem_we = 0x0

State of DUT
------------
Inputs and outputs:
key       = 0x0000000000000000000000000000000000000000000000000000000000000000
keylen    = 0x1, init = 0x0, ready = 0x0
round     = 0x0a
round_key = 0xd014f9a8c9ee2589e13f0cc8b6630ca6

Internal states:
key_mem_ctrl = 0x00, round_key_update = 0x0, round_ctr_reg = 0x2
prev_key0_reg = 0x00000000000000000000000000000000, prev_key0_new = 0x00000000000000000000000000000000, prev_key0_we = 0x0
prev_key1_reg = 0x00000000000000000000000000000000, prev_key1_new = 0x00000000000000000000000000000000, prev_key1_we = 0x0
rcon_reg = 0x00, rcon_new = 0x00,  rcon_set = 0x0,  rcon_next = 0x0, rcon_we = 0x0
w0 = 0x00000000, w1 = 0x00000000, w2 = 0x00000000, w3 = 0x00000000
w4 = 0x00000000, w5 = 0x00000000, w6 = 0x00000000, w7 = 0x00000000
sboxw = 0x00000000, new_sboxw = 0x63636363, rconw = 0x00000000
tw = 0x00000000, trw = 0x00000000
key_mem_new = 0x00000000000000000000000000000000, key_mem_we = 0x0

State of DUT
------------
Inputs and outputs:
key       = 0x0000000000000000000000000000000000000000000000000000000000000000
keylen    = 0x1, init = 0x0, ready = 0x0
round     = 0x0a
round_key = 0xd014f9a8c9ee2589e13f0cc8b6630ca6

Internal states:
key_mem_ctrl = 0x00, round_key_update = 0x0, round_ctr_reg = 0x3
prev_key0_reg = 0x00000000000000000000000000000000, prev_key0_new = 0x00000000000000000000000000000000, prev_key0_we = 0x0
prev_key1_reg = 0x00000000000000000000000000000000, prev_key1_new = 0x00000000000000000000000000000000, prev_key1_we = 0x0
rcon_reg = 0x00, rcon_new = 0x00,  rcon_set = 0x0,  rcon_next = 0x0, rcon_we = 0x0
w0 = 0x00000000, w1 = 0x00000000, w2 = 0x00000000, w3 = 0x00000000
w4 = 0x00000000, w5 = 0x00000000, w6 = 0x00000000, w7 = 0x00000000
sboxw = 0x62636363, new_sboxw = 0xaafbfbfb, rconw = 0x00000000
tw = 0x00000000, trw = 0x00000000
key_mem_new = 0x00000000000000000000000000000000, key_mem_we = 0x0

State of DUT
------------
Inputs and outputs:
key       = 0x0000000000000000000000000000000000000000000000000000000000000000
keylen    = 0x1, init = 0x0, ready = 0x0
round     = 0x0a
round_key = 0xd014f9a8c9ee2589e13f0cc8b6630ca6

Internal states:
key_mem_ctrl = 0x00, round_key_update = 0x0, round_ctr_reg = 0x4
prev_key0_reg = 0x00000000000000000000000000000000, prev_key0_new = 0x00000000000000000000000000000000, prev_key0_we = 0x0
prev_key1_reg = 0x00000000000000000000000000000000, prev_key1_new = 0x00000000000000000000000000000000, prev_key1_we = 0x0
rcon_reg = 0x00, rcon_new = 0x00,  rcon_set = 0x0,  rcon_next = 0x0, rcon_we = 0x0
w0 = 0x00000000, w1 = 0x00000000, w2 = 0x00000000, w3 = 0x00000000
w4 = 0x00000000, w5 = 0x00000000, w6 = 0x00000000, w7 = 0x00000000
sboxw = 0xfbfbfbaa, new_sboxw = 0x0f0f0fac, rconw = 0x00000000
tw = 0x00000000, trw = 0x00000000
key_mem_new = 0x00000000000000000000000000000000, key_mem_we = 0x0

State of DUT
------------
Inputs and outputs:
key       = 0x0000000000000000000000000000000000000000000000000000000000000000
keylen    = 0x1, init = 0x0, ready = 0x0
round     = 0x0a
round_key = 0xd014f9a8c9ee2589e13f0cc8b6630ca6

Internal states:
key_mem_ctrl = 0x00, round_key_update = 0x0, round_ctr_reg = 0x5
prev_key0_reg = 0x00000000000000000000000000000000, prev_key0_new = 0x00000000000000000000000000000000, prev_key0_we = 0x0
prev_key1_reg = 0x00000000000000000000000000000000, prev_key1_new = 0x00000000000000000000000000000000, prev_key1_we = 0x0
rcon_reg = 0x00, rcon_new = 0x00,  rcon_set = 0x0,  rcon_next = 0x0, rcon_we = 0x0
w0 = 0x00000000, w1 = 0x00000000, w2 = 0x00000000, w3 = 0x00000000
w4 = 0x00000000, w5 = 0x00000000, w6 = 0x00000000, w7 = 0x00000000
sboxw = 0x0d0f0fac, new_sboxw = 0xd7767691, rconw = 0x00000000
tw = 0x00000000, trw = 0x00000000
key_mem_new = 0x00000000000000000000000000000000, key_mem_we = 0x0

State of DUT
------------
Inputs and outputs:
key       = 0x0000000000000000000000000000000000000000000000000000000000000000
keylen    = 0x1, init = 0x0, ready = 0x0
round     = 0x0a
round_key = 0xd014f9a8c9ee2589e13f0cc8b6630ca6

Internal states:
key_mem_ctrl = 0x00, round_key_update = 0x0, round_ctr_reg = 0x6
prev_key0_reg = 0x00000000000000000000000000000000, prev_key0_new = 0x00000000000000000000000000000000, prev_key0_we = 0x0
prev_key1_reg = 0x00000000000000000000000000000000, prev_key1_new = 0x00000000000000000000000000000000, prev_key1_we = 0x0
rcon_reg = 0x00, rcon_new = 0x00,  rcon_set = 0x0,  rcon_next = 0x0, rcon_we = 0x0
w0 = 0x00000000, w1 = 0x00000000, w2 = 0x00000000, w3 = 0x00000000
w4 = 0x00000000, w5 = 0x00000000, w6 = 0x00000000, w7 = 0x00000000
sboxw = 0x767691d7, new_sboxw = 0x3838810e, rconw = 0x00000000
tw = 0x00000000, trw = 0x00000000
key_mem_new = 0x00000000000000000000000000000000, key_mem_we = 0x0

State of DUT
------------
Inputs and outputs:
key       = 0x0000000000000000000000000000000000000000000000000000000000000000
keylen    = 0x1, init = 0x0, ready = 0x0
round     = 0x0a
round_key = 0xd014f9a8c9ee2589e13f0cc8b6630ca6

Internal states:
key_mem_ctrl = 0x00, round_key_update = 0x0, round_ctr_reg = 0x7
prev_key0_reg = 0x00000000000000000000000000000000, prev_key0_new = 0x00000000000000000000000000000000, prev_key0_we = 0x0
prev_key1_reg = 0x00000000000000000000000000000000, prev_key1_new = 0x00000000000000000000000000000000, prev_key1_we = 0x0
rcon_reg = 0x00, rcon_new = 0x00,  rcon_set = 0x0,  rcon_next = 0x0, rcon_we = 0x0
w0 = 0x00000000, w1 = 0x00000000, w2 = 0x00000000, w3 = 0x00000000
w4 = 0x00000000, w5 = 0x00000000, w6 = 0x00000000, w7 = 0x00000000
sboxw = 0x3c38810e, new_sboxw = 0xeb070cab, rconw = 0x00000000
tw = 0x00000000, trw = 0x00000000
key_mem_new = 0x00000000000000000000000000000000, key_mem_we = 0x0

State of DUT
------------
Inputs and outputs:
key       = 0x0000000000000000000000000000000000000000000000000000000000000000
keylen    = 0x1, init = 0x0, ready = 0x0
round     = 0x0a
round_key = 0xd014f9a8c9ee2589e13f0cc8b6630ca6

Internal states:
key_mem_ctrl = 0x00, round_key_update = 0x0, round_ctr_reg = 0x8
prev_key0_reg = 0x00000000000000000000000000000000, prev_key0_new = 0x00000000000000000000000000000000, prev_key0_we = 0x0
prev_key1_reg = 0x00000000000000000000000000000000, prev_key1_new = 0x00000000000000000000000000000000, prev_key1_we = 0x0
rcon_reg = 0x00, rcon_new = 0x00,  rcon_set = 0x0,  rcon_next = 0x0, rcon_we = 0x0
w0 = 0x00000000, w1 = 0x00000000, w2 = 0x00000000, w3 = 0x00000000
w4 = 0x00000000, w5 = 0x00000000, w6 = 0x00000000, w7 = 0x00000000
sboxw = 0x070cabeb, new_sboxw = 0xc5fe62e9, rconw = 0x00000000
tw = 0x00000000, trw = 0x00000000
key_mem_new = 0x00000000000000000000000000000000, key_mem_we = 0x0

State of DUT
------------
Inputs and outputs:
key       = 0x0000000000000000000000000000000000000000000000000000000000000000
keylen    = 0x1, init = 0x0, ready = 0x0
round     = 0x0a
round_key = 0xd014f9a8c9ee2589e13f0cc8b6630ca6

Internal states:
key_mem_ctrl = 0x00, round_key_update = 0x0, round_ctr_reg = 0x9
prev_key0_reg = 0x00000000000000000000000000000000, prev_key0_new = 0x00000000000000000000000000000000, prev_key0_we = 0x0
prev_key1_reg = 0x00000000000000000000000000000000, prev_key1_new = 0x00000000000000000000000000000000, prev_key1_we = 0x0
rcon_reg = 0x00, rcon_new = 0x00,  rcon_set = 0x0,  rcon_next = 0x0, rcon_we = 0x0
w0 = 0x00000000, w1 = 0x00000000, w2 = 0x00000000, w3 = 0x00000000
w4 = 0x00000000, w5 = 0x00000000, w6 = 0x00000000, w7 = 0x00000000
sboxw = 0xcdfe62e9, new_sboxw = 0xbdbbaa1e, rconw = 0x00000000
tw = 0x00000000, trw = 0x00000000
key_mem_new = 0x00000000000000000000000000000000, key_mem_we = 0x0

State of DUT
------------
Inputs and outputs:
key       = 0x0000000000000000000000000000000000000000000000000000000000000000
keylen    = 0x1, init = 0x0, ready = 0x0
round     = 0x0a
round_key = 0xd014f9a8c9ee2589e13f0cc8b6630ca6

Internal states:
key_mem_ctrl = 0x00, round_key_update = 0x0, round_ctr_reg = 0xa
prev_key0_reg = 0x00000000000000000000000000000000, prev_key0_new = 0x00000000000000000000000000000000, prev_key0_we = 0x0
prev_key1_reg = 0x00000000000000000000000000000000, prev_key1_new = 0x00000000000000000000000000000000, prev_key1_we = 0x0
rcon_reg = 0x00, rcon_new = 0x00,  rcon_set = 0x0,  rcon_next = 0x0, rcon_we = 0x0
w0 = 0x00000000, w1 = 0x00000000, w2 = 0x00000000, w3 = 0x00000000
w4 = 0x00000000, w5 = 0x00000000, w6 = 0x00000000, w7 = 0x00000000
sboxw = 0xbbaa1ebd, new_sboxw = 0xeaac727a, rconw = 0x00000000
tw = 0x00000000, trw = 0x00000000
key_mem_new = 0x00000000000000000000000000000000, key_mem_we = 0x0

State of DUT
------------
Inputs and outputs:
key       = 0x0000000000000000000000000000000000000000000000000000000000000000
keylen    = 0x1, init = 0x0, ready = 0x0
round     = 0x0a
round_key = 0x6406fd52a4f79017553173f098cf1119

Internal states:
key_mem_ctrl = 0x00, round_key_update = 0x0, round_ctr_reg = 0xb
prev_key0_reg = 0x00000000000000000000000000000000, prev_key0_new = 0x00000000000000000000000000000000, prev_key0_we = 0x0
prev_key1_reg = 0x00000000000000000000000000000000, prev_key1_new = 0x00000000000000000000000000000000, prev_key1_we = 0x0
rcon_reg = 0x00, rcon_new = 0x00,  rcon_set = 0x0,  rcon_next = 0x0, rcon_we = 0x0
w0 = 0x00000000, w1 = 0x00000000, w2 = 0x00000000, w3 = 0x00000000
w4 = 0x00000000, w5 = 0x00000000, w6 = 0x00000000, w7 = 0x00000000
sboxw = 0x98cf1119, new_sboxw = 0x468a82d4, rconw = 0x00000000
tw = 0x00000000, trw = 0x00000000
key_mem_new = 0x00000000000000000000000000000000, key_mem_we = 0x0

State of DUT
------------
Inputs and outputs:
key       = 0x0000000000000000000000000000000000000000000000000000000000000000
keylen    = 0x1, init = 0x0, ready = 0x0
round     = 0x0a
round_key = 0x6406fd52a4f79017553173f098cf1119

Internal states:
key_mem_ctrl = 0x00, round_key_update = 0x0, round_ctr_reg = 0xc
prev_key0_reg = 0x00000000000000000000000000000000, prev_key0_new = 0x00000000000000000000000000000000, prev_key0_we = 0x0
prev_key1_reg = 0x00000000000000000000000000000000, prev_key1_new = 0x00000000000000000000000000000000, prev_key1_we = 0x0
rcon_reg = 0x00, rcon_new = 0x00,  rcon_set = 0x0,  rcon_next = 0x0, rcon_we = 0x0
w0 = 0x00000000, w1 = 0x00000000, w2 = 0x00000000, w3 = 0x00000000
w4 = 0x00000000, w5 = 0x00000000, w6 = 0x00000000, w7 = 0x00000000
sboxw = 0x71792fec, new_sboxw = 0xa3b615ce, rconw = 0x00000000
tw = 0x00000000, trw = 0x00000000
key_mem_new = 0x00000000000000000000000000000000, key_mem_we = 0x0

State of DUT
------------
Inputs and outputs:
key       = 0x0000000000000000000000000000000000000000000000000000000000000000
keylen    = 0x1, init = 0x0, ready = 0x0
round     = 0x0a
round_key = 0x6406fd52a4f79017553173f098cf1119

Internal states:
key_mem_ctrl = 0x00, round_key_update = 0x0, round_ctr_reg = 0xd
prev_key0_reg = 0x00000000000000000000000000000000, prev_key0_new = 0x00000000000000000000000000000000, prev_key0_we = 0x0
prev_key1_reg = 0x00000000000000000000000000000000, prev_key1_new = 0x00000000000000000000000000000000, prev_key1_we = 0x0
rcon_reg = 0x00, rcon_new = 0x00,  rcon_set = 0x0,  rcon_next = 0x0, rcon_we = 0x0
w0 = 0x00000000, w1 = 0x00000000, w2 = 0x00000000, w3 = 0x00000000
w4 = 0x00000000, w5 = 0x00000000, w6 = 0x00000000, w7 = 0x00000000
sboxw = 0x8eb91a62, new_sboxw = 0x1956a2aa, rconw = 0x00000000
tw = 0x00000000, trw = 0x00000000
key_mem_new = 0x00000000000000000000000000000000, key_mem_we = 0x0

State of DUT
------------
Inputs and outputs:
key       = 0x0000000000000000000000000000000000000000000000000000000000000000
keylen    = 0x1, init = 0x0, ready = 0x0
round     = 0x0a
round_key = 0x6406fd52a4f79017553173f098cf1119

Internal states:
key_mem_ctrl = 0x00, round_key_update = 0x0, round_ctr_reg = 0xe
prev_key0_reg = 0x00000000000000000000000000000000, prev_key0_new = 0x00000000000000000000000000000000, prev_key0_we = 0x0
prev_key1_reg = 0x00000000000000000000000000000000, prev_key1_new = 0x00000000000000000000000000000000, prev_key1_we = 0x0
rcon_reg = 0x00, rcon_new = 0x00,  rcon_set = 0x0,  rcon_next = 0x0, rcon_we = 0x0
w0 = 0x00000000, w1 = 0x00000000, w2 = 0x00000000, w3 = 0x00000000
w4 = 0x00000000, w5 = 0x00000000, w6 = 0x00000000, w7 = 0x00000000
sboxw = 0x20d43bce, new_sboxw = 0xb748e28b, rconw = 0x00000000
tw = 0x00000000, trw = 0x00000000
key_mem_new = 0x00000000000000000000000000000000, key_mem_we = 0x0

State of DUT
------------
Inputs and outputs:
key       = 0x0000000000000000000000000000000000000000000000000000000000000000
keylen    = 0x1, init = 0x0, ready = 0x1
round     = 0x00
round_key = 0x00000000000000000000000000000000

Internal states:
key_mem_ctrl = 0x00, round_key_update = 0x0, round_ctr_reg = 0xf
prev_key0_reg = 0x00000000000000000000000000000000, prev_key0_new = 0x00000000000000000000000000000000, prev_key0_we = 0x0
prev_key1_reg = 0x00000000000000000000000000000000, prev_key1_new = 0x00000000000000000000000000000000, prev_key1_we = 0x0
rcon_reg = 0x00, rcon_new = 0x00,  rcon_set = 0x0,  rcon_next = 0x0, rcon_we = 0x0
w0 = 0x00000000, w1 = 0x00000000, w2 = 0x00000000, w3 = 0x00000000
w4 = 0x00000000, w5 = 0x00000000, w6 = 0x00000000, w7 = 0x00000000
sboxw = 0xcb706385, new_sboxw = 0x1f51fb97, rconw = 0x00000000
tw = 0x00000000, trw = 0x00000000
key_mem_new = 0x00000000000000000000000000000000, key_mem_we = 0x0

** key 0x0 matched expected round key.
** Got:      0x00000000000000000000000000000000 **

State of DUT
------------
Inputs and outputs:
key       = 0x0000000000000000000000000000000000000000000000000000000000000000
keylen    = 0x1, init = 0x0, ready = 0x1
round     = 0x01
round_key = 0x00000000000000000000000000000000

Internal states:
key_mem_ctrl = 0x00, round_key_update = 0x0, round_ctr_reg = 0xf
prev_key0_reg = 0x00000000000000000000000000000000, prev_key0_new = 0x00000000000000000000000000000000, prev_key0_we = 0x0
prev_key1_reg = 0x00000000000000000000000000000000, prev_key1_new = 0x00000000000000000000000000000000, prev_key1_we = 0x0
rcon_reg = 0x00, rcon_new = 0x00,  rcon_set = 0x0,  rcon_next = 0x0, rcon_we = 0x0
w0 = 0x00000000, w1 = 0x00000000, w2 = 0x00000000, w3 = 0x00000000
w4 = 0x00000000, w5 = 0x00000000, w6 = 0x00000000, w7 = 0x00000000
sboxw = 0xcb706385, new_sboxw = 0x1f51fb97, rconw = 0x00000000
tw = 0x00000000, trw = 0x00000000
key_mem_new = 0x00000000000000000000000000000000, key_mem_we = 0x0

** key 0x1 matched expected round key.
** Got:      0x00000000000000000000000000000000 **

State of DUT
------------
Inputs and outputs:
key       = 0x0000000000000000000000000000000000000000000000000000000000000000
keylen    = 0x1, init = 0x0, ready = 0x1
round     = 0x02
round_key = 0x62636363626363636263636362636363

Internal states:
key_mem_ctrl = 0x00, round_key_update = 0x0, round_ctr_reg = 0xf
prev_key0_reg = 0x00000000000000000000000000000000, prev_key0_new = 0x00000000000000000000000000000000, prev_key0_we = 0x0
prev_key1_reg = 0x00000000000000000000000000000000, prev_key1_new = 0x00000000000000000000000000000000, prev_key1_we = 0x0
rcon_reg = 0x00, rcon_new = 0x00,  rcon_set = 0x0,  rcon_next = 0x0, rcon_we = 0x0
w0 = 0x00000000, w1 = 0x00000000, w2 = 0x00000000, w3 = 0x00000000
w4 = 0x00000000, w5 = 0x00000000, w6 = 0x00000000, w7 = 0x00000000
sboxw = 0xcb706385, new_sboxw = 0x1f51fb97, rconw = 0x00000000
tw = 0x00000000, trw = 0x00000000
key_mem_new = 0x00000000000000000000000000000000, key_mem_we = 0x0

** key 0x2 matched expected round key.
** Got:      0x62636363626363636263636362636363 **

State of DUT
------------
Inputs and outputs:
key       = 0x0000000000000000000000000000000000000000000000000000000000000000
keylen    = 0x1, init = 0x0, ready = 0x1
round     = 0x03
round_key = 0xaafbfbfbaafbfbfbaafbfbfbaafbfbfb

Internal states:
key_mem_ctrl = 0x00, round_key_update = 0x0, round_ctr_reg = 0xf
prev_key0_reg = 0x00000000000000000000000000000000, prev_key0_new = 0x00000000000000000000000000000000, prev_key0_we = 0x0
prev_key1_reg = 0x00000000000000000000000000000000, prev_key1_new = 0x00000000000000000000000000000000, prev_key1_we = 0x0
rcon_reg = 0x00, rcon_new = 0x00,  rcon_set = 0x0,  rcon_next = 0x0, rcon_we = 0x0
w0 = 0x00000000, w1 = 0x00000000, w2 = 0x00000000, w3 = 0x00000000
w4 = 0x00000000, w5 = 0x00000000, w6 = 0x00000000, w7 = 0x00000000
sboxw = 0xcb706385, new_sboxw = 0x1f51fb97, rconw = 0x00000000
tw = 0x00000000, trw = 0x00000000
key_mem_new = 0x00000000000000000000000000000000, key_mem_we = 0x0

** key 0x3 matched expected round key.
** Got:      0xaafbfbfbaafbfbfbaafbfbfbaafbfbfb **

State of DUT
------------
Inputs and outputs:
key       = 0x0000000000000000000000000000000000000000000000000000000000000000
keylen    = 0x1, init = 0x0, ready = 0x1
round     = 0x04
round_key = 0x6f6c6ccf0d0f0fac6f6c6ccf0d0f0fac

Internal states:
key_mem_ctrl = 0x00, round_key_update = 0x0, round_ctr_reg = 0xf
prev_key0_reg = 0x00000000000000000000000000000000, prev_key0_new = 0x00000000000000000000000000000000, prev_key0_we = 0x0
prev_key1_reg = 0x00000000000000000000000000000000, prev_key1_new = 0x00000000000000000000000000000000, prev_key1_we = 0x0
rcon_reg = 0x00, rcon_new = 0x00,  rcon_set = 0x0,  rcon_next = 0x0, rcon_we = 0x0
w0 = 0x00000000, w1 = 0x00000000, w2 = 0x00000000, w3 = 0x00000000
w4 = 0x00000000, w5 = 0x00000000, w6 = 0x00000000, w7 = 0x00000000
sboxw = 0xcb706385, new_sboxw = 0x1f51fb97, rconw = 0x00000000
tw = 0x00000000, trw = 0x00000000
key_mem_new = 0x00000000000000000000000000000000, key_mem_we = 0x0

** key 0x4 matched expected round key.
** Got:      0x6f6c6ccf0d0f0fac6f6c6ccf0d0f0fac **

State of DUT
------------
Inputs and outputs:
key       = 0x0000000000000000000000000000000000000000000000000000000000000000
keylen    = 0x1, init = 0x0, ready = 0x1
round     = 0x05
round_key = 0x7d8d8d6ad77676917d8d8d6ad7767691

Internal states:
key_mem_ctrl = 0x00, round_key_update = 0x0, round_ctr_reg = 0xf
prev_key0_reg = 0x00000000000000000000000000000000, prev_key0_new = 0x00000000000000000000000000000000, prev_key0_we = 0x0
prev_key1_reg = 0x00000000000000000000000000000000, prev_key1_new = 0x00000000000000000000000000000000, prev_key1_we = 0x0
rcon_reg = 0x00, rcon_new = 0x00,  rcon_set = 0x0,  rcon_next = 0x0, rcon_we = 0x0
w0 = 0x00000000, w1 = 0x00000000, w2 = 0x00000000, w3 = 0x00000000
w4 = 0x00000000, w5 = 0x00000000, w6 = 0x00000000, w7 = 0x00000000
sboxw = 0xcb706385, new_sboxw = 0x1f51fb97, rconw = 0x00000000
tw = 0x00000000, trw = 0x00000000
key_mem_new = 0x00000000000000000000000000000000, key_mem_we = 0x0

** key 0x5 matched expected round key.
** Got:      0x7d8d8d6ad77676917d8d8d6ad7767691 **

State of DUT
------------
Inputs and outputs:
key       = 0x0000000000000000000000000000000000000000000000000000000000000000
keylen    = 0x1, init = 0x0, ready = 0x1
round     = 0x06
round_key = 0x5354edc15e5be26d31378ea23c38810e

Internal states:
key_mem_ctrl = 0x00, round_key_update = 0x0, round_ctr_reg = 0xf
prev_key0_reg = 0x00000000000000000000000000000000, prev_key0_new = 0x00000000000000000000000000000000, prev_key0_we = 0x0
prev_key1_reg = 0x00000000000000000000000000000000, prev_key1_new = 0x00000000000000000000000000000000, prev_key1_we = 0x0
rcon_reg = 0x00, rcon_new = 0x00,  rcon_set = 0x0,  rcon_next = 0x0, rcon_we = 0x0
w0 = 0x00000000, w1 = 0x00000000, w2 = 0x00000000, w3 = 0x00000000
w4 = 0x00000000, w5 = 0x00000000, w6 = 0x00000000, w7 = 0x00000000
sboxw = 0xcb706385, new_sboxw = 0x1f51fb97, rconw = 0x00000000
tw = 0x00000000, trw = 0x00000000
key_mem_new = 0x00000000000000000000000000000000, key_mem_we = 0x0

** key 0x6 matched expected round key.
** Got:      0x5354edc15e5be26d31378ea23c38810e **

State of DUT
------------
Inputs and outputs:
key       = 0x0000000000000000000000000000000000000000000000000000000000000000
keylen    = 0x1, init = 0x0, ready = 0x1
round     = 0x07
round_key = 0x968a81c141fcf7503c717a3aeb070cab

Internal states:
key_mem_ctrl = 0x00, round_key_update = 0x0, round_ctr_reg = 0xf
prev_key0_reg = 0x00000000000000000000000000000000, prev_key0_new = 0x00000000000000000000000000000000, prev_key0_we = 0x0
prev_key1_reg = 0x00000000000000000000000000000000, prev_key1_new = 0x00000000000000000000000000000000, prev_key1_we = 0x0
rcon_reg = 0x00, rcon_new = 0x00,  rcon_set = 0x0,  rcon_next = 0x0, rcon_we = 0x0
w0 = 0x00000000, w1 = 0x00000000, w2 = 0x00000000, w3 = 0x00000000
w4 = 0x00000000, w5 = 0x00000000, w6 = 0x00000000, w7 = 0x00000000
sboxw = 0xcb706385, new_sboxw = 0x1f51fb97, rconw = 0x00000000
tw = 0x00000000, trw = 0x00000000
key_mem_new = 0x00000000000000000000000000000000, key_mem_we = 0x0

** key 0x7 matched expected round key.
** Got:      0x968a81c141fcf7503c717a3aeb070cab **

State of DUT
------------
Inputs and outputs:
key       = 0x0000000000000000000000000000000000000000000000000000000000000000
keylen    = 0x1, init = 0x0, ready = 0x1
round     = 0x08
round_key = 0x9eaa8f28c0f16d45f1c6e3e7cdfe62e9

Internal states:
key_mem_ctrl = 0x00, round_key_update = 0x0, round_ctr_reg = 0xf
prev_key0_reg = 0x00000000000000000000000000000000, prev_key0_new = 0x00000000000000000000000000000000, prev_key0_we = 0x0
prev_key1_reg = 0x00000000000000000000000000000000, prev_key1_new = 0x00000000000000000000000000000000, prev_key1_we = 0x0
rcon_reg = 0x00, rcon_new = 0x00,  rcon_set = 0x0,  rcon_next = 0x0, rcon_we = 0x0
w0 = 0x00000000, w1 = 0x00000000, w2 = 0x00000000, w3 = 0x00000000
w4 = 0x00000000, w5 = 0x00000000, w6 = 0x00000000, w7 = 0x00000000
sboxw = 0xcb706385, new_sboxw = 0x1f51fb97, rconw = 0x00000000
tw = 0x00000000, trw = 0x00000000
key_mem_new = 0x00000000000000000000000000000000, key_mem_we = 0x0

** key 0x8 matched expected round key.
** Got:      0x9eaa8f28c0f16d45f1c6e3e7cdfe62e9 **

State of DUT
------------
Inputs and outputs:
key       = 0x0000000000000000000000000000000000000000000000000000000000000000
keylen    = 0x1, init = 0x0, ready = 0x1
round     = 0x09
round_key = 0x2b312bdf6acddc8f56bca6b5bdbbaa1e

Internal states:
key_mem_ctrl = 0x00, round_key_update = 0x0, round_ctr_reg = 0xf
prev_key0_reg = 0x00000000000000000000000000000000, prev_key0_new = 0x00000000000000000000000000000000, prev_key0_we = 0x0
prev_key1_reg = 0x00000000000000000000000000000000, prev_key1_new = 0x00000000000000000000000000000000, prev_key1_we = 0x0
rcon_reg = 0x00, rcon_new = 0x00,  rcon_set = 0x0,  rcon_next = 0x0, rcon_we = 0x0
w0 = 0x00000000, w1 = 0x00000000, w2 = 0x00000000, w3 = 0x00000000
w4 = 0x00000000, w5 = 0x00000000, w6 = 0x00000000, w7 = 0x00000000
sboxw = 0xcb706385, new_sboxw = 0x1f51fb97, rconw = 0x00000000
tw = 0x00000000, trw = 0x00000000
key_mem_new = 0x00000000000000000000000000000000, key_mem_we = 0x0

** key 0x9 matched expected round key.
** Got:      0x2b312bdf6acddc8f56bca6b5bdbbaa1e **

State of DUT
------------
Inputs and outputs:
key       = 0x0000000000000000000000000000000000000000000000000000000000000000
keylen    = 0x1, init = 0x0, ready = 0x1
round     = 0x0a
round_key = 0x6406fd52a4f79017553173f098cf1119

Internal states:
key_mem_ctrl = 0x00, round_key_update = 0x0, round_ctr_reg = 0xf
prev_key0_reg = 0x00000000000000000000000000000000, prev_key0_new = 0x00000000000000000000000000000000, prev_key0_we = 0x0
prev_key1_reg = 0x00000000000000000000000000000000, prev_key1_new = 0x00000000000000000000000000000000, prev_key1_we = 0x0
rcon_reg = 0x00, rcon_new = 0x00,  rcon_set = 0x0,  rcon_next = 0x0, rcon_we = 0x0
w0 = 0x00000000, w1 = 0x00000000, w2 = 0x00000000, w3 = 0x00000000
w4 = 0x00000000, w5 = 0x00000000, w6 = 0x00000000, w7 = 0x00000000
sboxw = 0xcb706385, new_sboxw = 0x1f51fb97, rconw = 0x00000000
tw = 0x00000000, trw = 0x00000000
key_mem_new = 0x00000000000000000000000000000000, key_mem_we = 0x0

** key 0xa matched expected round key.
** Got:      0x6406fd52a4f79017553173f098cf1119 **

State of DUT
------------
Inputs and outputs:
key       = 0x0000000000000000000000000000000000000000000000000000000000000000
keylen    = 0x1, init = 0x0, ready = 0x1
round     = 0x0b
round_key = 0x6dbba90b0776758451cad331ec71792f

Internal states:
key_mem_ctrl = 0x00, round_key_update = 0x0, round_ctr_reg = 0xf
prev_key0_reg = 0x00000000000000000000000000000000, prev_key0_new = 0x00000000000000000000000000000000, prev_key0_we = 0x0
prev_key1_reg = 0x00000000000000000000000000000000, prev_key1_new = 0x00000000000000000000000000000000, prev_key1_we = 0x0
rcon_reg = 0x00, rcon_new = 0x00,  rcon_set = 0x0,  rcon_next = 0x0, rcon_we = 0x0
w0 = 0x00000000, w1 = 0x00000000, w2 = 0x00000000, w3 = 0x00000000
w4 = 0x00000000, w5 = 0x00000000, w6 = 0x00000000, w7 = 0x00000000
sboxw = 0xcb706385, new_sboxw = 0x1f51fb97, rconw = 0x00000000
tw = 0x00000000, trw = 0x00000000
key_mem_new = 0x00000000000000000000000000000000, key_mem_we = 0x0

** key 0xb matched expected round key.
** Got:      0x6dbba90b0776758451cad331ec71792f **

State of DUT
------------
Inputs and outputs:
key       = 0x0000000000000000000000000000000000000000000000000000000000000000
keylen    = 0x1, init = 0x0, ready = 0x1
round     = 0x0c
round_key = 0xe7b0e89c4347788b16760b7b8eb91a62

Internal states:
key_mem_ctrl = 0x00, round_key_update = 0x0, round_ctr_reg = 0xf
prev_key0_reg = 0x00000000000000000000000000000000, prev_key0_new = 0x00000000000000000000000000000000, prev_key0_we = 0x0
prev_key1_reg = 0x00000000000000000000000000000000, prev_key1_new = 0x00000000000000000000000000000000, prev_key1_we = 0x0
rcon_reg = 0x00, rcon_new = 0x00,  rcon_set = 0x0,  rcon_next = 0x0, rcon_we = 0x0
w0 = 0x00000000, w1 = 0x00000000, w2 = 0x00000000, w3 = 0x00000000
w4 = 0x00000000, w5 = 0x00000000, w6 = 0x00000000, w7 = 0x00000000
sboxw = 0xcb706385, new_sboxw = 0x1f51fb97, rconw = 0x00000000
tw = 0x00000000, trw = 0x00000000
key_mem_new = 0x00000000000000000000000000000000, key_mem_we = 0x0

** key 0xc matched expected round key.
** Got:      0xe7b0e89c4347788b16760b7b8eb91a62 **

State of DUT
------------
Inputs and outputs:
key       = 0x0000000000000000000000000000000000000000000000000000000000000000
keylen    = 0x1, init = 0x0, ready = 0x1
round     = 0x0d
round_key = 0x74ed0ba1739b7e252251ad14ce20d43b

Internal states:
key_mem_ctrl = 0x00, round_key_update = 0x0, round_ctr_reg = 0xf
prev_key0_reg = 0x00000000000000000000000000000000, prev_key0_new = 0x00000000000000000000000000000000, prev_key0_we = 0x0
prev_key1_reg = 0x00000000000000000000000000000000, prev_key1_new = 0x00000000000000000000000000000000, prev_key1_we = 0x0
rcon_reg = 0x00, rcon_new = 0x00,  rcon_set = 0x0,  rcon_next = 0x0, rcon_we = 0x0
w0 = 0x00000000, w1 = 0x00000000, w2 = 0x00000000, w3 = 0x00000000
w4 = 0x00000000, w5 = 0x00000000, w6 = 0x00000000, w7 = 0x00000000
sboxw = 0xcb706385, new_sboxw = 0x1f51fb97, rconw = 0x00000000
tw = 0x00000000, trw = 0x00000000
key_mem_new = 0x00000000000000000000000000000000, key_mem_we = 0x0

** key 0xd matched expected round key.
** Got:      0x74ed0ba1739b7e252251ad14ce20d43b **

State of DUT
------------
Inputs and outputs:
key       = 0x0000000000000000000000000000000000000000000000000000000000000000
keylen    = 0x1, init = 0x0, ready = 0x1
round     = 0x0e
round_key = 0x10f80a1753bf729c45c979e7cb706385

Internal states:
key_mem_ctrl = 0x00, round_key_update = 0x0, round_ctr_reg = 0xf
prev_key0_reg = 0x00000000000000000000000000000000, prev_key0_new = 0x00000000000000000000000000000000, prev_key0_we = 0x0
prev_key1_reg = 0x00000000000000000000000000000000, prev_key1_new = 0x00000000000000000000000000000000, prev_key1_we = 0x0
rcon_reg = 0x00, rcon_new = 0x00,  rcon_set = 0x0,  rcon_next = 0x0, rcon_we = 0x0
w0 = 0x00000000, w1 = 0x00000000, w2 = 0x00000000, w3 = 0x00000000
w4 = 0x00000000, w5 = 0x00000000, w6 = 0x00000000, w7 = 0x00000000
sboxw = 0xcb706385, new_sboxw = 0x1f51fb97, rconw = 0x00000000
tw = 0x00000000, trw = 0x00000000
key_mem_new = 0x00000000000000000000000000000000, key_mem_we = 0x0

** key 0xe matched expected round key.
** Got:      0x10f80a1753bf729c45c979e7cb706385 **

** Testing with 256-bit key 0xffffffffffffffffffffffffffffffffffffffffffffffffffffffffffffffff

State of DUT
------------
Inputs and outputs:
key       = 0xffffffffffffffffffffffffffffffffffffffffffffffffffffffffffffffff
keylen    = 0x1, init = 0x1, ready = 0x1
round     = 0x0e
round_key = 0x10f80a1753bf729c45c979e7cb706385

Internal states:
key_mem_ctrl = 0x00, round_key_update = 0x0, round_ctr_reg = 0xf
prev_key0_reg = 0x00000000000000000000000000000000, prev_key0_new = 0x00000000000000000000000000000000, prev_key0_we = 0x0
prev_key1_reg = 0x00000000000000000000000000000000, prev_key1_new = 0x00000000000000000000000000000000, prev_key1_we = 0x0
rcon_reg = 0x00, rcon_new = 0x00,  rcon_set = 0x0,  rcon_next = 0x0, rcon_we = 0x0
w0 = 0x00000000, w1 = 0x00000000, w2 = 0x00000000, w3 = 0x00000000
w4 = 0x00000000, w5 = 0x00000000, w6 = 0x00000000, w7 = 0x00000000
sboxw = 0xcb706385, new_sboxw = 0x1f51fb97, rconw = 0x00000000
tw = 0x00000000, trw = 0x00000000
key_mem_new = 0x00000000000000000000000000000000, key_mem_we = 0x0

State of DUT
------------
Inputs and outputs:
key       = 0xffffffffffffffffffffffffffffffffffffffffffffffffffffffffffffffff
keylen    = 0x1, init = 0x1, ready = 0x0
round     = 0x0e
round_key = 0x10f80a1753bf729c45c979e7cb706385

Internal states:
key_mem_ctrl = 0x00, round_key_update = 0x0, round_ctr_reg = 0x2
prev_key0_reg = 0x00000000000000000000000000000000, prev_key0_new = 0x00000000000000000000000000000000, prev_key0_we = 0x0
prev_key1_reg = 0x00000000000000000000000000000000, prev_key1_new = 0x00000000000000000000000000000000, prev_key1_we = 0x0
rcon_reg = 0x00, rcon_new = 0x00,  rcon_set = 0x0,  rcon_next = 0x0, rcon_we = 0x0
w0 = 0x00000000, w1 = 0x00000000, w2 = 0x00000000, w3 = 0x00000000
w4 = 0x00000000, w5 = 0x00000000, w6 = 0x00000000, w7 = 0x00000000
sboxw = 0xffffffff, new_sboxw = 0x16161616, rconw = 0x00000000
tw = 0x00000000, trw = 0x00000000
key_mem_new = 0x00000000000000000000000000000000, key_mem_we = 0x0

State of DUT
------------
Inputs and outputs:
key       = 0xffffffffffffffffffffffffffffffffffffffffffffffffffffffffffffffff
keylen    = 0x1, init = 0x0, ready = 0x0
round     = 0x0e
round_key = 0x10f80a1753bf729c45c979e7cb706385

Internal states:
key_mem_ctrl = 0x00, round_key_update = 0x0, round_ctr_reg = 0x2
prev_key0_reg = 0x00000000000000000000000000000000, prev_key0_new = 0x00000000000000000000000000000000, prev_key0_we = 0x0
prev_key1_reg = 0x00000000000000000000000000000000, prev_key1_new = 0x00000000000000000000000000000000, prev_key1_we = 0x0
rcon_reg = 0x00, rcon_new = 0x00,  rcon_set = 0x0,  rcon_next = 0x0, rcon_we = 0x0
w0 = 0x00000000, w1 = 0x00000000, w2 = 0x00000000, w3 = 0x00000000
w4 = 0x00000000, w5 = 0x00000000, w6 = 0x00000000, w7 = 0x00000000
sboxw = 0xffffffff, new_sboxw = 0x16161616, rconw = 0x00000000
tw = 0x00000000, trw = 0x00000000
key_mem_new = 0x00000000000000000000000000000000, key_mem_we = 0x0

State of DUT
------------
Inputs and outputs:
key       = 0xffffffffffffffffffffffffffffffffffffffffffffffffffffffffffffffff
keylen    = 0x1, init = 0x0, ready = 0x0
round     = 0x0e
round_key = 0x10f80a1753bf729c45c979e7cb706385

Internal states:
key_mem_ctrl = 0x00, round_key_update = 0x0, round_ctr_reg = 0x3
prev_key0_reg = 0x00000000000000000000000000000000, prev_key0_new = 0x00000000000000000000000000000000, prev_key0_we = 0x0
prev_key1_reg = 0x00000000000000000000000000000000, prev_key1_new = 0x00000000000000000000000000000000, prev_key1_we = 0x0
rcon_reg = 0x00, rcon_new = 0x00,  rcon_set = 0x0,  rcon_next = 0x0, rcon_we = 0x0
w0 = 0x00000000, w1 = 0x00000000, w2 = 0x00000000, w3 = 0x00000000
w4 = 0x00000000, w5 = 0x00000000, w6 = 0x00000000, w7 = 0x00000000
sboxw = 0x17161616, new_sboxw = 0xf0474747, rconw = 0x00000000
tw = 0x00000000, trw = 0x00000000
key_mem_new = 0x00000000000000000000000000000000, key_mem_we = 0x0

State of DUT
------------
Inputs and outputs:
key       = 0xffffffffffffffffffffffffffffffffffffffffffffffffffffffffffffffff
keylen    = 0x1, init = 0x0, ready = 0x0
round     = 0x0e
round_key = 0x10f80a1753bf729c45c979e7cb706385

Internal states:
key_mem_ctrl = 0x00, round_key_update = 0x0, round_ctr_reg = 0x4
prev_key0_reg = 0x00000000000000000000000000000000, prev_key0_new = 0x00000000000000000000000000000000, prev_key0_we = 0x0
prev_key1_reg = 0x00000000000000000000000000000000, prev_key1_new = 0x00000000000000000000000000000000, prev_key1_we = 0x0
rcon_reg = 0x00, rcon_new = 0x00,  rcon_set = 0x0,  rcon_next = 0x0, rcon_we = 0x0
w0 = 0x00000000, w1 = 0x00000000, w2 = 0x00000000, w3 = 0x00000000
w4 = 0x00000000, w5 = 0x00000000, w6 = 0x00000000, w7 = 0x00000000
sboxw = 0x474747f0, new_sboxw = 0xa0a0a08c, rconw = 0x00000000
tw = 0x00000000, trw = 0x00000000
key_mem_new = 0x00000000000000000000000000000000, key_mem_we = 0x0

State of DUT
------------
Inputs and outputs:
key       = 0xffffffffffffffffffffffffffffffffffffffffffffffffffffffffffffffff
keylen    = 0x1, init = 0x0, ready = 0x0
round     = 0x0e
round_key = 0x10f80a1753bf729c45c979e7cb706385

Internal states:
key_mem_ctrl = 0x00, round_key_update = 0x0, round_ctr_reg = 0x5
prev_key0_reg = 0x00000000000000000000000000000000, prev_key0_new = 0x00000000000000000000000000000000, prev_key0_we = 0x0
prev_key1_reg = 0x00000000000000000000000000000000, prev_key1_new = 0x00000000000000000000000000000000, prev_key1_we = 0x0
rcon_reg = 0x00, rcon_new = 0x00,  rcon_set = 0x0,  rcon_next = 0x0, rcon_we = 0x0
w0 = 0x00000000, w1 = 0x00000000, w2 = 0x00000000, w3 = 0x00000000
w4 = 0x00000000, w5 = 0x00000000, w6 = 0x00000000, w7 = 0x00000000
sboxw = 0xa2a0a08c, new_sboxw = 0x3ae0e064, rconw = 0x00000000
tw = 0x00000000, trw = 0x00000000
key_mem_new = 0x00000000000000000000000000000000, key_mem_we = 0x0

State of DUT
------------
Inputs and outputs:
key       = 0xffffffffffffffffffffffffffffffffffffffffffffffffffffffffffffffff
keylen    = 0x1, init = 0x0, ready = 0x0
round     = 0x0e
round_key = 0x10f80a1753bf729c45c979e7cb706385

Internal states:
key_mem_ctrl = 0x00, round_key_update = 0x0, round_ctr_reg = 0x6
prev_key0_reg = 0x00000000000000000000000000000000, prev_key0_new = 0x00000000000000000000000000000000, prev_key0_we = 0x0
prev_key1_reg = 0x00000000000000000000000000000000, prev_key1_new = 0x00000000000000000000000000000000, prev_key1_we = 0x0
rcon_reg = 0x00, rcon_new = 0x00,  rcon_set = 0x0,  rcon_next = 0x0, rcon_we = 0x0
w0 = 0x00000000, w1 = 0x00000000, w2 = 0x00000000, w3 = 0x00000000
w4 = 0x00000000, w5 = 0x00000000, w6 = 0x00000000, w7 = 0x00000000
sboxw = 0xe0e0643a, new_sboxw = 0xe1e14380, rconw = 0x00000000
tw = 0x00000000, trw = 0x00000000
key_mem_new = 0x00000000000000000000000000000000, key_mem_we = 0x0

State of DUT
------------
Inputs and outputs:
key       = 0xffffffffffffffffffffffffffffffffffffffffffffffffffffffffffffffff
keylen    = 0x1, init = 0x0, ready = 0x0
round     = 0x0e
round_key = 0x10f80a1753bf729c45c979e7cb706385

Internal states:
key_mem_ctrl = 0x00, round_key_update = 0x0, round_ctr_reg = 0x7
prev_key0_reg = 0x00000000000000000000000000000000, prev_key0_new = 0x00000000000000000000000000000000, prev_key0_we = 0x0
prev_key1_reg = 0x00000000000000000000000000000000, prev_key1_new = 0x00000000000000000000000000000000, prev_key1_we = 0x0
rcon_reg = 0x00, rcon_new = 0x00,  rcon_set = 0x0,  rcon_next = 0x0, rcon_we = 0x0
w0 = 0x00000000, w1 = 0x00000000, w2 = 0x00000000, w3 = 0x00000000
w4 = 0x00000000, w5 = 0x00000000, w6 = 0x00000000, w7 = 0x00000000
sboxw = 0xe5e14380, new_sboxw = 0xd9f81acd, rconw = 0x00000000
tw = 0x00000000, trw = 0x00000000
key_mem_new = 0x00000000000000000000000000000000, key_mem_we = 0x0

State of DUT
------------
Inputs and outputs:
key       = 0xffffffffffffffffffffffffffffffffffffffffffffffffffffffffffffffff
keylen    = 0x1, init = 0x0, ready = 0x0
round     = 0x0e
round_key = 0x10f80a1753bf729c45c979e7cb706385

Internal states:
key_mem_ctrl = 0x00, round_key_update = 0x0, round_ctr_reg = 0x8
prev_key0_reg = 0x00000000000000000000000000000000, prev_key0_new = 0x00000000000000000000000000000000, prev_key0_we = 0x0
prev_key1_reg = 0x00000000000000000000000000000000, prev_key1_new = 0x00000000000000000000000000000000, prev_key1_we = 0x0
rcon_reg = 0x00, rcon_new = 0x00,  rcon_set = 0x0,  rcon_next = 0x0, rcon_we = 0x0
w0 = 0x00000000, w1 = 0x00000000, w2 = 0x00000000, w3 = 0x00000000
w4 = 0x00000000, w5 = 0x00000000, w6 = 0x00000000, w7 = 0x00000000
sboxw = 0xf81acdd9, new_sboxw = 0x41a2bd35, rconw = 0x00000000
tw = 0x00000000, trw = 0x00000000
key_mem_new = 0x00000000000000000000000000000000, key_mem_we = 0x0

State of DUT
------------
Inputs and outputs:
key       = 0xffffffffffffffffffffffffffffffffffffffffffffffffffffffffffffffff
keylen    = 0x1, init = 0x0, ready = 0x0
round     = 0x0e
round_key = 0x10f80a1753bf729c45c979e7cb706385

Internal states:
key_mem_ctrl = 0x00, round_key_update = 0x0, round_ctr_reg = 0x9
prev_key0_reg = 0x00000000000000000000000000000000, prev_key0_new = 0x00000000000000000000000000000000, prev_key0_we = 0x0
prev_key1_reg = 0x00000000000000000000000000000000, prev_key1_new = 0x00000000000000000000000000000000, prev_key1_we = 0x0
rcon_reg = 0x00, rcon_new = 0x00,  rcon_set = 0x0,  rcon_next = 0x0, rcon_we = 0x0
w0 = 0x00000000, w1 = 0x00000000, w2 = 0x00000000, w3 = 0x00000000
w4 = 0x00000000, w5 = 0x00000000, w6 = 0x00000000, w7 = 0x00000000
sboxw = 0xb65d42ca, new_sboxw = 0x4e4c2c74, rconw = 0x00000000
tw = 0x00000000, trw = 0x00000000
key_mem_new = 0x00000000000000000000000000000000, key_mem_we = 0x0

State of DUT
------------
Inputs and outputs:
key       = 0xffffffffffffffffffffffffffffffffffffffffffffffffffffffffffffffff
keylen    = 0x1, init = 0x0, ready = 0x0
round     = 0x0e
round_key = 0x10f80a1753bf729c45c979e7cb706385

Internal states:
key_mem_ctrl = 0x00, round_key_update = 0x0, round_ctr_reg = 0xa
prev_key0_reg = 0x00000000000000000000000000000000, prev_key0_new = 0x00000000000000000000000000000000, prev_key0_we = 0x0
prev_key1_reg = 0x00000000000000000000000000000000, prev_key1_new = 0x00000000000000000000000000000000, prev_key1_we = 0x0
rcon_reg = 0x00, rcon_new = 0x00,  rcon_set = 0x0,  rcon_next = 0x0, rcon_we = 0x0
w0 = 0x00000000, w1 = 0x00000000, w2 = 0x00000000, w3 = 0x00000000
w4 = 0x00000000, w5 = 0x00000000, w6 = 0x00000000, w7 = 0x00000000
sboxw = 0xb3d38bb1, new_sboxw = 0x6d663dc8, rconw = 0x00000000
tw = 0x00000000, trw = 0x00000000
key_mem_new = 0x00000000000000000000000000000000, key_mem_we = 0x0

State of DUT
------------
Inputs and outputs:
key       = 0xffffffffffffffffffffffffffffffffffffffffffffffffffffffffffffffff
keylen    = 0x1, init = 0x0, ready = 0x0
round     = 0x0e
round_key = 0x10f80a1753bf729c45c979e7cb706385

Internal states:
key_mem_ctrl = 0x00, round_key_update = 0x0, round_ctr_reg = 0xb
prev_key0_reg = 0x00000000000000000000000000000000, prev_key0_new = 0x00000000000000000000000000000000, prev_key0_we = 0x0
prev_key1_reg = 0x00000000000000000000000000000000, prev_key1_new = 0x00000000000000000000000000000000, prev_key1_we = 0x0
rcon_reg = 0x00, rcon_new = 0x00,  rcon_set = 0x0,  rcon_next = 0x0, rcon_we = 0x0
w0 = 0x00000000, w1 = 0x00000000, w2 = 0x00000000, w3 = 0x00000000
w4 = 0x00000000, w5 = 0x00000000, w6 = 0x00000000, w7 = 0x00000000
sboxw = 0x6a702bde, new_sboxw = 0x0251f11d, rconw = 0x00000000
tw = 0x00000000, trw = 0x00000000
key_mem_new = 0x00000000000000000000000000000000, key_mem_we = 0x0

State of DUT
------------
Inputs and outputs:
key       = 0xffffffffffffffffffffffffffffffffffffffffffffffffffffffffffffffff
keylen    = 0x1, init = 0x0, ready = 0x0
round     = 0x0e
round_key = 0x10f80a1753bf729c45c979e7cb706385

Internal states:
key_mem_ctrl = 0x00, round_key_update = 0x0, round_ctr_reg = 0xc
prev_key0_reg = 0x00000000000000000000000000000000, prev_key0_new = 0x00000000000000000000000000000000, prev_key0_we = 0x0
prev_key1_reg = 0x00000000000000000000000000000000, prev_key1_new = 0x00000000000000000000000000000000, prev_key1_we = 0x0
rcon_reg = 0x00, rcon_new = 0x00,  rcon_set = 0x0,  rcon_next = 0x0, rcon_we = 0x0
w0 = 0x00000000, w1 = 0x00000000, w2 = 0x00000000, w3 = 0x00000000
w4 = 0x00000000, w5 = 0x00000000, w6 = 0x00000000, w7 = 0x00000000
sboxw = 0x16b65af2, new_sboxw = 0x474ebe89, rconw = 0x00000000
tw = 0x00000000, trw = 0x00000000
key_mem_new = 0x00000000000000000000000000000000, key_mem_we = 0x0

State of DUT
------------
Inputs and outputs:
key       = 0xffffffffffffffffffffffffffffffffffffffffffffffffffffffffffffffff
keylen    = 0x1, init = 0x0, ready = 0x0
round     = 0x0e
round_key = 0x10f80a1753bf729c45c979e7cb706385

Internal states:
key_mem_ctrl = 0x00, round_key_update = 0x0, round_ctr_reg = 0xd
prev_key0_reg = 0x00000000000000000000000000000000, prev_key0_new = 0x00000000000000000000000000000000, prev_key0_we = 0x0
prev_key1_reg = 0x00000000000000000000000000000000, prev_key1_new = 0x00000000000000000000000000000000, prev_key1_we = 0x0
rcon_reg = 0x00, rcon_new = 0x00,  rcon_set = 0x0,  rcon_next = 0x0, rcon_we = 0x0
w0 = 0x00000000, w1 = 0x00000000, w2 = 0x00000000, w3 = 0x00000000
w4 = 0x00000000, w5 = 0x00000000, w6 = 0x00000000, w7 = 0x00000000
sboxw = 0xc5ee1e05, new_sboxw = 0xa628726b, rconw = 0x00000000
tw = 0x00000000, trw = 0x00000000
key_mem_new = 0x00000000000000000000000000000000, key_mem_we = 0x0

State of DUT
------------
Inputs and outputs:
key       = 0xffffffffffffffffffffffffffffffffffffffffffffffffffffffffffffffff
keylen    = 0x1, init = 0x0, ready = 0x0
round     = 0x0e
round_key = 0x10f80a1753bf729c45c979e7cb706385

Internal states:
key_mem_ctrl = 0x00, round_key_update = 0x0, round_ctr_reg = 0xe
prev_key0_reg = 0x00000000000000000000000000000000, prev_key0_new = 0x00000000000000000000000000000000, prev_key0_we = 0x0
prev_key1_reg = 0x00000000000000000000000000000000, prev_key1_new = 0x00000000000000000000000000000000, prev_key1_we = 0x0
rcon_reg = 0x00, rcon_new = 0x00,  rcon_set = 0x0,  rcon_next = 0x0, rcon_we = 0x0
w0 = 0x00000000, w1 = 0x00000000, w2 = 0x00000000, w3 = 0x00000000
w4 = 0x00000000, w5 = 0x00000000, w6 = 0x00000000, w7 = 0x00000000
sboxw = 0xc8920f9c, new_sboxw = 0xe84f76de, rconw = 0x00000000
tw = 0x00000000, trw = 0x00000000
key_mem_new = 0x00000000000000000000000000000000, key_mem_we = 0x0

State of DUT
------------
Inputs and outputs:
key       = 0xffffffffffffffffffffffffffffffffffffffffffffffffffffffffffffffff
keylen    = 0x1, init = 0x0, ready = 0x1
round     = 0x00
round_key = 0xffffffffffffffffffffffffffffffff

Internal states:
key_mem_ctrl = 0x00, round_key_update = 0x0, round_ctr_reg = 0xf
prev_key0_reg = 0x00000000000000000000000000000000, prev_key0_new = 0x00000000000000000000000000000000, prev_key0_we = 0x0
prev_key1_reg = 0x00000000000000000000000000000000, prev_key1_new = 0x00000000000000000000000000000000, prev_key1_we = 0x0
rcon_reg = 0x00, rcon_new = 0x00,  rcon_set = 0x0,  rcon_next = 0x0, rcon_we = 0x0
w0 = 0x00000000, w1 = 0x00000000, w2 = 0x00000000, w3 = 0x00000000
w4 = 0x00000000, w5 = 0x00000000, w6 = 0x00000000, w7 = 0x00000000
sboxw = 0x4dae355e, new_sboxw = 0xe3e49658, rconw = 0x00000000
tw = 0x00000000, trw = 0x00000000
key_mem_new = 0x00000000000000000000000000000000, key_mem_we = 0x0

** key 0x0 matched expected round key.
** Got:      0xffffffffffffffffffffffffffffffff **

State of DUT
------------
Inputs and outputs:
key       = 0xffffffffffffffffffffffffffffffffffffffffffffffffffffffffffffffff
keylen    = 0x1, init = 0x0, ready = 0x1
round     = 0x01
round_key = 0xffffffffffffffffffffffffffffffff

Internal states:
key_mem_ctrl = 0x00, round_key_update = 0x0, round_ctr_reg = 0xf
prev_key0_reg = 0x00000000000000000000000000000000, prev_key0_new = 0x00000000000000000000000000000000, prev_key0_we = 0x0
prev_key1_reg = 0x00000000000000000000000000000000, prev_key1_new = 0x00000000000000000000000000000000, prev_key1_we = 0x0
rcon_reg = 0x00, rcon_new = 0x00,  rcon_set = 0x0,  rcon_next = 0x0, rcon_we = 0x0
w0 = 0x00000000, w1 = 0x00000000, w2 = 0x00000000, w3 = 0x00000000
w4 = 0x00000000, w5 = 0x00000000, w6 = 0x00000000, w7 = 0x00000000
sboxw = 0x4dae355e, new_sboxw = 0xe3e49658, rconw = 0x00000000
tw = 0x00000000, trw = 0x00000000
key_mem_new = 0x00000000000000000000000000000000, key_mem_we = 0x0

** key 0x1 matched expected round key.
** Got:      0xffffffffffffffffffffffffffffffff **

State of DUT
------------
Inputs and outputs:
key       = 0xffffffffffffffffffffffffffffffffffffffffffffffffffffffffffffffff
keylen    = 0x1, init = 0x0, ready = 0x1
round     = 0x02
round_key = 0xe8e9e9e917161616e8e9e9e917161616

Internal states:
key_mem_ctrl = 0x00, round_key_update = 0x0, round_ctr_reg = 0xf
prev_key0_reg = 0x00000000000000000000000000000000, prev_key0_new = 0x00000000000000000000000000000000, prev_key0_we = 0x0
prev_key1_reg = 0x00000000000000000000000000000000, prev_key1_new = 0x00000000000000000000000000000000, prev_key1_we = 0x0
rcon_reg = 0x00, rcon_new = 0x00,  rcon_set = 0x0,  rcon_next = 0x0, rcon_we = 0x0
w0 = 0x00000000, w1 = 0x00000000, w2 = 0x00000000, w3 = 0x00000000
w4 = 0x00000000, w5 = 0x00000000, w6 = 0x00000000, w7 = 0x00000000
sboxw = 0x4dae355e, new_sboxw = 0xe3e49658, rconw = 0x00000000
tw = 0x00000000, trw = 0x00000000
key_mem_new = 0x00000000000000000000000000000000, key_mem_we = 0x0

** key 0x2 matched expected round key.
** Got:      0xe8e9e9e917161616e8e9e9e917161616 **

State of DUT
------------
Inputs and outputs:
key       = 0xffffffffffffffffffffffffffffffffffffffffffffffffffffffffffffffff
keylen    = 0x1, init = 0x0, ready = 0x1
round     = 0x03
round_key = 0x0fb8b8b8f04747470fb8b8b8f0474747

Internal states:
key_mem_ctrl = 0x00, round_key_update = 0x0, round_ctr_reg = 0xf
prev_key0_reg = 0x00000000000000000000000000000000, prev_key0_new = 0x00000000000000000000000000000000, prev_key0_we = 0x0
prev_key1_reg = 0x00000000000000000000000000000000, prev_key1_new = 0x00000000000000000000000000000000, prev_key1_we = 0x0
rcon_reg = 0x00, rcon_new = 0x00,  rcon_set = 0x0,  rcon_next = 0x0, rcon_we = 0x0
w0 = 0x00000000, w1 = 0x00000000, w2 = 0x00000000, w3 = 0x00000000
w4 = 0x00000000, w5 = 0x00000000, w6 = 0x00000000, w7 = 0x00000000
sboxw = 0x4dae355e, new_sboxw = 0xe3e49658, rconw = 0x00000000
tw = 0x00000000, trw = 0x00000000
key_mem_new = 0x00000000000000000000000000000000, key_mem_we = 0x0

** key 0x3 matched expected round key.
** Got:      0x0fb8b8b8f04747470fb8b8b8f0474747 **

State of DUT
------------
Inputs and outputs:
key       = 0xffffffffffffffffffffffffffffffffffffffffffffffffffffffffffffffff
keylen    = 0x1, init = 0x0, ready = 0x1
round     = 0x04
round_key = 0x4a4949655d5f5f73b5b6b69aa2a0a08c

Internal states:
key_mem_ctrl = 0x00, round_key_update = 0x0, round_ctr_reg = 0xf
prev_key0_reg = 0x00000000000000000000000000000000, prev_key0_new = 0x00000000000000000000000000000000, prev_key0_we = 0x0
prev_key1_reg = 0x00000000000000000000000000000000, prev_key1_new = 0x00000000000000000000000000000000, prev_key1_we = 0x0
rcon_reg = 0x00, rcon_new = 0x00,  rcon_set = 0x0,  rcon_next = 0x0, rcon_we = 0x0
w0 = 0x00000000, w1 = 0x00000000, w2 = 0x00000000, w3 = 0x00000000
w4 = 0x00000000, w5 = 0x00000000, w6 = 0x00000000, w7 = 0x00000000
sboxw = 0x4dae355e, new_sboxw = 0xe3e49658, rconw = 0x00000000
tw = 0x00000000, trw = 0x00000000
key_mem_new = 0x00000000000000000000000000000000, key_mem_we = 0x0

** key 0x4 matched expected round key.
** Got:      0x4a4949655d5f5f73b5b6b69aa2a0a08c **

State of DUT
------------
Inputs and outputs:
key       = 0xffffffffffffffffffffffffffffffffffffffffffffffffffffffffffffffff
keylen    = 0x1, init = 0x0, ready = 0x1
round     = 0x05
round_key = 0x355858dcc51f1f9bcaa7a7233ae0e064

Internal states:
key_mem_ctrl = 0x00, round_key_update = 0x0, round_ctr_reg = 0xf
prev_key0_reg = 0x00000000000000000000000000000000, prev_key0_new = 0x00000000000000000000000000000000, prev_key0_we = 0x0
prev_key1_reg = 0x00000000000000000000000000000000, prev_key1_new = 0x00000000000000000000000000000000, prev_key1_we = 0x0
rcon_reg = 0x00, rcon_new = 0x00,  rcon_set = 0x0,  rcon_next = 0x0, rcon_we = 0x0
w0 = 0x00000000, w1 = 0x00000000, w2 = 0x00000000, w3 = 0x00000000
w4 = 0x00000000, w5 = 0x00000000, w6 = 0x00000000, w7 = 0x00000000
sboxw = 0x4dae355e, new_sboxw = 0xe3e49658, rconw = 0x00000000
tw = 0x00000000, trw = 0x00000000
key_mem_new = 0x00000000000000000000000000000000, key_mem_we = 0x0

** key 0x5 matched expected round key.
** Got:      0x355858dcc51f1f9bcaa7a7233ae0e064 **

State of DUT
------------
Inputs and outputs:
key       = 0xffffffffffffffffffffffffffffffffffffffffffffffffffffffffffffffff
keylen    = 0x1, init = 0x0, ready = 0x1
round     = 0x06
round_key = 0xafa80ae5f2f755964741e30ce5e14380

Internal states:
key_mem_ctrl = 0x00, round_key_update = 0x0, round_ctr_reg = 0xf
prev_key0_reg = 0x00000000000000000000000000000000, prev_key0_new = 0x00000000000000000000000000000000, prev_key0_we = 0x0
prev_key1_reg = 0x00000000000000000000000000000000, prev_key1_new = 0x00000000000000000000000000000000, prev_key1_we = 0x0
rcon_reg = 0x00, rcon_new = 0x00,  rcon_set = 0x0,  rcon_next = 0x0, rcon_we = 0x0
w0 = 0x00000000, w1 = 0x00000000, w2 = 0x00000000, w3 = 0x00000000
w4 = 0x00000000, w5 = 0x00000000, w6 = 0x00000000, w7 = 0x00000000
sboxw = 0x4dae355e, new_sboxw = 0xe3e49658, rconw = 0x00000000
tw = 0x00000000, trw = 0x00000000
key_mem_new = 0x00000000000000000000000000000000, key_mem_we = 0x0

** key 0x6 matched expected round key.
** Got:      0xafa80ae5f2f755964741e30ce5e14380 **

State of DUT
------------
Inputs and outputs:
key       = 0xffffffffffffffffffffffffffffffffffffffffffffffffffffffffffffffff
keylen    = 0x1, init = 0x0, ready = 0x1
round     = 0x07
round_key = 0xeca0421129bf5d8ae318faa9d9f81acd

Internal states:
key_mem_ctrl = 0x00, round_key_update = 0x0, round_ctr_reg = 0xf
prev_key0_reg = 0x00000000000000000000000000000000, prev_key0_new = 0x00000000000000000000000000000000, prev_key0_we = 0x0
prev_key1_reg = 0x00000000000000000000000000000000, prev_key1_new = 0x00000000000000000000000000000000, prev_key1_we = 0x0
rcon_reg = 0x00, rcon_new = 0x00,  rcon_set = 0x0,  rcon_next = 0x0, rcon_we = 0x0
w0 = 0x00000000, w1 = 0x00000000, w2 = 0x00000000, w3 = 0x00000000
w4 = 0x00000000, w5 = 0x00000000, w6 = 0x00000000, w7 = 0x00000000
sboxw = 0x4dae355e, new_sboxw = 0xe3e49658, rconw = 0x00000000
tw = 0x00000000, trw = 0x00000000
key_mem_new = 0x00000000000000000000000000000000, key_mem_we = 0x0

** key 0x7 matched expected round key.
** Got:      0xeca0421129bf5d8ae318faa9d9f81acd **

State of DUT
------------
Inputs and outputs:
key       = 0xffffffffffffffffffffffffffffffffffffffffffffffffffffffffffffffff
keylen    = 0x1, init = 0x0, ready = 0x1
round     = 0x08
round_key = 0xe60ab7d014fde24653bc014ab65d42ca

Internal states:
key_mem_ctrl = 0x00, round_key_update = 0x0, round_ctr_reg = 0xf
prev_key0_reg = 0x00000000000000000000000000000000, prev_key0_new = 0x00000000000000000000000000000000, prev_key0_we = 0x0
prev_key1_reg = 0x00000000000000000000000000000000, prev_key1_new = 0x00000000000000000000000000000000, prev_key1_we = 0x0
rcon_reg = 0x00, rcon_new = 0x00,  rcon_set = 0x0,  rcon_next = 0x0, rcon_we = 0x0
w0 = 0x00000000, w1 = 0x00000000, w2 = 0x00000000, w3 = 0x00000000
w4 = 0x00000000, w5 = 0x00000000, w6 = 0x00000000, w7 = 0x00000000
sboxw = 0x4dae355e, new_sboxw = 0xe3e49658, rconw = 0x00000000
tw = 0x00000000, trw = 0x00000000
key_mem_new = 0x00000000000000000000000000000000, key_mem_we = 0x0

** key 0x8 matched expected round key.
** Got:      0xe60ab7d014fde24653bc014ab65d42ca **

State of DUT
------------
Inputs and outputs:
key       = 0xffffffffffffffffffffffffffffffffffffffffffffffffffffffffffffffff
keylen    = 0x1, init = 0x0, ready = 0x1
round     = 0x09
round_key = 0xa2ec6e658b5333ef684bc946b1b3d38b

Internal states:
key_mem_ctrl = 0x00, round_key_update = 0x0, round_ctr_reg = 0xf
prev_key0_reg = 0x00000000000000000000000000000000, prev_key0_new = 0x00000000000000000000000000000000, prev_key0_we = 0x0
prev_key1_reg = 0x00000000000000000000000000000000, prev_key1_new = 0x00000000000000000000000000000000, prev_key1_we = 0x0
rcon_reg = 0x00, rcon_new = 0x00,  rcon_set = 0x0,  rcon_next = 0x0, rcon_we = 0x0
w0 = 0x00000000, w1 = 0x00000000, w2 = 0x00000000, w3 = 0x00000000
w4 = 0x00000000, w5 = 0x00000000, w6 = 0x00000000, w7 = 0x00000000
sboxw = 0x4dae355e, new_sboxw = 0xe3e49658, rconw = 0x00000000
tw = 0x00000000, trw = 0x00000000
key_mem_new = 0x00000000000000000000000000000000, key_mem_we = 0x0

** key 0x9 matched expected round key.
** Got:      0xa2ec6e658b5333ef684bc946b1b3d38b **

State of DUT
------------
Inputs and outputs:
key       = 0xffffffffffffffffffffffffffffffffffffffffffffffffffffffffffffffff
keylen    = 0x1, init = 0x0, ready = 0x1
round     = 0x0a
round_key = 0x9b6c8a188f91685edc2d69146a702bde

Internal states:
key_mem_ctrl = 0x00, round_key_update = 0x0, round_ctr_reg = 0xf
prev_key0_reg = 0x00000000000000000000000000000000, prev_key0_new = 0x00000000000000000000000000000000, prev_key0_we = 0x0
prev_key1_reg = 0x00000000000000000000000000000000, prev_key1_new = 0x00000000000000000000000000000000, prev_key1_we = 0x0
rcon_reg = 0x00, rcon_new = 0x00,  rcon_set = 0x0,  rcon_next = 0x0, rcon_we = 0x0
w0 = 0x00000000, w1 = 0x00000000, w2 = 0x00000000, w3 = 0x00000000
w4 = 0x00000000, w5 = 0x00000000, w6 = 0x00000000, w7 = 0x00000000
sboxw = 0x4dae355e, new_sboxw = 0xe3e49658, rconw = 0x00000000
tw = 0x00000000, trw = 0x00000000
key_mem_new = 0x00000000000000000000000000000000, key_mem_we = 0x0

** key 0xa matched expected round key.
** Got:      0x9b6c8a188f91685edc2d69146a702bde **

State of DUT
------------
Inputs and outputs:
key       = 0xffffffffffffffffffffffffffffffffffffffffffffffffffffffffffffffff
keylen    = 0x1, init = 0x0, ready = 0x1
round     = 0x0b
round_key = 0xa0bd9f782beeac9743a565d1f216b65a

Internal states:
key_mem_ctrl = 0x00, round_key_update = 0x0, round_ctr_reg = 0xf
prev_key0_reg = 0x00000000000000000000000000000000, prev_key0_new = 0x00000000000000000000000000000000, prev_key0_we = 0x0
prev_key1_reg = 0x00000000000000000000000000000000, prev_key1_new = 0x00000000000000000000000000000000, prev_key1_we = 0x0
rcon_reg = 0x00, rcon_new = 0x00,  rcon_set = 0x0,  rcon_next = 0x0, rcon_we = 0x0
w0 = 0x00000000, w1 = 0x00000000, w2 = 0x00000000, w3 = 0x00000000
w4 = 0x00000000, w5 = 0x00000000, w6 = 0x00000000, w7 = 0x00000000
sboxw = 0x4dae355e, new_sboxw = 0xe3e49658, rconw = 0x00000000
tw = 0x00000000, trw = 0x00000000
key_mem_new = 0x00000000000000000000000000000000, key_mem_we = 0x0

** key 0xb matched expected round key.
** Got:      0xa0bd9f782beeac9743a565d1f216b65a **

State of DUT
------------
Inputs and outputs:
key       = 0xffffffffffffffffffffffffffffffffffffffffffffffffffffffffffffffff
keylen    = 0x1, init = 0x0, ready = 0x1
round     = 0x0c
round_key = 0xfc22349173b35ccfaf9e35dbc5ee1e05

Internal states:
key_mem_ctrl = 0x00, round_key_update = 0x0, round_ctr_reg = 0xf
prev_key0_reg = 0x00000000000000000000000000000000, prev_key0_new = 0x00000000000000000000000000000000, prev_key0_we = 0x0
prev_key1_reg = 0x00000000000000000000000000000000, prev_key1_new = 0x00000000000000000000000000000000, prev_key1_we = 0x0
rcon_reg = 0x00, rcon_new = 0x00,  rcon_set = 0x0,  rcon_next = 0x0, rcon_we = 0x0
w0 = 0x00000000, w1 = 0x00000000, w2 = 0x00000000, w3 = 0x00000000
w4 = 0x00000000, w5 = 0x00000000, w6 = 0x00000000, w7 = 0x00000000
sboxw = 0x4dae355e, new_sboxw = 0xe3e49658, rconw = 0x00000000
tw = 0x00000000, trw = 0x00000000
key_mem_new = 0x00000000000000000000000000000000, key_mem_we = 0x0

** key 0xc matched expected round key.
** Got:      0xfc22349173b35ccfaf9e35dbc5ee1e05 **

State of DUT
------------
Inputs and outputs:
key       = 0xffffffffffffffffffffffffffffffffffffffffffffffffffffffffffffffff
keylen    = 0x1, init = 0x0, ready = 0x1
round     = 0x0d
round_key = 0x0695ed132d7b41846ede24559cc8920f

Internal states:
key_mem_ctrl = 0x00, round_key_update = 0x0, round_ctr_reg = 0xf
prev_key0_reg = 0x00000000000000000000000000000000, prev_key0_new = 0x00000000000000000000000000000000, prev_key0_we = 0x0
prev_key1_reg = 0x00000000000000000000000000000000, prev_key1_new = 0x00000000000000000000000000000000, prev_key1_we = 0x0
rcon_reg = 0x00, rcon_new = 0x00,  rcon_set = 0x0,  rcon_next = 0x0, rcon_we = 0x0
w0 = 0x00000000, w1 = 0x00000000, w2 = 0x00000000, w3 = 0x00000000
w4 = 0x00000000, w5 = 0x00000000, w6 = 0x00000000, w7 = 0x00000000
sboxw = 0x4dae355e, new_sboxw = 0xe3e49658, rconw = 0x00000000
tw = 0x00000000, trw = 0x00000000
key_mem_new = 0x00000000000000000000000000000000, key_mem_we = 0x0

** key 0xd matched expected round key.
** Got:      0x0695ed132d7b41846ede24559cc8920f **

State of DUT
------------
Inputs and outputs:
key       = 0xffffffffffffffffffffffffffffffffffffffffffffffffffffffffffffffff
keylen    = 0x1, init = 0x0, ready = 0x1
round     = 0x0e
round_key = 0x546d424f27de1e8088402b5b4dae355e

Internal states:
key_mem_ctrl = 0x00, round_key_update = 0x0, round_ctr_reg = 0xf
prev_key0_reg = 0x00000000000000000000000000000000, prev_key0_new = 0x00000000000000000000000000000000, prev_key0_we = 0x0
prev_key1_reg = 0x00000000000000000000000000000000, prev_key1_new = 0x00000000000000000000000000000000, prev_key1_we = 0x0
rcon_reg = 0x00, rcon_new = 0x00,  rcon_set = 0x0,  rcon_next = 0x0, rcon_we = 0x0
w0 = 0x00000000, w1 = 0x00000000, w2 = 0x00000000, w3 = 0x00000000
w4 = 0x00000000, w5 = 0x00000000, w6 = 0x00000000, w7 = 0x00000000
sboxw = 0x4dae355e, new_sboxw = 0xe3e49658, rconw = 0x00000000
tw = 0x00000000, trw = 0x00000000
key_mem_new = 0x00000000000000000000000000000000, key_mem_we = 0x0

** key 0xe matched expected round key.
** Got:      0x546d424f27de1e8088402b5b4dae355e **

** Testing with 256-bit key 0x000102030405060708090a0b0c0d0e0f101112131415161718191a1b1c1d1e1f

State of DUT
------------
Inputs and outputs:
key       = 0x000102030405060708090a0b0c0d0e0f101112131415161718191a1b1c1d1e1f
keylen    = 0x1, init = 0x1, ready = 0x1
round     = 0x0e
round_key = 0x546d424f27de1e8088402b5b4dae355e

Internal states:
key_mem_ctrl = 0x00, round_key_update = 0x0, round_ctr_reg = 0xf
prev_key0_reg = 0x00000000000000000000000000000000, prev_key0_new = 0x00000000000000000000000000000000, prev_key0_we = 0x0
prev_key1_reg = 0x00000000000000000000000000000000, prev_key1_new = 0x00000000000000000000000000000000, prev_key1_we = 0x0
rcon_reg = 0x00, rcon_new = 0x00,  rcon_set = 0x0,  rcon_next = 0x0, rcon_we = 0x0
w0 = 0x00000000, w1 = 0x00000000, w2 = 0x00000000, w3 = 0x00000000
w4 = 0x00000000, w5 = 0x00000000, w6 = 0x00000000, w7 = 0x00000000
sboxw = 0x4dae355e, new_sboxw = 0xe3e49658, rconw = 0x00000000
tw = 0x00000000, trw = 0x00000000
key_mem_new = 0x00000000000000000000000000000000, key_mem_we = 0x0

State of DUT
------------
Inputs and outputs:
key       = 0x000102030405060708090a0b0c0d0e0f101112131415161718191a1b1c1d1e1f
keylen    = 0x1, init = 0x1, ready = 0x0
round     = 0x0e
round_key = 0x546d424f27de1e8088402b5b4dae355e

Internal states:
key_mem_ctrl = 0x00, round_key_update = 0x0, round_ctr_reg = 0x2
prev_key0_reg = 0x00000000000000000000000000000000, prev_key0_new = 0x00000000000000000000000000000000, prev_key0_we = 0x0
prev_key1_reg = 0x00000000000000000000000000000000, prev_key1_new = 0x00000000000000000000000000000000, prev_key1_we = 0x0
rcon_reg = 0x00, rcon_new = 0x00,  rcon_set = 0x0,  rcon_next = 0x0, rcon_we = 0x0
w0 = 0x00000000, w1 = 0x00000000, w2 = 0x00000000, w3 = 0x00000000
w4 = 0x00000000, w5 = 0x00000000, w6 = 0x00000000, w7 = 0x00000000
sboxw = 0x1d1e1f1c, new_sboxw = 0xa472c09c, rconw = 0x00000000
tw = 0x00000000, trw = 0x00000000
key_mem_new = 0x00000000000000000000000000000000, key_mem_we = 0x0

State of DUT
------------
Inputs and outputs:
key       = 0x000102030405060708090a0b0c0d0e0f101112131415161718191a1b1c1d1e1f
keylen    = 0x1, init = 0x0, ready = 0x0
round     = 0x0e
round_key = 0x546d424f27de1e8088402b5b4dae355e

Internal states:
key_mem_ctrl = 0x00, round_key_update = 0x0, round_ctr_reg = 0x2
prev_key0_reg = 0x00000000000000000000000000000000, prev_key0_new = 0x00000000000000000000000000000000, prev_key0_we = 0x0
prev_key1_reg = 0x00000000000000000000000000000000, prev_key1_new = 0x00000000000000000000000000000000, prev_key1_we = 0x0
rcon_reg = 0x00, rcon_new = 0x00,  rcon_set = 0x0,  rcon_next = 0x0, rcon_we = 0x0
w0 = 0x00000000, w1 = 0x00000000, w2 = 0x00000000, w3 = 0x00000000
w4 = 0x00000000, w5 = 0x00000000, w6 = 0x00000000, w7 = 0x00000000
sboxw = 0x1d1e1f1c, new_sboxw = 0xa472c09c, rconw = 0x00000000
tw = 0x00000000, trw = 0x00000000
key_mem_new = 0x00000000000000000000000000000000, key_mem_we = 0x0

State of DUT
------------
Inputs and outputs:
key       = 0x000102030405060708090a0b0c0d0e0f101112131415161718191a1b1c1d1e1f
keylen    = 0x1, init = 0x0, ready = 0x0
round     = 0x0e
round_key = 0x546d424f27de1e8088402b5b4dae355e

Internal states:
key_mem_ctrl = 0x00, round_key_update = 0x0, round_ctr_reg = 0x3
prev_key0_reg = 0x00000000000000000000000000000000, prev_key0_new = 0x00000000000000000000000000000000, prev_key0_we = 0x0
prev_key1_reg = 0x00000000000000000000000000000000, prev_key1_new = 0x00000000000000000000000000000000, prev_key1_we = 0x0
rcon_reg = 0x00, rcon_new = 0x00,  rcon_set = 0x0,  rcon_next = 0x0, rcon_we = 0x0
w0 = 0x00000000, w1 = 0x00000000, w2 = 0x00000000, w3 = 0x00000000
w4 = 0x00000000, w5 = 0x00000000, w6 = 0x00000000, w7 = 0x00000000
sboxw = 0xa572c09c, new_sboxw = 0x0640bade, rconw = 0x00000000
tw = 0x00000000, trw = 0x00000000
key_mem_new = 0x00000000000000000000000000000000, key_mem_we = 0x0

State of DUT
------------
Inputs and outputs:
key       = 0x000102030405060708090a0b0c0d0e0f101112131415161718191a1b1c1d1e1f
keylen    = 0x1, init = 0x0, ready = 0x0
round     = 0x0e
round_key = 0x546d424f27de1e8088402b5b4dae355e

Internal states:
key_mem_ctrl = 0x00, round_key_update = 0x0, round_ctr_reg = 0x4
prev_key0_reg = 0x00000000000000000000000000000000, prev_key0_new = 0x00000000000000000000000000000000, prev_key0_we = 0x0
prev_key1_reg = 0x00000000000000000000000000000000, prev_key1_new = 0x00000000000000000000000000000000, prev_key1_we = 0x0
rcon_reg = 0x00, rcon_new = 0x00,  rcon_set = 0x0,  rcon_next = 0x0, rcon_we = 0x0
w0 = 0x00000000, w1 = 0x00000000, w2 = 0x00000000, w3 = 0x00000000
w4 = 0x00000000, w5 = 0x00000000, w6 = 0x00000000, w7 = 0x00000000
sboxw = 0x40bade06, new_sboxw = 0x09f41d6f, rconw = 0x00000000
tw = 0x00000000, trw = 0x00000000
key_mem_new = 0x00000000000000000000000000000000, key_mem_we = 0x0

State of DUT
------------
Inputs and outputs:
key       = 0x000102030405060708090a0b0c0d0e0f101112131415161718191a1b1c1d1e1f
keylen    = 0x1, init = 0x0, ready = 0x0
round     = 0x0e
round_key = 0x546d424f27de1e8088402b5b4dae355e

Internal states:
key_mem_ctrl = 0x00, round_key_update = 0x0, round_ctr_reg = 0x5
prev_key0_reg = 0x00000000000000000000000000000000, prev_key0_new = 0x00000000000000000000000000000000, prev_key0_we = 0x0
prev_key1_reg = 0x00000000000000000000000000000000, prev_key1_new = 0x00000000000000000000000000000000, prev_key1_we = 0x0
rcon_reg = 0x00, rcon_new = 0x00,  rcon_set = 0x0,  rcon_next = 0x0, rcon_we = 0x0
w0 = 0x00000000, w1 = 0x00000000, w2 = 0x00000000, w3 = 0x00000000
w4 = 0x00000000, w5 = 0x00000000, w6 = 0x00000000, w7 = 0x00000000
sboxw = 0x03fc1567, new_sboxw = 0x7bb05985, rconw = 0x00000000
tw = 0x00000000, trw = 0x00000000
key_mem_new = 0x00000000000000000000000000000000, key_mem_we = 0x0

State of DUT
------------
Inputs and outputs:
key       = 0x000102030405060708090a0b0c0d0e0f101112131415161718191a1b1c1d1e1f
keylen    = 0x1, init = 0x0, ready = 0x0
round     = 0x0e
round_key = 0x546d424f27de1e8088402b5b4dae355e

Internal states:
key_mem_ctrl = 0x00, round_key_update = 0x0, round_ctr_reg = 0x6
prev_key0_reg = 0x00000000000000000000000000000000, prev_key0_new = 0x00000000000000000000000000000000, prev_key0_we = 0x0
prev_key1_reg = 0x00000000000000000000000000000000, prev_key1_new = 0x00000000000000000000000000000000, prev_key1_we = 0x0
rcon_reg = 0x00, rcon_new = 0x00,  rcon_set = 0x0,  rcon_next = 0x0, rcon_we = 0x0
w0 = 0x00000000, w1 = 0x00000000, w2 = 0x00000000, w3 = 0x00000000
w4 = 0x00000000, w5 = 0x00000000, w6 = 0x00000000, w7 = 0x00000000
sboxw = 0xb8518d73, new_sboxw = 0x6cd15d8f, rconw = 0x00000000
tw = 0x00000000, trw = 0x00000000
key_mem_new = 0x00000000000000000000000000000000, key_mem_we = 0x0

State of DUT
------------
Inputs and outputs:
key       = 0x000102030405060708090a0b0c0d0e0f101112131415161718191a1b1c1d1e1f
keylen    = 0x1, init = 0x0, ready = 0x0
round     = 0x0e
round_key = 0x546d424f27de1e8088402b5b4dae355e

Internal states:
key_mem_ctrl = 0x00, round_key_update = 0x0, round_ctr_reg = 0x7
prev_key0_reg = 0x00000000000000000000000000000000, prev_key0_new = 0x00000000000000000000000000000000, prev_key0_we = 0x0
prev_key1_reg = 0x00000000000000000000000000000000, prev_key1_new = 0x00000000000000000000000000000000, prev_key1_we = 0x0
rcon_reg = 0x00, rcon_new = 0x00,  rcon_set = 0x0,  rcon_next = 0x0, rcon_we = 0x0
w0 = 0x00000000, w1 = 0x00000000, w2 = 0x00000000, w3 = 0x00000000
w4 = 0x00000000, w5 = 0x00000000, w6 = 0x00000000, w7 = 0x00000000
sboxw = 0x6cd5598b, new_sboxw = 0x5003cb3d, rconw = 0x00000000
tw = 0x00000000, trw = 0x00000000
key_mem_new = 0x00000000000000000000000000000000, key_mem_we = 0x0

State of DUT
------------
Inputs and outputs:
key       = 0x000102030405060708090a0b0c0d0e0f101112131415161718191a1b1c1d1e1f
keylen    = 0x1, init = 0x0, ready = 0x0
round     = 0x0e
round_key = 0x546d424f27de1e8088402b5b4dae355e

Internal states:
key_mem_ctrl = 0x00, round_key_update = 0x0, round_ctr_reg = 0x8
prev_key0_reg = 0x00000000000000000000000000000000, prev_key0_new = 0x00000000000000000000000000000000, prev_key0_we = 0x0
prev_key1_reg = 0x00000000000000000000000000000000, prev_key1_new = 0x00000000000000000000000000000000, prev_key1_we = 0x0
rcon_reg = 0x00, rcon_new = 0x00,  rcon_set = 0x0,  rcon_next = 0x0, rcon_we = 0x0
w0 = 0x00000000, w1 = 0x00000000, w2 = 0x00000000, w3 = 0x00000000
w4 = 0x00000000, w5 = 0x00000000, w6 = 0x00000000, w7 = 0x00000000
sboxw = 0x07cf3954, new_sboxw = 0xc58a1220, rconw = 0x00000000
tw = 0x00000000, trw = 0x00000000
key_mem_new = 0x00000000000000000000000000000000, key_mem_we = 0x0

State of DUT
------------
Inputs and outputs:
key       = 0x000102030405060708090a0b0c0d0e0f101112131415161718191a1b1c1d1e1f
keylen    = 0x1, init = 0x0, ready = 0x0
round     = 0x0e
round_key = 0x546d424f27de1e8088402b5b4dae355e

Internal states:
key_mem_ctrl = 0x00, round_key_update = 0x0, round_ctr_reg = 0x9
prev_key0_reg = 0x00000000000000000000000000000000, prev_key0_new = 0x00000000000000000000000000000000, prev_key0_we = 0x0
prev_key1_reg = 0x00000000000000000000000000000000, prev_key1_new = 0x00000000000000000000000000000000, prev_key1_we = 0x0
rcon_reg = 0x00, rcon_new = 0x00,  rcon_set = 0x0,  rcon_next = 0x0, rcon_we = 0x0
w0 = 0x00000000, w1 = 0x00000000, w2 = 0x00000000, w3 = 0x00000000
w4 = 0x00000000, w5 = 0x00000000, w6 = 0x00000000, w7 = 0x00000000
sboxw = 0xc1871c2f, new_sboxw = 0x78179c15, rconw = 0x00000000
tw = 0x00000000, trw = 0x00000000
key_mem_new = 0x00000000000000000000000000000000, key_mem_we = 0x0

State of DUT
------------
Inputs and outputs:
key       = 0x000102030405060708090a0b0c0d0e0f101112131415161718191a1b1c1d1e1f
keylen    = 0x1, init = 0x0, ready = 0x0
round     = 0x0e
round_key = 0x546d424f27de1e8088402b5b4dae355e

Internal states:
key_mem_ctrl = 0x00, round_key_update = 0x0, round_ctr_reg = 0xa
prev_key0_reg = 0x00000000000000000000000000000000, prev_key0_new = 0x00000000000000000000000000000000, prev_key0_we = 0x0
prev_key1_reg = 0x00000000000000000000000000000000, prev_key1_new = 0x00000000000000000000000000000000, prev_key1_we = 0x0
rcon_reg = 0x00, rcon_new = 0x00,  rcon_set = 0x0,  rcon_next = 0x0, rcon_we = 0x0
w0 = 0x00000000, w1 = 0x00000000, w2 = 0x00000000, w3 = 0x00000000
w4 = 0x00000000, w5 = 0x00000000, w6 = 0x00000000, w7 = 0x00000000
sboxw = 0x0a820a64, new_sboxw = 0x67136743, rconw = 0x00000000
tw = 0x00000000, trw = 0x00000000
key_mem_new = 0x00000000000000000000000000000000, key_mem_we = 0x0

State of DUT
------------
Inputs and outputs:
key       = 0x000102030405060708090a0b0c0d0e0f101112131415161718191a1b1c1d1e1f
keylen    = 0x1, init = 0x0, ready = 0x0
round     = 0x0e
round_key = 0x546d424f27de1e8088402b5b4dae355e

Internal states:
key_mem_ctrl = 0x00, round_key_update = 0x0, round_ctr_reg = 0xb
prev_key0_reg = 0x00000000000000000000000000000000, prev_key0_new = 0x00000000000000000000000000000000, prev_key0_we = 0x0
prev_key1_reg = 0x00000000000000000000000000000000, prev_key1_new = 0x00000000000000000000000000000000, prev_key1_we = 0x0
rcon_reg = 0x00, rcon_new = 0x00,  rcon_set = 0x0,  rcon_next = 0x0, rcon_we = 0x0
w0 = 0x00000000, w1 = 0x00000000, w2 = 0x00000000, w3 = 0x00000000
w4 = 0x00000000, w5 = 0x00000000, w6 = 0x00000000, w7 = 0x00000000
sboxw = 0xd261a7df, new_sboxw = 0xb5ef5c9e, rconw = 0x00000000
tw = 0x00000000, trw = 0x00000000
key_mem_new = 0x00000000000000000000000000000000, key_mem_we = 0x0

State of DUT
------------
Inputs and outputs:
key       = 0x000102030405060708090a0b0c0d0e0f101112131415161718191a1b1c1d1e1f
keylen    = 0x1, init = 0x0, ready = 0x0
round     = 0x0e
round_key = 0x546d424f27de1e8088402b5b4dae355e

Internal states:
key_mem_ctrl = 0x00, round_key_update = 0x0, round_ctr_reg = 0xc
prev_key0_reg = 0x00000000000000000000000000000000, prev_key0_new = 0x00000000000000000000000000000000, prev_key0_we = 0x0
prev_key1_reg = 0x00000000000000000000000000000000, prev_key1_new = 0x00000000000000000000000000000000, prev_key1_we = 0x0
rcon_reg = 0x00, rcon_new = 0x00,  rcon_set = 0x0,  rcon_next = 0x0, rcon_we = 0x0
w0 = 0x00000000, w1 = 0x00000000, w2 = 0x00000000, w3 = 0x00000000
w4 = 0x00000000, w5 = 0x00000000, w6 = 0x00000000, w7 = 0x00000000
sboxw = 0xafe640b3, new_sboxw = 0x798e096d, rconw = 0x00000000
tw = 0x00000000, trw = 0x00000000
key_mem_new = 0x00000000000000000000000000000000, key_mem_we = 0x0

State of DUT
------------
Inputs and outputs:
key       = 0x000102030405060708090a0b0c0d0e0f101112131415161718191a1b1c1d1e1f
keylen    = 0x1, init = 0x0, ready = 0x0
round     = 0x0e
round_key = 0x546d424f27de1e8088402b5b4dae355e

Internal states:
key_mem_ctrl = 0x00, round_key_update = 0x0, round_ctr_reg = 0xd
prev_key0_reg = 0x00000000000000000000000000000000, prev_key0_new = 0x00000000000000000000000000000000, prev_key0_we = 0x0
prev_key1_reg = 0x00000000000000000000000000000000, prev_key1_new = 0x00000000000000000000000000000000, prev_key1_we = 0x0
rcon_reg = 0x00, rcon_new = 0x00,  rcon_set = 0x0,  rcon_next = 0x0, rcon_we = 0x0
w0 = 0x00000000, w1 = 0x00000000, w2 = 0x00000000, w3 = 0x00000000
w4 = 0x00000000, w5 = 0x00000000, w6 = 0x00000000, w7 = 0x00000000
sboxw = 0x5a721c0a, new_sboxw = 0xbe409c67, rconw = 0x00000000
tw = 0x00000000, trw = 0x00000000
key_mem_new = 0x00000000000000000000000000000000, key_mem_we = 0x0

State of DUT
------------
Inputs and outputs:
key       = 0x000102030405060708090a0b0c0d0e0f101112131415161718191a1b1c1d1e1f
keylen    = 0x1, init = 0x0, ready = 0x0
round     = 0x0e
round_key = 0x546d424f27de1e8088402b5b4dae355e

Internal states:
key_mem_ctrl = 0x00, round_key_update = 0x0, round_ctr_reg = 0xe
prev_key0_reg = 0x00000000000000000000000000000000, prev_key0_new = 0x00000000000000000000000000000000, prev_key0_we = 0x0
prev_key1_reg = 0x00000000000000000000000000000000, prev_key1_new = 0x00000000000000000000000000000000, prev_key1_we = 0x0
rcon_reg = 0x00, rcon_new = 0x00,  rcon_set = 0x0,  rcon_next = 0x0, rcon_we = 0x0
w0 = 0x00000000, w1 = 0x00000000, w2 = 0x00000000, w3 = 0x00000000
w4 = 0x00000000, w5 = 0x00000000, w6 = 0x00000000, w7 = 0x00000000
sboxw = 0xf8cdeacd, new_sboxw = 0x41bd87bd, rconw = 0x00000000
tw = 0x00000000, trw = 0x00000000
key_mem_new = 0x00000000000000000000000000000000, key_mem_we = 0x0

State of DUT
------------
Inputs and outputs:
key       = 0x000102030405060708090a0b0c0d0e0f101112131415161718191a1b1c1d1e1f
keylen    = 0x1, init = 0x0, ready = 0x1
round     = 0x00
round_key = 0x000102030405060708090a0b0c0d0e0f

Internal states:
key_mem_ctrl = 0x00, round_key_update = 0x0, round_ctr_reg = 0xf
prev_key0_reg = 0x00000000000000000000000000000000, prev_key0_new = 0x00000000000000000000000000000000, prev_key0_we = 0x0
prev_key1_reg = 0x00000000000000000000000000000000, prev_key1_new = 0x00000000000000000000000000000000, prev_key1_we = 0x0
rcon_reg = 0x00, rcon_new = 0x00,  rcon_set = 0x0,  rcon_next = 0x0, rcon_we = 0x0
w0 = 0x00000000, w1 = 0x00000000, w2 = 0x00000000, w3 = 0x00000000
w4 = 0x00000000, w5 = 0x00000000, w6 = 0x00000000, w7 = 0x00000000
sboxw = 0x6d68de36, new_sboxw = 0x3c451d05, rconw = 0x00000000
tw = 0x00000000, trw = 0x00000000
key_mem_new = 0x00000000000000000000000000000000, key_mem_we = 0x0

** key 0x0 matched expected round key.
** Got:      0x000102030405060708090a0b0c0d0e0f **

State of DUT
------------
Inputs and outputs:
key       = 0x000102030405060708090a0b0c0d0e0f101112131415161718191a1b1c1d1e1f
keylen    = 0x1, init = 0x0, ready = 0x1
round     = 0x01
round_key = 0x101112131415161718191a1b1c1d1e1f

Internal states:
key_mem_ctrl = 0x00, round_key_update = 0x0, round_ctr_reg = 0xf
prev_key0_reg = 0x00000000000000000000000000000000, prev_key0_new = 0x00000000000000000000000000000000, prev_key0_we = 0x0
prev_key1_reg = 0x00000000000000000000000000000000, prev_key1_new = 0x00000000000000000000000000000000, prev_key1_we = 0x0
rcon_reg = 0x00, rcon_new = 0x00,  rcon_set = 0x0,  rcon_next = 0x0, rcon_we = 0x0
w0 = 0x00000000, w1 = 0x00000000, w2 = 0x00000000, w3 = 0x00000000
w4 = 0x00000000, w5 = 0x00000000, w6 = 0x00000000, w7 = 0x00000000
sboxw = 0x6d68de36, new_sboxw = 0x3c451d05, rconw = 0x00000000
tw = 0x00000000, trw = 0x00000000
key_mem_new = 0x00000000000000000000000000000000, key_mem_we = 0x0

** key 0x1 matched expected round key.
** Got:      0x101112131415161718191a1b1c1d1e1f **

State of DUT
------------
Inputs and outputs:
key       = 0x000102030405060708090a0b0c0d0e0f101112131415161718191a1b1c1d1e1f
keylen    = 0x1, init = 0x0, ready = 0x1
round     = 0x02
round_key = 0xa573c29fa176c498a97fce93a572c09c

Internal states:
key_mem_ctrl = 0x00, round_key_update = 0x0, round_ctr_reg = 0xf
prev_key0_reg = 0x00000000000000000000000000000000, prev_key0_new = 0x00000000000000000000000000000000, prev_key0_we = 0x0
prev_key1_reg = 0x00000000000000000000000000000000, prev_key1_new = 0x00000000000000000000000000000000, prev_key1_we = 0x0
rcon_reg = 0x00, rcon_new = 0x00,  rcon_set = 0x0,  rcon_next = 0x0, rcon_we = 0x0
w0 = 0x00000000, w1 = 0x00000000, w2 = 0x00000000, w3 = 0x00000000
w4 = 0x00000000, w5 = 0x00000000, w6 = 0x00000000, w7 = 0x00000000
sboxw = 0x6d68de36, new_sboxw = 0x3c451d05, rconw = 0x00000000
tw = 0x00000000, trw = 0x00000000
key_mem_new = 0x00000000000000000000000000000000, key_mem_we = 0x0

** key 0x2 matched expected round key.
** Got:      0xa573c29fa176c498a97fce93a572c09c **

State of DUT
------------
Inputs and outputs:
key       = 0x000102030405060708090a0b0c0d0e0f101112131415161718191a1b1c1d1e1f
keylen    = 0x1, init = 0x0, ready = 0x1
round     = 0x03
round_key = 0x1651a8cd0244beda1a5da4c10640bade

Internal states:
key_mem_ctrl = 0x00, round_key_update = 0x0, round_ctr_reg = 0xf
prev_key0_reg = 0x00000000000000000000000000000000, prev_key0_new = 0x00000000000000000000000000000000, prev_key0_we = 0x0
prev_key1_reg = 0x00000000000000000000000000000000, prev_key1_new = 0x00000000000000000000000000000000, prev_key1_we = 0x0
rcon_reg = 0x00, rcon_new = 0x00,  rcon_set = 0x0,  rcon_next = 0x0, rcon_we = 0x0
w0 = 0x00000000, w1 = 0x00000000, w2 = 0x00000000, w3 = 0x00000000
w4 = 0x00000000, w5 = 0x00000000, w6 = 0x00000000, w7 = 0x00000000
sboxw = 0x6d68de36, new_sboxw = 0x3c451d05, rconw = 0x00000000
tw = 0x00000000, trw = 0x00000000
key_mem_new = 0x00000000000000000000000000000000, key_mem_we = 0x0

** key 0x3 matched expected round key.
** Got:      0x1651a8cd0244beda1a5da4c10640bade **

State of DUT
------------
Inputs and outputs:
key       = 0x000102030405060708090a0b0c0d0e0f101112131415161718191a1b1c1d1e1f
keylen    = 0x1, init = 0x0, ready = 0x1
round     = 0x04
round_key = 0xae87dff00ff11b68a68ed5fb03fc1567

Internal states:
key_mem_ctrl = 0x00, round_key_update = 0x0, round_ctr_reg = 0xf
prev_key0_reg = 0x00000000000000000000000000000000, prev_key0_new = 0x00000000000000000000000000000000, prev_key0_we = 0x0
prev_key1_reg = 0x00000000000000000000000000000000, prev_key1_new = 0x00000000000000000000000000000000, prev_key1_we = 0x0
rcon_reg = 0x00, rcon_new = 0x00,  rcon_set = 0x0,  rcon_next = 0x0, rcon_we = 0x0
w0 = 0x00000000, w1 = 0x00000000, w2 = 0x00000000, w3 = 0x00000000
w4 = 0x00000000, w5 = 0x00000000, w6 = 0x00000000, w7 = 0x00000000
sboxw = 0x6d68de36, new_sboxw = 0x3c451d05, rconw = 0x00000000
tw = 0x00000000, trw = 0x00000000
key_mem_new = 0x00000000000000000000000000000000, key_mem_we = 0x0

** key 0x4 matched expected round key.
** Got:      0xae87dff00ff11b68a68ed5fb03fc1567 **

State of DUT
------------
Inputs and outputs:
key       = 0x000102030405060708090a0b0c0d0e0f101112131415161718191a1b1c1d1e1f
keylen    = 0x1, init = 0x0, ready = 0x1
round     = 0x05
round_key = 0x6de1f1486fa54f9275f8eb5373b8518d

Internal states:
key_mem_ctrl = 0x00, round_key_update = 0x0, round_ctr_reg = 0xf
prev_key0_reg = 0x00000000000000000000000000000000, prev_key0_new = 0x00000000000000000000000000000000, prev_key0_we = 0x0
prev_key1_reg = 0x00000000000000000000000000000000, prev_key1_new = 0x00000000000000000000000000000000, prev_key1_we = 0x0
rcon_reg = 0x00, rcon_new = 0x00,  rcon_set = 0x0,  rcon_next = 0x0, rcon_we = 0x0
w0 = 0x00000000, w1 = 0x00000000, w2 = 0x00000000, w3 = 0x00000000
w4 = 0x00000000, w5 = 0x00000000, w6 = 0x00000000, w7 = 0x00000000
sboxw = 0x6d68de36, new_sboxw = 0x3c451d05, rconw = 0x00000000
tw = 0x00000000, trw = 0x00000000
key_mem_new = 0x00000000000000000000000000000000, key_mem_we = 0x0

** key 0x5 matched expected round key.
** Got:      0x6de1f1486fa54f9275f8eb5373b8518d **

State of DUT
------------
Inputs and outputs:
key       = 0x000102030405060708090a0b0c0d0e0f101112131415161718191a1b1c1d1e1f
keylen    = 0x1, init = 0x0, ready = 0x1
round     = 0x06
round_key = 0xc656827fc9a799176f294cec6cd5598b

Internal states:
key_mem_ctrl = 0x00, round_key_update = 0x0, round_ctr_reg = 0xf
prev_key0_reg = 0x00000000000000000000000000000000, prev_key0_new = 0x00000000000000000000000000000000, prev_key0_we = 0x0
prev_key1_reg = 0x00000000000000000000000000000000, prev_key1_new = 0x00000000000000000000000000000000, prev_key1_we = 0x0
rcon_reg = 0x00, rcon_new = 0x00,  rcon_set = 0x0,  rcon_next = 0x0, rcon_we = 0x0
w0 = 0x00000000, w1 = 0x00000000, w2 = 0x00000000, w3 = 0x00000000
w4 = 0x00000000, w5 = 0x00000000, w6 = 0x00000000, w7 = 0x00000000
sboxw = 0x6d68de36, new_sboxw = 0x3c451d05, rconw = 0x00000000
tw = 0x00000000, trw = 0x00000000
key_mem_new = 0x00000000000000000000000000000000, key_mem_we = 0x0

** key 0x6 matched expected round key.
** Got:      0xc656827fc9a799176f294cec6cd5598b **

State of DUT
------------
Inputs and outputs:
key       = 0x000102030405060708090a0b0c0d0e0f101112131415161718191a1b1c1d1e1f
keylen    = 0x1, init = 0x0, ready = 0x1
round     = 0x07
round_key = 0x3de23a75524775e727bf9eb45407cf39

Internal states:
key_mem_ctrl = 0x00, round_key_update = 0x0, round_ctr_reg = 0xf
prev_key0_reg = 0x00000000000000000000000000000000, prev_key0_new = 0x00000000000000000000000000000000, prev_key0_we = 0x0
prev_key1_reg = 0x00000000000000000000000000000000, prev_key1_new = 0x00000000000000000000000000000000, prev_key1_we = 0x0
rcon_reg = 0x00, rcon_new = 0x00,  rcon_set = 0x0,  rcon_next = 0x0, rcon_we = 0x0
w0 = 0x00000000, w1 = 0x00000000, w2 = 0x00000000, w3 = 0x00000000
w4 = 0x00000000, w5 = 0x00000000, w6 = 0x00000000, w7 = 0x00000000
sboxw = 0x6d68de36, new_sboxw = 0x3c451d05, rconw = 0x00000000
tw = 0x00000000, trw = 0x00000000
key_mem_new = 0x00000000000000000000000000000000, key_mem_we = 0x0

** key 0x7 matched expected round key.
** Got:      0x3de23a75524775e727bf9eb45407cf39 **

State of DUT
------------
Inputs and outputs:
key       = 0x000102030405060708090a0b0c0d0e0f101112131415161718191a1b1c1d1e1f
keylen    = 0x1, init = 0x0, ready = 0x1
round     = 0x08
round_key = 0x0bdc905fc27b0948ad5245a4c1871c2f

Internal states:
key_mem_ctrl = 0x00, round_key_update = 0x0, round_ctr_reg = 0xf
prev_key0_reg = 0x00000000000000000000000000000000, prev_key0_new = 0x00000000000000000000000000000000, prev_key0_we = 0x0
prev_key1_reg = 0x00000000000000000000000000000000, prev_key1_new = 0x00000000000000000000000000000000, prev_key1_we = 0x0
rcon_reg = 0x00, rcon_new = 0x00,  rcon_set = 0x0,  rcon_next = 0x0, rcon_we = 0x0
w0 = 0x00000000, w1 = 0x00000000, w2 = 0x00000000, w3 = 0x00000000
w4 = 0x00000000, w5 = 0x00000000, w6 = 0x00000000, w7 = 0x00000000
sboxw = 0x6d68de36, new_sboxw = 0x3c451d05, rconw = 0x00000000
tw = 0x00000000, trw = 0x00000000
key_mem_new = 0x00000000000000000000000000000000, key_mem_we = 0x0

** key 0x8 matched expected round key.
** Got:      0x0bdc905fc27b0948ad5245a4c1871c2f **

State of DUT
------------
Inputs and outputs:
key       = 0x000102030405060708090a0b0c0d0e0f101112131415161718191a1b1c1d1e1f
keylen    = 0x1, init = 0x0, ready = 0x1
round     = 0x09
round_key = 0x45f5a66017b2d387300d4d33640a820a

Internal states:
key_mem_ctrl = 0x00, round_key_update = 0x0, round_ctr_reg = 0xf
prev_key0_reg = 0x00000000000000000000000000000000, prev_key0_new = 0x00000000000000000000000000000000, prev_key0_we = 0x0
prev_key1_reg = 0x00000000000000000000000000000000, prev_key1_new = 0x00000000000000000000000000000000, prev_key1_we = 0x0
rcon_reg = 0x00, rcon_new = 0x00,  rcon_set = 0x0,  rcon_next = 0x0, rcon_we = 0x0
w0 = 0x00000000, w1 = 0x00000000, w2 = 0x00000000, w3 = 0x00000000
w4 = 0x00000000, w5 = 0x00000000, w6 = 0x00000000, w7 = 0x00000000
sboxw = 0x6d68de36, new_sboxw = 0x3c451d05, rconw = 0x00000000
tw = 0x00000000, trw = 0x00000000
key_mem_new = 0x00000000000000000000000000000000, key_mem_we = 0x0

** key 0x9 matched expected round key.
** Got:      0x45f5a66017b2d387300d4d33640a820a **

State of DUT
------------
Inputs and outputs:
key       = 0x000102030405060708090a0b0c0d0e0f101112131415161718191a1b1c1d1e1f
keylen    = 0x1, init = 0x0, ready = 0x1
round     = 0x0a
round_key = 0x7ccff71cbeb4fe5413e6bbf0d261a7df

Internal states:
key_mem_ctrl = 0x00, round_key_update = 0x0, round_ctr_reg = 0xf
prev_key0_reg = 0x00000000000000000000000000000000, prev_key0_new = 0x00000000000000000000000000000000, prev_key0_we = 0x0
prev_key1_reg = 0x00000000000000000000000000000000, prev_key1_new = 0x00000000000000000000000000000000, prev_key1_we = 0x0
rcon_reg = 0x00, rcon_new = 0x00,  rcon_set = 0x0,  rcon_next = 0x0, rcon_we = 0x0
w0 = 0x00000000, w1 = 0x00000000, w2 = 0x00000000, w3 = 0x00000000
w4 = 0x00000000, w5 = 0x00000000, w6 = 0x00000000, w7 = 0x00000000
sboxw = 0x6d68de36, new_sboxw = 0x3c451d05, rconw = 0x00000000
tw = 0x00000000, trw = 0x00000000
key_mem_new = 0x00000000000000000000000000000000, key_mem_we = 0x0

** key 0xa matched expected round key.
** Got:      0x7ccff71cbeb4fe5413e6bbf0d261a7df **

State of DUT
------------
Inputs and outputs:
key       = 0x000102030405060708090a0b0c0d0e0f101112131415161718191a1b1c1d1e1f
keylen    = 0x1, init = 0x0, ready = 0x1
round     = 0x0b
round_key = 0xf01afafee7a82979d7a5644ab3afe640

Internal states:
key_mem_ctrl = 0x00, round_key_update = 0x0, round_ctr_reg = 0xf
prev_key0_reg = 0x00000000000000000000000000000000, prev_key0_new = 0x00000000000000000000000000000000, prev_key0_we = 0x0
prev_key1_reg = 0x00000000000000000000000000000000, prev_key1_new = 0x00000000000000000000000000000000, prev_key1_we = 0x0
rcon_reg = 0x00, rcon_new = 0x00,  rcon_set = 0x0,  rcon_next = 0x0, rcon_we = 0x0
w0 = 0x00000000, w1 = 0x00000000, w2 = 0x00000000, w3 = 0x00000000
w4 = 0x00000000, w5 = 0x00000000, w6 = 0x00000000, w7 = 0x00000000
sboxw = 0x6d68de36, new_sboxw = 0x3c451d05, rconw = 0x00000000
tw = 0x00000000, trw = 0x00000000
key_mem_new = 0x00000000000000000000000000000000, key_mem_we = 0x0

** key 0xb matched expected round key.
** Got:      0xf01afafee7a82979d7a5644ab3afe640 **

State of DUT
------------
Inputs and outputs:
key       = 0x000102030405060708090a0b0c0d0e0f101112131415161718191a1b1c1d1e1f
keylen    = 0x1, init = 0x0, ready = 0x1
round     = 0x0c
round_key = 0x2541fe719bf500258813bbd55a721c0a

Internal states:
key_mem_ctrl = 0x00, round_key_update = 0x0, round_ctr_reg = 0xf
prev_key0_reg = 0x00000000000000000000000000000000, prev_key0_new = 0x00000000000000000000000000000000, prev_key0_we = 0x0
prev_key1_reg = 0x00000000000000000000000000000000, prev_key1_new = 0x00000000000000000000000000000000, prev_key1_we = 0x0
rcon_reg = 0x00, rcon_new = 0x00,  rcon_set = 0x0,  rcon_next = 0x0, rcon_we = 0x0
w0 = 0x00000000, w1 = 0x00000000, w2 = 0x00000000, w3 = 0x00000000
w4 = 0x00000000, w5 = 0x00000000, w6 = 0x00000000, w7 = 0x00000000
sboxw = 0x6d68de36, new_sboxw = 0x3c451d05, rconw = 0x00000000
tw = 0x00000000, trw = 0x00000000
key_mem_new = 0x00000000000000000000000000000000, key_mem_we = 0x0

** key 0xc matched expected round key.
** Got:      0x2541fe719bf500258813bbd55a721c0a **

State of DUT
------------
Inputs and outputs:
key       = 0x000102030405060708090a0b0c0d0e0f101112131415161718191a1b1c1d1e1f
keylen    = 0x1, init = 0x0, ready = 0x1
round     = 0x0d
round_key = 0x4e5a6699a9f24fe07e572baacdf8cdea

Internal states:
key_mem_ctrl = 0x00, round_key_update = 0x0, round_ctr_reg = 0xf
prev_key0_reg = 0x00000000000000000000000000000000, prev_key0_new = 0x00000000000000000000000000000000, prev_key0_we = 0x0
prev_key1_reg = 0x00000000000000000000000000000000, prev_key1_new = 0x00000000000000000000000000000000, prev_key1_we = 0x0
rcon_reg = 0x00, rcon_new = 0x00,  rcon_set = 0x0,  rcon_next = 0x0, rcon_we = 0x0
w0 = 0x00000000, w1 = 0x00000000, w2 = 0x00000000, w3 = 0x00000000
w4 = 0x00000000, w5 = 0x00000000, w6 = 0x00000000, w7 = 0x00000000
sboxw = 0x6d68de36, new_sboxw = 0x3c451d05, rconw = 0x00000000
tw = 0x00000000, trw = 0x00000000
key_mem_new = 0x00000000000000000000000000000000, key_mem_we = 0x0

** key 0xd matched expected round key.
** Got:      0x4e5a6699a9f24fe07e572baacdf8cdea **

State of DUT
------------
Inputs and outputs:
key       = 0x000102030405060708090a0b0c0d0e0f101112131415161718191a1b1c1d1e1f
keylen    = 0x1, init = 0x0, ready = 0x1
round     = 0x0e
round_key = 0x24fc79ccbf0979e9371ac23c6d68de36

Internal states:
key_mem_ctrl = 0x00, round_key_update = 0x0, round_ctr_reg = 0xf
prev_key0_reg = 0x00000000000000000000000000000000, prev_key0_new = 0x00000000000000000000000000000000, prev_key0_we = 0x0
prev_key1_reg = 0x00000000000000000000000000000000, prev_key1_new = 0x00000000000000000000000000000000, prev_key1_we = 0x0
rcon_reg = 0x00, rcon_new = 0x00,  rcon_set = 0x0,  rcon_next = 0x0, rcon_we = 0x0
w0 = 0x00000000, w1 = 0x00000000, w2 = 0x00000000, w3 = 0x00000000
w4 = 0x00000000, w5 = 0x00000000, w6 = 0x00000000, w7 = 0x00000000
sboxw = 0x6d68de36, new_sboxw = 0x3c451d05, rconw = 0x00000000
tw = 0x00000000, trw = 0x00000000
key_mem_new = 0x00000000000000000000000000000000, key_mem_we = 0x0

** key 0xe matched expected round key.
** Got:      0x24fc79ccbf0979e9371ac23c6d68de36 **

** Testing with 256-bit key 0x603deb1015ca71be2b73aef0857d77811f352c073b6108d72d9810a30914dff4

State of DUT
------------
Inputs and outputs:
key       = 0x603deb1015ca71be2b73aef0857d77811f352c073b6108d72d9810a30914dff4
keylen    = 0x1, init = 0x1, ready = 0x1
round     = 0x0e
round_key = 0x24fc79ccbf0979e9371ac23c6d68de36

Internal states:
key_mem_ctrl = 0x00, round_key_update = 0x0, round_ctr_reg = 0xf
prev_key0_reg = 0x00000000000000000000000000000000, prev_key0_new = 0x00000000000000000000000000000000, prev_key0_we = 0x0
prev_key1_reg = 0x00000000000000000000000000000000, prev_key1_new = 0x00000000000000000000000000000000, prev_key1_we = 0x0
rcon_reg = 0x00, rcon_new = 0x00,  rcon_set = 0x0,  rcon_next = 0x0, rcon_we = 0x0
w0 = 0x00000000, w1 = 0x00000000, w2 = 0x00000000, w3 = 0x00000000
w4 = 0x00000000, w5 = 0x00000000, w6 = 0x00000000, w7 = 0x00000000
sboxw = 0x6d68de36, new_sboxw = 0x3c451d05, rconw = 0x00000000
tw = 0x00000000, trw = 0x00000000
key_mem_new = 0x00000000000000000000000000000000, key_mem_we = 0x0

State of DUT
------------
Inputs and outputs:
key       = 0x603deb1015ca71be2b73aef0857d77811f352c073b6108d72d9810a30914dff4
keylen    = 0x1, init = 0x1, ready = 0x0
round     = 0x0e
round_key = 0x24fc79ccbf0979e9371ac23c6d68de36

Internal states:
key_mem_ctrl = 0x00, round_key_update = 0x0, round_ctr_reg = 0x2
prev_key0_reg = 0x00000000000000000000000000000000, prev_key0_new = 0x00000000000000000000000000000000, prev_key0_we = 0x0
prev_key1_reg = 0x00000000000000000000000000000000, prev_key1_new = 0x00000000000000000000000000000000, prev_key1_we = 0x0
rcon_reg = 0x00, rcon_new = 0x00,  rcon_set = 0x0,  rcon_next = 0x0, rcon_we = 0x0
w0 = 0x00000000, w1 = 0x00000000, w2 = 0x00000000, w3 = 0x00000000
w4 = 0x00000000, w5 = 0x00000000, w6 = 0x00000000, w7 = 0x00000000
sboxw = 0x14dff409, new_sboxw = 0xfa9ebf01, rconw = 0x00000000
tw = 0x00000000, trw = 0x00000000
key_mem_new = 0x00000000000000000000000000000000, key_mem_we = 0x0

State of DUT
------------
Inputs and outputs:
key       = 0x603deb1015ca71be2b73aef0857d77811f352c073b6108d72d9810a30914dff4
keylen    = 0x1, init = 0x0, ready = 0x0
round     = 0x0e
round_key = 0x24fc79ccbf0979e9371ac23c6d68de36

Internal states:
key_mem_ctrl = 0x00, round_key_update = 0x0, round_ctr_reg = 0x2
prev_key0_reg = 0x00000000000000000000000000000000, prev_key0_new = 0x00000000000000000000000000000000, prev_key0_we = 0x0
prev_key1_reg = 0x00000000000000000000000000000000, prev_key1_new = 0x00000000000000000000000000000000, prev_key1_we = 0x0
rcon_reg = 0x00, rcon_new = 0x00,  rcon_set = 0x0,  rcon_next = 0x0, rcon_we = 0x0
w0 = 0x00000000, w1 = 0x00000000, w2 = 0x00000000, w3 = 0x00000000
w4 = 0x00000000, w5 = 0x00000000, w6 = 0x00000000, w7 = 0x00000000
sboxw = 0x14dff409, new_sboxw = 0xfa9ebf01, rconw = 0x00000000
tw = 0x00000000, trw = 0x00000000
key_mem_new = 0x00000000000000000000000000000000, key_mem_we = 0x0

State of DUT
------------
Inputs and outputs:
key       = 0x603deb1015ca71be2b73aef0857d77811f352c073b6108d72d9810a30914dff4
keylen    = 0x1, init = 0x0, ready = 0x0
round     = 0x0e
round_key = 0x24fc79ccbf0979e9371ac23c6d68de36

Internal states:
key_mem_ctrl = 0x00, round_key_update = 0x0, round_ctr_reg = 0x3
prev_key0_reg = 0x00000000000000000000000000000000, prev_key0_new = 0x00000000000000000000000000000000, prev_key0_we = 0x0
prev_key1_reg = 0x00000000000000000000000000000000, prev_key1_new = 0x00000000000000000000000000000000, prev_key1_we = 0x0
rcon_reg = 0x00, rcon_new = 0x00,  rcon_set = 0x0,  rcon_next = 0x0, rcon_we = 0x0
w0 = 0x00000000, w1 = 0x00000000, w2 = 0x00000000, w3 = 0x00000000
w4 = 0x00000000, w5 = 0x00000000, w6 = 0x00000000, w7 = 0x00000000
sboxw = 0x2067fcde, new_sboxw = 0xb785b01d, rconw = 0x00000000
tw = 0x00000000, trw = 0x00000000
key_mem_new = 0x00000000000000000000000000000000, key_mem_we = 0x0

State of DUT
------------
Inputs and outputs:
key       = 0x603deb1015ca71be2b73aef0857d77811f352c073b6108d72d9810a30914dff4
keylen    = 0x1, init = 0x0, ready = 0x0
round     = 0x0e
round_key = 0x24fc79ccbf0979e9371ac23c6d68de36

Internal states:
key_mem_ctrl = 0x00, round_key_update = 0x0, round_ctr_reg = 0x4
prev_key0_reg = 0x00000000000000000000000000000000, prev_key0_new = 0x00000000000000000000000000000000, prev_key0_we = 0x0
prev_key1_reg = 0x00000000000000000000000000000000, prev_key1_new = 0x00000000000000000000000000000000, prev_key1_we = 0x0
rcon_reg = 0x00, rcon_new = 0x00,  rcon_set = 0x0,  rcon_next = 0x0, rcon_we = 0x0
w0 = 0x00000000, w1 = 0x00000000, w2 = 0x00000000, w3 = 0x00000000
w4 = 0x00000000, w5 = 0x00000000, w6 = 0x00000000, w7 = 0x00000000
sboxw = 0x5d5b9ab7, new_sboxw = 0x4c39b8a9, rconw = 0x00000000
tw = 0x00000000, trw = 0x00000000
key_mem_new = 0x00000000000000000000000000000000, key_mem_we = 0x0

State of DUT
------------
Inputs and outputs:
key       = 0x603deb1015ca71be2b73aef0857d77811f352c073b6108d72d9810a30914dff4
keylen    = 0x1, init = 0x0, ready = 0x0
round     = 0x0e
round_key = 0x24fc79ccbf0979e9371ac23c6d68de36

Internal states:
key_mem_ctrl = 0x00, round_key_update = 0x0, round_ctr_reg = 0x5
prev_key0_reg = 0x00000000000000000000000000000000, prev_key0_new = 0x00000000000000000000000000000000, prev_key0_we = 0x0
prev_key1_reg = 0x00000000000000000000000000000000, prev_key1_new = 0x00000000000000000000000000000000, prev_key1_we = 0x0
rcon_reg = 0x00, rcon_new = 0x00,  rcon_set = 0x0,  rcon_next = 0x0, rcon_we = 0x0
w0 = 0x00000000, w1 = 0x00000000, w2 = 0x00000000, w3 = 0x00000000
w4 = 0x00000000, w5 = 0x00000000, w6 = 0x00000000, w7 = 0x00000000
sboxw = 0xde8ebe96, new_sboxw = 0x1d19ae90, rconw = 0x00000000
tw = 0x00000000, trw = 0x00000000
key_mem_new = 0x00000000000000000000000000000000, key_mem_we = 0x0

State of DUT
------------
Inputs and outputs:
key       = 0x603deb1015ca71be2b73aef0857d77811f352c073b6108d72d9810a30914dff4
keylen    = 0x1, init = 0x0, ready = 0x0
round     = 0x0e
round_key = 0x24fc79ccbf0979e9371ac23c6d68de36

Internal states:
key_mem_ctrl = 0x00, round_key_update = 0x0, round_ctr_reg = 0x6
prev_key0_reg = 0x00000000000000000000000000000000, prev_key0_new = 0x00000000000000000000000000000000, prev_key0_we = 0x0
prev_key1_reg = 0x00000000000000000000000000000000, prev_key1_new = 0x00000000000000000000000000000000, prev_key1_we = 0x0
rcon_reg = 0x00, rcon_new = 0x00,  rcon_set = 0x0,  rcon_next = 0x0, rcon_we = 0x0
w0 = 0x00000000, w1 = 0x00000000, w2 = 0x00000000, w3 = 0x00000000
w4 = 0x00000000, w5 = 0x00000000, w6 = 0x00000000, w7 = 0x00000000
sboxw = 0x6c79b32f, new_sboxw = 0x50b66d15, rconw = 0x00000000
tw = 0x00000000, trw = 0x00000000
key_mem_new = 0x00000000000000000000000000000000, key_mem_we = 0x0

State of DUT
------------
Inputs and outputs:
key       = 0x603deb1015ca71be2b73aef0857d77811f352c073b6108d72d9810a30914dff4
keylen    = 0x1, init = 0x0, ready = 0x0
round     = 0x0e
round_key = 0x24fc79ccbf0979e9371ac23c6d68de36

Internal states:
key_mem_ctrl = 0x00, round_key_update = 0x0, round_ctr_reg = 0x7
prev_key0_reg = 0x00000000000000000000000000000000, prev_key0_new = 0x00000000000000000000000000000000, prev_key0_we = 0x0
prev_key1_reg = 0x00000000000000000000000000000000, prev_key1_new = 0x00000000000000000000000000000000, prev_key1_we = 0x0
rcon_reg = 0x00, rcon_new = 0x00,  rcon_set = 0x0,  rcon_next = 0x0, rcon_we = 0x0
w0 = 0x00000000, w1 = 0x00000000, w2 = 0x00000000, w3 = 0x00000000
w4 = 0x00000000, w5 = 0x00000000, w6 = 0x00000000, w7 = 0x00000000
sboxw = 0xfab8b464, new_sboxw = 0x2d6c8d43, rconw = 0x00000000
tw = 0x00000000, trw = 0x00000000
key_mem_new = 0x00000000000000000000000000000000, key_mem_we = 0x0

State of DUT
------------
Inputs and outputs:
key       = 0x603deb1015ca71be2b73aef0857d77811f352c073b6108d72d9810a30914dff4
keylen    = 0x1, init = 0x0, ready = 0x0
round     = 0x0e
round_key = 0x24fc79ccbf0979e9371ac23c6d68de36

Internal states:
key_mem_ctrl = 0x00, round_key_update = 0x0, round_ctr_reg = 0x8
prev_key0_reg = 0x00000000000000000000000000000000, prev_key0_new = 0x00000000000000000000000000000000, prev_key0_we = 0x0
prev_key1_reg = 0x00000000000000000000000000000000, prev_key1_new = 0x00000000000000000000000000000000, prev_key1_we = 0x0
rcon_reg = 0x00, rcon_new = 0x00,  rcon_set = 0x0,  rcon_next = 0x0, rcon_we = 0x0
w0 = 0x00000000, w1 = 0x00000000, w2 = 0x00000000, w3 = 0x00000000
w4 = 0x00000000, w5 = 0x00000000, w6 = 0x00000000, w7 = 0x00000000
sboxw = 0xe0421409, new_sboxw = 0xe12cfa01, rconw = 0x00000000
tw = 0x00000000, trw = 0x00000000
key_mem_new = 0x00000000000000000000000000000000, key_mem_we = 0x0

State of DUT
------------
Inputs and outputs:
key       = 0x603deb1015ca71be2b73aef0857d77811f352c073b6108d72d9810a30914dff4
keylen    = 0x1, init = 0x0, ready = 0x0
round     = 0x0e
round_key = 0x24fc79ccbf0979e9371ac23c6d68de36

Internal states:
key_mem_ctrl = 0x00, round_key_update = 0x0, round_ctr_reg = 0x9
prev_key0_reg = 0x00000000000000000000000000000000, prev_key0_new = 0x00000000000000000000000000000000, prev_key0_we = 0x0
prev_key1_reg = 0x00000000000000000000000000000000, prev_key1_new = 0x00000000000000000000000000000000, prev_key1_we = 0x0
rcon_reg = 0x00, rcon_new = 0x00,  rcon_set = 0x0,  rcon_next = 0x0, rcon_we = 0x0
w0 = 0x00000000, w1 = 0x00000000, w2 = 0x00000000, w3 = 0x00000000
w4 = 0x00000000, w5 = 0x00000000, w6 = 0x00000000, w7 = 0x00000000
sboxw = 0x6c518d80, new_sboxw = 0x50d15dcd, rconw = 0x00000000
tw = 0x00000000, trw = 0x00000000
key_mem_new = 0x00000000000000000000000000000000, key_mem_we = 0x0

State of DUT
------------
Inputs and outputs:
key       = 0x603deb1015ca71be2b73aef0857d77811f352c073b6108d72d9810a30914dff4
keylen    = 0x1, init = 0x0, ready = 0x0
round     = 0x0e
round_key = 0x24fc79ccbf0979e9371ac23c6d68de36

Internal states:
key_mem_ctrl = 0x00, round_key_update = 0x0, round_ctr_reg = 0xa
prev_key0_reg = 0x00000000000000000000000000000000, prev_key0_new = 0x00000000000000000000000000000000, prev_key0_we = 0x0
prev_key1_reg = 0x00000000000000000000000000000000, prev_key1_new = 0x00000000000000000000000000000000, prev_key1_we = 0x0
rcon_reg = 0x00, rcon_new = 0x00,  rcon_set = 0x0,  rcon_next = 0x0, rcon_we = 0x0
w0 = 0x00000000, w1 = 0x00000000, w2 = 0x00000000, w3 = 0x00000000
w4 = 0x00000000, w5 = 0x00000000, w6 = 0x00000000, w7 = 0x00000000
sboxw = 0xc5823959, new_sboxw = 0xa61312cb, rconw = 0x00000000
tw = 0x00000000, trw = 0x00000000
key_mem_new = 0x00000000000000000000000000000000, key_mem_we = 0x0

State of DUT
------------
Inputs and outputs:
key       = 0x603deb1015ca71be2b73aef0857d77811f352c073b6108d72d9810a30914dff4
keylen    = 0x1, init = 0x0, ready = 0x0
round     = 0x0e
round_key = 0x24fc79ccbf0979e9371ac23c6d68de36

Internal states:
key_mem_ctrl = 0x00, round_key_update = 0x0, round_ctr_reg = 0xb
prev_key0_reg = 0x00000000000000000000000000000000, prev_key0_new = 0x00000000000000000000000000000000, prev_key0_we = 0x0
prev_key1_reg = 0x00000000000000000000000000000000, prev_key1_new = 0x00000000000000000000000000000000, prev_key1_we = 0x0
rcon_reg = 0x00, rcon_new = 0x00,  rcon_set = 0x0,  rcon_next = 0x0, rcon_we = 0x0
w0 = 0x00000000, w1 = 0x00000000, w2 = 0x00000000, w3 = 0x00000000
w4 = 0x00000000, w5 = 0x00000000, w6 = 0x00000000, w7 = 0x00000000
sboxw = 0x9674ee15, new_sboxw = 0x90922859, rconw = 0x00000000
tw = 0x00000000, trw = 0x00000000
key_mem_new = 0x00000000000000000000000000000000, key_mem_we = 0x0

State of DUT
------------
Inputs and outputs:
key       = 0x603deb1015ca71be2b73aef0857d77811f352c073b6108d72d9810a30914dff4
keylen    = 0x1, init = 0x0, ready = 0x0
round     = 0x0e
round_key = 0x24fc79ccbf0979e9371ac23c6d68de36

Internal states:
key_mem_ctrl = 0x00, round_key_update = 0x0, round_ctr_reg = 0xc
prev_key0_reg = 0x00000000000000000000000000000000, prev_key0_new = 0x00000000000000000000000000000000, prev_key0_we = 0x0
prev_key1_reg = 0x00000000000000000000000000000000, prev_key1_new = 0x00000000000000000000000000000000, prev_key1_we = 0x0
rcon_reg = 0x00, rcon_new = 0x00,  rcon_set = 0x0,  rcon_next = 0x0, rcon_we = 0x0
w0 = 0x00000000, w1 = 0x00000000, w2 = 0x00000000, w3 = 0x00000000
w4 = 0x00000000, w5 = 0x00000000, w6 = 0x00000000, w7 = 0x00000000
sboxw = 0xcf73c327, new_sboxw = 0x8a8f2ecc, rconw = 0x00000000
tw = 0x00000000, trw = 0x00000000
key_mem_new = 0x00000000000000000000000000000000, key_mem_we = 0x0

State of DUT
------------
Inputs and outputs:
key       = 0x603deb1015ca71be2b73aef0857d77811f352c073b6108d72d9810a30914dff4
keylen    = 0x1, init = 0x0, ready = 0x0
round     = 0x0e
round_key = 0x24fc79ccbf0979e9371ac23c6d68de36

Internal states:
key_mem_ctrl = 0x00, round_key_update = 0x0, round_ctr_reg = 0xd
prev_key0_reg = 0x00000000000000000000000000000000, prev_key0_new = 0x00000000000000000000000000000000, prev_key0_we = 0x0
prev_key1_reg = 0x00000000000000000000000000000000, prev_key1_new = 0x00000000000000000000000000000000, prev_key1_we = 0x0
rcon_reg = 0x00, rcon_new = 0x00,  rcon_set = 0x0,  rcon_next = 0x0, rcon_we = 0x0
w0 = 0x00000000, w1 = 0x00000000, w2 = 0x00000000, w3 = 0x00000000
w4 = 0x00000000, w5 = 0x00000000, w6 = 0x00000000, w7 = 0x00000000
sboxw = 0x7401905a, new_sboxw = 0x927c60be, rconw = 0x00000000
tw = 0x00000000, trw = 0x00000000
key_mem_new = 0x00000000000000000000000000000000, key_mem_we = 0x0

State of DUT
------------
Inputs and outputs:
key       = 0x603deb1015ca71be2b73aef0857d77811f352c073b6108d72d9810a30914dff4
keylen    = 0x1, init = 0x0, ready = 0x0
round     = 0x0e
round_key = 0x24fc79ccbf0979e9371ac23c6d68de36

Internal states:
key_mem_ctrl = 0x00, round_key_update = 0x0, round_ctr_reg = 0xe
prev_key0_reg = 0x00000000000000000000000000000000, prev_key0_new = 0x00000000000000000000000000000000, prev_key0_we = 0x0
prev_key1_reg = 0x00000000000000000000000000000000, prev_key1_new = 0x00000000000000000000000000000000, prev_key1_we = 0x0
rcon_reg = 0x00, rcon_new = 0x00,  rcon_set = 0x0,  rcon_next = 0x0, rcon_we = 0x0
w0 = 0x00000000, w1 = 0x00000000, w2 = 0x00000000, w3 = 0x00000000
w4 = 0x00000000, w5 = 0x00000000, w6 = 0x00000000, w7 = 0x00000000
sboxw = 0x10190dbd, new_sboxw = 0xcad4d77a, rconw = 0x00000000
tw = 0x00000000, trw = 0x00000000
key_mem_new = 0x00000000000000000000000000000000, key_mem_we = 0x0

State of DUT
------------
Inputs and outputs:
key       = 0x603deb1015ca71be2b73aef0857d77811f352c073b6108d72d9810a30914dff4
keylen    = 0x1, init = 0x0, ready = 0x1
round     = 0x00
round_key = 0x603deb1015ca71be2b73aef0857d7781

Internal states:
key_mem_ctrl = 0x00, round_key_update = 0x0, round_ctr_reg = 0xf
prev_key0_reg = 0x00000000000000000000000000000000, prev_key0_new = 0x00000000000000000000000000000000, prev_key0_we = 0x0
prev_key1_reg = 0x00000000000000000000000000000000, prev_key1_new = 0x00000000000000000000000000000000, prev_key1_we = 0x0
rcon_reg = 0x00, rcon_new = 0x00,  rcon_set = 0x0,  rcon_next = 0x0, rcon_we = 0x0
w0 = 0x00000000, w1 = 0x00000000, w2 = 0x00000000, w3 = 0x00000000
w4 = 0x00000000, w5 = 0x00000000, w6 = 0x00000000, w7 = 0x00000000
sboxw = 0x706c631e, new_sboxw = 0x5150fb72, rconw = 0x00000000
tw = 0x00000000, trw = 0x00000000
key_mem_new = 0x00000000000000000000000000000000, key_mem_we = 0x0

** key 0x0 matched expected round key.
** Got:      0x603deb1015ca71be2b73aef0857d7781 **

State of DUT
------------
Inputs and outputs:
key       = 0x603deb1015ca71be2b73aef0857d77811f352c073b6108d72d9810a30914dff4
keylen    = 0x1, init = 0x0, ready = 0x1
round     = 0x01
round_key = 0x1f352c073b6108d72d9810a30914dff4

Internal states:
key_mem_ctrl = 0x00, round_key_update = 0x0, round_ctr_reg = 0xf
prev_key0_reg = 0x00000000000000000000000000000000, prev_key0_new = 0x00000000000000000000000000000000, prev_key0_we = 0x0
prev_key1_reg = 0x00000000000000000000000000000000, prev_key1_new = 0x00000000000000000000000000000000, prev_key1_we = 0x0
rcon_reg = 0x00, rcon_new = 0x00,  rcon_set = 0x0,  rcon_next = 0x0, rcon_we = 0x0
w0 = 0x00000000, w1 = 0x00000000, w2 = 0x00000000, w3 = 0x00000000
w4 = 0x00000000, w5 = 0x00000000, w6 = 0x00000000, w7 = 0x00000000
sboxw = 0x706c631e, new_sboxw = 0x5150fb72, rconw = 0x00000000
tw = 0x00000000, trw = 0x00000000
key_mem_new = 0x00000000000000000000000000000000, key_mem_we = 0x0

** key 0x1 matched expected round key.
** Got:      0x1f352c073b6108d72d9810a30914dff4 **

State of DUT
------------
Inputs and outputs:
key       = 0x603deb1015ca71be2b73aef0857d77811f352c073b6108d72d9810a30914dff4
keylen    = 0x1, init = 0x0, ready = 0x1
round     = 0x02
round_key = 0x9ba354118e6925afa51a8b5f2067fcde

Internal states:
key_mem_ctrl = 0x00, round_key_update = 0x0, round_ctr_reg = 0xf
prev_key0_reg = 0x00000000000000000000000000000000, prev_key0_new = 0x00000000000000000000000000000000, prev_key0_we = 0x0
prev_key1_reg = 0x00000000000000000000000000000000, prev_key1_new = 0x00000000000000000000000000000000, prev_key1_we = 0x0
rcon_reg = 0x00, rcon_new = 0x00,  rcon_set = 0x0,  rcon_next = 0x0, rcon_we = 0x0
w0 = 0x00000000, w1 = 0x00000000, w2 = 0x00000000, w3 = 0x00000000
w4 = 0x00000000, w5 = 0x00000000, w6 = 0x00000000, w7 = 0x00000000
sboxw = 0x706c631e, new_sboxw = 0x5150fb72, rconw = 0x00000000
tw = 0x00000000, trw = 0x00000000
key_mem_new = 0x00000000000000000000000000000000, key_mem_we = 0x0

** key 0x2 matched expected round key.
** Got:      0x9ba354118e6925afa51a8b5f2067fcde **

State of DUT
------------
Inputs and outputs:
key       = 0x603deb1015ca71be2b73aef0857d77811f352c073b6108d72d9810a30914dff4
keylen    = 0x1, init = 0x0, ready = 0x1
round     = 0x03
round_key = 0xa8b09c1a93d194cdbe49846eb75d5b9a

Internal states:
key_mem_ctrl = 0x00, round_key_update = 0x0, round_ctr_reg = 0xf
prev_key0_reg = 0x00000000000000000000000000000000, prev_key0_new = 0x00000000000000000000000000000000, prev_key0_we = 0x0
prev_key1_reg = 0x00000000000000000000000000000000, prev_key1_new = 0x00000000000000000000000000000000, prev_key1_we = 0x0
rcon_reg = 0x00, rcon_new = 0x00,  rcon_set = 0x0,  rcon_next = 0x0, rcon_we = 0x0
w0 = 0x00000000, w1 = 0x00000000, w2 = 0x00000000, w3 = 0x00000000
w4 = 0x00000000, w5 = 0x00000000, w6 = 0x00000000, w7 = 0x00000000
sboxw = 0x706c631e, new_sboxw = 0x5150fb72, rconw = 0x00000000
tw = 0x00000000, trw = 0x00000000
key_mem_new = 0x00000000000000000000000000000000, key_mem_we = 0x0

** key 0x3 matched expected round key.
** Got:      0xa8b09c1a93d194cdbe49846eb75d5b9a **

State of DUT
------------
Inputs and outputs:
key       = 0x603deb1015ca71be2b73aef0857d77811f352c073b6108d72d9810a30914dff4
keylen    = 0x1, init = 0x0, ready = 0x1
round     = 0x04
round_key = 0xd59aecb85bf3c917fee94248de8ebe96

Internal states:
key_mem_ctrl = 0x00, round_key_update = 0x0, round_ctr_reg = 0xf
prev_key0_reg = 0x00000000000000000000000000000000, prev_key0_new = 0x00000000000000000000000000000000, prev_key0_we = 0x0
prev_key1_reg = 0x00000000000000000000000000000000, prev_key1_new = 0x00000000000000000000000000000000, prev_key1_we = 0x0
rcon_reg = 0x00, rcon_new = 0x00,  rcon_set = 0x0,  rcon_next = 0x0, rcon_we = 0x0
w0 = 0x00000000, w1 = 0x00000000, w2 = 0x00000000, w3 = 0x00000000
w4 = 0x00000000, w5 = 0x00000000, w6 = 0x00000000, w7 = 0x00000000
sboxw = 0x706c631e, new_sboxw = 0x5150fb72, rconw = 0x00000000
tw = 0x00000000, trw = 0x00000000
key_mem_new = 0x00000000000000000000000000000000, key_mem_we = 0x0

** key 0x4 matched expected round key.
** Got:      0xd59aecb85bf3c917fee94248de8ebe96 **

State of DUT
------------
Inputs and outputs:
key       = 0x603deb1015ca71be2b73aef0857d77811f352c073b6108d72d9810a30914dff4
keylen    = 0x1, init = 0x0, ready = 0x1
round     = 0x05
round_key = 0xb5a9328a2678a647983122292f6c79b3

Internal states:
key_mem_ctrl = 0x00, round_key_update = 0x0, round_ctr_reg = 0xf
prev_key0_reg = 0x00000000000000000000000000000000, prev_key0_new = 0x00000000000000000000000000000000, prev_key0_we = 0x0
prev_key1_reg = 0x00000000000000000000000000000000, prev_key1_new = 0x00000000000000000000000000000000, prev_key1_we = 0x0
rcon_reg = 0x00, rcon_new = 0x00,  rcon_set = 0x0,  rcon_next = 0x0, rcon_we = 0x0
w0 = 0x00000000, w1 = 0x00000000, w2 = 0x00000000, w3 = 0x00000000
w4 = 0x00000000, w5 = 0x00000000, w6 = 0x00000000, w7 = 0x00000000
sboxw = 0x706c631e, new_sboxw = 0x5150fb72, rconw = 0x00000000
tw = 0x00000000, trw = 0x00000000
key_mem_new = 0x00000000000000000000000000000000, key_mem_we = 0x0

** key 0x5 matched expected round key.
** Got:      0xb5a9328a2678a647983122292f6c79b3 **

State of DUT
------------
Inputs and outputs:
key       = 0x603deb1015ca71be2b73aef0857d77811f352c073b6108d72d9810a30914dff4
keylen    = 0x1, init = 0x0, ready = 0x1
round     = 0x06
round_key = 0x812c81addadf48ba24360af2fab8b464

Internal states:
key_mem_ctrl = 0x00, round_key_update = 0x0, round_ctr_reg = 0xf
prev_key0_reg = 0x00000000000000000000000000000000, prev_key0_new = 0x00000000000000000000000000000000, prev_key0_we = 0x0
prev_key1_reg = 0x00000000000000000000000000000000, prev_key1_new = 0x00000000000000000000000000000000, prev_key1_we = 0x0
rcon_reg = 0x00, rcon_new = 0x00,  rcon_set = 0x0,  rcon_next = 0x0, rcon_we = 0x0
w0 = 0x00000000, w1 = 0x00000000, w2 = 0x00000000, w3 = 0x00000000
w4 = 0x00000000, w5 = 0x00000000, w6 = 0x00000000, w7 = 0x00000000
sboxw = 0x706c631e, new_sboxw = 0x5150fb72, rconw = 0x00000000
tw = 0x00000000, trw = 0x00000000
key_mem_new = 0x00000000000000000000000000000000, key_mem_we = 0x0

** key 0x6 matched expected round key.
** Got:      0x812c81addadf48ba24360af2fab8b464 **

State of DUT
------------
Inputs and outputs:
key       = 0x603deb1015ca71be2b73aef0857d77811f352c073b6108d72d9810a30914dff4
keylen    = 0x1, init = 0x0, ready = 0x1
round     = 0x07
round_key = 0x98c5bfc9bebd198e268c3ba709e04214

Internal states:
key_mem_ctrl = 0x00, round_key_update = 0x0, round_ctr_reg = 0xf
prev_key0_reg = 0x00000000000000000000000000000000, prev_key0_new = 0x00000000000000000000000000000000, prev_key0_we = 0x0
prev_key1_reg = 0x00000000000000000000000000000000, prev_key1_new = 0x00000000000000000000000000000000, prev_key1_we = 0x0
rcon_reg = 0x00, rcon_new = 0x00,  rcon_set = 0x0,  rcon_next = 0x0, rcon_we = 0x0
w0 = 0x00000000, w1 = 0x00000000, w2 = 0x00000000, w3 = 0x00000000
w4 = 0x00000000, w5 = 0x00000000, w6 = 0x00000000, w7 = 0x00000000
sboxw = 0x706c631e, new_sboxw = 0x5150fb72, rconw = 0x00000000
tw = 0x00000000, trw = 0x00000000
key_mem_new = 0x00000000000000000000000000000000, key_mem_we = 0x0

** key 0x7 matched expected round key.
** Got:      0x98c5bfc9bebd198e268c3ba709e04214 **

State of DUT
------------
Inputs and outputs:
key       = 0x603deb1015ca71be2b73aef0857d77811f352c073b6108d72d9810a30914dff4
keylen    = 0x1, init = 0x0, ready = 0x1
round     = 0x08
round_key = 0x68007bacb2df331696e939e46c518d80

Internal states:
key_mem_ctrl = 0x00, round_key_update = 0x0, round_ctr_reg = 0xf
prev_key0_reg = 0x00000000000000000000000000000000, prev_key0_new = 0x00000000000000000000000000000000, prev_key0_we = 0x0
prev_key1_reg = 0x00000000000000000000000000000000, prev_key1_new = 0x00000000000000000000000000000000, prev_key1_we = 0x0
rcon_reg = 0x00, rcon_new = 0x00,  rcon_set = 0x0,  rcon_next = 0x0, rcon_we = 0x0
w0 = 0x00000000, w1 = 0x00000000, w2 = 0x00000000, w3 = 0x00000000
w4 = 0x00000000, w5 = 0x00000000, w6 = 0x00000000, w7 = 0x00000000
sboxw = 0x706c631e, new_sboxw = 0x5150fb72, rconw = 0x00000000
tw = 0x00000000, trw = 0x00000000
key_mem_new = 0x00000000000000000000000000000000, key_mem_we = 0x0

** key 0x8 matched expected round key.
** Got:      0x68007bacb2df331696e939e46c518d80 **

State of DUT
------------
Inputs and outputs:
key       = 0x603deb1015ca71be2b73aef0857d77811f352c073b6108d72d9810a30914dff4
keylen    = 0x1, init = 0x0, ready = 0x1
round     = 0x09
round_key = 0xc814e20476a9fb8a5025c02d59c58239

Internal states:
key_mem_ctrl = 0x00, round_key_update = 0x0, round_ctr_reg = 0xf
prev_key0_reg = 0x00000000000000000000000000000000, prev_key0_new = 0x00000000000000000000000000000000, prev_key0_we = 0x0
prev_key1_reg = 0x00000000000000000000000000000000, prev_key1_new = 0x00000000000000000000000000000000, prev_key1_we = 0x0
rcon_reg = 0x00, rcon_new = 0x00,  rcon_set = 0x0,  rcon_next = 0x0, rcon_we = 0x0
w0 = 0x00000000, w1 = 0x00000000, w2 = 0x00000000, w3 = 0x00000000
w4 = 0x00000000, w5 = 0x00000000, w6 = 0x00000000, w7 = 0x00000000
sboxw = 0x706c631e, new_sboxw = 0x5150fb72, rconw = 0x00000000
tw = 0x00000000, trw = 0x00000000
key_mem_new = 0x00000000000000000000000000000000, key_mem_we = 0x0

** key 0x9 matched expected round key.
** Got:      0xc814e20476a9fb8a5025c02d59c58239 **

State of DUT
------------
Inputs and outputs:
key       = 0x603deb1015ca71be2b73aef0857d77811f352c073b6108d72d9810a30914dff4
keylen    = 0x1, init = 0x0, ready = 0x1
round     = 0x0a
round_key = 0xde1369676ccc5a71fa2563959674ee15

Internal states:
key_mem_ctrl = 0x00, round_key_update = 0x0, round_ctr_reg = 0xf
prev_key0_reg = 0x00000000000000000000000000000000, prev_key0_new = 0x00000000000000000000000000000000, prev_key0_we = 0x0
prev_key1_reg = 0x00000000000000000000000000000000, prev_key1_new = 0x00000000000000000000000000000000, prev_key1_we = 0x0
rcon_reg = 0x00, rcon_new = 0x00,  rcon_set = 0x0,  rcon_next = 0x0, rcon_we = 0x0
w0 = 0x00000000, w1 = 0x00000000, w2 = 0x00000000, w3 = 0x00000000
w4 = 0x00000000, w5 = 0x00000000, w6 = 0x00000000, w7 = 0x00000000
sboxw = 0x706c631e, new_sboxw = 0x5150fb72, rconw = 0x00000000
tw = 0x00000000, trw = 0x00000000
key_mem_new = 0x00000000000000000000000000000000, key_mem_we = 0x0

** key 0xa matched expected round key.
** Got:      0xde1369676ccc5a71fa2563959674ee15 **

State of DUT
------------
Inputs and outputs:
key       = 0x603deb1015ca71be2b73aef0857d77811f352c073b6108d72d9810a30914dff4
keylen    = 0x1, init = 0x0, ready = 0x1
round     = 0x0b
round_key = 0x5886ca5d2e2f31d77e0af1fa27cf73c3

Internal states:
key_mem_ctrl = 0x00, round_key_update = 0x0, round_ctr_reg = 0xf
prev_key0_reg = 0x00000000000000000000000000000000, prev_key0_new = 0x00000000000000000000000000000000, prev_key0_we = 0x0
prev_key1_reg = 0x00000000000000000000000000000000, prev_key1_new = 0x00000000000000000000000000000000, prev_key1_we = 0x0
rcon_reg = 0x00, rcon_new = 0x00,  rcon_set = 0x0,  rcon_next = 0x0, rcon_we = 0x0
w0 = 0x00000000, w1 = 0x00000000, w2 = 0x00000000, w3 = 0x00000000
w4 = 0x00000000, w5 = 0x00000000, w6 = 0x00000000, w7 = 0x00000000
sboxw = 0x706c631e, new_sboxw = 0x5150fb72, rconw = 0x00000000
tw = 0x00000000, trw = 0x00000000
key_mem_new = 0x00000000000000000000000000000000, key_mem_we = 0x0

** key 0xb matched expected round key.
** Got:      0x5886ca5d2e2f31d77e0af1fa27cf73c3 **

State of DUT
------------
Inputs and outputs:
key       = 0x603deb1015ca71be2b73aef0857d77811f352c073b6108d72d9810a30914dff4
keylen    = 0x1, init = 0x0, ready = 0x1
round     = 0x0c
round_key = 0x749c47ab18501ddae2757e4f7401905a

Internal states:
key_mem_ctrl = 0x00, round_key_update = 0x0, round_ctr_reg = 0xf
prev_key0_reg = 0x00000000000000000000000000000000, prev_key0_new = 0x00000000000000000000000000000000, prev_key0_we = 0x0
prev_key1_reg = 0x00000000000000000000000000000000, prev_key1_new = 0x00000000000000000000000000000000, prev_key1_we = 0x0
rcon_reg = 0x00, rcon_new = 0x00,  rcon_set = 0x0,  rcon_next = 0x0, rcon_we = 0x0
w0 = 0x00000000, w1 = 0x00000000, w2 = 0x00000000, w3 = 0x00000000
w4 = 0x00000000, w5 = 0x00000000, w6 = 0x00000000, w7 = 0x00000000
sboxw = 0x706c631e, new_sboxw = 0x5150fb72, rconw = 0x00000000
tw = 0x00000000, trw = 0x00000000
key_mem_new = 0x00000000000000000000000000000000, key_mem_we = 0x0

** key 0xc matched expected round key.
** Got:      0x749c47ab18501ddae2757e4f7401905a **

State of DUT
------------
Inputs and outputs:
key       = 0x603deb1015ca71be2b73aef0857d77811f352c073b6108d72d9810a30914dff4
keylen    = 0x1, init = 0x0, ready = 0x1
round     = 0x0d
round_key = 0xcafaaae3e4d59b349adf6acebd10190d

Internal states:
key_mem_ctrl = 0x00, round_key_update = 0x0, round_ctr_reg = 0xf
prev_key0_reg = 0x00000000000000000000000000000000, prev_key0_new = 0x00000000000000000000000000000000, prev_key0_we = 0x0
prev_key1_reg = 0x00000000000000000000000000000000, prev_key1_new = 0x00000000000000000000000000000000, prev_key1_we = 0x0
rcon_reg = 0x00, rcon_new = 0x00,  rcon_set = 0x0,  rcon_next = 0x0, rcon_we = 0x0
w0 = 0x00000000, w1 = 0x00000000, w2 = 0x00000000, w3 = 0x00000000
w4 = 0x00000000, w5 = 0x00000000, w6 = 0x00000000, w7 = 0x00000000
sboxw = 0x706c631e, new_sboxw = 0x5150fb72, rconw = 0x00000000
tw = 0x00000000, trw = 0x00000000
key_mem_new = 0x00000000000000000000000000000000, key_mem_we = 0x0

** key 0xd matched expected round key.
** Got:      0xcafaaae3e4d59b349adf6acebd10190d **

State of DUT
------------
Inputs and outputs:
key       = 0x603deb1015ca71be2b73aef0857d77811f352c073b6108d72d9810a30914dff4
keylen    = 0x1, init = 0x0, ready = 0x1
round     = 0x0e
round_key = 0xfe4890d1e6188d0b046df344706c631e

Internal states:
key_mem_ctrl = 0x00, round_key_update = 0x0, round_ctr_reg = 0xf
prev_key0_reg = 0x00000000000000000000000000000000, prev_key0_new = 0x00000000000000000000000000000000, prev_key0_we = 0x0
prev_key1_reg = 0x00000000000000000000000000000000, prev_key1_new = 0x00000000000000000000000000000000, prev_key1_we = 0x0
rcon_reg = 0x00, rcon_new = 0x00,  rcon_set = 0x0,  rcon_next = 0x0, rcon_we = 0x0
w0 = 0x00000000, w1 = 0x00000000, w2 = 0x00000000, w3 = 0x00000000
w4 = 0x00000000, w5 = 0x00000000, w6 = 0x00000000, w7 = 0x00000000
sboxw = 0x706c631e, new_sboxw = 0x5150fb72, rconw = 0x00000000
tw = 0x00000000, trw = 0x00000000
key_mem_new = 0x00000000000000000000000000000000, key_mem_we = 0x0

** key 0xe matched expected round key.
** Got:      0xfe4890d1e6188d0b046df344706c631e **

*** All 09 test cases completed successfully

   -= Testbench for aes key mem completed =-
    =======================================
State of DUT
Entering directory '/app/build/secworks_crypto_aes_1.0.0/tb_aes_key_mem-icarus'
Leaving directory '/app/build/secworks_crypto_aes_1.0.0/tb_aes_key_mem-icarus'
Entering directory '/app/build/secworks_crypto_aes_1.0.0/tb_aes_key_mem-icarus'
Leaving directory '/app/build/secworks_crypto_aes_1.0.0/tb_aes_key_mem-icarus'
