INFO: Preparing secworks:crypto:aes:1.0.0
INFO: Setting up project
WARNING: This backend is deprecated and will eventually be removed. Please migrate to the flow API instead.  See https://edalize.readthedocs.io/en/latest/ref/migrations.html#migrating-from-the-tool-api-to-the-flow-api for more details.
INFO: Building
INFO: Running
vvp -n -M. -l icarus.log   secworks_crypto_aes_1.0.0 -fst 
   -= Testbench for aes key mem started =-
    =====================================

Dumping all variables to tb_aes_key_mem vcd file.
FST info: dumpfile tb_aes_key_mem.vcd opened for output.
State of DUT
------------
Inputs and outputs:
key       = 0x0000000000000000000000000000000000000000000000000000000000000000
keylen    = 0x0, init = 0x0, ready = 0xx
round     = 0x00
round_key = 0xxxxxxxxxxxxxxxxxxxxxxxxxxxxxxxxx

Internal states:
key_mem_ctrl = 0xx, round_key_update = 0xx, round_ctr_reg = 0xx
prev_key0_reg = 0xxxxxxxxxxxxxxxxxxxxxxxxxxxxxxxxx, prev_key0_new = 0xxxxxxxxxxxxxxxxxxxxxxxxxxxxxxxxx, prev_key0_we = 0xx
prev_key1_reg = 0xxxxxxxxxxxxxxxxxxxxxxxxxxxxxxxxx, prev_key1_new = 0xxxxxxxxxxxxxxxxxxxxxxxxxxxxxxxxx, prev_key1_we = 0xx
rcon_reg = 0xxx, rcon_new = 0xxx,  rcon_set = 0xx,  rcon_next = 0xx, rcon_we = 0xx
w0 = 0xxxxxxxxx, w1 = 0xxxxxxxxx, w2 = 0xxxxxxxxx, w3 = 0xxxxxxxxx
w4 = 0xxxxxxxxx, w5 = 0xxxxxxxxx, w6 = 0xxxxxxxxx, w7 = 0xxxxxxxxx
sboxw = 0xxxxxxxxx, new_sboxw = 0xzzzzzzzz, rconw = 0xxxxxxxxx
tw = 0xxxxxxxxx, trw = 0xxxxxxxxx
key_mem_new = 0xxxxxxxxxxxxxxxxxxxxxxxxxxxxxxxxx, key_mem_we = 0xx

*** Toggle reset.
State of DUT
------------
Inputs and outputs:
key       = 0x0000000000000000000000000000000000000000000000000000000000000000
keylen    = 0x0, init = 0x0, ready = 0x1
round     = 0x00
round_key = 0x00000000000000000000000000000000

Internal states:
key_mem_ctrl = 0x0, round_key_update = 0x0, round_ctr_reg = 0x0
prev_key0_reg = 0x00000000000000000000000000000000, prev_key0_new = 0x00000000000000000000000000000000, prev_key0_we = 0x0
prev_key1_reg = 0x00000000000000000000000000000000, prev_key1_new = 0x00000000000000000000000000000000, prev_key1_we = 0x0
rcon_reg = 0x00, rcon_new = 0x00,  rcon_set = 0x0,  rcon_next = 0x0, rcon_we = 0x0
w0 = 0x00000000, w1 = 0x00000000, w2 = 0x00000000, w3 = 0x00000000
w4 = 0x63636363, w5 = 0x63636363, w6 = 0x63636363, w7 = 0x63636363
sboxw = 0x00000000, new_sboxw = 0x63636363, rconw = 0x63636363
tw = 0x00000000, trw = 0x63636363
key_mem_new = 0x00000000000000000000000000000000, key_mem_we = 0x0

State after reset:
State of DUT
------------
Inputs and outputs:
key       = 0x0000000000000000000000000000000000000000000000000000000000000000
keylen    = 0x0, init = 0x0, ready = 0x1
round     = 0x00
round_key = 0x00000000000000000000000000000000

Internal states:
key_mem_ctrl = 0x0, round_key_update = 0x0, round_ctr_reg = 0x0
prev_key0_reg = 0x00000000000000000000000000000000, prev_key0_new = 0x00000000000000000000000000000000, prev_key0_we = 0x0
prev_key1_reg = 0x00000000000000000000000000000000, prev_key1_new = 0x00000000000000000000000000000000, prev_key1_we = 0x0
rcon_reg = 0x00, rcon_new = 0x00,  rcon_set = 0x0,  rcon_next = 0x0, rcon_we = 0x0
w0 = 0x00000000, w1 = 0x00000000, w2 = 0x00000000, w3 = 0x00000000
w4 = 0x63636363, w5 = 0x63636363, w6 = 0x63636363, w7 = 0x63636363
sboxw = 0x00000000, new_sboxw = 0x63636363, rconw = 0x63636363
tw = 0x00000000, trw = 0x63636363
key_mem_new = 0x00000000000000000000000000000000, key_mem_we = 0x0


State of DUT
------------
Inputs and outputs:
key       = 0x0000000000000000000000000000000000000000000000000000000000000000
keylen    = 0x0, init = 0x0, ready = 0x1
round     = 0x00
round_key = 0x00000000000000000000000000000000

Internal states:
key_mem_ctrl = 0x0, round_key_update = 0x0, round_ctr_reg = 0x0
prev_key0_reg = 0x00000000000000000000000000000000, prev_key0_new = 0x00000000000000000000000000000000, prev_key0_we = 0x0
prev_key1_reg = 0x00000000000000000000000000000000, prev_key1_new = 0x00000000000000000000000000000000, prev_key1_we = 0x0
rcon_reg = 0x00, rcon_new = 0x00,  rcon_set = 0x0,  rcon_next = 0x0, rcon_we = 0x0
w0 = 0x00000000, w1 = 0x00000000, w2 = 0x00000000, w3 = 0x00000000
w4 = 0x63636363, w5 = 0x63636363, w6 = 0x63636363, w7 = 0x63636363
sboxw = 0x00000000, new_sboxw = 0x63636363, rconw = 0x63636363
tw = 0x00000000, trw = 0x63636363
key_mem_new = 0x00000000000000000000000000000000, key_mem_we = 0x0

State of DUT
------------
Inputs and outputs:
key       = 0x0000000000000000000000000000000000000000000000000000000000000000
keylen    = 0x0, init = 0x0, ready = 0x1
round     = 0x00
round_key = 0x00000000000000000000000000000000

Internal states:
key_mem_ctrl = 0x0, round_key_update = 0x0, round_ctr_reg = 0x0
prev_key0_reg = 0x00000000000000000000000000000000, prev_key0_new = 0x00000000000000000000000000000000, prev_key0_we = 0x0
prev_key1_reg = 0x00000000000000000000000000000000, prev_key1_new = 0x00000000000000000000000000000000, prev_key1_we = 0x0
rcon_reg = 0x00, rcon_new = 0x00,  rcon_set = 0x0,  rcon_next = 0x0, rcon_we = 0x0
w0 = 0x00000000, w1 = 0x00000000, w2 = 0x00000000, w3 = 0x00000000
w4 = 0x63636363, w5 = 0x63636363, w6 = 0x63636363, w7 = 0x63636363
sboxw = 0x00000000, new_sboxw = 0x63636363, rconw = 0x63636363
tw = 0x00000000, trw = 0x63636363
key_mem_new = 0x00000000000000000000000000000000, key_mem_we = 0x0

State of DUT
------------
Inputs and outputs:
key       = 0x0000000000000000000000000000000000000000000000000000000000000000
keylen    = 0x0, init = 0x0, ready = 0x1
round     = 0x00
round_key = 0x00000000000000000000000000000000

Internal states:
key_mem_ctrl = 0x0, round_key_update = 0x0, round_ctr_reg = 0x0
prev_key0_reg = 0x00000000000000000000000000000000, prev_key0_new = 0x00000000000000000000000000000000, prev_key0_we = 0x0
prev_key1_reg = 0x00000000000000000000000000000000, prev_key1_new = 0x00000000000000000000000000000000, prev_key1_we = 0x0
rcon_reg = 0x00, rcon_new = 0x00,  rcon_set = 0x0,  rcon_next = 0x0, rcon_we = 0x0
w0 = 0x00000000, w1 = 0x00000000, w2 = 0x00000000, w3 = 0x00000000
w4 = 0x63636363, w5 = 0x63636363, w6 = 0x63636363, w7 = 0x63636363
sboxw = 0x00000000, new_sboxw = 0x63636363, rconw = 0x63636363
tw = 0x00000000, trw = 0x63636363
key_mem_new = 0x00000000000000000000000000000000, key_mem_we = 0x0

State of DUT
------------
Inputs and outputs:
key       = 0x0000000000000000000000000000000000000000000000000000000000000000
keylen    = 0x0, init = 0x0, ready = 0x1
round     = 0x00
round_key = 0x00000000000000000000000000000000

Internal states:
key_mem_ctrl = 0x0, round_key_update = 0x0, round_ctr_reg = 0x0
prev_key0_reg = 0x00000000000000000000000000000000, prev_key0_new = 0x00000000000000000000000000000000, prev_key0_we = 0x0
prev_key1_reg = 0x00000000000000000000000000000000, prev_key1_new = 0x00000000000000000000000000000000, prev_key1_we = 0x0
rcon_reg = 0x00, rcon_new = 0x00,  rcon_set = 0x0,  rcon_next = 0x0, rcon_we = 0x0
w0 = 0x00000000, w1 = 0x00000000, w2 = 0x00000000, w3 = 0x00000000
w4 = 0x63636363, w5 = 0x63636363, w6 = 0x63636363, w7 = 0x63636363
sboxw = 0x00000000, new_sboxw = 0x63636363, rconw = 0x63636363
tw = 0x00000000, trw = 0x63636363
key_mem_new = 0x00000000000000000000000000000000, key_mem_we = 0x0

State of DUT
------------
Inputs and outputs:
key       = 0x0000000000000000000000000000000000000000000000000000000000000000
keylen    = 0x0, init = 0x0, ready = 0x1
round     = 0x00
round_key = 0x00000000000000000000000000000000

Internal states:
key_mem_ctrl = 0x0, round_key_update = 0x0, round_ctr_reg = 0x0
prev_key0_reg = 0x00000000000000000000000000000000, prev_key0_new = 0x00000000000000000000000000000000, prev_key0_we = 0x0
prev_key1_reg = 0x00000000000000000000000000000000, prev_key1_new = 0x00000000000000000000000000000000, prev_key1_we = 0x0
rcon_reg = 0x00, rcon_new = 0x00,  rcon_set = 0x0,  rcon_next = 0x0, rcon_we = 0x0
w0 = 0x00000000, w1 = 0x00000000, w2 = 0x00000000, w3 = 0x00000000
w4 = 0x63636363, w5 = 0x63636363, w6 = 0x63636363, w7 = 0x63636363
sboxw = 0x00000000, new_sboxw = 0x63636363, rconw = 0x63636363
tw = 0x00000000, trw = 0x63636363
key_mem_new = 0x00000000000000000000000000000000, key_mem_we = 0x0

State of DUT
------------
Inputs and outputs:
key       = 0x0000000000000000000000000000000000000000000000000000000000000000
keylen    = 0x0, init = 0x0, ready = 0x1
round     = 0x00
round_key = 0x00000000000000000000000000000000

Internal states:
key_mem_ctrl = 0x0, round_key_update = 0x0, round_ctr_reg = 0x0
prev_key0_reg = 0x00000000000000000000000000000000, prev_key0_new = 0x00000000000000000000000000000000, prev_key0_we = 0x0
prev_key1_reg = 0x00000000000000000000000000000000, prev_key1_new = 0x00000000000000000000000000000000, prev_key1_we = 0x0
rcon_reg = 0x00, rcon_new = 0x00,  rcon_set = 0x0,  rcon_next = 0x0, rcon_we = 0x0
w0 = 0x00000000, w1 = 0x00000000, w2 = 0x00000000, w3 = 0x00000000
w4 = 0x63636363, w5 = 0x63636363, w6 = 0x63636363, w7 = 0x63636363
sboxw = 0x00000000, new_sboxw = 0x63636363, rconw = 0x63636363
tw = 0x00000000, trw = 0x63636363
key_mem_new = 0x00000000000000000000000000000000, key_mem_we = 0x0

State of DUT
------------
Inputs and outputs:
key       = 0x0000000000000000000000000000000000000000000000000000000000000000
keylen    = 0x0, init = 0x0, ready = 0x1
round     = 0x00
round_key = 0x00000000000000000000000000000000

Internal states:
key_mem_ctrl = 0x0, round_key_update = 0x0, round_ctr_reg = 0x0
prev_key0_reg = 0x00000000000000000000000000000000, prev_key0_new = 0x00000000000000000000000000000000, prev_key0_we = 0x0
prev_key1_reg = 0x00000000000000000000000000000000, prev_key1_new = 0x00000000000000000000000000000000, prev_key1_we = 0x0
rcon_reg = 0x00, rcon_new = 0x00,  rcon_set = 0x0,  rcon_next = 0x0, rcon_we = 0x0
w0 = 0x00000000, w1 = 0x00000000, w2 = 0x00000000, w3 = 0x00000000
w4 = 0x63636363, w5 = 0x63636363, w6 = 0x63636363, w7 = 0x63636363
sboxw = 0x00000000, new_sboxw = 0x63636363, rconw = 0x63636363
tw = 0x00000000, trw = 0x63636363
key_mem_new = 0x00000000000000000000000000000000, key_mem_we = 0x0

State of DUT
------------
Inputs and outputs:
key       = 0x0000000000000000000000000000000000000000000000000000000000000000
keylen    = 0x0, init = 0x0, ready = 0x1
round     = 0x00
round_key = 0x00000000000000000000000000000000

Internal states:
key_mem_ctrl = 0x0, round_key_update = 0x0, round_ctr_reg = 0x0
prev_key0_reg = 0x00000000000000000000000000000000, prev_key0_new = 0x00000000000000000000000000000000, prev_key0_we = 0x0
prev_key1_reg = 0x00000000000000000000000000000000, prev_key1_new = 0x00000000000000000000000000000000, prev_key1_we = 0x0
rcon_reg = 0x00, rcon_new = 0x00,  rcon_set = 0x0,  rcon_next = 0x0, rcon_we = 0x0
w0 = 0x00000000, w1 = 0x00000000, w2 = 0x00000000, w3 = 0x00000000
w4 = 0x63636363, w5 = 0x63636363, w6 = 0x63636363, w7 = 0x63636363
sboxw = 0x00000000, new_sboxw = 0x63636363, rconw = 0x63636363
tw = 0x00000000, trw = 0x63636363
key_mem_new = 0x00000000000000000000000000000000, key_mem_we = 0x0

State of DUT
------------
Inputs and outputs:
key       = 0x0000000000000000000000000000000000000000000000000000000000000000
keylen    = 0x0, init = 0x0, ready = 0x1
round     = 0x00
round_key = 0x00000000000000000000000000000000

Internal states:
key_mem_ctrl = 0x0, round_key_update = 0x0, round_ctr_reg = 0x0
prev_key0_reg = 0x00000000000000000000000000000000, prev_key0_new = 0x00000000000000000000000000000000, prev_key0_we = 0x0
prev_key1_reg = 0x00000000000000000000000000000000, prev_key1_new = 0x00000000000000000000000000000000, prev_key1_we = 0x0
rcon_reg = 0x00, rcon_new = 0x00,  rcon_set = 0x0,  rcon_next = 0x0, rcon_we = 0x0
w0 = 0x00000000, w1 = 0x00000000, w2 = 0x00000000, w3 = 0x00000000
w4 = 0x63636363, w5 = 0x63636363, w6 = 0x63636363, w7 = 0x63636363
sboxw = 0x00000000, new_sboxw = 0x63636363, rconw = 0x63636363
tw = 0x00000000, trw = 0x63636363
key_mem_new = 0x00000000000000000000000000000000, key_mem_we = 0x0

State of DUT
------------
Inputs and outputs:
key       = 0x0000000000000000000000000000000000000000000000000000000000000000
keylen    = 0x0, init = 0x0, ready = 0x1
round     = 0x00
round_key = 0x00000000000000000000000000000000

Internal states:
key_mem_ctrl = 0x0, round_key_update = 0x0, round_ctr_reg = 0x0
prev_key0_reg = 0x00000000000000000000000000000000, prev_key0_new = 0x00000000000000000000000000000000, prev_key0_we = 0x0
prev_key1_reg = 0x00000000000000000000000000000000, prev_key1_new = 0x00000000000000000000000000000000, prev_key1_we = 0x0
rcon_reg = 0x00, rcon_new = 0x00,  rcon_set = 0x0,  rcon_next = 0x0, rcon_we = 0x0
w0 = 0x00000000, w1 = 0x00000000, w2 = 0x00000000, w3 = 0x00000000
w4 = 0x63636363, w5 = 0x63636363, w6 = 0x63636363, w7 = 0x63636363
sboxw = 0x00000000, new_sboxw = 0x63636363, rconw = 0x63636363
tw = 0x00000000, trw = 0x63636363
key_mem_new = 0x00000000000000000000000000000000, key_mem_we = 0x0

State of DUT
------------
Inputs and outputs:
key       = 0x0000000000000000000000000000000000000000000000000000000000000000
keylen    = 0x0, init = 0x0, ready = 0x1
round     = 0x00
round_key = 0x00000000000000000000000000000000

Internal states:
key_mem_ctrl = 0x0, round_key_update = 0x0, round_ctr_reg = 0x0
prev_key0_reg = 0x00000000000000000000000000000000, prev_key0_new = 0x00000000000000000000000000000000, prev_key0_we = 0x0
prev_key1_reg = 0x00000000000000000000000000000000, prev_key1_new = 0x00000000000000000000000000000000, prev_key1_we = 0x0
rcon_reg = 0x00, rcon_new = 0x00,  rcon_set = 0x0,  rcon_next = 0x0, rcon_we = 0x0
w0 = 0x00000000, w1 = 0x00000000, w2 = 0x00000000, w3 = 0x00000000
w4 = 0x63636363, w5 = 0x63636363, w6 = 0x63636363, w7 = 0x63636363
sboxw = 0x00000000, new_sboxw = 0x63636363, rconw = 0x63636363
tw = 0x00000000, trw = 0x63636363
key_mem_new = 0x00000000000000000000000000000000, key_mem_we = 0x0

State of DUT
------------
Inputs and outputs:
key       = 0x0000000000000000000000000000000000000000000000000000000000000000
keylen    = 0x0, init = 0x0, ready = 0x1
round     = 0x00
round_key = 0x00000000000000000000000000000000

Internal states:
key_mem_ctrl = 0x0, round_key_update = 0x0, round_ctr_reg = 0x0
prev_key0_reg = 0x00000000000000000000000000000000, prev_key0_new = 0x00000000000000000000000000000000, prev_key0_we = 0x0
prev_key1_reg = 0x00000000000000000000000000000000, prev_key1_new = 0x00000000000000000000000000000000, prev_key1_we = 0x0
rcon_reg = 0x00, rcon_new = 0x00,  rcon_set = 0x0,  rcon_next = 0x0, rcon_we = 0x0
w0 = 0x00000000, w1 = 0x00000000, w2 = 0x00000000, w3 = 0x00000000
w4 = 0x63636363, w5 = 0x63636363, w6 = 0x63636363, w7 = 0x63636363
sboxw = 0x00000000, new_sboxw = 0x63636363, rconw = 0x63636363
tw = 0x00000000, trw = 0x63636363
key_mem_new = 0x00000000000000000000000000000000, key_mem_we = 0x0

State of DUT
------------
Inputs and outputs:
key       = 0x0000000000000000000000000000000000000000000000000000000000000000
keylen    = 0x0, init = 0x0, ready = 0x1
round     = 0x00
round_key = 0x00000000000000000000000000000000

Internal states:
key_mem_ctrl = 0x0, round_key_update = 0x0, round_ctr_reg = 0x0
prev_key0_reg = 0x00000000000000000000000000000000, prev_key0_new = 0x00000000000000000000000000000000, prev_key0_we = 0x0
prev_key1_reg = 0x00000000000000000000000000000000, prev_key1_new = 0x00000000000000000000000000000000, prev_key1_we = 0x0
rcon_reg = 0x00, rcon_new = 0x00,  rcon_set = 0x0,  rcon_next = 0x0, rcon_we = 0x0
w0 = 0x00000000, w1 = 0x00000000, w2 = 0x00000000, w3 = 0x00000000
w4 = 0x63636363, w5 = 0x63636363, w6 = 0x63636363, w7 = 0x63636363
sboxw = 0x00000000, new_sboxw = 0x63636363, rconw = 0x63636363
tw = 0x00000000, trw = 0x63636363
key_mem_new = 0x00000000000000000000000000000000, key_mem_we = 0x0

State of DUT
------------
Inputs and outputs:
key       = 0x0000000000000000000000000000000000000000000000000000000000000000
keylen    = 0x0, init = 0x0, ready = 0x1
round     = 0x00
round_key = 0x00000000000000000000000000000000

Internal states:
key_mem_ctrl = 0x0, round_key_update = 0x0, round_ctr_reg = 0x0
prev_key0_reg = 0x00000000000000000000000000000000, prev_key0_new = 0x00000000000000000000000000000000, prev_key0_we = 0x0
prev_key1_reg = 0x00000000000000000000000000000000, prev_key1_new = 0x00000000000000000000000000000000, prev_key1_we = 0x0
rcon_reg = 0x00, rcon_new = 0x00,  rcon_set = 0x0,  rcon_next = 0x0, rcon_we = 0x0
w0 = 0x00000000, w1 = 0x00000000, w2 = 0x00000000, w3 = 0x00000000
w4 = 0x63636363, w5 = 0x63636363, w6 = 0x63636363, w7 = 0x63636363
sboxw = 0x00000000, new_sboxw = 0x63636363, rconw = 0x63636363
tw = 0x00000000, trw = 0x63636363
key_mem_new = 0x00000000000000000000000000000000, key_mem_we = 0x0

State of DUT
------------
Inputs and outputs:
key       = 0x0000000000000000000000000000000000000000000000000000000000000000
keylen    = 0x0, init = 0x0, ready = 0x1
round     = 0x00
round_key = 0x00000000000000000000000000000000

Internal states:
key_mem_ctrl = 0x0, round_key_update = 0x0, round_ctr_reg = 0x0
prev_key0_reg = 0x00000000000000000000000000000000, prev_key0_new = 0x00000000000000000000000000000000, prev_key0_we = 0x0
prev_key1_reg = 0x00000000000000000000000000000000, prev_key1_new = 0x00000000000000000000000000000000, prev_key1_we = 0x0
rcon_reg = 0x00, rcon_new = 0x00,  rcon_set = 0x0,  rcon_next = 0x0, rcon_we = 0x0
w0 = 0x00000000, w1 = 0x00000000, w2 = 0x00000000, w3 = 0x00000000
w4 = 0x63636363, w5 = 0x63636363, w6 = 0x63636363, w7 = 0x63636363
sboxw = 0x00000000, new_sboxw = 0x63636363, rconw = 0x63636363
tw = 0x00000000, trw = 0x63636363
key_mem_new = 0x00000000000000000000000000000000, key_mem_we = 0x0

State of DUT
------------
Inputs and outputs:
key       = 0x0000000000000000000000000000000000000000000000000000000000000000
keylen    = 0x0, init = 0x0, ready = 0x1
round     = 0x00
round_key = 0x00000000000000000000000000000000

Internal states:
key_mem_ctrl = 0x0, round_key_update = 0x0, round_ctr_reg = 0x0
prev_key0_reg = 0x00000000000000000000000000000000, prev_key0_new = 0x00000000000000000000000000000000, prev_key0_we = 0x0
prev_key1_reg = 0x00000000000000000000000000000000, prev_key1_new = 0x00000000000000000000000000000000, prev_key1_we = 0x0
rcon_reg = 0x00, rcon_new = 0x00,  rcon_set = 0x0,  rcon_next = 0x0, rcon_we = 0x0
w0 = 0x00000000, w1 = 0x00000000, w2 = 0x00000000, w3 = 0x00000000
w4 = 0x63636363, w5 = 0x63636363, w6 = 0x63636363, w7 = 0x63636363
sboxw = 0x00000000, new_sboxw = 0x63636363, rconw = 0x63636363
tw = 0x00000000, trw = 0x63636363
key_mem_new = 0x00000000000000000000000000000000, key_mem_we = 0x0

State of DUT
------------
Inputs and outputs:
key       = 0x0000000000000000000000000000000000000000000000000000000000000000
keylen    = 0x0, init = 0x0, ready = 0x1
round     = 0x00
round_key = 0x00000000000000000000000000000000

Internal states:
key_mem_ctrl = 0x0, round_key_update = 0x0, round_ctr_reg = 0x0
prev_key0_reg = 0x00000000000000000000000000000000, prev_key0_new = 0x00000000000000000000000000000000, prev_key0_we = 0x0
prev_key1_reg = 0x00000000000000000000000000000000, prev_key1_new = 0x00000000000000000000000000000000, prev_key1_we = 0x0
rcon_reg = 0x00, rcon_new = 0x00,  rcon_set = 0x0,  rcon_next = 0x0, rcon_we = 0x0
w0 = 0x00000000, w1 = 0x00000000, w2 = 0x00000000, w3 = 0x00000000
w4 = 0x63636363, w5 = 0x63636363, w6 = 0x63636363, w7 = 0x63636363
sboxw = 0x00000000, new_sboxw = 0x63636363, rconw = 0x63636363
tw = 0x00000000, trw = 0x63636363
key_mem_new = 0x00000000000000000000000000000000, key_mem_we = 0x0

State of DUT
------------
Inputs and outputs:
key       = 0x0000000000000000000000000000000000000000000000000000000000000000
keylen    = 0x0, init = 0x0, ready = 0x1
round     = 0x00
round_key = 0x00000000000000000000000000000000

Internal states:
key_mem_ctrl = 0x0, round_key_update = 0x0, round_ctr_reg = 0x0
prev_key0_reg = 0x00000000000000000000000000000000, prev_key0_new = 0x00000000000000000000000000000000, prev_key0_we = 0x0
prev_key1_reg = 0x00000000000000000000000000000000, prev_key1_new = 0x00000000000000000000000000000000, prev_key1_we = 0x0
rcon_reg = 0x00, rcon_new = 0x00,  rcon_set = 0x0,  rcon_next = 0x0, rcon_we = 0x0
w0 = 0x00000000, w1 = 0x00000000, w2 = 0x00000000, w3 = 0x00000000
w4 = 0x63636363, w5 = 0x63636363, w6 = 0x63636363, w7 = 0x63636363
sboxw = 0x00000000, new_sboxw = 0x63636363, rconw = 0x63636363
tw = 0x00000000, trw = 0x63636363
key_mem_new = 0x00000000000000000000000000000000, key_mem_we = 0x0

State of DUT
------------
Inputs and outputs:
key       = 0x0000000000000000000000000000000000000000000000000000000000000000
keylen    = 0x0, init = 0x0, ready = 0x1
round     = 0x00
round_key = 0x00000000000000000000000000000000

Internal states:
key_mem_ctrl = 0x0, round_key_update = 0x0, round_ctr_reg = 0x0
prev_key0_reg = 0x00000000000000000000000000000000, prev_key0_new = 0x00000000000000000000000000000000, prev_key0_we = 0x0
prev_key1_reg = 0x00000000000000000000000000000000, prev_key1_new = 0x00000000000000000000000000000000, prev_key1_we = 0x0
rcon_reg = 0x00, rcon_new = 0x00,  rcon_set = 0x0,  rcon_next = 0x0, rcon_we = 0x0
w0 = 0x00000000, w1 = 0x00000000, w2 = 0x00000000, w3 = 0x00000000
w4 = 0x63636363, w5 = 0x63636363, w6 = 0x63636363, w7 = 0x63636363
sboxw = 0x00000000, new_sboxw = 0x63636363, rconw = 0x63636363
tw = 0x00000000, trw = 0x63636363
key_mem_new = 0x00000000000000000000000000000000, key_mem_we = 0x0

State of DUT
------------
Inputs and outputs:
key       = 0x0000000000000000000000000000000000000000000000000000000000000000
keylen    = 0x0, init = 0x0, ready = 0x1
round     = 0x00
round_key = 0x00000000000000000000000000000000

Internal states:
key_mem_ctrl = 0x0, round_key_update = 0x0, round_ctr_reg = 0x0
prev_key0_reg = 0x00000000000000000000000000000000, prev_key0_new = 0x00000000000000000000000000000000, prev_key0_we = 0x0
prev_key1_reg = 0x00000000000000000000000000000000, prev_key1_new = 0x00000000000000000000000000000000, prev_key1_we = 0x0
rcon_reg = 0x00, rcon_new = 0x00,  rcon_set = 0x0,  rcon_next = 0x0, rcon_we = 0x0
w0 = 0x00000000, w1 = 0x00000000, w2 = 0x00000000, w3 = 0x00000000
w4 = 0x63636363, w5 = 0x63636363, w6 = 0x63636363, w7 = 0x63636363
sboxw = 0x00000000, new_sboxw = 0x63636363, rconw = 0x63636363
tw = 0x00000000, trw = 0x63636363
key_mem_new = 0x00000000000000000000000000000000, key_mem_we = 0x0

State of DUT
------------
Inputs and outputs:
key       = 0x0000000000000000000000000000000000000000000000000000000000000000
keylen    = 0x0, init = 0x0, ready = 0x1
round     = 0x00
round_key = 0x00000000000000000000000000000000

Internal states:
key_mem_ctrl = 0x0, round_key_update = 0x0, round_ctr_reg = 0x0
prev_key0_reg = 0x00000000000000000000000000000000, prev_key0_new = 0x00000000000000000000000000000000, prev_key0_we = 0x0
prev_key1_reg = 0x00000000000000000000000000000000, prev_key1_new = 0x00000000000000000000000000000000, prev_key1_we = 0x0
rcon_reg = 0x00, rcon_new = 0x00,  rcon_set = 0x0,  rcon_next = 0x0, rcon_we = 0x0
w0 = 0x00000000, w1 = 0x00000000, w2 = 0x00000000, w3 = 0x00000000
w4 = 0x63636363, w5 = 0x63636363, w6 = 0x63636363, w7 = 0x63636363
sboxw = 0x00000000, new_sboxw = 0x63636363, rconw = 0x63636363
tw = 0x00000000, trw = 0x63636363
key_mem_new = 0x00000000000000000000000000000000, key_mem_we = 0x0

State of DUT
------------
Inputs and outputs:
key       = 0x0000000000000000000000000000000000000000000000000000000000000000
keylen    = 0x0, init = 0x0, ready = 0x1
round     = 0x00
round_key = 0x00000000000000000000000000000000

Internal states:
key_mem_ctrl = 0x0, round_key_update = 0x0, round_ctr_reg = 0x0
prev_key0_reg = 0x00000000000000000000000000000000, prev_key0_new = 0x00000000000000000000000000000000, prev_key0_we = 0x0
prev_key1_reg = 0x00000000000000000000000000000000, prev_key1_new = 0x00000000000000000000000000000000, prev_key1_we = 0x0
rcon_reg = 0x00, rcon_new = 0x00,  rcon_set = 0x0,  rcon_next = 0x0, rcon_we = 0x0
w0 = 0x00000000, w1 = 0x00000000, w2 = 0x00000000, w3 = 0x00000000
w4 = 0x63636363, w5 = 0x63636363, w6 = 0x63636363, w7 = 0x63636363
sboxw = 0x00000000, new_sboxw = 0x63636363, rconw = 0x63636363
tw = 0x00000000, trw = 0x63636363
key_mem_new = 0x00000000000000000000000000000000, key_mem_we = 0x0

State of DUT
------------
Inputs and outputs:
key       = 0x0000000000000000000000000000000000000000000000000000000000000000
keylen    = 0x0, init = 0x0, ready = 0x1
round     = 0x00
round_key = 0x00000000000000000000000000000000

Internal states:
key_mem_ctrl = 0x0, round_key_update = 0x0, round_ctr_reg = 0x0
prev_key0_reg = 0x00000000000000000000000000000000, prev_key0_new = 0x00000000000000000000000000000000, prev_key0_we = 0x0
prev_key1_reg = 0x00000000000000000000000000000000, prev_key1_new = 0x00000000000000000000000000000000, prev_key1_we = 0x0
rcon_reg = 0x00, rcon_new = 0x00,  rcon_set = 0x0,  rcon_next = 0x0, rcon_we = 0x0
w0 = 0x00000000, w1 = 0x00000000, w2 = 0x00000000, w3 = 0x00000000
w4 = 0x63636363, w5 = 0x63636363, w6 = 0x63636363, w7 = 0x63636363
sboxw = 0x00000000, new_sboxw = 0x63636363, rconw = 0x63636363
tw = 0x00000000, trw = 0x63636363
key_mem_new = 0x00000000000000000000000000000000, key_mem_we = 0x0

State of DUT
------------
Inputs and outputs:
key       = 0x0000000000000000000000000000000000000000000000000000000000000000
keylen    = 0x0, init = 0x0, ready = 0x1
round     = 0x00
round_key = 0x00000000000000000000000000000000

Internal states:
key_mem_ctrl = 0x0, round_key_update = 0x0, round_ctr_reg = 0x0
prev_key0_reg = 0x00000000000000000000000000000000, prev_key0_new = 0x00000000000000000000000000000000, prev_key0_we = 0x0
prev_key1_reg = 0x00000000000000000000000000000000, prev_key1_new = 0x00000000000000000000000000000000, prev_key1_we = 0x0
rcon_reg = 0x00, rcon_new = 0x00,  rcon_set = 0x0,  rcon_next = 0x0, rcon_we = 0x0
w0 = 0x00000000, w1 = 0x00000000, w2 = 0x00000000, w3 = 0x00000000
w4 = 0x63636363, w5 = 0x63636363, w6 = 0x63636363, w7 = 0x63636363
sboxw = 0x00000000, new_sboxw = 0x63636363, rconw = 0x63636363
tw = 0x00000000, trw = 0x63636363
key_mem_new = 0x00000000000000000000000000000000, key_mem_we = 0x0

State of DUT
------------
Inputs and outputs:
key       = 0x0000000000000000000000000000000000000000000000000000000000000000
keylen    = 0x0, init = 0x0, ready = 0x1
round     = 0x00
round_key = 0x00000000000000000000000000000000

Internal states:
key_mem_ctrl = 0x0, round_key_update = 0x0, round_ctr_reg = 0x0
prev_key0_reg = 0x00000000000000000000000000000000, prev_key0_new = 0x00000000000000000000000000000000, prev_key0_we = 0x0
prev_key1_reg = 0x00000000000000000000000000000000, prev_key1_new = 0x00000000000000000000000000000000, prev_key1_we = 0x0
rcon_reg = 0x00, rcon_new = 0x00,  rcon_set = 0x0,  rcon_next = 0x0, rcon_we = 0x0
w0 = 0x00000000, w1 = 0x00000000, w2 = 0x00000000, w3 = 0x00000000
w4 = 0x63636363, w5 = 0x63636363, w6 = 0x63636363, w7 = 0x63636363
sboxw = 0x00000000, new_sboxw = 0x63636363, rconw = 0x63636363
tw = 0x00000000, trw = 0x63636363
key_mem_new = 0x00000000000000000000000000000000, key_mem_we = 0x0

State of DUT
------------
Inputs and outputs:
key       = 0x0000000000000000000000000000000000000000000000000000000000000000
keylen    = 0x0, init = 0x0, ready = 0x1
round     = 0x00
round_key = 0x00000000000000000000000000000000

Internal states:
key_mem_ctrl = 0x0, round_key_update = 0x0, round_ctr_reg = 0x0
prev_key0_reg = 0x00000000000000000000000000000000, prev_key0_new = 0x00000000000000000000000000000000, prev_key0_we = 0x0
prev_key1_reg = 0x00000000000000000000000000000000, prev_key1_new = 0x00000000000000000000000000000000, prev_key1_we = 0x0
rcon_reg = 0x00, rcon_new = 0x00,  rcon_set = 0x0,  rcon_next = 0x0, rcon_we = 0x0
w0 = 0x00000000, w1 = 0x00000000, w2 = 0x00000000, w3 = 0x00000000
w4 = 0x63636363, w5 = 0x63636363, w6 = 0x63636363, w7 = 0x63636363
sboxw = 0x00000000, new_sboxw = 0x63636363, rconw = 0x63636363
tw = 0x00000000, trw = 0x63636363
key_mem_new = 0x00000000000000000000000000000000, key_mem_we = 0x0

State of DUT
------------
Inputs and outputs:
key       = 0x0000000000000000000000000000000000000000000000000000000000000000
keylen    = 0x0, init = 0x0, ready = 0x1
round     = 0x00
round_key = 0x00000000000000000000000000000000

Internal states:
key_mem_ctrl = 0x0, round_key_update = 0x0, round_ctr_reg = 0x0
prev_key0_reg = 0x00000000000000000000000000000000, prev_key0_new = 0x00000000000000000000000000000000, prev_key0_we = 0x0
prev_key1_reg = 0x00000000000000000000000000000000, prev_key1_new = 0x00000000000000000000000000000000, prev_key1_we = 0x0
rcon_reg = 0x00, rcon_new = 0x00,  rcon_set = 0x0,  rcon_next = 0x0, rcon_we = 0x0
w0 = 0x00000000, w1 = 0x00000000, w2 = 0x00000000, w3 = 0x00000000
w4 = 0x63636363, w5 = 0x63636363, w6 = 0x63636363, w7 = 0x63636363
sboxw = 0x00000000, new_sboxw = 0x63636363, rconw = 0x63636363
tw = 0x00000000, trw = 0x63636363
key_mem_new = 0x00000000000000000000000000000000, key_mem_we = 0x0

State of DUT
------------
Inputs and outputs:
key       = 0x0000000000000000000000000000000000000000000000000000000000000000
keylen    = 0x0, init = 0x0, ready = 0x1
round     = 0x00
round_key = 0x00000000000000000000000000000000

Internal states:
key_mem_ctrl = 0x0, round_key_update = 0x0, round_ctr_reg = 0x0
prev_key0_reg = 0x00000000000000000000000000000000, prev_key0_new = 0x00000000000000000000000000000000, prev_key0_we = 0x0
prev_key1_reg = 0x00000000000000000000000000000000, prev_key1_new = 0x00000000000000000000000000000000, prev_key1_we = 0x0
rcon_reg = 0x00, rcon_new = 0x00,  rcon_set = 0x0,  rcon_next = 0x0, rcon_we = 0x0
w0 = 0x00000000, w1 = 0x00000000, w2 = 0x00000000, w3 = 0x00000000
w4 = 0x63636363, w5 = 0x63636363, w6 = 0x63636363, w7 = 0x63636363
sboxw = 0x00000000, new_sboxw = 0x63636363, rconw = 0x63636363
tw = 0x00000000, trw = 0x63636363
key_mem_new = 0x00000000000000000000000000000000, key_mem_we = 0x0

State of DUT
------------
Inputs and outputs:
key       = 0x0000000000000000000000000000000000000000000000000000000000000000
keylen    = 0x0, init = 0x0, ready = 0x1
round     = 0x00
round_key = 0x00000000000000000000000000000000

Internal states:
key_mem_ctrl = 0x0, round_key_update = 0x0, round_ctr_reg = 0x0
prev_key0_reg = 0x00000000000000000000000000000000, prev_key0_new = 0x00000000000000000000000000000000, prev_key0_we = 0x0
prev_key1_reg = 0x00000000000000000000000000000000, prev_key1_new = 0x00000000000000000000000000000000, prev_key1_we = 0x0
rcon_reg = 0x00, rcon_new = 0x00,  rcon_set = 0x0,  rcon_next = 0x0, rcon_we = 0x0
w0 = 0x00000000, w1 = 0x00000000, w2 = 0x00000000, w3 = 0x00000000
w4 = 0x63636363, w5 = 0x63636363, w6 = 0x63636363, w7 = 0x63636363
sboxw = 0x00000000, new_sboxw = 0x63636363, rconw = 0x63636363
tw = 0x00000000, trw = 0x63636363
key_mem_new = 0x00000000000000000000000000000000, key_mem_we = 0x0

State of DUT
------------
Inputs and outputs:
key       = 0x0000000000000000000000000000000000000000000000000000000000000000
keylen    = 0x0, init = 0x0, ready = 0x1
round     = 0x00
round_key = 0x00000000000000000000000000000000

Internal states:
key_mem_ctrl = 0x0, round_key_update = 0x0, round_ctr_reg = 0x0
prev_key0_reg = 0x00000000000000000000000000000000, prev_key0_new = 0x00000000000000000000000000000000, prev_key0_we = 0x0
prev_key1_reg = 0x00000000000000000000000000000000, prev_key1_new = 0x00000000000000000000000000000000, prev_key1_we = 0x0
rcon_reg = 0x00, rcon_new = 0x00,  rcon_set = 0x0,  rcon_next = 0x0, rcon_we = 0x0
w0 = 0x00000000, w1 = 0x00000000, w2 = 0x00000000, w3 = 0x00000000
w4 = 0x63636363, w5 = 0x63636363, w6 = 0x63636363, w7 = 0x63636363
sboxw = 0x00000000, new_sboxw = 0x63636363, rconw = 0x63636363
tw = 0x00000000, trw = 0x63636363
key_mem_new = 0x00000000000000000000000000000000, key_mem_we = 0x0

State of DUT
------------
Inputs and outputs:
key       = 0x0000000000000000000000000000000000000000000000000000000000000000
keylen    = 0x0, init = 0x0, ready = 0x1
round     = 0x00
round_key = 0x00000000000000000000000000000000

Internal states:
key_mem_ctrl = 0x0, round_key_update = 0x0, round_ctr_reg = 0x0
prev_key0_reg = 0x00000000000000000000000000000000, prev_key0_new = 0x00000000000000000000000000000000, prev_key0_we = 0x0
prev_key1_reg = 0x00000000000000000000000000000000, prev_key1_new = 0x00000000000000000000000000000000, prev_key1_we = 0x0
rcon_reg = 0x00, rcon_new = 0x00,  rcon_set = 0x0,  rcon_next = 0x0, rcon_we = 0x0
w0 = 0x00000000, w1 = 0x00000000, w2 = 0x00000000, w3 = 0x00000000
w4 = 0x63636363, w5 = 0x63636363, w6 = 0x63636363, w7 = 0x63636363
sboxw = 0x00000000, new_sboxw = 0x63636363, rconw = 0x63636363
tw = 0x00000000, trw = 0x63636363
key_mem_new = 0x00000000000000000000000000000000, key_mem_we = 0x0

State of DUT
------------
Inputs and outputs:
key       = 0x0000000000000000000000000000000000000000000000000000000000000000
keylen    = 0x0, init = 0x0, ready = 0x1
round     = 0x00
round_key = 0x00000000000000000000000000000000

Internal states:
key_mem_ctrl = 0x0, round_key_update = 0x0, round_ctr_reg = 0x0
prev_key0_reg = 0x00000000000000000000000000000000, prev_key0_new = 0x00000000000000000000000000000000, prev_key0_we = 0x0
prev_key1_reg = 0x00000000000000000000000000000000, prev_key1_new = 0x00000000000000000000000000000000, prev_key1_we = 0x0
rcon_reg = 0x00, rcon_new = 0x00,  rcon_set = 0x0,  rcon_next = 0x0, rcon_we = 0x0
w0 = 0x00000000, w1 = 0x00000000, w2 = 0x00000000, w3 = 0x00000000
w4 = 0x63636363, w5 = 0x63636363, w6 = 0x63636363, w7 = 0x63636363
sboxw = 0x00000000, new_sboxw = 0x63636363, rconw = 0x63636363
tw = 0x00000000, trw = 0x63636363
key_mem_new = 0x00000000000000000000000000000000, key_mem_we = 0x0

State of DUT
------------
Inputs and outputs:
key       = 0x0000000000000000000000000000000000000000000000000000000000000000
keylen    = 0x0, init = 0x0, ready = 0x1
round     = 0x00
round_key = 0x00000000000000000000000000000000

Internal states:
key_mem_ctrl = 0x0, round_key_update = 0x0, round_ctr_reg = 0x0
prev_key0_reg = 0x00000000000000000000000000000000, prev_key0_new = 0x00000000000000000000000000000000, prev_key0_we = 0x0
prev_key1_reg = 0x00000000000000000000000000000000, prev_key1_new = 0x00000000000000000000000000000000, prev_key1_we = 0x0
rcon_reg = 0x00, rcon_new = 0x00,  rcon_set = 0x0,  rcon_next = 0x0, rcon_we = 0x0
w0 = 0x00000000, w1 = 0x00000000, w2 = 0x00000000, w3 = 0x00000000
w4 = 0x63636363, w5 = 0x63636363, w6 = 0x63636363, w7 = 0x63636363
sboxw = 0x00000000, new_sboxw = 0x63636363, rconw = 0x63636363
tw = 0x00000000, trw = 0x63636363
key_mem_new = 0x00000000000000000000000000000000, key_mem_we = 0x0

State of DUT
------------
Inputs and outputs:
key       = 0x0000000000000000000000000000000000000000000000000000000000000000
keylen    = 0x0, init = 0x0, ready = 0x1
round     = 0x00
round_key = 0x00000000000000000000000000000000

Internal states:
key_mem_ctrl = 0x0, round_key_update = 0x0, round_ctr_reg = 0x0
prev_key0_reg = 0x00000000000000000000000000000000, prev_key0_new = 0x00000000000000000000000000000000, prev_key0_we = 0x0
prev_key1_reg = 0x00000000000000000000000000000000, prev_key1_new = 0x00000000000000000000000000000000, prev_key1_we = 0x0
rcon_reg = 0x00, rcon_new = 0x00,  rcon_set = 0x0,  rcon_next = 0x0, rcon_we = 0x0
w0 = 0x00000000, w1 = 0x00000000, w2 = 0x00000000, w3 = 0x00000000
w4 = 0x63636363, w5 = 0x63636363, w6 = 0x63636363, w7 = 0x63636363
sboxw = 0x00000000, new_sboxw = 0x63636363, rconw = 0x63636363
tw = 0x00000000, trw = 0x63636363
key_mem_new = 0x00000000000000000000000000000000, key_mem_we = 0x0

State of DUT
------------
Inputs and outputs:
key       = 0x0000000000000000000000000000000000000000000000000000000000000000
keylen    = 0x0, init = 0x0, ready = 0x1
round     = 0x00
round_key = 0x00000000000000000000000000000000

Internal states:
key_mem_ctrl = 0x0, round_key_update = 0x0, round_ctr_reg = 0x0
prev_key0_reg = 0x00000000000000000000000000000000, prev_key0_new = 0x00000000000000000000000000000000, prev_key0_we = 0x0
prev_key1_reg = 0x00000000000000000000000000000000, prev_key1_new = 0x00000000000000000000000000000000, prev_key1_we = 0x0
rcon_reg = 0x00, rcon_new = 0x00,  rcon_set = 0x0,  rcon_next = 0x0, rcon_we = 0x0
w0 = 0x00000000, w1 = 0x00000000, w2 = 0x00000000, w3 = 0x00000000
w4 = 0x63636363, w5 = 0x63636363, w6 = 0x63636363, w7 = 0x63636363
sboxw = 0x00000000, new_sboxw = 0x63636363, rconw = 0x63636363
tw = 0x00000000, trw = 0x63636363
key_mem_new = 0x00000000000000000000000000000000, key_mem_we = 0x0

State of DUT
------------
Inputs and outputs:
key       = 0x0000000000000000000000000000000000000000000000000000000000000000
keylen    = 0x0, init = 0x0, ready = 0x1
round     = 0x00
round_key = 0x00000000000000000000000000000000

Internal states:
key_mem_ctrl = 0x0, round_key_update = 0x0, round_ctr_reg = 0x0
prev_key0_reg = 0x00000000000000000000000000000000, prev_key0_new = 0x00000000000000000000000000000000, prev_key0_we = 0x0
prev_key1_reg = 0x00000000000000000000000000000000, prev_key1_new = 0x00000000000000000000000000000000, prev_key1_we = 0x0
rcon_reg = 0x00, rcon_new = 0x00,  rcon_set = 0x0,  rcon_next = 0x0, rcon_we = 0x0
w0 = 0x00000000, w1 = 0x00000000, w2 = 0x00000000, w3 = 0x00000000
w4 = 0x63636363, w5 = 0x63636363, w6 = 0x63636363, w7 = 0x63636363
sboxw = 0x00000000, new_sboxw = 0x63636363, rconw = 0x63636363
tw = 0x00000000, trw = 0x63636363
key_mem_new = 0x00000000000000000000000000000000, key_mem_we = 0x0

State of DUT
------------
Inputs and outputs:
key       = 0x0000000000000000000000000000000000000000000000000000000000000000
keylen    = 0x0, init = 0x0, ready = 0x1
round     = 0x00
round_key = 0x00000000000000000000000000000000

Internal states:
key_mem_ctrl = 0x0, round_key_update = 0x0, round_ctr_reg = 0x0
prev_key0_reg = 0x00000000000000000000000000000000, prev_key0_new = 0x00000000000000000000000000000000, prev_key0_we = 0x0
prev_key1_reg = 0x00000000000000000000000000000000, prev_key1_new = 0x00000000000000000000000000000000, prev_key1_we = 0x0
rcon_reg = 0x00, rcon_new = 0x00,  rcon_set = 0x0,  rcon_next = 0x0, rcon_we = 0x0
w0 = 0x00000000, w1 = 0x00000000, w2 = 0x00000000, w3 = 0x00000000
w4 = 0x63636363, w5 = 0x63636363, w6 = 0x63636363, w7 = 0x63636363
sboxw = 0x00000000, new_sboxw = 0x63636363, rconw = 0x63636363
tw = 0x00000000, trw = 0x63636363
key_mem_new = 0x00000000000000000000000000000000, key_mem_we = 0x0

State of DUT
------------
Inputs and outputs:
key       = 0x0000000000000000000000000000000000000000000000000000000000000000
keylen    = 0x0, init = 0x0, ready = 0x1
round     = 0x00
round_key = 0x00000000000000000000000000000000

Internal states:
key_mem_ctrl = 0x0, round_key_update = 0x0, round_ctr_reg = 0x0
prev_key0_reg = 0x00000000000000000000000000000000, prev_key0_new = 0x00000000000000000000000000000000, prev_key0_we = 0x0
prev_key1_reg = 0x00000000000000000000000000000000, prev_key1_new = 0x00000000000000000000000000000000, prev_key1_we = 0x0
rcon_reg = 0x00, rcon_new = 0x00,  rcon_set = 0x0,  rcon_next = 0x0, rcon_we = 0x0
w0 = 0x00000000, w1 = 0x00000000, w2 = 0x00000000, w3 = 0x00000000
w4 = 0x63636363, w5 = 0x63636363, w6 = 0x63636363, w7 = 0x63636363
sboxw = 0x00000000, new_sboxw = 0x63636363, rconw = 0x63636363
tw = 0x00000000, trw = 0x63636363
key_mem_new = 0x00000000000000000000000000000000, key_mem_we = 0x0

State of DUT
------------
Inputs and outputs:
key       = 0x0000000000000000000000000000000000000000000000000000000000000000
keylen    = 0x0, init = 0x0, ready = 0x1
round     = 0x00
round_key = 0x00000000000000000000000000000000

Internal states:
key_mem_ctrl = 0x0, round_key_update = 0x0, round_ctr_reg = 0x0
prev_key0_reg = 0x00000000000000000000000000000000, prev_key0_new = 0x00000000000000000000000000000000, prev_key0_we = 0x0
prev_key1_reg = 0x00000000000000000000000000000000, prev_key1_new = 0x00000000000000000000000000000000, prev_key1_we = 0x0
rcon_reg = 0x00, rcon_new = 0x00,  rcon_set = 0x0,  rcon_next = 0x0, rcon_we = 0x0
w0 = 0x00000000, w1 = 0x00000000, w2 = 0x00000000, w3 = 0x00000000
w4 = 0x63636363, w5 = 0x63636363, w6 = 0x63636363, w7 = 0x63636363
sboxw = 0x00000000, new_sboxw = 0x63636363, rconw = 0x63636363
tw = 0x00000000, trw = 0x63636363
key_mem_new = 0x00000000000000000000000000000000, key_mem_we = 0x0

State of DUT
------------
Inputs and outputs:
key       = 0x0000000000000000000000000000000000000000000000000000000000000000
keylen    = 0x0, init = 0x0, ready = 0x1
round     = 0x00
round_key = 0x00000000000000000000000000000000

Internal states:
key_mem_ctrl = 0x0, round_key_update = 0x0, round_ctr_reg = 0x0
prev_key0_reg = 0x00000000000000000000000000000000, prev_key0_new = 0x00000000000000000000000000000000, prev_key0_we = 0x0
prev_key1_reg = 0x00000000000000000000000000000000, prev_key1_new = 0x00000000000000000000000000000000, prev_key1_we = 0x0
rcon_reg = 0x00, rcon_new = 0x00,  rcon_set = 0x0,  rcon_next = 0x0, rcon_we = 0x0
w0 = 0x00000000, w1 = 0x00000000, w2 = 0x00000000, w3 = 0x00000000
w4 = 0x63636363, w5 = 0x63636363, w6 = 0x63636363, w7 = 0x63636363
sboxw = 0x00000000, new_sboxw = 0x63636363, rconw = 0x63636363
tw = 0x00000000, trw = 0x63636363
key_mem_new = 0x00000000000000000000000000000000, key_mem_we = 0x0

State of DUT
------------
Inputs and outputs:
key       = 0x0000000000000000000000000000000000000000000000000000000000000000
keylen    = 0x0, init = 0x0, ready = 0x1
round     = 0x00
round_key = 0x00000000000000000000000000000000

Internal states:
key_mem_ctrl = 0x0, round_key_update = 0x0, round_ctr_reg = 0x0
prev_key0_reg = 0x00000000000000000000000000000000, prev_key0_new = 0x00000000000000000000000000000000, prev_key0_we = 0x0
prev_key1_reg = 0x00000000000000000000000000000000, prev_key1_new = 0x00000000000000000000000000000000, prev_key1_we = 0x0
rcon_reg = 0x00, rcon_new = 0x00,  rcon_set = 0x0,  rcon_next = 0x0, rcon_we = 0x0
w0 = 0x00000000, w1 = 0x00000000, w2 = 0x00000000, w3 = 0x00000000
w4 = 0x63636363, w5 = 0x63636363, w6 = 0x63636363, w7 = 0x63636363
sboxw = 0x00000000, new_sboxw = 0x63636363, rconw = 0x63636363
tw = 0x00000000, trw = 0x63636363
key_mem_new = 0x00000000000000000000000000000000, key_mem_we = 0x0

State of DUT
------------
Inputs and outputs:
key       = 0x0000000000000000000000000000000000000000000000000000000000000000
keylen    = 0x0, init = 0x0, ready = 0x1
round     = 0x00
round_key = 0x00000000000000000000000000000000

Internal states:
key_mem_ctrl = 0x0, round_key_update = 0x0, round_ctr_reg = 0x0
prev_key0_reg = 0x00000000000000000000000000000000, prev_key0_new = 0x00000000000000000000000000000000, prev_key0_we = 0x0
prev_key1_reg = 0x00000000000000000000000000000000, prev_key1_new = 0x00000000000000000000000000000000, prev_key1_we = 0x0
rcon_reg = 0x00, rcon_new = 0x00,  rcon_set = 0x0,  rcon_next = 0x0, rcon_we = 0x0
w0 = 0x00000000, w1 = 0x00000000, w2 = 0x00000000, w3 = 0x00000000
w4 = 0x63636363, w5 = 0x63636363, w6 = 0x63636363, w7 = 0x63636363
sboxw = 0x00000000, new_sboxw = 0x63636363, rconw = 0x63636363
tw = 0x00000000, trw = 0x63636363
key_mem_new = 0x00000000000000000000000000000000, key_mem_we = 0x0

State of DUT
------------
Inputs and outputs:
key       = 0x0000000000000000000000000000000000000000000000000000000000000000
keylen    = 0x0, init = 0x0, ready = 0x1
round     = 0x00
round_key = 0x00000000000000000000000000000000

Internal states:
key_mem_ctrl = 0x0, round_key_update = 0x0, round_ctr_reg = 0x0
prev_key0_reg = 0x00000000000000000000000000000000, prev_key0_new = 0x00000000000000000000000000000000, prev_key0_we = 0x0
prev_key1_reg = 0x00000000000000000000000000000000, prev_key1_new = 0x00000000000000000000000000000000, prev_key1_we = 0x0
rcon_reg = 0x00, rcon_new = 0x00,  rcon_set = 0x0,  rcon_next = 0x0, rcon_we = 0x0
w0 = 0x00000000, w1 = 0x00000000, w2 = 0x00000000, w3 = 0x00000000
w4 = 0x63636363, w5 = 0x63636363, w6 = 0x63636363, w7 = 0x63636363
sboxw = 0x00000000, new_sboxw = 0x63636363, rconw = 0x63636363
tw = 0x00000000, trw = 0x63636363
key_mem_new = 0x00000000000000000000000000000000, key_mem_we = 0x0

State of DUT
------------
Inputs and outputs:
key       = 0x0000000000000000000000000000000000000000000000000000000000000000
keylen    = 0x0, init = 0x0, ready = 0x1
round     = 0x00
round_key = 0x00000000000000000000000000000000

Internal states:
key_mem_ctrl = 0x0, round_key_update = 0x0, round_ctr_reg = 0x0
prev_key0_reg = 0x00000000000000000000000000000000, prev_key0_new = 0x00000000000000000000000000000000, prev_key0_we = 0x0
prev_key1_reg = 0x00000000000000000000000000000000, prev_key1_new = 0x00000000000000000000000000000000, prev_key1_we = 0x0
rcon_reg = 0x00, rcon_new = 0x00,  rcon_set = 0x0,  rcon_next = 0x0, rcon_we = 0x0
w0 = 0x00000000, w1 = 0x00000000, w2 = 0x00000000, w3 = 0x00000000
w4 = 0x63636363, w5 = 0x63636363, w6 = 0x63636363, w7 = 0x63636363
sboxw = 0x00000000, new_sboxw = 0x63636363, rconw = 0x63636363
tw = 0x00000000, trw = 0x63636363
key_mem_new = 0x00000000000000000000000000000000, key_mem_we = 0x0

State of DUT
------------
Inputs and outputs:
key       = 0x0000000000000000000000000000000000000000000000000000000000000000
keylen    = 0x0, init = 0x0, ready = 0x1
round     = 0x00
round_key = 0x00000000000000000000000000000000

Internal states:
key_mem_ctrl = 0x0, round_key_update = 0x0, round_ctr_reg = 0x0
prev_key0_reg = 0x00000000000000000000000000000000, prev_key0_new = 0x00000000000000000000000000000000, prev_key0_we = 0x0
prev_key1_reg = 0x00000000000000000000000000000000, prev_key1_new = 0x00000000000000000000000000000000, prev_key1_we = 0x0
rcon_reg = 0x00, rcon_new = 0x00,  rcon_set = 0x0,  rcon_next = 0x0, rcon_we = 0x0
w0 = 0x00000000, w1 = 0x00000000, w2 = 0x00000000, w3 = 0x00000000
w4 = 0x63636363, w5 = 0x63636363, w6 = 0x63636363, w7 = 0x63636363
sboxw = 0x00000000, new_sboxw = 0x63636363, rconw = 0x63636363
tw = 0x00000000, trw = 0x63636363
key_mem_new = 0x00000000000000000000000000000000, key_mem_we = 0x0

State of DUT
------------
Inputs and outputs:
key       = 0x0000000000000000000000000000000000000000000000000000000000000000
keylen    = 0x0, init = 0x0, ready = 0x1
round     = 0x00
round_key = 0x00000000000000000000000000000000

Internal states:
key_mem_ctrl = 0x0, round_key_update = 0x0, round_ctr_reg = 0x0
prev_key0_reg = 0x00000000000000000000000000000000, prev_key0_new = 0x00000000000000000000000000000000, prev_key0_we = 0x0
prev_key1_reg = 0x00000000000000000000000000000000, prev_key1_new = 0x00000000000000000000000000000000, prev_key1_we = 0x0
rcon_reg = 0x00, rcon_new = 0x00,  rcon_set = 0x0,  rcon_next = 0x0, rcon_we = 0x0
w0 = 0x00000000, w1 = 0x00000000, w2 = 0x00000000, w3 = 0x00000000
w4 = 0x63636363, w5 = 0x63636363, w6 = 0x63636363, w7 = 0x63636363
sboxw = 0x00000000, new_sboxw = 0x63636363, rconw = 0x63636363
tw = 0x00000000, trw = 0x63636363
key_mem_new = 0x00000000000000000000000000000000, key_mem_we = 0x0

State of DUT
------------
Inputs and outputs:
key       = 0x0000000000000000000000000000000000000000000000000000000000000000
keylen    = 0x0, init = 0x0, ready = 0x1
round     = 0x00
round_key = 0x00000000000000000000000000000000

Internal states:
key_mem_ctrl = 0x0, round_key_update = 0x0, round_ctr_reg = 0x0
prev_key0_reg = 0x00000000000000000000000000000000, prev_key0_new = 0x00000000000000000000000000000000, prev_key0_we = 0x0
prev_key1_reg = 0x00000000000000000000000000000000, prev_key1_new = 0x00000000000000000000000000000000, prev_key1_we = 0x0
rcon_reg = 0x00, rcon_new = 0x00,  rcon_set = 0x0,  rcon_next = 0x0, rcon_we = 0x0
w0 = 0x00000000, w1 = 0x00000000, w2 = 0x00000000, w3 = 0x00000000
w4 = 0x63636363, w5 = 0x63636363, w6 = 0x63636363, w7 = 0x63636363
sboxw = 0x00000000, new_sboxw = 0x63636363, rconw = 0x63636363
tw = 0x00000000, trw = 0x63636363
key_mem_new = 0x00000000000000000000000000000000, key_mem_we = 0x0

State of DUT
------------
Inputs and outputs:
key       = 0x0000000000000000000000000000000000000000000000000000000000000000
keylen    = 0x0, init = 0x0, ready = 0x1
round     = 0x00
round_key = 0x00000000000000000000000000000000

Internal states:
key_mem_ctrl = 0x0, round_key_update = 0x0, round_ctr_reg = 0x0
prev_key0_reg = 0x00000000000000000000000000000000, prev_key0_new = 0x00000000000000000000000000000000, prev_key0_we = 0x0
prev_key1_reg = 0x00000000000000000000000000000000, prev_key1_new = 0x00000000000000000000000000000000, prev_key1_we = 0x0
rcon_reg = 0x00, rcon_new = 0x00,  rcon_set = 0x0,  rcon_next = 0x0, rcon_we = 0x0
w0 = 0x00000000, w1 = 0x00000000, w2 = 0x00000000, w3 = 0x00000000
w4 = 0x63636363, w5 = 0x63636363, w6 = 0x63636363, w7 = 0x63636363
sboxw = 0x00000000, new_sboxw = 0x63636363, rconw = 0x63636363
tw = 0x00000000, trw = 0x63636363
key_mem_new = 0x00000000000000000000000000000000, key_mem_we = 0x0

State of DUT
------------
Inputs and outputs:
key       = 0x0000000000000000000000000000000000000000000000000000000000000000
keylen    = 0x0, init = 0x0, ready = 0x1
round     = 0x00
round_key = 0x00000000000000000000000000000000

Internal states:
key_mem_ctrl = 0x0, round_key_update = 0x0, round_ctr_reg = 0x0
prev_key0_reg = 0x00000000000000000000000000000000, prev_key0_new = 0x00000000000000000000000000000000, prev_key0_we = 0x0
prev_key1_reg = 0x00000000000000000000000000000000, prev_key1_new = 0x00000000000000000000000000000000, prev_key1_we = 0x0
rcon_reg = 0x00, rcon_new = 0x00,  rcon_set = 0x0,  rcon_next = 0x0, rcon_we = 0x0
w0 = 0x00000000, w1 = 0x00000000, w2 = 0x00000000, w3 = 0x00000000
w4 = 0x63636363, w5 = 0x63636363, w6 = 0x63636363, w7 = 0x63636363
sboxw = 0x00000000, new_sboxw = 0x63636363, rconw = 0x63636363
tw = 0x00000000, trw = 0x63636363
key_mem_new = 0x00000000000000000000000000000000, key_mem_we = 0x0

State of DUT
------------
Inputs and outputs:
key       = 0x0000000000000000000000000000000000000000000000000000000000000000
keylen    = 0x0, init = 0x0, ready = 0x1
round     = 0x00
round_key = 0x00000000000000000000000000000000

Internal states:
key_mem_ctrl = 0x0, round_key_update = 0x0, round_ctr_reg = 0x0
prev_key0_reg = 0x00000000000000000000000000000000, prev_key0_new = 0x00000000000000000000000000000000, prev_key0_we = 0x0
prev_key1_reg = 0x00000000000000000000000000000000, prev_key1_new = 0x00000000000000000000000000000000, prev_key1_we = 0x0
rcon_reg = 0x00, rcon_new = 0x00,  rcon_set = 0x0,  rcon_next = 0x0, rcon_we = 0x0
w0 = 0x00000000, w1 = 0x00000000, w2 = 0x00000000, w3 = 0x00000000
w4 = 0x63636363, w5 = 0x63636363, w6 = 0x63636363, w7 = 0x63636363
sboxw = 0x00000000, new_sboxw = 0x63636363, rconw = 0x63636363
tw = 0x00000000, trw = 0x63636363
key_mem_new = 0x00000000000000000000000000000000, key_mem_we = 0x0

State of DUT
------------
Inputs and outputs:
key       = 0x0000000000000000000000000000000000000000000000000000000000000000
keylen    = 0x0, init = 0x0, ready = 0x1
round     = 0x00
round_key = 0x00000000000000000000000000000000

Internal states:
key_mem_ctrl = 0x0, round_key_update = 0x0, round_ctr_reg = 0x0
prev_key0_reg = 0x00000000000000000000000000000000, prev_key0_new = 0x00000000000000000000000000000000, prev_key0_we = 0x0
prev_key1_reg = 0x00000000000000000000000000000000, prev_key1_new = 0x00000000000000000000000000000000, prev_key1_we = 0x0
rcon_reg = 0x00, rcon_new = 0x00,  rcon_set = 0x0,  rcon_next = 0x0, rcon_we = 0x0
w0 = 0x00000000, w1 = 0x00000000, w2 = 0x00000000, w3 = 0x00000000
w4 = 0x63636363, w5 = 0x63636363, w6 = 0x63636363, w7 = 0x63636363
sboxw = 0x00000000, new_sboxw = 0x63636363, rconw = 0x63636363
tw = 0x00000000, trw = 0x63636363
key_mem_new = 0x00000000000000000000000000000000, key_mem_we = 0x0

State of DUT
------------
Inputs and outputs:
key       = 0x0000000000000000000000000000000000000000000000000000000000000000
keylen    = 0x0, init = 0x0, ready = 0x1
round     = 0x00
round_key = 0x00000000000000000000000000000000

Internal states:
key_mem_ctrl = 0x0, round_key_update = 0x0, round_ctr_reg = 0x0
prev_key0_reg = 0x00000000000000000000000000000000, prev_key0_new = 0x00000000000000000000000000000000, prev_key0_we = 0x0
prev_key1_reg = 0x00000000000000000000000000000000, prev_key1_new = 0x00000000000000000000000000000000, prev_key1_we = 0x0
rcon_reg = 0x00, rcon_new = 0x00,  rcon_set = 0x0,  rcon_next = 0x0, rcon_we = 0x0
w0 = 0x00000000, w1 = 0x00000000, w2 = 0x00000000, w3 = 0x00000000
w4 = 0x63636363, w5 = 0x63636363, w6 = 0x63636363, w7 = 0x63636363
sboxw = 0x00000000, new_sboxw = 0x63636363, rconw = 0x63636363
tw = 0x00000000, trw = 0x63636363
key_mem_new = 0x00000000000000000000000000000000, key_mem_we = 0x0

State of DUT
------------
Inputs and outputs:
key       = 0x0000000000000000000000000000000000000000000000000000000000000000
keylen    = 0x0, init = 0x0, ready = 0x1
round     = 0x00
round_key = 0x00000000000000000000000000000000

Internal states:
key_mem_ctrl = 0x0, round_key_update = 0x0, round_ctr_reg = 0x0
prev_key0_reg = 0x00000000000000000000000000000000, prev_key0_new = 0x00000000000000000000000000000000, prev_key0_we = 0x0
prev_key1_reg = 0x00000000000000000000000000000000, prev_key1_new = 0x00000000000000000000000000000000, prev_key1_we = 0x0
rcon_reg = 0x00, rcon_new = 0x00,  rcon_set = 0x0,  rcon_next = 0x0, rcon_we = 0x0
w0 = 0x00000000, w1 = 0x00000000, w2 = 0x00000000, w3 = 0x00000000
w4 = 0x63636363, w5 = 0x63636363, w6 = 0x63636363, w7 = 0x63636363
sboxw = 0x00000000, new_sboxw = 0x63636363, rconw = 0x63636363
tw = 0x00000000, trw = 0x63636363
key_mem_new = 0x00000000000000000000000000000000, key_mem_we = 0x0

State of DUT
------------
Inputs and outputs:
key       = 0x0000000000000000000000000000000000000000000000000000000000000000
keylen    = 0x0, init = 0x0, ready = 0x1
round     = 0x00
round_key = 0x00000000000000000000000000000000

Internal states:
key_mem_ctrl = 0x0, round_key_update = 0x0, round_ctr_reg = 0x0
prev_key0_reg = 0x00000000000000000000000000000000, prev_key0_new = 0x00000000000000000000000000000000, prev_key0_we = 0x0
prev_key1_reg = 0x00000000000000000000000000000000, prev_key1_new = 0x00000000000000000000000000000000, prev_key1_we = 0x0
rcon_reg = 0x00, rcon_new = 0x00,  rcon_set = 0x0,  rcon_next = 0x0, rcon_we = 0x0
w0 = 0x00000000, w1 = 0x00000000, w2 = 0x00000000, w3 = 0x00000000
w4 = 0x63636363, w5 = 0x63636363, w6 = 0x63636363, w7 = 0x63636363
sboxw = 0x00000000, new_sboxw = 0x63636363, rconw = 0x63636363
tw = 0x00000000, trw = 0x63636363
key_mem_new = 0x00000000000000000000000000000000, key_mem_we = 0x0

State of DUT
------------
Inputs and outputs:
key       = 0x0000000000000000000000000000000000000000000000000000000000000000
keylen    = 0x0, init = 0x0, ready = 0x1
round     = 0x00
round_key = 0x00000000000000000000000000000000

Internal states:
key_mem_ctrl = 0x0, round_key_update = 0x0, round_ctr_reg = 0x0
prev_key0_reg = 0x00000000000000000000000000000000, prev_key0_new = 0x00000000000000000000000000000000, prev_key0_we = 0x0
prev_key1_reg = 0x00000000000000000000000000000000, prev_key1_new = 0x00000000000000000000000000000000, prev_key1_we = 0x0
rcon_reg = 0x00, rcon_new = 0x00,  rcon_set = 0x0,  rcon_next = 0x0, rcon_we = 0x0
w0 = 0x00000000, w1 = 0x00000000, w2 = 0x00000000, w3 = 0x00000000
w4 = 0x63636363, w5 = 0x63636363, w6 = 0x63636363, w7 = 0x63636363
sboxw = 0x00000000, new_sboxw = 0x63636363, rconw = 0x63636363
tw = 0x00000000, trw = 0x63636363
key_mem_new = 0x00000000000000000000000000000000, key_mem_we = 0x0

State of DUT
------------
Inputs and outputs:
key       = 0x0000000000000000000000000000000000000000000000000000000000000000
keylen    = 0x0, init = 0x0, ready = 0x1
round     = 0x00
round_key = 0x00000000000000000000000000000000

Internal states:
key_mem_ctrl = 0x0, round_key_update = 0x0, round_ctr_reg = 0x0
prev_key0_reg = 0x00000000000000000000000000000000, prev_key0_new = 0x00000000000000000000000000000000, prev_key0_we = 0x0
prev_key1_reg = 0x00000000000000000000000000000000, prev_key1_new = 0x00000000000000000000000000000000, prev_key1_we = 0x0
rcon_reg = 0x00, rcon_new = 0x00,  rcon_set = 0x0,  rcon_next = 0x0, rcon_we = 0x0
w0 = 0x00000000, w1 = 0x00000000, w2 = 0x00000000, w3 = 0x00000000
w4 = 0x63636363, w5 = 0x63636363, w6 = 0x63636363, w7 = 0x63636363
sboxw = 0x00000000, new_sboxw = 0x63636363, rconw = 0x63636363
tw = 0x00000000, trw = 0x63636363
key_mem_new = 0x00000000000000000000000000000000, key_mem_we = 0x0

State of DUT
------------
Inputs and outputs:
key       = 0x0000000000000000000000000000000000000000000000000000000000000000
keylen    = 0x0, init = 0x0, ready = 0x1
round     = 0x00
round_key = 0x00000000000000000000000000000000

Internal states:
key_mem_ctrl = 0x0, round_key_update = 0x0, round_ctr_reg = 0x0
prev_key0_reg = 0x00000000000000000000000000000000, prev_key0_new = 0x00000000000000000000000000000000, prev_key0_we = 0x0
prev_key1_reg = 0x00000000000000000000000000000000, prev_key1_new = 0x00000000000000000000000000000000, prev_key1_we = 0x0
rcon_reg = 0x00, rcon_new = 0x00,  rcon_set = 0x0,  rcon_next = 0x0, rcon_we = 0x0
w0 = 0x00000000, w1 = 0x00000000, w2 = 0x00000000, w3 = 0x00000000
w4 = 0x63636363, w5 = 0x63636363, w6 = 0x63636363, w7 = 0x63636363
sboxw = 0x00000000, new_sboxw = 0x63636363, rconw = 0x63636363
tw = 0x00000000, trw = 0x63636363
key_mem_new = 0x00000000000000000000000000000000, key_mem_we = 0x0

State of DUT
------------
Inputs and outputs:
key       = 0x0000000000000000000000000000000000000000000000000000000000000000
keylen    = 0x0, init = 0x0, ready = 0x1
round     = 0x00
round_key = 0x00000000000000000000000000000000

Internal states:
key_mem_ctrl = 0x0, round_key_update = 0x0, round_ctr_reg = 0x0
prev_key0_reg = 0x00000000000000000000000000000000, prev_key0_new = 0x00000000000000000000000000000000, prev_key0_we = 0x0
prev_key1_reg = 0x00000000000000000000000000000000, prev_key1_new = 0x00000000000000000000000000000000, prev_key1_we = 0x0
rcon_reg = 0x00, rcon_new = 0x00,  rcon_set = 0x0,  rcon_next = 0x0, rcon_we = 0x0
w0 = 0x00000000, w1 = 0x00000000, w2 = 0x00000000, w3 = 0x00000000
w4 = 0x63636363, w5 = 0x63636363, w6 = 0x63636363, w7 = 0x63636363
sboxw = 0x00000000, new_sboxw = 0x63636363, rconw = 0x63636363
tw = 0x00000000, trw = 0x63636363
key_mem_new = 0x00000000000000000000000000000000, key_mem_we = 0x0

State of DUT
------------
Inputs and outputs:
key       = 0x0000000000000000000000000000000000000000000000000000000000000000
keylen    = 0x0, init = 0x0, ready = 0x1
round     = 0x00
round_key = 0x00000000000000000000000000000000

Internal states:
key_mem_ctrl = 0x0, round_key_update = 0x0, round_ctr_reg = 0x0
prev_key0_reg = 0x00000000000000000000000000000000, prev_key0_new = 0x00000000000000000000000000000000, prev_key0_we = 0x0
prev_key1_reg = 0x00000000000000000000000000000000, prev_key1_new = 0x00000000000000000000000000000000, prev_key1_we = 0x0
rcon_reg = 0x00, rcon_new = 0x00,  rcon_set = 0x0,  rcon_next = 0x0, rcon_we = 0x0
w0 = 0x00000000, w1 = 0x00000000, w2 = 0x00000000, w3 = 0x00000000
w4 = 0x63636363, w5 = 0x63636363, w6 = 0x63636363, w7 = 0x63636363
sboxw = 0x00000000, new_sboxw = 0x63636363, rconw = 0x63636363
tw = 0x00000000, trw = 0x63636363
key_mem_new = 0x00000000000000000000000000000000, key_mem_we = 0x0

State of DUT
------------
Inputs and outputs:
key       = 0x0000000000000000000000000000000000000000000000000000000000000000
keylen    = 0x0, init = 0x0, ready = 0x1
round     = 0x00
round_key = 0x00000000000000000000000000000000

Internal states:
key_mem_ctrl = 0x0, round_key_update = 0x0, round_ctr_reg = 0x0
prev_key0_reg = 0x00000000000000000000000000000000, prev_key0_new = 0x00000000000000000000000000000000, prev_key0_we = 0x0
prev_key1_reg = 0x00000000000000000000000000000000, prev_key1_new = 0x00000000000000000000000000000000, prev_key1_we = 0x0
rcon_reg = 0x00, rcon_new = 0x00,  rcon_set = 0x0,  rcon_next = 0x0, rcon_we = 0x0
w0 = 0x00000000, w1 = 0x00000000, w2 = 0x00000000, w3 = 0x00000000
w4 = 0x63636363, w5 = 0x63636363, w6 = 0x63636363, w7 = 0x63636363
sboxw = 0x00000000, new_sboxw = 0x63636363, rconw = 0x63636363
tw = 0x00000000, trw = 0x63636363
key_mem_new = 0x00000000000000000000000000000000, key_mem_we = 0x0

State of DUT
------------
Inputs and outputs:
key       = 0x0000000000000000000000000000000000000000000000000000000000000000
keylen    = 0x0, init = 0x0, ready = 0x1
round     = 0x00
round_key = 0x00000000000000000000000000000000

Internal states:
key_mem_ctrl = 0x0, round_key_update = 0x0, round_ctr_reg = 0x0
prev_key0_reg = 0x00000000000000000000000000000000, prev_key0_new = 0x00000000000000000000000000000000, prev_key0_we = 0x0
prev_key1_reg = 0x00000000000000000000000000000000, prev_key1_new = 0x00000000000000000000000000000000, prev_key1_we = 0x0
rcon_reg = 0x00, rcon_new = 0x00,  rcon_set = 0x0,  rcon_next = 0x0, rcon_we = 0x0
w0 = 0x00000000, w1 = 0x00000000, w2 = 0x00000000, w3 = 0x00000000
w4 = 0x63636363, w5 = 0x63636363, w6 = 0x63636363, w7 = 0x63636363
sboxw = 0x00000000, new_sboxw = 0x63636363, rconw = 0x63636363
tw = 0x00000000, trw = 0x63636363
key_mem_new = 0x00000000000000000000000000000000, key_mem_we = 0x0

State of DUT
------------
Inputs and outputs:
key       = 0x0000000000000000000000000000000000000000000000000000000000000000
keylen    = 0x0, init = 0x0, ready = 0x1
round     = 0x00
round_key = 0x00000000000000000000000000000000

Internal states:
key_mem_ctrl = 0x0, round_key_update = 0x0, round_ctr_reg = 0x0
prev_key0_reg = 0x00000000000000000000000000000000, prev_key0_new = 0x00000000000000000000000000000000, prev_key0_we = 0x0
prev_key1_reg = 0x00000000000000000000000000000000, prev_key1_new = 0x00000000000000000000000000000000, prev_key1_we = 0x0
rcon_reg = 0x00, rcon_new = 0x00,  rcon_set = 0x0,  rcon_next = 0x0, rcon_we = 0x0
w0 = 0x00000000, w1 = 0x00000000, w2 = 0x00000000, w3 = 0x00000000
w4 = 0x63636363, w5 = 0x63636363, w6 = 0x63636363, w7 = 0x63636363
sboxw = 0x00000000, new_sboxw = 0x63636363, rconw = 0x63636363
tw = 0x00000000, trw = 0x63636363
key_mem_new = 0x00000000000000000000000000000000, key_mem_we = 0x0

State of DUT
------------
Inputs and outputs:
key       = 0x0000000000000000000000000000000000000000000000000000000000000000
keylen    = 0x0, init = 0x0, ready = 0x1
round     = 0x00
round_key = 0x00000000000000000000000000000000

Internal states:
key_mem_ctrl = 0x0, round_key_update = 0x0, round_ctr_reg = 0x0
prev_key0_reg = 0x00000000000000000000000000000000, prev_key0_new = 0x00000000000000000000000000000000, prev_key0_we = 0x0
prev_key1_reg = 0x00000000000000000000000000000000, prev_key1_new = 0x00000000000000000000000000000000, prev_key1_we = 0x0
rcon_reg = 0x00, rcon_new = 0x00,  rcon_set = 0x0,  rcon_next = 0x0, rcon_we = 0x0
w0 = 0x00000000, w1 = 0x00000000, w2 = 0x00000000, w3 = 0x00000000
w4 = 0x63636363, w5 = 0x63636363, w6 = 0x63636363, w7 = 0x63636363
sboxw = 0x00000000, new_sboxw = 0x63636363, rconw = 0x63636363
tw = 0x00000000, trw = 0x63636363
key_mem_new = 0x00000000000000000000000000000000, key_mem_we = 0x0

State of DUT
------------
Inputs and outputs:
key       = 0x0000000000000000000000000000000000000000000000000000000000000000
keylen    = 0x0, init = 0x0, ready = 0x1
round     = 0x00
round_key = 0x00000000000000000000000000000000

Internal states:
key_mem_ctrl = 0x0, round_key_update = 0x0, round_ctr_reg = 0x0
prev_key0_reg = 0x00000000000000000000000000000000, prev_key0_new = 0x00000000000000000000000000000000, prev_key0_we = 0x0
prev_key1_reg = 0x00000000000000000000000000000000, prev_key1_new = 0x00000000000000000000000000000000, prev_key1_we = 0x0
rcon_reg = 0x00, rcon_new = 0x00,  rcon_set = 0x0,  rcon_next = 0x0, rcon_we = 0x0
w0 = 0x00000000, w1 = 0x00000000, w2 = 0x00000000, w3 = 0x00000000
w4 = 0x63636363, w5 = 0x63636363, w6 = 0x63636363, w7 = 0x63636363
sboxw = 0x00000000, new_sboxw = 0x63636363, rconw = 0x63636363
tw = 0x00000000, trw = 0x63636363
key_mem_new = 0x00000000000000000000000000000000, key_mem_we = 0x0

State of DUT
------------
Inputs and outputs:
key       = 0x0000000000000000000000000000000000000000000000000000000000000000
keylen    = 0x0, init = 0x0, ready = 0x1
round     = 0x00
round_key = 0x00000000000000000000000000000000

Internal states:
key_mem_ctrl = 0x0, round_key_update = 0x0, round_ctr_reg = 0x0
prev_key0_reg = 0x00000000000000000000000000000000, prev_key0_new = 0x00000000000000000000000000000000, prev_key0_we = 0x0
prev_key1_reg = 0x00000000000000000000000000000000, prev_key1_new = 0x00000000000000000000000000000000, prev_key1_we = 0x0
rcon_reg = 0x00, rcon_new = 0x00,  rcon_set = 0x0,  rcon_next = 0x0, rcon_we = 0x0
w0 = 0x00000000, w1 = 0x00000000, w2 = 0x00000000, w3 = 0x00000000
w4 = 0x63636363, w5 = 0x63636363, w6 = 0x63636363, w7 = 0x63636363
sboxw = 0x00000000, new_sboxw = 0x63636363, rconw = 0x63636363
tw = 0x00000000, trw = 0x63636363
key_mem_new = 0x00000000000000000000000000000000, key_mem_we = 0x0

State of DUT
------------
Inputs and outputs:
key       = 0x0000000000000000000000000000000000000000000000000000000000000000
keylen    = 0x0, init = 0x0, ready = 0x1
round     = 0x00
round_key = 0x00000000000000000000000000000000

Internal states:
key_mem_ctrl = 0x0, round_key_update = 0x0, round_ctr_reg = 0x0
prev_key0_reg = 0x00000000000000000000000000000000, prev_key0_new = 0x00000000000000000000000000000000, prev_key0_we = 0x0
prev_key1_reg = 0x00000000000000000000000000000000, prev_key1_new = 0x00000000000000000000000000000000, prev_key1_we = 0x0
rcon_reg = 0x00, rcon_new = 0x00,  rcon_set = 0x0,  rcon_next = 0x0, rcon_we = 0x0
w0 = 0x00000000, w1 = 0x00000000, w2 = 0x00000000, w3 = 0x00000000
w4 = 0x63636363, w5 = 0x63636363, w6 = 0x63636363, w7 = 0x63636363
sboxw = 0x00000000, new_sboxw = 0x63636363, rconw = 0x63636363
tw = 0x00000000, trw = 0x63636363
key_mem_new = 0x00000000000000000000000000000000, key_mem_we = 0x0

State of DUT
------------
Inputs and outputs:
key       = 0x0000000000000000000000000000000000000000000000000000000000000000
keylen    = 0x0, init = 0x0, ready = 0x1
round     = 0x00
round_key = 0x00000000000000000000000000000000

Internal states:
key_mem_ctrl = 0x0, round_key_update = 0x0, round_ctr_reg = 0x0
prev_key0_reg = 0x00000000000000000000000000000000, prev_key0_new = 0x00000000000000000000000000000000, prev_key0_we = 0x0
prev_key1_reg = 0x00000000000000000000000000000000, prev_key1_new = 0x00000000000000000000000000000000, prev_key1_we = 0x0
rcon_reg = 0x00, rcon_new = 0x00,  rcon_set = 0x0,  rcon_next = 0x0, rcon_we = 0x0
w0 = 0x00000000, w1 = 0x00000000, w2 = 0x00000000, w3 = 0x00000000
w4 = 0x63636363, w5 = 0x63636363, w6 = 0x63636363, w7 = 0x63636363
sboxw = 0x00000000, new_sboxw = 0x63636363, rconw = 0x63636363
tw = 0x00000000, trw = 0x63636363
key_mem_new = 0x00000000000000000000000000000000, key_mem_we = 0x0

State of DUT
------------
Inputs and outputs:
key       = 0x0000000000000000000000000000000000000000000000000000000000000000
keylen    = 0x0, init = 0x0, ready = 0x1
round     = 0x00
round_key = 0x00000000000000000000000000000000

Internal states:
key_mem_ctrl = 0x0, round_key_update = 0x0, round_ctr_reg = 0x0
prev_key0_reg = 0x00000000000000000000000000000000, prev_key0_new = 0x00000000000000000000000000000000, prev_key0_we = 0x0
prev_key1_reg = 0x00000000000000000000000000000000, prev_key1_new = 0x00000000000000000000000000000000, prev_key1_we = 0x0
rcon_reg = 0x00, rcon_new = 0x00,  rcon_set = 0x0,  rcon_next = 0x0, rcon_we = 0x0
w0 = 0x00000000, w1 = 0x00000000, w2 = 0x00000000, w3 = 0x00000000
w4 = 0x63636363, w5 = 0x63636363, w6 = 0x63636363, w7 = 0x63636363
sboxw = 0x00000000, new_sboxw = 0x63636363, rconw = 0x63636363
tw = 0x00000000, trw = 0x63636363
key_mem_new = 0x00000000000000000000000000000000, key_mem_we = 0x0

State of DUT
------------
Inputs and outputs:
key       = 0x0000000000000000000000000000000000000000000000000000000000000000
keylen    = 0x0, init = 0x0, ready = 0x1
round     = 0x00
round_key = 0x00000000000000000000000000000000

Internal states:
key_mem_ctrl = 0x0, round_key_update = 0x0, round_ctr_reg = 0x0
prev_key0_reg = 0x00000000000000000000000000000000, prev_key0_new = 0x00000000000000000000000000000000, prev_key0_we = 0x0
prev_key1_reg = 0x00000000000000000000000000000000, prev_key1_new = 0x00000000000000000000000000000000, prev_key1_we = 0x0
rcon_reg = 0x00, rcon_new = 0x00,  rcon_set = 0x0,  rcon_next = 0x0, rcon_we = 0x0
w0 = 0x00000000, w1 = 0x00000000, w2 = 0x00000000, w3 = 0x00000000
w4 = 0x63636363, w5 = 0x63636363, w6 = 0x63636363, w7 = 0x63636363
sboxw = 0x00000000, new_sboxw = 0x63636363, rconw = 0x63636363
tw = 0x00000000, trw = 0x63636363
key_mem_new = 0x00000000000000000000000000000000, key_mem_we = 0x0

State of DUT
------------
Inputs and outputs:
key       = 0x0000000000000000000000000000000000000000000000000000000000000000
keylen    = 0x0, init = 0x0, ready = 0x1
round     = 0x00
round_key = 0x00000000000000000000000000000000

Internal states:
key_mem_ctrl = 0x0, round_key_update = 0x0, round_ctr_reg = 0x0
prev_key0_reg = 0x00000000000000000000000000000000, prev_key0_new = 0x00000000000000000000000000000000, prev_key0_we = 0x0
prev_key1_reg = 0x00000000000000000000000000000000, prev_key1_new = 0x00000000000000000000000000000000, prev_key1_we = 0x0
rcon_reg = 0x00, rcon_new = 0x00,  rcon_set = 0x0,  rcon_next = 0x0, rcon_we = 0x0
w0 = 0x00000000, w1 = 0x00000000, w2 = 0x00000000, w3 = 0x00000000
w4 = 0x63636363, w5 = 0x63636363, w6 = 0x63636363, w7 = 0x63636363
sboxw = 0x00000000, new_sboxw = 0x63636363, rconw = 0x63636363
tw = 0x00000000, trw = 0x63636363
key_mem_new = 0x00000000000000000000000000000000, key_mem_we = 0x0

State of DUT
------------
Inputs and outputs:
key       = 0x0000000000000000000000000000000000000000000000000000000000000000
keylen    = 0x0, init = 0x0, ready = 0x1
round     = 0x00
round_key = 0x00000000000000000000000000000000

Internal states:
key_mem_ctrl = 0x0, round_key_update = 0x0, round_ctr_reg = 0x0
prev_key0_reg = 0x00000000000000000000000000000000, prev_key0_new = 0x00000000000000000000000000000000, prev_key0_we = 0x0
prev_key1_reg = 0x00000000000000000000000000000000, prev_key1_new = 0x00000000000000000000000000000000, prev_key1_we = 0x0
rcon_reg = 0x00, rcon_new = 0x00,  rcon_set = 0x0,  rcon_next = 0x0, rcon_we = 0x0
w0 = 0x00000000, w1 = 0x00000000, w2 = 0x00000000, w3 = 0x00000000
w4 = 0x63636363, w5 = 0x63636363, w6 = 0x63636363, w7 = 0x63636363
sboxw = 0x00000000, new_sboxw = 0x63636363, rconw = 0x63636363
tw = 0x00000000, trw = 0x63636363
key_mem_new = 0x00000000000000000000000000000000, key_mem_we = 0x0

State of DUT
------------
Inputs and outputs:
key       = 0x0000000000000000000000000000000000000000000000000000000000000000
keylen    = 0x0, init = 0x0, ready = 0x1
round     = 0x00
round_key = 0x00000000000000000000000000000000

Internal states:
key_mem_ctrl = 0x0, round_key_update = 0x0, round_ctr_reg = 0x0
prev_key0_reg = 0x00000000000000000000000000000000, prev_key0_new = 0x00000000000000000000000000000000, prev_key0_we = 0x0
prev_key1_reg = 0x00000000000000000000000000000000, prev_key1_new = 0x00000000000000000000000000000000, prev_key1_we = 0x0
rcon_reg = 0x00, rcon_new = 0x00,  rcon_set = 0x0,  rcon_next = 0x0, rcon_we = 0x0
w0 = 0x00000000, w1 = 0x00000000, w2 = 0x00000000, w3 = 0x00000000
w4 = 0x63636363, w5 = 0x63636363, w6 = 0x63636363, w7 = 0x63636363
sboxw = 0x00000000, new_sboxw = 0x63636363, rconw = 0x63636363
tw = 0x00000000, trw = 0x63636363
key_mem_new = 0x00000000000000000000000000000000, key_mem_we = 0x0

State of DUT
------------
Inputs and outputs:
key       = 0x0000000000000000000000000000000000000000000000000000000000000000
keylen    = 0x0, init = 0x0, ready = 0x1
round     = 0x00
round_key = 0x00000000000000000000000000000000

Internal states:
key_mem_ctrl = 0x0, round_key_update = 0x0, round_ctr_reg = 0x0
prev_key0_reg = 0x00000000000000000000000000000000, prev_key0_new = 0x00000000000000000000000000000000, prev_key0_we = 0x0
prev_key1_reg = 0x00000000000000000000000000000000, prev_key1_new = 0x00000000000000000000000000000000, prev_key1_we = 0x0
rcon_reg = 0x00, rcon_new = 0x00,  rcon_set = 0x0,  rcon_next = 0x0, rcon_we = 0x0
w0 = 0x00000000, w1 = 0x00000000, w2 = 0x00000000, w3 = 0x00000000
w4 = 0x63636363, w5 = 0x63636363, w6 = 0x63636363, w7 = 0x63636363
sboxw = 0x00000000, new_sboxw = 0x63636363, rconw = 0x63636363
tw = 0x00000000, trw = 0x63636363
key_mem_new = 0x00000000000000000000000000000000, key_mem_we = 0x0

State of DUT
------------
Inputs and outputs:
key       = 0x0000000000000000000000000000000000000000000000000000000000000000
keylen    = 0x0, init = 0x0, ready = 0x1
round     = 0x00
round_key = 0x00000000000000000000000000000000

Internal states:
key_mem_ctrl = 0x0, round_key_update = 0x0, round_ctr_reg = 0x0
prev_key0_reg = 0x00000000000000000000000000000000, prev_key0_new = 0x00000000000000000000000000000000, prev_key0_we = 0x0
prev_key1_reg = 0x00000000000000000000000000000000, prev_key1_new = 0x00000000000000000000000000000000, prev_key1_we = 0x0
rcon_reg = 0x00, rcon_new = 0x00,  rcon_set = 0x0,  rcon_next = 0x0, rcon_we = 0x0
w0 = 0x00000000, w1 = 0x00000000, w2 = 0x00000000, w3 = 0x00000000
w4 = 0x63636363, w5 = 0x63636363, w6 = 0x63636363, w7 = 0x63636363
sboxw = 0x00000000, new_sboxw = 0x63636363, rconw = 0x63636363
tw = 0x00000000, trw = 0x63636363
key_mem_new = 0x00000000000000000000000000000000, key_mem_we = 0x0

State of DUT
------------
Inputs and outputs:
key       = 0x0000000000000000000000000000000000000000000000000000000000000000
keylen    = 0x0, init = 0x0, ready = 0x1
round     = 0x00
round_key = 0x00000000000000000000000000000000

Internal states:
key_mem_ctrl = 0x0, round_key_update = 0x0, round_ctr_reg = 0x0
prev_key0_reg = 0x00000000000000000000000000000000, prev_key0_new = 0x00000000000000000000000000000000, prev_key0_we = 0x0
prev_key1_reg = 0x00000000000000000000000000000000, prev_key1_new = 0x00000000000000000000000000000000, prev_key1_we = 0x0
rcon_reg = 0x00, rcon_new = 0x00,  rcon_set = 0x0,  rcon_next = 0x0, rcon_we = 0x0
w0 = 0x00000000, w1 = 0x00000000, w2 = 0x00000000, w3 = 0x00000000
w4 = 0x63636363, w5 = 0x63636363, w6 = 0x63636363, w7 = 0x63636363
sboxw = 0x00000000, new_sboxw = 0x63636363, rconw = 0x63636363
tw = 0x00000000, trw = 0x63636363
key_mem_new = 0x00000000000000000000000000000000, key_mem_we = 0x0

State of DUT
------------
Inputs and outputs:
key       = 0x0000000000000000000000000000000000000000000000000000000000000000
keylen    = 0x0, init = 0x0, ready = 0x1
round     = 0x00
round_key = 0x00000000000000000000000000000000

Internal states:
key_mem_ctrl = 0x0, round_key_update = 0x0, round_ctr_reg = 0x0
prev_key0_reg = 0x00000000000000000000000000000000, prev_key0_new = 0x00000000000000000000000000000000, prev_key0_we = 0x0
prev_key1_reg = 0x00000000000000000000000000000000, prev_key1_new = 0x00000000000000000000000000000000, prev_key1_we = 0x0
rcon_reg = 0x00, rcon_new = 0x00,  rcon_set = 0x0,  rcon_next = 0x0, rcon_we = 0x0
w0 = 0x00000000, w1 = 0x00000000, w2 = 0x00000000, w3 = 0x00000000
w4 = 0x63636363, w5 = 0x63636363, w6 = 0x63636363, w7 = 0x63636363
sboxw = 0x00000000, new_sboxw = 0x63636363, rconw = 0x63636363
tw = 0x00000000, trw = 0x63636363
key_mem_new = 0x00000000000000000000000000000000, key_mem_we = 0x0

State of DUT
------------
Inputs and outputs:
key       = 0x0000000000000000000000000000000000000000000000000000000000000000
keylen    = 0x0, init = 0x0, ready = 0x1
round     = 0x00
round_key = 0x00000000000000000000000000000000

Internal states:
key_mem_ctrl = 0x0, round_key_update = 0x0, round_ctr_reg = 0x0
prev_key0_reg = 0x00000000000000000000000000000000, prev_key0_new = 0x00000000000000000000000000000000, prev_key0_we = 0x0
prev_key1_reg = 0x00000000000000000000000000000000, prev_key1_new = 0x00000000000000000000000000000000, prev_key1_we = 0x0
rcon_reg = 0x00, rcon_new = 0x00,  rcon_set = 0x0,  rcon_next = 0x0, rcon_we = 0x0
w0 = 0x00000000, w1 = 0x00000000, w2 = 0x00000000, w3 = 0x00000000
w4 = 0x63636363, w5 = 0x63636363, w6 = 0x63636363, w7 = 0x63636363
sboxw = 0x00000000, new_sboxw = 0x63636363, rconw = 0x63636363
tw = 0x00000000, trw = 0x63636363
key_mem_new = 0x00000000000000000000000000000000, key_mem_we = 0x0

State of DUT
------------
Inputs and outputs:
key       = 0x0000000000000000000000000000000000000000000000000000000000000000
keylen    = 0x0, init = 0x0, ready = 0x1
round     = 0x00
round_key = 0x00000000000000000000000000000000

Internal states:
key_mem_ctrl = 0x0, round_key_update = 0x0, round_ctr_reg = 0x0
prev_key0_reg = 0x00000000000000000000000000000000, prev_key0_new = 0x00000000000000000000000000000000, prev_key0_we = 0x0
prev_key1_reg = 0x00000000000000000000000000000000, prev_key1_new = 0x00000000000000000000000000000000, prev_key1_we = 0x0
rcon_reg = 0x00, rcon_new = 0x00,  rcon_set = 0x0,  rcon_next = 0x0, rcon_we = 0x0
w0 = 0x00000000, w1 = 0x00000000, w2 = 0x00000000, w3 = 0x00000000
w4 = 0x63636363, w5 = 0x63636363, w6 = 0x63636363, w7 = 0x63636363
sboxw = 0x00000000, new_sboxw = 0x63636363, rconw = 0x63636363
tw = 0x00000000, trw = 0x63636363
key_mem_new = 0x00000000000000000000000000000000, key_mem_we = 0x0

State of DUT
------------
Inputs and outputs:
key       = 0x0000000000000000000000000000000000000000000000000000000000000000
keylen    = 0x0, init = 0x0, ready = 0x1
round     = 0x00
round_key = 0x00000000000000000000000000000000

Internal states:
key_mem_ctrl = 0x0, round_key_update = 0x0, round_ctr_reg = 0x0
prev_key0_reg = 0x00000000000000000000000000000000, prev_key0_new = 0x00000000000000000000000000000000, prev_key0_we = 0x0
prev_key1_reg = 0x00000000000000000000000000000000, prev_key1_new = 0x00000000000000000000000000000000, prev_key1_we = 0x0
rcon_reg = 0x00, rcon_new = 0x00,  rcon_set = 0x0,  rcon_next = 0x0, rcon_we = 0x0
w0 = 0x00000000, w1 = 0x00000000, w2 = 0x00000000, w3 = 0x00000000
w4 = 0x63636363, w5 = 0x63636363, w6 = 0x63636363, w7 = 0x63636363
sboxw = 0x00000000, new_sboxw = 0x63636363, rconw = 0x63636363
tw = 0x00000000, trw = 0x63636363
key_mem_new = 0x00000000000000000000000000000000, key_mem_we = 0x0

State of DUT
------------
Inputs and outputs:
key       = 0x0000000000000000000000000000000000000000000000000000000000000000
keylen    = 0x0, init = 0x0, ready = 0x1
round     = 0x00
round_key = 0x00000000000000000000000000000000

Internal states:
key_mem_ctrl = 0x0, round_key_update = 0x0, round_ctr_reg = 0x0
prev_key0_reg = 0x00000000000000000000000000000000, prev_key0_new = 0x00000000000000000000000000000000, prev_key0_we = 0x0
prev_key1_reg = 0x00000000000000000000000000000000, prev_key1_new = 0x00000000000000000000000000000000, prev_key1_we = 0x0
rcon_reg = 0x00, rcon_new = 0x00,  rcon_set = 0x0,  rcon_next = 0x0, rcon_we = 0x0
w0 = 0x00000000, w1 = 0x00000000, w2 = 0x00000000, w3 = 0x00000000
w4 = 0x63636363, w5 = 0x63636363, w6 = 0x63636363, w7 = 0x63636363
sboxw = 0x00000000, new_sboxw = 0x63636363, rconw = 0x63636363
tw = 0x00000000, trw = 0x63636363
key_mem_new = 0x00000000000000000000000000000000, key_mem_we = 0x0

State of DUT
------------
Inputs and outputs:
key       = 0x0000000000000000000000000000000000000000000000000000000000000000
keylen    = 0x0, init = 0x0, ready = 0x1
round     = 0x00
round_key = 0x00000000000000000000000000000000

Internal states:
key_mem_ctrl = 0x0, round_key_update = 0x0, round_ctr_reg = 0x0
prev_key0_reg = 0x00000000000000000000000000000000, prev_key0_new = 0x00000000000000000000000000000000, prev_key0_we = 0x0
prev_key1_reg = 0x00000000000000000000000000000000, prev_key1_new = 0x00000000000000000000000000000000, prev_key1_we = 0x0
rcon_reg = 0x00, rcon_new = 0x00,  rcon_set = 0x0,  rcon_next = 0x0, rcon_we = 0x0
w0 = 0x00000000, w1 = 0x00000000, w2 = 0x00000000, w3 = 0x00000000
w4 = 0x63636363, w5 = 0x63636363, w6 = 0x63636363, w7 = 0x63636363
sboxw = 0x00000000, new_sboxw = 0x63636363, rconw = 0x63636363
tw = 0x00000000, trw = 0x63636363
key_mem_new = 0x00000000000000000000000000000000, key_mem_we = 0x0

State of DUT
------------
Inputs and outputs:
key       = 0x0000000000000000000000000000000000000000000000000000000000000000
keylen    = 0x0, init = 0x0, ready = 0x1
round     = 0x00
round_key = 0x00000000000000000000000000000000

Internal states:
key_mem_ctrl = 0x0, round_key_update = 0x0, round_ctr_reg = 0x0
prev_key0_reg = 0x00000000000000000000000000000000, prev_key0_new = 0x00000000000000000000000000000000, prev_key0_we = 0x0
prev_key1_reg = 0x00000000000000000000000000000000, prev_key1_new = 0x00000000000000000000000000000000, prev_key1_we = 0x0
rcon_reg = 0x00, rcon_new = 0x00,  rcon_set = 0x0,  rcon_next = 0x0, rcon_we = 0x0
w0 = 0x00000000, w1 = 0x00000000, w2 = 0x00000000, w3 = 0x00000000
w4 = 0x63636363, w5 = 0x63636363, w6 = 0x63636363, w7 = 0x63636363
sboxw = 0x00000000, new_sboxw = 0x63636363, rconw = 0x63636363
tw = 0x00000000, trw = 0x63636363
key_mem_new = 0x00000000000000000000000000000000, key_mem_we = 0x0

State of DUT
------------
Inputs and outputs:
key       = 0x0000000000000000000000000000000000000000000000000000000000000000
keylen    = 0x0, init = 0x0, ready = 0x1
round     = 0x00
round_key = 0x00000000000000000000000000000000

Internal states:
key_mem_ctrl = 0x0, round_key_update = 0x0, round_ctr_reg = 0x0
prev_key0_reg = 0x00000000000000000000000000000000, prev_key0_new = 0x00000000000000000000000000000000, prev_key0_we = 0x0
prev_key1_reg = 0x00000000000000000000000000000000, prev_key1_new = 0x00000000000000000000000000000000, prev_key1_we = 0x0
rcon_reg = 0x00, rcon_new = 0x00,  rcon_set = 0x0,  rcon_next = 0x0, rcon_we = 0x0
w0 = 0x00000000, w1 = 0x00000000, w2 = 0x00000000, w3 = 0x00000000
w4 = 0x63636363, w5 = 0x63636363, w6 = 0x63636363, w7 = 0x63636363
sboxw = 0x00000000, new_sboxw = 0x63636363, rconw = 0x63636363
tw = 0x00000000, trw = 0x63636363
key_mem_new = 0x00000000000000000000000000000000, key_mem_we = 0x0

State of DUT
------------
Inputs and outputs:
key       = 0x0000000000000000000000000000000000000000000000000000000000000000
keylen    = 0x0, init = 0x0, ready = 0x1
round     = 0x00
round_key = 0x00000000000000000000000000000000

Internal states:
key_mem_ctrl = 0x0, round_key_update = 0x0, round_ctr_reg = 0x0
prev_key0_reg = 0x00000000000000000000000000000000, prev_key0_new = 0x00000000000000000000000000000000, prev_key0_we = 0x0
prev_key1_reg = 0x00000000000000000000000000000000, prev_key1_new = 0x00000000000000000000000000000000, prev_key1_we = 0x0
rcon_reg = 0x00, rcon_new = 0x00,  rcon_set = 0x0,  rcon_next = 0x0, rcon_we = 0x0
w0 = 0x00000000, w1 = 0x00000000, w2 = 0x00000000, w3 = 0x00000000
w4 = 0x63636363, w5 = 0x63636363, w6 = 0x63636363, w7 = 0x63636363
sboxw = 0x00000000, new_sboxw = 0x63636363, rconw = 0x63636363
tw = 0x00000000, trw = 0x63636363
key_mem_new = 0x00000000000000000000000000000000, key_mem_we = 0x0

State of DUT
------------
Inputs and outputs:
key       = 0x0000000000000000000000000000000000000000000000000000000000000000
keylen    = 0x0, init = 0x0, ready = 0x1
round     = 0x00
round_key = 0x00000000000000000000000000000000

Internal states:
key_mem_ctrl = 0x0, round_key_update = 0x0, round_ctr_reg = 0x0
prev_key0_reg = 0x00000000000000000000000000000000, prev_key0_new = 0x00000000000000000000000000000000, prev_key0_we = 0x0
prev_key1_reg = 0x00000000000000000000000000000000, prev_key1_new = 0x00000000000000000000000000000000, prev_key1_we = 0x0
rcon_reg = 0x00, rcon_new = 0x00,  rcon_set = 0x0,  rcon_next = 0x0, rcon_we = 0x0
w0 = 0x00000000, w1 = 0x00000000, w2 = 0x00000000, w3 = 0x00000000
w4 = 0x63636363, w5 = 0x63636363, w6 = 0x63636363, w7 = 0x63636363
sboxw = 0x00000000, new_sboxw = 0x63636363, rconw = 0x63636363
tw = 0x00000000, trw = 0x63636363
key_mem_new = 0x00000000000000000000000000000000, key_mem_we = 0x0

State of DUT
------------
Inputs and outputs:
key       = 0x0000000000000000000000000000000000000000000000000000000000000000
keylen    = 0x0, init = 0x0, ready = 0x1
round     = 0x00
round_key = 0x00000000000000000000000000000000

Internal states:
key_mem_ctrl = 0x0, round_key_update = 0x0, round_ctr_reg = 0x0
prev_key0_reg = 0x00000000000000000000000000000000, prev_key0_new = 0x00000000000000000000000000000000, prev_key0_we = 0x0
prev_key1_reg = 0x00000000000000000000000000000000, prev_key1_new = 0x00000000000000000000000000000000, prev_key1_we = 0x0
rcon_reg = 0x00, rcon_new = 0x00,  rcon_set = 0x0,  rcon_next = 0x0, rcon_we = 0x0
w0 = 0x00000000, w1 = 0x00000000, w2 = 0x00000000, w3 = 0x00000000
w4 = 0x63636363, w5 = 0x63636363, w6 = 0x63636363, w7 = 0x63636363
sboxw = 0x00000000, new_sboxw = 0x63636363, rconw = 0x63636363
tw = 0x00000000, trw = 0x63636363
key_mem_new = 0x00000000000000000000000000000000, key_mem_we = 0x0

State of DUT
------------
Inputs and outputs:
key       = 0x0000000000000000000000000000000000000000000000000000000000000000
keylen    = 0x0, init = 0x0, ready = 0x1
round     = 0x00
round_key = 0x00000000000000000000000000000000

Internal states:
key_mem_ctrl = 0x0, round_key_update = 0x0, round_ctr_reg = 0x0
prev_key0_reg = 0x00000000000000000000000000000000, prev_key0_new = 0x00000000000000000000000000000000, prev_key0_we = 0x0
prev_key1_reg = 0x00000000000000000000000000000000, prev_key1_new = 0x00000000000000000000000000000000, prev_key1_we = 0x0
rcon_reg = 0x00, rcon_new = 0x00,  rcon_set = 0x0,  rcon_next = 0x0, rcon_we = 0x0
w0 = 0x00000000, w1 = 0x00000000, w2 = 0x00000000, w3 = 0x00000000
w4 = 0x63636363, w5 = 0x63636363, w6 = 0x63636363, w7 = 0x63636363
sboxw = 0x00000000, new_sboxw = 0x63636363, rconw = 0x63636363
tw = 0x00000000, trw = 0x63636363
key_mem_new = 0x00000000000000000000000000000000, key_mem_we = 0x0

State of DUT
------------
Inputs and outputs:
key       = 0x0000000000000000000000000000000000000000000000000000000000000000
keylen    = 0x0, init = 0x0, ready = 0x1
round     = 0x00
round_key = 0x00000000000000000000000000000000

Internal states:
key_mem_ctrl = 0x0, round_key_update = 0x0, round_ctr_reg = 0x0
prev_key0_reg = 0x00000000000000000000000000000000, prev_key0_new = 0x00000000000000000000000000000000, prev_key0_we = 0x0
prev_key1_reg = 0x00000000000000000000000000000000, prev_key1_new = 0x00000000000000000000000000000000, prev_key1_we = 0x0
rcon_reg = 0x00, rcon_new = 0x00,  rcon_set = 0x0,  rcon_next = 0x0, rcon_we = 0x0
w0 = 0x00000000, w1 = 0x00000000, w2 = 0x00000000, w3 = 0x00000000
w4 = 0x63636363, w5 = 0x63636363, w6 = 0x63636363, w7 = 0x63636363
sboxw = 0x00000000, new_sboxw = 0x63636363, rconw = 0x63636363
tw = 0x00000000, trw = 0x63636363
key_mem_new = 0x00000000000000000000000000000000, key_mem_we = 0x0

State of DUT
------------
Inputs and outputs:
key       = 0x0000000000000000000000000000000000000000000000000000000000000000
keylen    = 0x0, init = 0x0, ready = 0x1
round     = 0x00
round_key = 0x00000000000000000000000000000000

Internal states:
key_mem_ctrl = 0x0, round_key_update = 0x0, round_ctr_reg = 0x0
prev_key0_reg = 0x00000000000000000000000000000000, prev_key0_new = 0x00000000000000000000000000000000, prev_key0_we = 0x0
prev_key1_reg = 0x00000000000000000000000000000000, prev_key1_new = 0x00000000000000000000000000000000, prev_key1_we = 0x0
rcon_reg = 0x00, rcon_new = 0x00,  rcon_set = 0x0,  rcon_next = 0x0, rcon_we = 0x0
w0 = 0x00000000, w1 = 0x00000000, w2 = 0x00000000, w3 = 0x00000000
w4 = 0x63636363, w5 = 0x63636363, w6 = 0x63636363, w7 = 0x63636363
sboxw = 0x00000000, new_sboxw = 0x63636363, rconw = 0x63636363
tw = 0x00000000, trw = 0x63636363
key_mem_new = 0x00000000000000000000000000000000, key_mem_we = 0x0

State of DUT
------------
Inputs and outputs:
key       = 0x0000000000000000000000000000000000000000000000000000000000000000
keylen    = 0x0, init = 0x0, ready = 0x1
round     = 0x00
round_key = 0x00000000000000000000000000000000

Internal states:
key_mem_ctrl = 0x0, round_key_update = 0x0, round_ctr_reg = 0x0
prev_key0_reg = 0x00000000000000000000000000000000, prev_key0_new = 0x00000000000000000000000000000000, prev_key0_we = 0x0
prev_key1_reg = 0x00000000000000000000000000000000, prev_key1_new = 0x00000000000000000000000000000000, prev_key1_we = 0x0
rcon_reg = 0x00, rcon_new = 0x00,  rcon_set = 0x0,  rcon_next = 0x0, rcon_we = 0x0
w0 = 0x00000000, w1 = 0x00000000, w2 = 0x00000000, w3 = 0x00000000
w4 = 0x63636363, w5 = 0x63636363, w6 = 0x63636363, w7 = 0x63636363
sboxw = 0x00000000, new_sboxw = 0x63636363, rconw = 0x63636363
tw = 0x00000000, trw = 0x63636363
key_mem_new = 0x00000000000000000000000000000000, key_mem_we = 0x0

State of DUT
------------
Inputs and outputs:
key       = 0x0000000000000000000000000000000000000000000000000000000000000000
keylen    = 0x0, init = 0x0, ready = 0x1
round     = 0x00
round_key = 0x00000000000000000000000000000000

Internal states:
key_mem_ctrl = 0x0, round_key_update = 0x0, round_ctr_reg = 0x0
prev_key0_reg = 0x00000000000000000000000000000000, prev_key0_new = 0x00000000000000000000000000000000, prev_key0_we = 0x0
prev_key1_reg = 0x00000000000000000000000000000000, prev_key1_new = 0x00000000000000000000000000000000, prev_key1_we = 0x0
rcon_reg = 0x00, rcon_new = 0x00,  rcon_set = 0x0,  rcon_next = 0x0, rcon_we = 0x0
w0 = 0x00000000, w1 = 0x00000000, w2 = 0x00000000, w3 = 0x00000000
w4 = 0x63636363, w5 = 0x63636363, w6 = 0x63636363, w7 = 0x63636363
sboxw = 0x00000000, new_sboxw = 0x63636363, rconw = 0x63636363
tw = 0x00000000, trw = 0x63636363
key_mem_new = 0x00000000000000000000000000000000, key_mem_we = 0x0

State of DUT
------------
Inputs and outputs:
key       = 0x0000000000000000000000000000000000000000000000000000000000000000
keylen    = 0x0, init = 0x0, ready = 0x1
round     = 0x00
round_key = 0x00000000000000000000000000000000

Internal states:
key_mem_ctrl = 0x0, round_key_update = 0x0, round_ctr_reg = 0x0
prev_key0_reg = 0x00000000000000000000000000000000, prev_key0_new = 0x00000000000000000000000000000000, prev_key0_we = 0x0
prev_key1_reg = 0x00000000000000000000000000000000, prev_key1_new = 0x00000000000000000000000000000000, prev_key1_we = 0x0
rcon_reg = 0x00, rcon_new = 0x00,  rcon_set = 0x0,  rcon_next = 0x0, rcon_we = 0x0
w0 = 0x00000000, w1 = 0x00000000, w2 = 0x00000000, w3 = 0x00000000
w4 = 0x63636363, w5 = 0x63636363, w6 = 0x63636363, w7 = 0x63636363
sboxw = 0x00000000, new_sboxw = 0x63636363, rconw = 0x63636363
tw = 0x00000000, trw = 0x63636363
key_mem_new = 0x00000000000000000000000000000000, key_mem_we = 0x0

State of DUT
------------
Inputs and outputs:
key       = 0x0000000000000000000000000000000000000000000000000000000000000000
keylen    = 0x0, init = 0x0, ready = 0x1
round     = 0x00
round_key = 0x00000000000000000000000000000000

Internal states:
key_mem_ctrl = 0x0, round_key_update = 0x0, round_ctr_reg = 0x0
prev_key0_reg = 0x00000000000000000000000000000000, prev_key0_new = 0x00000000000000000000000000000000, prev_key0_we = 0x0
prev_key1_reg = 0x00000000000000000000000000000000, prev_key1_new = 0x00000000000000000000000000000000, prev_key1_we = 0x0
rcon_reg = 0x00, rcon_new = 0x00,  rcon_set = 0x0,  rcon_next = 0x0, rcon_we = 0x0
w0 = 0x00000000, w1 = 0x00000000, w2 = 0x00000000, w3 = 0x00000000
w4 = 0x63636363, w5 = 0x63636363, w6 = 0x63636363, w7 = 0x63636363
sboxw = 0x00000000, new_sboxw = 0x63636363, rconw = 0x63636363
tw = 0x00000000, trw = 0x63636363
key_mem_new = 0x00000000000000000000000000000000, key_mem_we = 0x0

State of DUT
------------
Inputs and outputs:
key       = 0x0000000000000000000000000000000000000000000000000000000000000000
keylen    = 0x0, init = 0x0, ready = 0x1
round     = 0x00
round_key = 0x00000000000000000000000000000000

Internal states:
key_mem_ctrl = 0x0, round_key_update = 0x0, round_ctr_reg = 0x0
prev_key0_reg = 0x00000000000000000000000000000000, prev_key0_new = 0x00000000000000000000000000000000, prev_key0_we = 0x0
prev_key1_reg = 0x00000000000000000000000000000000, prev_key1_new = 0x00000000000000000000000000000000, prev_key1_we = 0x0
rcon_reg = 0x00, rcon_new = 0x00,  rcon_set = 0x0,  rcon_next = 0x0, rcon_we = 0x0
w0 = 0x00000000, w1 = 0x00000000, w2 = 0x00000000, w3 = 0x00000000
w4 = 0x63636363, w5 = 0x63636363, w6 = 0x63636363, w7 = 0x63636363
sboxw = 0x00000000, new_sboxw = 0x63636363, rconw = 0x63636363
tw = 0x00000000, trw = 0x63636363
key_mem_new = 0x00000000000000000000000000000000, key_mem_we = 0x0

State of DUT
------------
Inputs and outputs:
key       = 0x0000000000000000000000000000000000000000000000000000000000000000
keylen    = 0x0, init = 0x0, ready = 0x1
round     = 0x00
round_key = 0x00000000000000000000000000000000

Internal states:
key_mem_ctrl = 0x0, round_key_update = 0x0, round_ctr_reg = 0x0
prev_key0_reg = 0x00000000000000000000000000000000, prev_key0_new = 0x00000000000000000000000000000000, prev_key0_we = 0x0
prev_key1_reg = 0x00000000000000000000000000000000, prev_key1_new = 0x00000000000000000000000000000000, prev_key1_we = 0x0
rcon_reg = 0x00, rcon_new = 0x00,  rcon_set = 0x0,  rcon_next = 0x0, rcon_we = 0x0
w0 = 0x00000000, w1 = 0x00000000, w2 = 0x00000000, w3 = 0x00000000
w4 = 0x63636363, w5 = 0x63636363, w6 = 0x63636363, w7 = 0x63636363
sboxw = 0x00000000, new_sboxw = 0x63636363, rconw = 0x63636363
tw = 0x00000000, trw = 0x63636363
key_mem_new = 0x00000000000000000000000000000000, key_mem_we = 0x0

State of DUT
------------
Inputs and outputs:
key       = 0x0000000000000000000000000000000000000000000000000000000000000000
keylen    = 0x0, init = 0x0, ready = 0x1
round     = 0x00
round_key = 0x00000000000000000000000000000000

Internal states:
key_mem_ctrl = 0x0, round_key_update = 0x0, round_ctr_reg = 0x0
prev_key0_reg = 0x00000000000000000000000000000000, prev_key0_new = 0x00000000000000000000000000000000, prev_key0_we = 0x0
prev_key1_reg = 0x00000000000000000000000000000000, prev_key1_new = 0x00000000000000000000000000000000, prev_key1_we = 0x0
rcon_reg = 0x00, rcon_new = 0x00,  rcon_set = 0x0,  rcon_next = 0x0, rcon_we = 0x0
w0 = 0x00000000, w1 = 0x00000000, w2 = 0x00000000, w3 = 0x00000000
w4 = 0x63636363, w5 = 0x63636363, w6 = 0x63636363, w7 = 0x63636363
sboxw = 0x00000000, new_sboxw = 0x63636363, rconw = 0x63636363
tw = 0x00000000, trw = 0x63636363
key_mem_new = 0x00000000000000000000000000000000, key_mem_we = 0x0

State of DUT
------------
Inputs and outputs:
key       = 0x0000000000000000000000000000000000000000000000000000000000000000
keylen    = 0x0, init = 0x0, ready = 0x1
round     = 0x00
round_key = 0x00000000000000000000000000000000

Internal states:
key_mem_ctrl = 0x0, round_key_update = 0x0, round_ctr_reg = 0x0
prev_key0_reg = 0x00000000000000000000000000000000, prev_key0_new = 0x00000000000000000000000000000000, prev_key0_we = 0x0
prev_key1_reg = 0x00000000000000000000000000000000, prev_key1_new = 0x00000000000000000000000000000000, prev_key1_we = 0x0
rcon_reg = 0x00, rcon_new = 0x00,  rcon_set = 0x0,  rcon_next = 0x0, rcon_we = 0x0
w0 = 0x00000000, w1 = 0x00000000, w2 = 0x00000000, w3 = 0x00000000
w4 = 0x63636363, w5 = 0x63636363, w6 = 0x63636363, w7 = 0x63636363
sboxw = 0x00000000, new_sboxw = 0x63636363, rconw = 0x63636363
tw = 0x00000000, trw = 0x63636363
key_mem_new = 0x00000000000000000000000000000000, key_mem_we = 0x0

State of DUT
------------
Inputs and outputs:
key       = 0x0000000000000000000000000000000000000000000000000000000000000000
keylen    = 0x0, init = 0x0, ready = 0x1
round     = 0x00
round_key = 0x00000000000000000000000000000000

Internal states:
key_mem_ctrl = 0x0, round_key_update = 0x0, round_ctr_reg = 0x0
prev_key0_reg = 0x00000000000000000000000000000000, prev_key0_new = 0x00000000000000000000000000000000, prev_key0_we = 0x0
prev_key1_reg = 0x00000000000000000000000000000000, prev_key1_new = 0x00000000000000000000000000000000, prev_key1_we = 0x0
rcon_reg = 0x00, rcon_new = 0x00,  rcon_set = 0x0,  rcon_next = 0x0, rcon_we = 0x0
w0 = 0x00000000, w1 = 0x00000000, w2 = 0x00000000, w3 = 0x00000000
w4 = 0x63636363, w5 = 0x63636363, w6 = 0x63636363, w7 = 0x63636363
sboxw = 0x00000000, new_sboxw = 0x63636363, rconw = 0x63636363
tw = 0x00000000, trw = 0x63636363
key_mem_new = 0x00000000000000000000000000000000, key_mem_we = 0x0

State of DUT
------------
Inputs and outputs:
key       = 0x0000000000000000000000000000000000000000000000000000000000000000
keylen    = 0x0, init = 0x0, ready = 0x1
round     = 0x00
round_key = 0x00000000000000000000000000000000

Internal states:
key_mem_ctrl = 0x0, round_key_update = 0x0, round_ctr_reg = 0x0
prev_key0_reg = 0x00000000000000000000000000000000, prev_key0_new = 0x00000000000000000000000000000000, prev_key0_we = 0x0
prev_key1_reg = 0x00000000000000000000000000000000, prev_key1_new = 0x00000000000000000000000000000000, prev_key1_we = 0x0
rcon_reg = 0x00, rcon_new = 0x00,  rcon_set = 0x0,  rcon_next = 0x0, rcon_we = 0x0
w0 = 0x00000000, w1 = 0x00000000, w2 = 0x00000000, w3 = 0x00000000
w4 = 0x63636363, w5 = 0x63636363, w6 = 0x63636363, w7 = 0x63636363
sboxw = 0x00000000, new_sboxw = 0x63636363, rconw = 0x63636363
tw = 0x00000000, trw = 0x63636363
key_mem_new = 0x00000000000000000000000000000000, key_mem_we = 0x0

State of DUT
------------
Inputs and outputs:
key       = 0x0000000000000000000000000000000000000000000000000000000000000000
keylen    = 0x0, init = 0x0, ready = 0x1
round     = 0x00
round_key = 0x00000000000000000000000000000000

Internal states:
key_mem_ctrl = 0x0, round_key_update = 0x0, round_ctr_reg = 0x0
prev_key0_reg = 0x00000000000000000000000000000000, prev_key0_new = 0x00000000000000000000000000000000, prev_key0_we = 0x0
prev_key1_reg = 0x00000000000000000000000000000000, prev_key1_new = 0x00000000000000000000000000000000, prev_key1_we = 0x0
rcon_reg = 0x00, rcon_new = 0x00,  rcon_set = 0x0,  rcon_next = 0x0, rcon_we = 0x0
w0 = 0x00000000, w1 = 0x00000000, w2 = 0x00000000, w3 = 0x00000000
w4 = 0x63636363, w5 = 0x63636363, w6 = 0x63636363, w7 = 0x63636363
sboxw = 0x00000000, new_sboxw = 0x63636363, rconw = 0x63636363
tw = 0x00000000, trw = 0x63636363
key_mem_new = 0x00000000000000000000000000000000, key_mem_we = 0x0

** Testing with 128-bit key 0x00000000000000000000000000000000

State of DUT
------------
Inputs and outputs:
key       = 0x0000000000000000000000000000000000000000000000000000000000000000
keylen    = 0x0, init = 0x1, ready = 0x1
round     = 0x00
round_key = 0x00000000000000000000000000000000

Internal states:
key_mem_ctrl = 0x0, round_key_update = 0x0, round_ctr_reg = 0x0
prev_key0_reg = 0x00000000000000000000000000000000, prev_key0_new = 0x00000000000000000000000000000000, prev_key0_we = 0x0
prev_key1_reg = 0x00000000000000000000000000000000, prev_key1_new = 0x00000000000000000000000000000000, prev_key1_we = 0x0
rcon_reg = 0x00, rcon_new = 0x00,  rcon_set = 0x0,  rcon_next = 0x0, rcon_we = 0x0
w0 = 0x00000000, w1 = 0x00000000, w2 = 0x00000000, w3 = 0x00000000
w4 = 0x63636363, w5 = 0x63636363, w6 = 0x63636363, w7 = 0x63636363
sboxw = 0x00000000, new_sboxw = 0x63636363, rconw = 0x63636363
tw = 0x00000000, trw = 0x63636363
key_mem_new = 0x00000000000000000000000000000000, key_mem_we = 0x0

State of DUT
------------
Inputs and outputs:
key       = 0x0000000000000000000000000000000000000000000000000000000000000000
keylen    = 0x0, init = 0x1, ready = 0x0
round     = 0x00
round_key = 0x00000000000000000000000000000000

Internal states:
key_mem_ctrl = 0x1, round_key_update = 0x1, round_ctr_reg = 0x0
prev_key0_reg = 0x00000000000000000000000000000000, prev_key0_new = 0x00000000000000000000000000000000, prev_key0_we = 0x1
prev_key1_reg = 0x00000000000000000000000000000000, prev_key1_new = 0x00000000000000000000000000000000, prev_key1_we = 0x1
rcon_reg = 0x00, rcon_new = 0x01,  rcon_set = 0x1,  rcon_next = 0x0, rcon_we = 0x1
w0 = 0x00000000, w1 = 0x00000000, w2 = 0x00000000, w3 = 0x00000000
w4 = 0x63636363, w5 = 0x63636363, w6 = 0x63636363, w7 = 0x63636363
sboxw = 0x00000000, new_sboxw = 0x63636363, rconw = 0x63636363
tw = 0x00000000, trw = 0x63636363
key_mem_new = 0x00000000000000000000000000000000, key_mem_we = 0x1

State of DUT
------------
Inputs and outputs:
key       = 0x0000000000000000000000000000000000000000000000000000000000000000
keylen    = 0x0, init = 0x0, ready = 0x0
round     = 0x00
round_key = 0x00000000000000000000000000000000

Internal states:
key_mem_ctrl = 0x2, round_key_update = 0x1, round_ctr_reg = 0x1
prev_key0_reg = 0x00000000000000000000000000000000, prev_key0_new = 0x62636363626363636263636362636363, prev_key0_we = 0x1
prev_key1_reg = 0x00000000000000000000000000000000, prev_key1_new = 0x00000000000000000000000000000000, prev_key1_we = 0x0
rcon_reg = 0x01, rcon_new = 0x02,  rcon_set = 0x0,  rcon_next = 0x1, rcon_we = 0x1
w0 = 0x00000000, w1 = 0x00000000, w2 = 0x00000000, w3 = 0x00000000
w4 = 0x62636363, w5 = 0x62636363, w6 = 0x62636363, w7 = 0x62636363
sboxw = 0x00000000, new_sboxw = 0x63636363, rconw = 0x62636363
tw = 0x00000000, trw = 0x63636363
key_mem_new = 0x62636363626363636263636362636363, key_mem_we = 0x1

State of DUT
------------
Inputs and outputs:
key       = 0x0000000000000000000000000000000000000000000000000000000000000000
keylen    = 0x0, init = 0x0, ready = 0x0
round     = 0x00
round_key = 0x00000000000000000000000000000000

Internal states:
key_mem_ctrl = 0x2, round_key_update = 0x1, round_ctr_reg = 0x2
prev_key0_reg = 0x62636363626363636263636362636363, prev_key0_new = 0x9b9898c9f9fbfbaa9b9898c9f9fbfbaa, prev_key0_we = 0x1
prev_key1_reg = 0x00000000000000000000000000000000, prev_key1_new = 0x00000000000000000000000000000000, prev_key1_we = 0x0
rcon_reg = 0x02, rcon_new = 0x04,  rcon_set = 0x0,  rcon_next = 0x1, rcon_we = 0x1
w0 = 0x62636363, w1 = 0x62636363, w2 = 0x62636363, w3 = 0x62636363
w4 = 0x9b9898c9, w5 = 0xf9fbfbaa, w6 = 0x9b9898c9, w7 = 0xf9fbfbaa
sboxw = 0x63636362, new_sboxw = 0xfbfbfbaa, rconw = 0xf9fbfbaa
tw = 0x63636362, trw = 0xfbfbfbaa
key_mem_new = 0x9b9898c9f9fbfbaa9b9898c9f9fbfbaa, key_mem_we = 0x1

State of DUT
------------
Inputs and outputs:
key       = 0x0000000000000000000000000000000000000000000000000000000000000000
keylen    = 0x0, init = 0x0, ready = 0x0
round     = 0x00
round_key = 0x00000000000000000000000000000000

Internal states:
key_mem_ctrl = 0x2, round_key_update = 0x1, round_ctr_reg = 0x3
prev_key0_reg = 0x9b9898c9f9fbfbaa9b9898c9f9fbfbaa, prev_key0_new = 0x90973450696ccffaf2f457330b0fac99, prev_key0_we = 0x1
prev_key1_reg = 0x00000000000000000000000000000000, prev_key1_new = 0x00000000000000000000000000000000, prev_key1_we = 0x0
rcon_reg = 0x04, rcon_new = 0x08,  rcon_set = 0x0,  rcon_next = 0x1, rcon_we = 0x1
w0 = 0x9b9898c9, w1 = 0xf9fbfbaa, w2 = 0x9b9898c9, w3 = 0xf9fbfbaa
w4 = 0x90973450, w5 = 0x696ccffa, w6 = 0xf2f45733, w7 = 0x0b0fac99
sboxw = 0xfbfbaaf9, new_sboxw = 0x0f0fac99, rconw = 0x0b0fac99
tw = 0xfbfbaaf9, trw = 0x0f0fac99
key_mem_new = 0x90973450696ccffaf2f457330b0fac99, key_mem_we = 0x1

State of DUT
------------
Inputs and outputs:
key       = 0x0000000000000000000000000000000000000000000000000000000000000000
keylen    = 0x0, init = 0x0, ready = 0x0
round     = 0x00
round_key = 0x00000000000000000000000000000000

Internal states:
key_mem_ctrl = 0x2, round_key_update = 0x1, round_ctr_reg = 0x4
prev_key0_reg = 0x90973450696ccffaf2f457330b0fac99, prev_key0_new = 0xee06da7b876a1581759e42b27e91ee2b, prev_key0_we = 0x1
prev_key1_reg = 0x00000000000000000000000000000000, prev_key1_new = 0x00000000000000000000000000000000, prev_key1_we = 0x0
rcon_reg = 0x08, rcon_new = 0x10,  rcon_set = 0x0,  rcon_next = 0x1, rcon_we = 0x1
w0 = 0x90973450, w1 = 0x696ccffa, w2 = 0xf2f45733, w3 = 0x0b0fac99
w4 = 0xee06da7b, w5 = 0x876a1581, w6 = 0x759e42b2, w7 = 0x7e91ee2b
sboxw = 0x0fac990b, new_sboxw = 0x7691ee2b, rconw = 0x7e91ee2b
tw = 0x0fac990b, trw = 0x7691ee2b
key_mem_new = 0xee06da7b876a1581759e42b27e91ee2b, key_mem_we = 0x1

State of DUT
------------
Inputs and outputs:
key       = 0x0000000000000000000000000000000000000000000000000000000000000000
keylen    = 0x0, init = 0x0, ready = 0x0
round     = 0x00
round_key = 0x00000000000000000000000000000000

Internal states:
key_mem_ctrl = 0x2, round_key_update = 0x1, round_ctr_reg = 0x5
prev_key0_reg = 0xee06da7b876a1581759e42b27e91ee2b, prev_key0_new = 0x7f2e2b88f8443e098dda7cbbf34b9290, prev_key0_we = 0x1
prev_key1_reg = 0x00000000000000000000000000000000, prev_key1_new = 0x00000000000000000000000000000000, prev_key1_we = 0x0
rcon_reg = 0x10, rcon_new = 0x20,  rcon_set = 0x0,  rcon_next = 0x1, rcon_we = 0x1
w0 = 0xee06da7b, w1 = 0x876a1581, w2 = 0x759e42b2, w3 = 0x7e91ee2b
w4 = 0x7f2e2b88, w5 = 0xf8443e09, w6 = 0x8dda7cbb, w7 = 0xf34b9290
sboxw = 0x91ee2b7e, new_sboxw = 0x8128f1f3, rconw = 0x9128f1f3
tw = 0x91ee2b7e, trw = 0x8128f1f3
key_mem_new = 0x7f2e2b88f8443e098dda7cbbf34b9290, key_mem_we = 0x1

State of DUT
------------
Inputs and outputs:
key       = 0x0000000000000000000000000000000000000000000000000000000000000000
keylen    = 0x0, init = 0x0, ready = 0x0
round     = 0x00
round_key = 0x00000000000000000000000000000000

Internal states:
key_mem_ctrl = 0x2, round_key_update = 0x1, round_ctr_reg = 0x6
prev_key0_reg = 0x7f2e2b88f8443e098dda7cbbf34b9290, prev_key0_new = 0xec614b851425758c99ff09376ab49ba7, prev_key0_we = 0x1
prev_key1_reg = 0x00000000000000000000000000000000, prev_key1_new = 0x00000000000000000000000000000000, prev_key1_we = 0x0
rcon_reg = 0x20, rcon_new = 0x40,  rcon_set = 0x0,  rcon_next = 0x1, rcon_we = 0x1
w0 = 0x7f2e2b88, w1 = 0xf8443e09, w2 = 0x8dda7cbb, w3 = 0xf34b9290
w4 = 0xec614b85, w5 = 0x1425758c, w6 = 0x99ff0937, w7 = 0x6ab49ba7
sboxw = 0x4b9290f3, new_sboxw = 0xb34f600d, rconw = 0x934f600d
tw = 0x4b9290f3, trw = 0xb34f600d
key_mem_new = 0xec614b851425758c99ff09376ab49ba7, key_mem_we = 0x1

State of DUT
------------
Inputs and outputs:
key       = 0x0000000000000000000000000000000000000000000000000000000000000000
keylen    = 0x0, init = 0x0, ready = 0x0
round     = 0x00
round_key = 0x00000000000000000000000000000000

Internal states:
key_mem_ctrl = 0x2, round_key_update = 0x1, round_ctr_reg = 0x7
prev_key0_reg = 0xec614b851425758c99ff09376ab49ba7, prev_key0_new = 0x217517873550620bacaf6b3cc61bf09b, prev_key0_we = 0x1
prev_key1_reg = 0x00000000000000000000000000000000, prev_key1_new = 0x00000000000000000000000000000000, prev_key1_we = 0x0
rcon_reg = 0x40, rcon_new = 0x80,  rcon_set = 0x0,  rcon_next = 0x1, rcon_we = 0x1
w0 = 0xec614b85, w1 = 0x1425758c, w2 = 0x99ff0937, w3 = 0x6ab49ba7
w4 = 0x21751787, w5 = 0x3550620b, w6 = 0xacaf6b3c, w7 = 0xc61bf09b
sboxw = 0xb49ba76a, new_sboxw = 0x8d145c02, rconw = 0xcd145c02
tw = 0xb49ba76a, trw = 0x8d145c02
key_mem_new = 0x217517873550620bacaf6b3cc61bf09b, key_mem_we = 0x1

State of DUT
------------
Inputs and outputs:
key       = 0x0000000000000000000000000000000000000000000000000000000000000000
keylen    = 0x0, init = 0x0, ready = 0x0
round     = 0x00
round_key = 0x00000000000000000000000000000000

Internal states:
key_mem_ctrl = 0x2, round_key_update = 0x1, round_ctr_reg = 0x8
prev_key0_reg = 0x217517873550620bacaf6b3cc61bf09b, prev_key0_new = 0x0ef903333ba9613897060a04511dfa9f, prev_key0_we = 0x1
prev_key1_reg = 0x00000000000000000000000000000000, prev_key1_new = 0x00000000000000000000000000000000, prev_key1_we = 0x0
rcon_reg = 0x80, rcon_new = 0x1b,  rcon_set = 0x0,  rcon_next = 0x1, rcon_we = 0x1
w0 = 0x21751787, w1 = 0x3550620b, w2 = 0xacaf6b3c, w3 = 0xc61bf09b
w4 = 0x0ef90333, w5 = 0x3ba96138, w6 = 0x97060a04, w7 = 0x511dfa9f
sboxw = 0x1bf09bc6, new_sboxw = 0xaf8c14b4, rconw = 0x2f8c14b4
tw = 0x1bf09bc6, trw = 0xaf8c14b4
key_mem_new = 0x0ef903333ba9613897060a04511dfa9f, key_mem_we = 0x1

State of DUT
------------
Inputs and outputs:
key       = 0x0000000000000000000000000000000000000000000000000000000000000000
keylen    = 0x0, init = 0x0, ready = 0x0
round     = 0x00
round_key = 0x00000000000000000000000000000000

Internal states:
key_mem_ctrl = 0x2, round_key_update = 0x1, round_ctr_reg = 0x9
prev_key0_reg = 0x0ef903333ba9613897060a04511dfa9f, prev_key0_new = 0xb1d4d8e28a7db9da1d7bb3de4c664941, prev_key0_we = 0x1
prev_key1_reg = 0x00000000000000000000000000000000, prev_key1_new = 0x00000000000000000000000000000000, prev_key1_we = 0x0
rcon_reg = 0x1b, rcon_new = 0x36,  rcon_set = 0x0,  rcon_next = 0x1, rcon_we = 0x1
w0 = 0x0ef90333, w1 = 0x3ba96138, w2 = 0x97060a04, w3 = 0x511dfa9f
w4 = 0xb1d4d8e2, w5 = 0x8a7db9da, w6 = 0x1d7bb3de, w7 = 0x4c664941
sboxw = 0x1dfa9f51, new_sboxw = 0xa42ddbd1, rconw = 0xbf2ddbd1
tw = 0x1dfa9f51, trw = 0xa42ddbd1
key_mem_new = 0xb1d4d8e28a7db9da1d7bb3de4c664941, key_mem_we = 0x1

State of DUT
------------
Inputs and outputs:
key       = 0x0000000000000000000000000000000000000000000000000000000000000000
keylen    = 0x0, init = 0x0, ready = 0x0
round     = 0x00
round_key = 0x00000000000000000000000000000000

Internal states:
key_mem_ctrl = 0x2, round_key_update = 0x1, round_ctr_reg = 0xa
prev_key0_reg = 0xb1d4d8e28a7db9da1d7bb3de4c664941, prev_key0_new = 0xb4ef5bcb3e92e21123e951cf6f8f188e, prev_key0_we = 0x1
prev_key1_reg = 0x00000000000000000000000000000000, prev_key1_new = 0x00000000000000000000000000000000, prev_key1_we = 0x0
rcon_reg = 0x36, rcon_new = 0x6c,  rcon_set = 0x0,  rcon_next = 0x1, rcon_we = 0x1
w0 = 0xb1d4d8e2, w1 = 0x8a7db9da, w2 = 0x1d7bb3de, w3 = 0x4c664941
w4 = 0xb4ef5bcb, w5 = 0x3e92e211, w6 = 0x23e951cf, w7 = 0x6f8f188e
sboxw = 0x6649414c, new_sboxw = 0x333b8329, rconw = 0x053b8329
tw = 0x6649414c, trw = 0x333b8329
key_mem_new = 0xb4ef5bcb3e92e21123e951cf6f8f188e, key_mem_we = 0x1

State of DUT
------------
Inputs and outputs:
key       = 0x0000000000000000000000000000000000000000000000000000000000000000
keylen    = 0x0, init = 0x0, ready = 0x1
round     = 0x00
round_key = 0x00000000000000000000000000000000

Internal states:
key_mem_ctrl = 0x0, round_key_update = 0x0, round_ctr_reg = 0xa
prev_key0_reg = 0xb4ef5bcb3e92e21123e951cf6f8f188e, prev_key0_new = 0xb4ef5bcb3e92e21123e951cf6f8f188e, prev_key0_we = 0x0
prev_key1_reg = 0x00000000000000000000000000000000, prev_key1_new = 0x00000000000000000000000000000000, prev_key1_we = 0x0
rcon_reg = 0x6c, rcon_new = 0x6c,  rcon_set = 0x0,  rcon_next = 0x0, rcon_we = 0x0
w0 = 0xb4ef5bcb, w1 = 0x3e92e211, w2 = 0x23e951cf, w3 = 0x6f8f188e
w4 = 0xab424263, w5 = 0x95d0a072, w6 = 0xb639f1bd, w7 = 0xd9b6e933
sboxw = 0x8f188e6f, new_sboxw = 0x73ad19a8, rconw = 0x1fad19a8
tw = 0x8f188e6f, trw = 0x73ad19a8
key_mem_new = 0x00000000000000000000000000000000, key_mem_we = 0x0

** key 0x0 matched expected round key.
** Got:      0x00000000000000000000000000000000 **

State of DUT
------------
Inputs and outputs:
key       = 0x0000000000000000000000000000000000000000000000000000000000000000
keylen    = 0x0, init = 0x0, ready = 0x1
round     = 0x01
round_key = 0x62636363626363636263636362636363

Internal states:
key_mem_ctrl = 0x0, round_key_update = 0x0, round_ctr_reg = 0xa
prev_key0_reg = 0xb4ef5bcb3e92e21123e951cf6f8f188e, prev_key0_new = 0xb4ef5bcb3e92e21123e951cf6f8f188e, prev_key0_we = 0x0
prev_key1_reg = 0x00000000000000000000000000000000, prev_key1_new = 0x00000000000000000000000000000000, prev_key1_we = 0x0
rcon_reg = 0x6c, rcon_new = 0x6c,  rcon_set = 0x0,  rcon_next = 0x0, rcon_we = 0x0
w0 = 0xb4ef5bcb, w1 = 0x3e92e211, w2 = 0x23e951cf, w3 = 0x6f8f188e
w4 = 0xab424263, w5 = 0x95d0a072, w6 = 0xb639f1bd, w7 = 0xd9b6e933
sboxw = 0x8f188e6f, new_sboxw = 0x73ad19a8, rconw = 0x1fad19a8
tw = 0x8f188e6f, trw = 0x73ad19a8
key_mem_new = 0x00000000000000000000000000000000, key_mem_we = 0x0

** key 0x1 matched expected round key.
** Got:      0x62636363626363636263636362636363 **

State of DUT
------------
Inputs and outputs:
key       = 0x0000000000000000000000000000000000000000000000000000000000000000
keylen    = 0x0, init = 0x0, ready = 0x1
round     = 0x02
round_key = 0x9b9898c9f9fbfbaa9b9898c9f9fbfbaa

Internal states:
key_mem_ctrl = 0x0, round_key_update = 0x0, round_ctr_reg = 0xa
prev_key0_reg = 0xb4ef5bcb3e92e21123e951cf6f8f188e, prev_key0_new = 0xb4ef5bcb3e92e21123e951cf6f8f188e, prev_key0_we = 0x0
prev_key1_reg = 0x00000000000000000000000000000000, prev_key1_new = 0x00000000000000000000000000000000, prev_key1_we = 0x0
rcon_reg = 0x6c, rcon_new = 0x6c,  rcon_set = 0x0,  rcon_next = 0x0, rcon_we = 0x0
w0 = 0xb4ef5bcb, w1 = 0x3e92e211, w2 = 0x23e951cf, w3 = 0x6f8f188e
w4 = 0xab424263, w5 = 0x95d0a072, w6 = 0xb639f1bd, w7 = 0xd9b6e933
sboxw = 0x8f188e6f, new_sboxw = 0x73ad19a8, rconw = 0x1fad19a8
tw = 0x8f188e6f, trw = 0x73ad19a8
key_mem_new = 0x00000000000000000000000000000000, key_mem_we = 0x0

** key 0x2 matched expected round key.
** Got:      0x9b9898c9f9fbfbaa9b9898c9f9fbfbaa **

State of DUT
------------
Inputs and outputs:
key       = 0x0000000000000000000000000000000000000000000000000000000000000000
keylen    = 0x0, init = 0x0, ready = 0x1
round     = 0x03
round_key = 0x90973450696ccffaf2f457330b0fac99

Internal states:
key_mem_ctrl = 0x0, round_key_update = 0x0, round_ctr_reg = 0xa
prev_key0_reg = 0xb4ef5bcb3e92e21123e951cf6f8f188e, prev_key0_new = 0xb4ef5bcb3e92e21123e951cf6f8f188e, prev_key0_we = 0x0
prev_key1_reg = 0x00000000000000000000000000000000, prev_key1_new = 0x00000000000000000000000000000000, prev_key1_we = 0x0
rcon_reg = 0x6c, rcon_new = 0x6c,  rcon_set = 0x0,  rcon_next = 0x0, rcon_we = 0x0
w0 = 0xb4ef5bcb, w1 = 0x3e92e211, w2 = 0x23e951cf, w3 = 0x6f8f188e
w4 = 0xab424263, w5 = 0x95d0a072, w6 = 0xb639f1bd, w7 = 0xd9b6e933
sboxw = 0x8f188e6f, new_sboxw = 0x73ad19a8, rconw = 0x1fad19a8
tw = 0x8f188e6f, trw = 0x73ad19a8
key_mem_new = 0x00000000000000000000000000000000, key_mem_we = 0x0

** key 0x3 matched expected round key.
** Got:      0x90973450696ccffaf2f457330b0fac99 **

State of DUT
------------
Inputs and outputs:
key       = 0x0000000000000000000000000000000000000000000000000000000000000000
keylen    = 0x0, init = 0x0, ready = 0x1
round     = 0x04
round_key = 0xee06da7b876a1581759e42b27e91ee2b

Internal states:
key_mem_ctrl = 0x0, round_key_update = 0x0, round_ctr_reg = 0xa
prev_key0_reg = 0xb4ef5bcb3e92e21123e951cf6f8f188e, prev_key0_new = 0xb4ef5bcb3e92e21123e951cf6f8f188e, prev_key0_we = 0x0
prev_key1_reg = 0x00000000000000000000000000000000, prev_key1_new = 0x00000000000000000000000000000000, prev_key1_we = 0x0
rcon_reg = 0x6c, rcon_new = 0x6c,  rcon_set = 0x0,  rcon_next = 0x0, rcon_we = 0x0
w0 = 0xb4ef5bcb, w1 = 0x3e92e211, w2 = 0x23e951cf, w3 = 0x6f8f188e
w4 = 0xab424263, w5 = 0x95d0a072, w6 = 0xb639f1bd, w7 = 0xd9b6e933
sboxw = 0x8f188e6f, new_sboxw = 0x73ad19a8, rconw = 0x1fad19a8
tw = 0x8f188e6f, trw = 0x73ad19a8
key_mem_new = 0x00000000000000000000000000000000, key_mem_we = 0x0

** key 0x4 matched expected round key.
** Got:      0xee06da7b876a1581759e42b27e91ee2b **

State of DUT
------------
Inputs and outputs:
key       = 0x0000000000000000000000000000000000000000000000000000000000000000
keylen    = 0x0, init = 0x0, ready = 0x1
round     = 0x05
round_key = 0x7f2e2b88f8443e098dda7cbbf34b9290

Internal states:
key_mem_ctrl = 0x0, round_key_update = 0x0, round_ctr_reg = 0xa
prev_key0_reg = 0xb4ef5bcb3e92e21123e951cf6f8f188e, prev_key0_new = 0xb4ef5bcb3e92e21123e951cf6f8f188e, prev_key0_we = 0x0
prev_key1_reg = 0x00000000000000000000000000000000, prev_key1_new = 0x00000000000000000000000000000000, prev_key1_we = 0x0
rcon_reg = 0x6c, rcon_new = 0x6c,  rcon_set = 0x0,  rcon_next = 0x0, rcon_we = 0x0
w0 = 0xb4ef5bcb, w1 = 0x3e92e211, w2 = 0x23e951cf, w3 = 0x6f8f188e
w4 = 0xab424263, w5 = 0x95d0a072, w6 = 0xb639f1bd, w7 = 0xd9b6e933
sboxw = 0x8f188e6f, new_sboxw = 0x73ad19a8, rconw = 0x1fad19a8
tw = 0x8f188e6f, trw = 0x73ad19a8
key_mem_new = 0x00000000000000000000000000000000, key_mem_we = 0x0

** key 0x5 matched expected round key.
** Got:      0x7f2e2b88f8443e098dda7cbbf34b9290 **

State of DUT
------------
Inputs and outputs:
key       = 0x0000000000000000000000000000000000000000000000000000000000000000
keylen    = 0x0, init = 0x0, ready = 0x1
round     = 0x06
round_key = 0xec614b851425758c99ff09376ab49ba7

Internal states:
key_mem_ctrl = 0x0, round_key_update = 0x0, round_ctr_reg = 0xa
prev_key0_reg = 0xb4ef5bcb3e92e21123e951cf6f8f188e, prev_key0_new = 0xb4ef5bcb3e92e21123e951cf6f8f188e, prev_key0_we = 0x0
prev_key1_reg = 0x00000000000000000000000000000000, prev_key1_new = 0x00000000000000000000000000000000, prev_key1_we = 0x0
rcon_reg = 0x6c, rcon_new = 0x6c,  rcon_set = 0x0,  rcon_next = 0x0, rcon_we = 0x0
w0 = 0xb4ef5bcb, w1 = 0x3e92e211, w2 = 0x23e951cf, w3 = 0x6f8f188e
w4 = 0xab424263, w5 = 0x95d0a072, w6 = 0xb639f1bd, w7 = 0xd9b6e933
sboxw = 0x8f188e6f, new_sboxw = 0x73ad19a8, rconw = 0x1fad19a8
tw = 0x8f188e6f, trw = 0x73ad19a8
key_mem_new = 0x00000000000000000000000000000000, key_mem_we = 0x0

** key 0x6 matched expected round key.
** Got:      0xec614b851425758c99ff09376ab49ba7 **

State of DUT
------------
Inputs and outputs:
key       = 0x0000000000000000000000000000000000000000000000000000000000000000
keylen    = 0x0, init = 0x0, ready = 0x1
round     = 0x07
round_key = 0x217517873550620bacaf6b3cc61bf09b

Internal states:
key_mem_ctrl = 0x0, round_key_update = 0x0, round_ctr_reg = 0xa
prev_key0_reg = 0xb4ef5bcb3e92e21123e951cf6f8f188e, prev_key0_new = 0xb4ef5bcb3e92e21123e951cf6f8f188e, prev_key0_we = 0x0
prev_key1_reg = 0x00000000000000000000000000000000, prev_key1_new = 0x00000000000000000000000000000000, prev_key1_we = 0x0
rcon_reg = 0x6c, rcon_new = 0x6c,  rcon_set = 0x0,  rcon_next = 0x0, rcon_we = 0x0
w0 = 0xb4ef5bcb, w1 = 0x3e92e211, w2 = 0x23e951cf, w3 = 0x6f8f188e
w4 = 0xab424263, w5 = 0x95d0a072, w6 = 0xb639f1bd, w7 = 0xd9b6e933
sboxw = 0x8f188e6f, new_sboxw = 0x73ad19a8, rconw = 0x1fad19a8
tw = 0x8f188e6f, trw = 0x73ad19a8
key_mem_new = 0x00000000000000000000000000000000, key_mem_we = 0x0

** key 0x7 matched expected round key.
** Got:      0x217517873550620bacaf6b3cc61bf09b **

State of DUT
------------
Inputs and outputs:
key       = 0x0000000000000000000000000000000000000000000000000000000000000000
keylen    = 0x0, init = 0x0, ready = 0x1
round     = 0x08
round_key = 0x0ef903333ba9613897060a04511dfa9f

Internal states:
key_mem_ctrl = 0x0, round_key_update = 0x0, round_ctr_reg = 0xa
prev_key0_reg = 0xb4ef5bcb3e92e21123e951cf6f8f188e, prev_key0_new = 0xb4ef5bcb3e92e21123e951cf6f8f188e, prev_key0_we = 0x0
prev_key1_reg = 0x00000000000000000000000000000000, prev_key1_new = 0x00000000000000000000000000000000, prev_key1_we = 0x0
rcon_reg = 0x6c, rcon_new = 0x6c,  rcon_set = 0x0,  rcon_next = 0x0, rcon_we = 0x0
w0 = 0xb4ef5bcb, w1 = 0x3e92e211, w2 = 0x23e951cf, w3 = 0x6f8f188e
w4 = 0xab424263, w5 = 0x95d0a072, w6 = 0xb639f1bd, w7 = 0xd9b6e933
sboxw = 0x8f188e6f, new_sboxw = 0x73ad19a8, rconw = 0x1fad19a8
tw = 0x8f188e6f, trw = 0x73ad19a8
key_mem_new = 0x00000000000000000000000000000000, key_mem_we = 0x0

** key 0x8 matched expected round key.
** Got:      0x0ef903333ba9613897060a04511dfa9f **

State of DUT
------------
Inputs and outputs:
key       = 0x0000000000000000000000000000000000000000000000000000000000000000
keylen    = 0x0, init = 0x0, ready = 0x1
round     = 0x09
round_key = 0xb1d4d8e28a7db9da1d7bb3de4c664941

Internal states:
key_mem_ctrl = 0x0, round_key_update = 0x0, round_ctr_reg = 0xa
prev_key0_reg = 0xb4ef5bcb3e92e21123e951cf6f8f188e, prev_key0_new = 0xb4ef5bcb3e92e21123e951cf6f8f188e, prev_key0_we = 0x0
prev_key1_reg = 0x00000000000000000000000000000000, prev_key1_new = 0x00000000000000000000000000000000, prev_key1_we = 0x0
rcon_reg = 0x6c, rcon_new = 0x6c,  rcon_set = 0x0,  rcon_next = 0x0, rcon_we = 0x0
w0 = 0xb4ef5bcb, w1 = 0x3e92e211, w2 = 0x23e951cf, w3 = 0x6f8f188e
w4 = 0xab424263, w5 = 0x95d0a072, w6 = 0xb639f1bd, w7 = 0xd9b6e933
sboxw = 0x8f188e6f, new_sboxw = 0x73ad19a8, rconw = 0x1fad19a8
tw = 0x8f188e6f, trw = 0x73ad19a8
key_mem_new = 0x00000000000000000000000000000000, key_mem_we = 0x0

** key 0x9 matched expected round key.
** Got:      0xb1d4d8e28a7db9da1d7bb3de4c664941 **

State of DUT
------------
Inputs and outputs:
key       = 0x0000000000000000000000000000000000000000000000000000000000000000
keylen    = 0x0, init = 0x0, ready = 0x1
round     = 0x0a
round_key = 0xb4ef5bcb3e92e21123e951cf6f8f188e

Internal states:
key_mem_ctrl = 0x0, round_key_update = 0x0, round_ctr_reg = 0xa
prev_key0_reg = 0xb4ef5bcb3e92e21123e951cf6f8f188e, prev_key0_new = 0xb4ef5bcb3e92e21123e951cf6f8f188e, prev_key0_we = 0x0
prev_key1_reg = 0x00000000000000000000000000000000, prev_key1_new = 0x00000000000000000000000000000000, prev_key1_we = 0x0
rcon_reg = 0x6c, rcon_new = 0x6c,  rcon_set = 0x0,  rcon_next = 0x0, rcon_we = 0x0
w0 = 0xb4ef5bcb, w1 = 0x3e92e211, w2 = 0x23e951cf, w3 = 0x6f8f188e
w4 = 0xab424263, w5 = 0x95d0a072, w6 = 0xb639f1bd, w7 = 0xd9b6e933
sboxw = 0x8f188e6f, new_sboxw = 0x73ad19a8, rconw = 0x1fad19a8
tw = 0x8f188e6f, trw = 0x73ad19a8
key_mem_new = 0x00000000000000000000000000000000, key_mem_we = 0x0

** key 0xa matched expected round key.
** Got:      0xb4ef5bcb3e92e21123e951cf6f8f188e **

** Testing with 128-bit key 0xffffffffffffffffffffffffffffffff

State of DUT
------------
Inputs and outputs:
key       = 0xffffffffffffffffffffffffffffffff00000000000000000000000000000000
keylen    = 0x0, init = 0x1, ready = 0x1
round     = 0x0a
round_key = 0xb4ef5bcb3e92e21123e951cf6f8f188e

Internal states:
key_mem_ctrl = 0x0, round_key_update = 0x0, round_ctr_reg = 0xa
prev_key0_reg = 0xb4ef5bcb3e92e21123e951cf6f8f188e, prev_key0_new = 0xb4ef5bcb3e92e21123e951cf6f8f188e, prev_key0_we = 0x0
prev_key1_reg = 0x00000000000000000000000000000000, prev_key1_new = 0x00000000000000000000000000000000, prev_key1_we = 0x0
rcon_reg = 0x6c, rcon_new = 0x6c,  rcon_set = 0x0,  rcon_next = 0x0, rcon_we = 0x0
w0 = 0xb4ef5bcb, w1 = 0x3e92e211, w2 = 0x23e951cf, w3 = 0x6f8f188e
w4 = 0xab424263, w5 = 0x95d0a072, w6 = 0xb639f1bd, w7 = 0xd9b6e933
sboxw = 0x8f188e6f, new_sboxw = 0x73ad19a8, rconw = 0x1fad19a8
tw = 0x8f188e6f, trw = 0x73ad19a8
key_mem_new = 0x00000000000000000000000000000000, key_mem_we = 0x0

State of DUT
------------
Inputs and outputs:
key       = 0xffffffffffffffffffffffffffffffff00000000000000000000000000000000
keylen    = 0x0, init = 0x1, ready = 0x0
round     = 0x0a
round_key = 0xb4ef5bcb3e92e21123e951cf6f8f188e

Internal states:
key_mem_ctrl = 0x1, round_key_update = 0x1, round_ctr_reg = 0x0
prev_key0_reg = 0xb4ef5bcb3e92e21123e951cf6f8f188e, prev_key0_new = 0xffffffffffffffffffffffffffffffff, prev_key0_we = 0x1
prev_key1_reg = 0x00000000000000000000000000000000, prev_key1_new = 0x00000000000000000000000000000000, prev_key1_we = 0x1
rcon_reg = 0x6c, rcon_new = 0x01,  rcon_set = 0x1,  rcon_next = 0x0, rcon_we = 0x1
w0 = 0xb4ef5bcb, w1 = 0x3e92e211, w2 = 0x23e951cf, w3 = 0x6f8f188e
w4 = 0xab424263, w5 = 0x95d0a072, w6 = 0xb639f1bd, w7 = 0xd9b6e933
sboxw = 0x8f188e6f, new_sboxw = 0x73ad19a8, rconw = 0x1fad19a8
tw = 0x8f188e6f, trw = 0x73ad19a8
key_mem_new = 0xffffffffffffffffffffffffffffffff, key_mem_we = 0x1

State of DUT
------------
Inputs and outputs:
key       = 0xffffffffffffffffffffffffffffffff00000000000000000000000000000000
keylen    = 0x0, init = 0x0, ready = 0x0
round     = 0x0a
round_key = 0xb4ef5bcb3e92e21123e951cf6f8f188e

Internal states:
key_mem_ctrl = 0x2, round_key_update = 0x1, round_ctr_reg = 0x1
prev_key0_reg = 0xffffffffffffffffffffffffffffffff, prev_key0_new = 0xe8e9e9e917161616e8e9e9e917161616, prev_key0_we = 0x1
prev_key1_reg = 0x00000000000000000000000000000000, prev_key1_new = 0x00000000000000000000000000000000, prev_key1_we = 0x0
rcon_reg = 0x01, rcon_new = 0x02,  rcon_set = 0x0,  rcon_next = 0x1, rcon_we = 0x1
w0 = 0xffffffff, w1 = 0xffffffff, w2 = 0xffffffff, w3 = 0xffffffff
w4 = 0xe8e9e9e9, w5 = 0x17161616, w6 = 0xe8e9e9e9, w7 = 0x17161616
sboxw = 0xffffffff, new_sboxw = 0x16161616, rconw = 0x17161616
tw = 0xffffffff, trw = 0x16161616
key_mem_new = 0xe8e9e9e917161616e8e9e9e917161616, key_mem_we = 0x1

State of DUT
------------
Inputs and outputs:
key       = 0xffffffffffffffffffffffffffffffff00000000000000000000000000000000
keylen    = 0x0, init = 0x0, ready = 0x0
round     = 0x0a
round_key = 0xb4ef5bcb3e92e21123e951cf6f8f188e

Internal states:
key_mem_ctrl = 0x2, round_key_update = 0x1, round_ctr_reg = 0x2
prev_key0_reg = 0xe8e9e9e917161616e8e9e9e917161616, prev_key0_new = 0xadaeae19bab8b80f525151e6454747f0, prev_key0_we = 0x1
prev_key1_reg = 0x00000000000000000000000000000000, prev_key1_new = 0x00000000000000000000000000000000, prev_key1_we = 0x0
rcon_reg = 0x02, rcon_new = 0x04,  rcon_set = 0x0,  rcon_next = 0x1, rcon_we = 0x1
w0 = 0xe8e9e9e9, w1 = 0x17161616, w2 = 0xe8e9e9e9, w3 = 0x17161616
w4 = 0xadaeae19, w5 = 0xbab8b80f, w6 = 0x525151e6, w7 = 0x454747f0
sboxw = 0x16161617, new_sboxw = 0x474747f0, rconw = 0x454747f0
tw = 0x16161617, trw = 0x474747f0
key_mem_new = 0xadaeae19bab8b80f525151e6454747f0, key_mem_we = 0x1

State of DUT
------------
Inputs and outputs:
key       = 0xffffffffffffffffffffffffffffffff00000000000000000000000000000000
keylen    = 0x0, init = 0x0, ready = 0x0
round     = 0x0a
round_key = 0xb4ef5bcb3e92e21123e951cf6f8f188e

Internal states:
key_mem_ctrl = 0x2, round_key_update = 0x1, round_ctr_reg = 0x3
prev_key0_reg = 0xadaeae19bab8b80f525151e6454747f0, prev_key0_new = 0x090e2277b3b69a78e1e7cb9ea4a08c6e, prev_key0_we = 0x1
prev_key1_reg = 0x00000000000000000000000000000000, prev_key1_new = 0x00000000000000000000000000000000, prev_key1_we = 0x0
rcon_reg = 0x04, rcon_new = 0x08,  rcon_set = 0x0,  rcon_next = 0x1, rcon_we = 0x1
w0 = 0xadaeae19, w1 = 0xbab8b80f, w2 = 0x525151e6, w3 = 0x454747f0
w4 = 0x090e2277, w5 = 0xb3b69a78, w6 = 0xe1e7cb9e, w7 = 0xa4a08c6e
sboxw = 0x4747f045, new_sboxw = 0xa0a08c6e, rconw = 0xa4a08c6e
tw = 0x4747f045, trw = 0xa0a08c6e
key_mem_new = 0x090e2277b3b69a78e1e7cb9ea4a08c6e, key_mem_we = 0x1

State of DUT
------------
Inputs and outputs:
key       = 0xffffffffffffffffffffffffffffffff00000000000000000000000000000000
keylen    = 0x0, init = 0x0, ready = 0x0
round     = 0x0a
round_key = 0xb4ef5bcb3e92e21123e951cf6f8f188e

Internal states:
key_mem_ctrl = 0x2, round_key_update = 0x1, round_ctr_reg = 0x4
prev_key0_reg = 0x090e2277b3b69a78e1e7cb9ea4a08c6e, prev_key0_new = 0xe16abd3e52dc2746b33becd8179b60b6, prev_key0_we = 0x1
prev_key1_reg = 0x00000000000000000000000000000000, prev_key1_new = 0x00000000000000000000000000000000, prev_key1_we = 0x0
rcon_reg = 0x08, rcon_new = 0x10,  rcon_set = 0x0,  rcon_next = 0x1, rcon_we = 0x1
w0 = 0x090e2277, w1 = 0xb3b69a78, w2 = 0xe1e7cb9e, w3 = 0xa4a08c6e
w4 = 0xe16abd3e, w5 = 0x52dc2746, w6 = 0xb33becd8, w7 = 0x179b60b6
sboxw = 0xa08c6ea4, new_sboxw = 0xe0649f49, rconw = 0xe8649f49
tw = 0xa08c6ea4, trw = 0xe0649f49
key_mem_new = 0xe16abd3e52dc2746b33becd8179b60b6, key_mem_we = 0x1

State of DUT
------------
Inputs and outputs:
key       = 0xffffffffffffffffffffffffffffffff00000000000000000000000000000000
keylen    = 0x0, init = 0x0, ready = 0x0
round     = 0x0a
round_key = 0xb4ef5bcb3e92e21123e951cf6f8f188e

Internal states:
key_mem_ctrl = 0x2, round_key_update = 0x1, round_ctr_reg = 0x5
prev_key0_reg = 0xe16abd3e52dc2746b33becd8179b60b6, prev_key0_new = 0xe5baf3ceb766d488045d385013c658e6, prev_key0_we = 0x1
prev_key1_reg = 0x00000000000000000000000000000000, prev_key1_new = 0x00000000000000000000000000000000, prev_key1_we = 0x0
rcon_reg = 0x10, rcon_new = 0x20,  rcon_set = 0x0,  rcon_next = 0x1, rcon_we = 0x1
w0 = 0xe16abd3e, w1 = 0x52dc2746, w2 = 0xb33becd8, w3 = 0x179b60b6
w4 = 0xe5baf3ce, w5 = 0xb766d488, w6 = 0x045d3850, w7 = 0x13c658e6
sboxw = 0x9b60b617, new_sboxw = 0x14d04ef0, rconw = 0x04d04ef0
tw = 0x9b60b617, trw = 0x14d04ef0
key_mem_new = 0xe5baf3ceb766d488045d385013c658e6, key_mem_we = 0x1

State of DUT
------------
Inputs and outputs:
key       = 0xffffffffffffffffffffffffffffffff00000000000000000000000000000000
keylen    = 0x0, init = 0x0, ready = 0x0
round     = 0x0a
round_key = 0xb4ef5bcb3e92e21123e951cf6f8f188e

Internal states:
key_mem_ctrl = 0x2, round_key_update = 0x1, round_ctr_reg = 0x6
prev_key0_reg = 0xe5baf3ceb766d488045d385013c658e6, prev_key0_new = 0x71d07db3c6b6a93bc2eb916bd12dc98d, prev_key0_we = 0x1
prev_key1_reg = 0x00000000000000000000000000000000, prev_key1_new = 0x00000000000000000000000000000000, prev_key1_we = 0x0
rcon_reg = 0x20, rcon_new = 0x40,  rcon_set = 0x0,  rcon_next = 0x1, rcon_we = 0x1
w0 = 0xe5baf3ce, w1 = 0xb766d488, w2 = 0x045d3850, w3 = 0x13c658e6
w4 = 0x71d07db3, w5 = 0xc6b6a93b, w6 = 0xc2eb916b, w7 = 0xd12dc98d
sboxw = 0xc658e613, new_sboxw = 0xb46a8e7d, rconw = 0x946a8e7d
tw = 0xc658e613, trw = 0xb46a8e7d
key_mem_new = 0x71d07db3c6b6a93bc2eb916bd12dc98d, key_mem_we = 0x1

State of DUT
------------
Inputs and outputs:
key       = 0xffffffffffffffffffffffffffffffff00000000000000000000000000000000
keylen    = 0x0, init = 0x0, ready = 0x0
round     = 0x0a
round_key = 0xb4ef5bcb3e92e21123e951cf6f8f188e

Internal states:
key_mem_ctrl = 0x2, round_key_update = 0x1, round_ctr_reg = 0x7
prev_key0_reg = 0x71d07db3c6b6a93bc2eb916bd12dc98d, prev_key0_new = 0xe90d208d2fbb89b6ed5018dd3c7dd150, prev_key0_we = 0x1
prev_key1_reg = 0x00000000000000000000000000000000, prev_key1_new = 0x00000000000000000000000000000000, prev_key1_we = 0x0
rcon_reg = 0x40, rcon_new = 0x80,  rcon_set = 0x0,  rcon_next = 0x1, rcon_we = 0x1
w0 = 0x71d07db3, w1 = 0xc6b6a93b, w2 = 0xc2eb916b, w3 = 0xd12dc98d
w4 = 0xe90d208d, w5 = 0x2fbb89b6, w6 = 0xed5018dd, w7 = 0x3c7dd150
sboxw = 0x2dc98dd1, new_sboxw = 0xd8dd5d3e, rconw = 0x98dd5d3e
tw = 0x2dc98dd1, trw = 0xd8dd5d3e
key_mem_new = 0xe90d208d2fbb89b6ed5018dd3c7dd150, key_mem_we = 0x1

State of DUT
------------
Inputs and outputs:
key       = 0xffffffffffffffffffffffffffffffff00000000000000000000000000000000
keylen    = 0x0, init = 0x0, ready = 0x0
round     = 0x0a
round_key = 0xb4ef5bcb3e92e21123e951cf6f8f188e

Internal states:
key_mem_ctrl = 0x2, round_key_update = 0x1, round_ctr_reg = 0x8
prev_key0_reg = 0xe90d208d2fbb89b6ed5018dd3c7dd150, prev_key0_new = 0x96337366b988fad054d8e20d68a5335d, prev_key0_we = 0x1
prev_key1_reg = 0x00000000000000000000000000000000, prev_key1_new = 0x00000000000000000000000000000000, prev_key1_we = 0x0
rcon_reg = 0x80, rcon_new = 0x1b,  rcon_set = 0x0,  rcon_next = 0x1, rcon_we = 0x1
w0 = 0xe90d208d, w1 = 0x2fbb89b6, w2 = 0xed5018dd, w3 = 0x3c7dd150
w4 = 0x96337366, w5 = 0xb988fad0, w6 = 0x54d8e20d, w7 = 0x68a5335d
sboxw = 0x7dd1503c, new_sboxw = 0xff3e53eb, rconw = 0x7f3e53eb
tw = 0x7dd1503c, trw = 0xff3e53eb
key_mem_new = 0x96337366b988fad054d8e20d68a5335d, key_mem_we = 0x1

State of DUT
------------
Inputs and outputs:
key       = 0xffffffffffffffffffffffffffffffff00000000000000000000000000000000
keylen    = 0x0, init = 0x0, ready = 0x0
round     = 0x0a
round_key = 0xb4ef5bcb3e92e21123e951cf6f8f188e

Internal states:
key_mem_ctrl = 0x2, round_key_update = 0x1, round_ctr_reg = 0x9
prev_key0_reg = 0x96337366b988fad054d8e20d68a5335d, prev_key0_new = 0x8bf03f233278c5f366a027fe0e0514a3, prev_key0_we = 0x1
prev_key1_reg = 0x00000000000000000000000000000000, prev_key1_new = 0x00000000000000000000000000000000, prev_key1_we = 0x0
rcon_reg = 0x1b, rcon_new = 0x36,  rcon_set = 0x0,  rcon_next = 0x1, rcon_we = 0x1
w0 = 0x96337366, w1 = 0xb988fad0, w2 = 0x54d8e20d, w3 = 0x68a5335d
w4 = 0x8bf03f23, w5 = 0x3278c5f3, w6 = 0x66a027fe, w7 = 0x0e0514a3
sboxw = 0xa5335d68, new_sboxw = 0x06c34c45, rconw = 0x1dc34c45
tw = 0xa5335d68, trw = 0x06c34c45
key_mem_new = 0x8bf03f233278c5f366a027fe0e0514a3, key_mem_we = 0x1

State of DUT
------------
Inputs and outputs:
key       = 0xffffffffffffffffffffffffffffffff00000000000000000000000000000000
keylen    = 0x0, init = 0x0, ready = 0x0
round     = 0x0a
round_key = 0xb4ef5bcb3e92e21123e951cf6f8f188e

Internal states:
key_mem_ctrl = 0x2, round_key_update = 0x1, round_ctr_reg = 0xa
prev_key0_reg = 0x8bf03f233278c5f366a027fe0e0514a3, prev_key0_new = 0xd60a3588e472f07b82d2d7858cd7c326, prev_key0_we = 0x1
prev_key1_reg = 0x00000000000000000000000000000000, prev_key1_new = 0x00000000000000000000000000000000, prev_key1_we = 0x0
rcon_reg = 0x36, rcon_new = 0x6c,  rcon_set = 0x0,  rcon_next = 0x1, rcon_we = 0x1
w0 = 0x8bf03f23, w1 = 0x3278c5f3, w2 = 0x66a027fe, w3 = 0x0e0514a3
w4 = 0xd60a3588, w5 = 0xe472f07b, w6 = 0x82d2d785, w7 = 0x8cd7c326
sboxw = 0x0514a30e, new_sboxw = 0x6bfa0aab, rconw = 0x5dfa0aab
tw = 0x0514a30e, trw = 0x6bfa0aab
key_mem_new = 0xd60a3588e472f07b82d2d7858cd7c326, key_mem_we = 0x1

State of DUT
------------
Inputs and outputs:
key       = 0xffffffffffffffffffffffffffffffff00000000000000000000000000000000
keylen    = 0x0, init = 0x0, ready = 0x1
round     = 0x00
round_key = 0xffffffffffffffffffffffffffffffff

Internal states:
key_mem_ctrl = 0x0, round_key_update = 0x0, round_ctr_reg = 0xa
prev_key0_reg = 0xd60a3588e472f07b82d2d7858cd7c326, prev_key0_new = 0xd60a3588e472f07b82d2d7858cd7c326, prev_key0_we = 0x0
prev_key1_reg = 0x00000000000000000000000000000000, prev_key1_new = 0x00000000000000000000000000000000, prev_key1_we = 0x0
rcon_reg = 0x6c, rcon_new = 0x6c,  rcon_set = 0x0,  rcon_next = 0x0, rcon_we = 0x0
w0 = 0xd60a3588, w1 = 0xe472f07b, w2 = 0x82d2d785, w3 = 0x8cd7c326
w4 = 0xb424c2ec, w5 = 0x50563297, w6 = 0xd284e512, w7 = 0x5e532634
sboxw = 0xd7c3268c, new_sboxw = 0x0e2ef764, rconw = 0x622ef764
tw = 0xd7c3268c, trw = 0x0e2ef764
key_mem_new = 0x00000000000000000000000000000000, key_mem_we = 0x0

** key 0x0 matched expected round key.
** Got:      0xffffffffffffffffffffffffffffffff **

State of DUT
------------
Inputs and outputs:
key       = 0xffffffffffffffffffffffffffffffff00000000000000000000000000000000
keylen    = 0x0, init = 0x0, ready = 0x1
round     = 0x01
round_key = 0xe8e9e9e917161616e8e9e9e917161616

Internal states:
key_mem_ctrl = 0x0, round_key_update = 0x0, round_ctr_reg = 0xa
prev_key0_reg = 0xd60a3588e472f07b82d2d7858cd7c326, prev_key0_new = 0xd60a3588e472f07b82d2d7858cd7c326, prev_key0_we = 0x0
prev_key1_reg = 0x00000000000000000000000000000000, prev_key1_new = 0x00000000000000000000000000000000, prev_key1_we = 0x0
rcon_reg = 0x6c, rcon_new = 0x6c,  rcon_set = 0x0,  rcon_next = 0x0, rcon_we = 0x0
w0 = 0xd60a3588, w1 = 0xe472f07b, w2 = 0x82d2d785, w3 = 0x8cd7c326
w4 = 0xb424c2ec, w5 = 0x50563297, w6 = 0xd284e512, w7 = 0x5e532634
sboxw = 0xd7c3268c, new_sboxw = 0x0e2ef764, rconw = 0x622ef764
tw = 0xd7c3268c, trw = 0x0e2ef764
key_mem_new = 0x00000000000000000000000000000000, key_mem_we = 0x0

** key 0x1 matched expected round key.
** Got:      0xe8e9e9e917161616e8e9e9e917161616 **

State of DUT
------------
Inputs and outputs:
key       = 0xffffffffffffffffffffffffffffffff00000000000000000000000000000000
keylen    = 0x0, init = 0x0, ready = 0x1
round     = 0x02
round_key = 0xadaeae19bab8b80f525151e6454747f0

Internal states:
key_mem_ctrl = 0x0, round_key_update = 0x0, round_ctr_reg = 0xa
prev_key0_reg = 0xd60a3588e472f07b82d2d7858cd7c326, prev_key0_new = 0xd60a3588e472f07b82d2d7858cd7c326, prev_key0_we = 0x0
prev_key1_reg = 0x00000000000000000000000000000000, prev_key1_new = 0x00000000000000000000000000000000, prev_key1_we = 0x0
rcon_reg = 0x6c, rcon_new = 0x6c,  rcon_set = 0x0,  rcon_next = 0x0, rcon_we = 0x0
w0 = 0xd60a3588, w1 = 0xe472f07b, w2 = 0x82d2d785, w3 = 0x8cd7c326
w4 = 0xb424c2ec, w5 = 0x50563297, w6 = 0xd284e512, w7 = 0x5e532634
sboxw = 0xd7c3268c, new_sboxw = 0x0e2ef764, rconw = 0x622ef764
tw = 0xd7c3268c, trw = 0x0e2ef764
key_mem_new = 0x00000000000000000000000000000000, key_mem_we = 0x0

** key 0x2 matched expected round key.
** Got:      0xadaeae19bab8b80f525151e6454747f0 **

State of DUT
------------
Inputs and outputs:
key       = 0xffffffffffffffffffffffffffffffff00000000000000000000000000000000
keylen    = 0x0, init = 0x0, ready = 0x1
round     = 0x03
round_key = 0x090e2277b3b69a78e1e7cb9ea4a08c6e

Internal states:
key_mem_ctrl = 0x0, round_key_update = 0x0, round_ctr_reg = 0xa
prev_key0_reg = 0xd60a3588e472f07b82d2d7858cd7c326, prev_key0_new = 0xd60a3588e472f07b82d2d7858cd7c326, prev_key0_we = 0x0
prev_key1_reg = 0x00000000000000000000000000000000, prev_key1_new = 0x00000000000000000000000000000000, prev_key1_we = 0x0
rcon_reg = 0x6c, rcon_new = 0x6c,  rcon_set = 0x0,  rcon_next = 0x0, rcon_we = 0x0
w0 = 0xd60a3588, w1 = 0xe472f07b, w2 = 0x82d2d785, w3 = 0x8cd7c326
w4 = 0xb424c2ec, w5 = 0x50563297, w6 = 0xd284e512, w7 = 0x5e532634
sboxw = 0xd7c3268c, new_sboxw = 0x0e2ef764, rconw = 0x622ef764
tw = 0xd7c3268c, trw = 0x0e2ef764
key_mem_new = 0x00000000000000000000000000000000, key_mem_we = 0x0

** key 0x3 matched expected round key.
** Got:      0x090e2277b3b69a78e1e7cb9ea4a08c6e **

State of DUT
------------
Inputs and outputs:
key       = 0xffffffffffffffffffffffffffffffff00000000000000000000000000000000
keylen    = 0x0, init = 0x0, ready = 0x1
round     = 0x04
round_key = 0xe16abd3e52dc2746b33becd8179b60b6

Internal states:
key_mem_ctrl = 0x0, round_key_update = 0x0, round_ctr_reg = 0xa
prev_key0_reg = 0xd60a3588e472f07b82d2d7858cd7c326, prev_key0_new = 0xd60a3588e472f07b82d2d7858cd7c326, prev_key0_we = 0x0
prev_key1_reg = 0x00000000000000000000000000000000, prev_key1_new = 0x00000000000000000000000000000000, prev_key1_we = 0x0
rcon_reg = 0x6c, rcon_new = 0x6c,  rcon_set = 0x0,  rcon_next = 0x0, rcon_we = 0x0
w0 = 0xd60a3588, w1 = 0xe472f07b, w2 = 0x82d2d785, w3 = 0x8cd7c326
w4 = 0xb424c2ec, w5 = 0x50563297, w6 = 0xd284e512, w7 = 0x5e532634
sboxw = 0xd7c3268c, new_sboxw = 0x0e2ef764, rconw = 0x622ef764
tw = 0xd7c3268c, trw = 0x0e2ef764
key_mem_new = 0x00000000000000000000000000000000, key_mem_we = 0x0

** key 0x4 matched expected round key.
** Got:      0xe16abd3e52dc2746b33becd8179b60b6 **

State of DUT
------------
Inputs and outputs:
key       = 0xffffffffffffffffffffffffffffffff00000000000000000000000000000000
keylen    = 0x0, init = 0x0, ready = 0x1
round     = 0x05
round_key = 0xe5baf3ceb766d488045d385013c658e6

Internal states:
key_mem_ctrl = 0x0, round_key_update = 0x0, round_ctr_reg = 0xa
prev_key0_reg = 0xd60a3588e472f07b82d2d7858cd7c326, prev_key0_new = 0xd60a3588e472f07b82d2d7858cd7c326, prev_key0_we = 0x0
prev_key1_reg = 0x00000000000000000000000000000000, prev_key1_new = 0x00000000000000000000000000000000, prev_key1_we = 0x0
rcon_reg = 0x6c, rcon_new = 0x6c,  rcon_set = 0x0,  rcon_next = 0x0, rcon_we = 0x0
w0 = 0xd60a3588, w1 = 0xe472f07b, w2 = 0x82d2d785, w3 = 0x8cd7c326
w4 = 0xb424c2ec, w5 = 0x50563297, w6 = 0xd284e512, w7 = 0x5e532634
sboxw = 0xd7c3268c, new_sboxw = 0x0e2ef764, rconw = 0x622ef764
tw = 0xd7c3268c, trw = 0x0e2ef764
key_mem_new = 0x00000000000000000000000000000000, key_mem_we = 0x0

** key 0x5 matched expected round key.
** Got:      0xe5baf3ceb766d488045d385013c658e6 **

State of DUT
------------
Inputs and outputs:
key       = 0xffffffffffffffffffffffffffffffff00000000000000000000000000000000
keylen    = 0x0, init = 0x0, ready = 0x1
round     = 0x06
round_key = 0x71d07db3c6b6a93bc2eb916bd12dc98d

Internal states:
key_mem_ctrl = 0x0, round_key_update = 0x0, round_ctr_reg = 0xa
prev_key0_reg = 0xd60a3588e472f07b82d2d7858cd7c326, prev_key0_new = 0xd60a3588e472f07b82d2d7858cd7c326, prev_key0_we = 0x0
prev_key1_reg = 0x00000000000000000000000000000000, prev_key1_new = 0x00000000000000000000000000000000, prev_key1_we = 0x0
rcon_reg = 0x6c, rcon_new = 0x6c,  rcon_set = 0x0,  rcon_next = 0x0, rcon_we = 0x0
w0 = 0xd60a3588, w1 = 0xe472f07b, w2 = 0x82d2d785, w3 = 0x8cd7c326
w4 = 0xb424c2ec, w5 = 0x50563297, w6 = 0xd284e512, w7 = 0x5e532634
sboxw = 0xd7c3268c, new_sboxw = 0x0e2ef764, rconw = 0x622ef764
tw = 0xd7c3268c, trw = 0x0e2ef764
key_mem_new = 0x00000000000000000000000000000000, key_mem_we = 0x0

** key 0x6 matched expected round key.
** Got:      0x71d07db3c6b6a93bc2eb916bd12dc98d **

State of DUT
------------
Inputs and outputs:
key       = 0xffffffffffffffffffffffffffffffff00000000000000000000000000000000
keylen    = 0x0, init = 0x0, ready = 0x1
round     = 0x07
round_key = 0xe90d208d2fbb89b6ed5018dd3c7dd150

Internal states:
key_mem_ctrl = 0x0, round_key_update = 0x0, round_ctr_reg = 0xa
prev_key0_reg = 0xd60a3588e472f07b82d2d7858cd7c326, prev_key0_new = 0xd60a3588e472f07b82d2d7858cd7c326, prev_key0_we = 0x0
prev_key1_reg = 0x00000000000000000000000000000000, prev_key1_new = 0x00000000000000000000000000000000, prev_key1_we = 0x0
rcon_reg = 0x6c, rcon_new = 0x6c,  rcon_set = 0x0,  rcon_next = 0x0, rcon_we = 0x0
w0 = 0xd60a3588, w1 = 0xe472f07b, w2 = 0x82d2d785, w3 = 0x8cd7c326
w4 = 0xb424c2ec, w5 = 0x50563297, w6 = 0xd284e512, w7 = 0x5e532634
sboxw = 0xd7c3268c, new_sboxw = 0x0e2ef764, rconw = 0x622ef764
tw = 0xd7c3268c, trw = 0x0e2ef764
key_mem_new = 0x00000000000000000000000000000000, key_mem_we = 0x0

** key 0x7 matched expected round key.
** Got:      0xe90d208d2fbb89b6ed5018dd3c7dd150 **

State of DUT
------------
Inputs and outputs:
key       = 0xffffffffffffffffffffffffffffffff00000000000000000000000000000000
keylen    = 0x0, init = 0x0, ready = 0x1
round     = 0x08
round_key = 0x96337366b988fad054d8e20d68a5335d

Internal states:
key_mem_ctrl = 0x0, round_key_update = 0x0, round_ctr_reg = 0xa
prev_key0_reg = 0xd60a3588e472f07b82d2d7858cd7c326, prev_key0_new = 0xd60a3588e472f07b82d2d7858cd7c326, prev_key0_we = 0x0
prev_key1_reg = 0x00000000000000000000000000000000, prev_key1_new = 0x00000000000000000000000000000000, prev_key1_we = 0x0
rcon_reg = 0x6c, rcon_new = 0x6c,  rcon_set = 0x0,  rcon_next = 0x0, rcon_we = 0x0
w0 = 0xd60a3588, w1 = 0xe472f07b, w2 = 0x82d2d785, w3 = 0x8cd7c326
w4 = 0xb424c2ec, w5 = 0x50563297, w6 = 0xd284e512, w7 = 0x5e532634
sboxw = 0xd7c3268c, new_sboxw = 0x0e2ef764, rconw = 0x622ef764
tw = 0xd7c3268c, trw = 0x0e2ef764
key_mem_new = 0x00000000000000000000000000000000, key_mem_we = 0x0

** key 0x8 matched expected round key.
** Got:      0x96337366b988fad054d8e20d68a5335d **

State of DUT
------------
Inputs and outputs:
key       = 0xffffffffffffffffffffffffffffffff00000000000000000000000000000000
keylen    = 0x0, init = 0x0, ready = 0x1
round     = 0x09
round_key = 0x8bf03f233278c5f366a027fe0e0514a3

Internal states:
key_mem_ctrl = 0x0, round_key_update = 0x0, round_ctr_reg = 0xa
prev_key0_reg = 0xd60a3588e472f07b82d2d7858cd7c326, prev_key0_new = 0xd60a3588e472f07b82d2d7858cd7c326, prev_key0_we = 0x0
prev_key1_reg = 0x00000000000000000000000000000000, prev_key1_new = 0x00000000000000000000000000000000, prev_key1_we = 0x0
rcon_reg = 0x6c, rcon_new = 0x6c,  rcon_set = 0x0,  rcon_next = 0x0, rcon_we = 0x0
w0 = 0xd60a3588, w1 = 0xe472f07b, w2 = 0x82d2d785, w3 = 0x8cd7c326
w4 = 0xb424c2ec, w5 = 0x50563297, w6 = 0xd284e512, w7 = 0x5e532634
sboxw = 0xd7c3268c, new_sboxw = 0x0e2ef764, rconw = 0x622ef764
tw = 0xd7c3268c, trw = 0x0e2ef764
key_mem_new = 0x00000000000000000000000000000000, key_mem_we = 0x0

** key 0x9 matched expected round key.
** Got:      0x8bf03f233278c5f366a027fe0e0514a3 **

State of DUT
------------
Inputs and outputs:
key       = 0xffffffffffffffffffffffffffffffff00000000000000000000000000000000
keylen    = 0x0, init = 0x0, ready = 0x1
round     = 0x0a
round_key = 0xd60a3588e472f07b82d2d7858cd7c326

Internal states:
key_mem_ctrl = 0x0, round_key_update = 0x0, round_ctr_reg = 0xa
prev_key0_reg = 0xd60a3588e472f07b82d2d7858cd7c326, prev_key0_new = 0xd60a3588e472f07b82d2d7858cd7c326, prev_key0_we = 0x0
prev_key1_reg = 0x00000000000000000000000000000000, prev_key1_new = 0x00000000000000000000000000000000, prev_key1_we = 0x0
rcon_reg = 0x6c, rcon_new = 0x6c,  rcon_set = 0x0,  rcon_next = 0x0, rcon_we = 0x0
w0 = 0xd60a3588, w1 = 0xe472f07b, w2 = 0x82d2d785, w3 = 0x8cd7c326
w4 = 0xb424c2ec, w5 = 0x50563297, w6 = 0xd284e512, w7 = 0x5e532634
sboxw = 0xd7c3268c, new_sboxw = 0x0e2ef764, rconw = 0x622ef764
tw = 0xd7c3268c, trw = 0x0e2ef764
key_mem_new = 0x00000000000000000000000000000000, key_mem_we = 0x0

** key 0xa matched expected round key.
** Got:      0xd60a3588e472f07b82d2d7858cd7c326 **

** Testing with 128-bit key 0x000102030405060708090a0b0c0d0e0f

State of DUT
------------
Inputs and outputs:
key       = 0x000102030405060708090a0b0c0d0e0f00000000000000000000000000000000
keylen    = 0x0, init = 0x1, ready = 0x1
round     = 0x0a
round_key = 0xd60a3588e472f07b82d2d7858cd7c326

Internal states:
key_mem_ctrl = 0x0, round_key_update = 0x0, round_ctr_reg = 0xa
prev_key0_reg = 0xd60a3588e472f07b82d2d7858cd7c326, prev_key0_new = 0xd60a3588e472f07b82d2d7858cd7c326, prev_key0_we = 0x0
prev_key1_reg = 0x00000000000000000000000000000000, prev_key1_new = 0x00000000000000000000000000000000, prev_key1_we = 0x0
rcon_reg = 0x6c, rcon_new = 0x6c,  rcon_set = 0x0,  rcon_next = 0x0, rcon_we = 0x0
w0 = 0xd60a3588, w1 = 0xe472f07b, w2 = 0x82d2d785, w3 = 0x8cd7c326
w4 = 0xb424c2ec, w5 = 0x50563297, w6 = 0xd284e512, w7 = 0x5e532634
sboxw = 0xd7c3268c, new_sboxw = 0x0e2ef764, rconw = 0x622ef764
tw = 0xd7c3268c, trw = 0x0e2ef764
key_mem_new = 0x00000000000000000000000000000000, key_mem_we = 0x0

State of DUT
------------
Inputs and outputs:
key       = 0x000102030405060708090a0b0c0d0e0f00000000000000000000000000000000
keylen    = 0x0, init = 0x1, ready = 0x0
round     = 0x0a
round_key = 0xd60a3588e472f07b82d2d7858cd7c326

Internal states:
key_mem_ctrl = 0x1, round_key_update = 0x1, round_ctr_reg = 0x0
prev_key0_reg = 0xd60a3588e472f07b82d2d7858cd7c326, prev_key0_new = 0x000102030405060708090a0b0c0d0e0f, prev_key0_we = 0x1
prev_key1_reg = 0x00000000000000000000000000000000, prev_key1_new = 0x00000000000000000000000000000000, prev_key1_we = 0x1
rcon_reg = 0x6c, rcon_new = 0x01,  rcon_set = 0x1,  rcon_next = 0x0, rcon_we = 0x1
w0 = 0xd60a3588, w1 = 0xe472f07b, w2 = 0x82d2d785, w3 = 0x8cd7c326
w4 = 0xb424c2ec, w5 = 0x50563297, w6 = 0xd284e512, w7 = 0x5e532634
sboxw = 0xd7c3268c, new_sboxw = 0x0e2ef764, rconw = 0x622ef764
tw = 0xd7c3268c, trw = 0x0e2ef764
key_mem_new = 0x000102030405060708090a0b0c0d0e0f, key_mem_we = 0x1

State of DUT
------------
Inputs and outputs:
key       = 0x000102030405060708090a0b0c0d0e0f00000000000000000000000000000000
keylen    = 0x0, init = 0x0, ready = 0x0
round     = 0x0a
round_key = 0xd60a3588e472f07b82d2d7858cd7c326

Internal states:
key_mem_ctrl = 0x2, round_key_update = 0x1, round_ctr_reg = 0x1
prev_key0_reg = 0x000102030405060708090a0b0c0d0e0f, prev_key0_new = 0xd6aa74fdd2af72fadaa678f1d6ab76fe, prev_key0_we = 0x1
prev_key1_reg = 0x00000000000000000000000000000000, prev_key1_new = 0x00000000000000000000000000000000, prev_key1_we = 0x0
rcon_reg = 0x01, rcon_new = 0x02,  rcon_set = 0x0,  rcon_next = 0x1, rcon_we = 0x1
w0 = 0x00010203, w1 = 0x04050607, w2 = 0x08090a0b, w3 = 0x0c0d0e0f
w4 = 0xd6aa74fd, w5 = 0xd2af72fa, w6 = 0xdaa678f1, w7 = 0xd6ab76fe
sboxw = 0x0d0e0f0c, new_sboxw = 0xd7ab76fe, rconw = 0xd6ab76fe
tw = 0x0d0e0f0c, trw = 0xd7ab76fe
key_mem_new = 0xd6aa74fdd2af72fadaa678f1d6ab76fe, key_mem_we = 0x1

State of DUT
------------
Inputs and outputs:
key       = 0x000102030405060708090a0b0c0d0e0f00000000000000000000000000000000
keylen    = 0x0, init = 0x0, ready = 0x0
round     = 0x0a
round_key = 0xd60a3588e472f07b82d2d7858cd7c326

Internal states:
key_mem_ctrl = 0x2, round_key_update = 0x1, round_ctr_reg = 0x2
prev_key0_reg = 0xd6aa74fdd2af72fadaa678f1d6ab76fe, prev_key0_new = 0xb692cf0b643dbdf1be9bc5006830b3fe, prev_key0_we = 0x1
prev_key1_reg = 0x00000000000000000000000000000000, prev_key1_new = 0x00000000000000000000000000000000, prev_key1_we = 0x0
rcon_reg = 0x02, rcon_new = 0x04,  rcon_set = 0x0,  rcon_next = 0x1, rcon_we = 0x1
w0 = 0xd6aa74fd, w1 = 0xd2af72fa, w2 = 0xdaa678f1, w3 = 0xd6ab76fe
w4 = 0xb692cf0b, w5 = 0x643dbdf1, w6 = 0xbe9bc500, w7 = 0x6830b3fe
sboxw = 0xab76fed6, new_sboxw = 0x6238bbf6, rconw = 0x6038bbf6
tw = 0xab76fed6, trw = 0x6238bbf6
key_mem_new = 0xb692cf0b643dbdf1be9bc5006830b3fe, key_mem_we = 0x1

State of DUT
------------
Inputs and outputs:
key       = 0x000102030405060708090a0b0c0d0e0f00000000000000000000000000000000
keylen    = 0x0, init = 0x0, ready = 0x0
round     = 0x0a
round_key = 0xd60a3588e472f07b82d2d7858cd7c326

Internal states:
key_mem_ctrl = 0x2, round_key_update = 0x1, round_ctr_reg = 0x3
prev_key0_reg = 0xb692cf0b643dbdf1be9bc5006830b3fe, prev_key0_new = 0xb6ff744ed2c2c9bf6c590cbf0469bf41, prev_key0_we = 0x1
prev_key1_reg = 0x00000000000000000000000000000000, prev_key1_new = 0x00000000000000000000000000000000, prev_key1_we = 0x0
rcon_reg = 0x04, rcon_new = 0x08,  rcon_set = 0x0,  rcon_next = 0x1, rcon_we = 0x1
w0 = 0xb692cf0b, w1 = 0x643dbdf1, w2 = 0xbe9bc500, w3 = 0x6830b3fe
w4 = 0xb6ff744e, w5 = 0xd2c2c9bf, w6 = 0x6c590cbf, w7 = 0x0469bf41
sboxw = 0x30b3fe68, new_sboxw = 0x046dbb45, rconw = 0x006dbb45
tw = 0x30b3fe68, trw = 0x046dbb45
key_mem_new = 0xb6ff744ed2c2c9bf6c590cbf0469bf41, key_mem_we = 0x1

State of DUT
------------
Inputs and outputs:
key       = 0x000102030405060708090a0b0c0d0e0f00000000000000000000000000000000
keylen    = 0x0, init = 0x0, ready = 0x0
round     = 0x0a
round_key = 0xd60a3588e472f07b82d2d7858cd7c326

Internal states:
key_mem_ctrl = 0x2, round_key_update = 0x1, round_ctr_reg = 0x4
prev_key0_reg = 0xb6ff744ed2c2c9bf6c590cbf0469bf41, prev_key0_new = 0x47f7f7bc95353e03f96c32bcfd058dfd, prev_key0_we = 0x1
prev_key1_reg = 0x00000000000000000000000000000000, prev_key1_new = 0x00000000000000000000000000000000, prev_key1_we = 0x0
rcon_reg = 0x08, rcon_new = 0x10,  rcon_set = 0x0,  rcon_next = 0x1, rcon_we = 0x1
w0 = 0xb6ff744e, w1 = 0xd2c2c9bf, w2 = 0x6c590cbf, w3 = 0x0469bf41
w4 = 0x47f7f7bc, w5 = 0x95353e03, w6 = 0xf96c32bc, w7 = 0xfd058dfd
sboxw = 0x69bf4104, new_sboxw = 0xf90883f2, rconw = 0xf10883f2
tw = 0x69bf4104, trw = 0xf90883f2
key_mem_new = 0x47f7f7bc95353e03f96c32bcfd058dfd, key_mem_we = 0x1

State of DUT
------------
Inputs and outputs:
key       = 0x000102030405060708090a0b0c0d0e0f00000000000000000000000000000000
keylen    = 0x0, init = 0x0, ready = 0x0
round     = 0x0a
round_key = 0xd60a3588e472f07b82d2d7858cd7c326

Internal states:
key_mem_ctrl = 0x2, round_key_update = 0x1, round_ctr_reg = 0x5
prev_key0_reg = 0x47f7f7bc95353e03f96c32bcfd058dfd, prev_key0_new = 0x3caaa3e8a99f9deb50f3af57adf622aa, prev_key0_we = 0x1
prev_key1_reg = 0x00000000000000000000000000000000, prev_key1_new = 0x00000000000000000000000000000000, prev_key1_we = 0x0
rcon_reg = 0x10, rcon_new = 0x20,  rcon_set = 0x0,  rcon_next = 0x1, rcon_we = 0x1
w0 = 0x47f7f7bc, w1 = 0x95353e03, w2 = 0xf96c32bc, w3 = 0xfd058dfd
w4 = 0x3caaa3e8, w5 = 0xa99f9deb, w6 = 0x50f3af57, w7 = 0xadf622aa
sboxw = 0x058dfdfd, new_sboxw = 0x6b5d5454, rconw = 0x7b5d5454
tw = 0x058dfdfd, trw = 0x6b5d5454
key_mem_new = 0x3caaa3e8a99f9deb50f3af57adf622aa, key_mem_we = 0x1

State of DUT
------------
Inputs and outputs:
key       = 0x000102030405060708090a0b0c0d0e0f00000000000000000000000000000000
keylen    = 0x0, init = 0x0, ready = 0x0
round     = 0x0a
round_key = 0xd60a3588e472f07b82d2d7858cd7c326

Internal states:
key_mem_ctrl = 0x2, round_key_update = 0x1, round_ctr_reg = 0x6
prev_key0_reg = 0x3caaa3e8a99f9deb50f3af57adf622aa, prev_key0_new = 0x5e390f7df7a69296a7553dc10aa31f6b, prev_key0_we = 0x1
prev_key1_reg = 0x00000000000000000000000000000000, prev_key1_new = 0x00000000000000000000000000000000, prev_key1_we = 0x0
rcon_reg = 0x20, rcon_new = 0x40,  rcon_set = 0x0,  rcon_next = 0x1, rcon_we = 0x1
w0 = 0x3caaa3e8, w1 = 0xa99f9deb, w2 = 0x50f3af57, w3 = 0xadf622aa
w4 = 0x5e390f7d, w5 = 0xf7a69296, w6 = 0xa7553dc1, w7 = 0x0aa31f6b
sboxw = 0xf622aaad, new_sboxw = 0x4293ac95, rconw = 0x6293ac95
tw = 0xf622aaad, trw = 0x4293ac95
key_mem_new = 0x5e390f7df7a69296a7553dc10aa31f6b, key_mem_we = 0x1

State of DUT
------------
Inputs and outputs:
key       = 0x000102030405060708090a0b0c0d0e0f00000000000000000000000000000000
keylen    = 0x0, init = 0x0, ready = 0x0
round     = 0x0a
round_key = 0xd60a3588e472f07b82d2d7858cd7c326

Internal states:
key_mem_ctrl = 0x2, round_key_update = 0x1, round_ctr_reg = 0x7
prev_key0_reg = 0x5e390f7df7a69296a7553dc10aa31f6b, prev_key0_new = 0x14f9701ae35fe28c440adf4d4ea9c026, prev_key0_we = 0x1
prev_key1_reg = 0x00000000000000000000000000000000, prev_key1_new = 0x00000000000000000000000000000000, prev_key1_we = 0x0
rcon_reg = 0x40, rcon_new = 0x80,  rcon_set = 0x0,  rcon_next = 0x1, rcon_we = 0x1
w0 = 0x5e390f7d, w1 = 0xf7a69296, w2 = 0xa7553dc1, w3 = 0x0aa31f6b
w4 = 0x14f9701a, w5 = 0xe35fe28c, w6 = 0x440adf4d, w7 = 0x4ea9c026
sboxw = 0xa31f6b0a, new_sboxw = 0x0ac07f67, rconw = 0x4ac07f67
tw = 0xa31f6b0a, trw = 0x0ac07f67
key_mem_new = 0x14f9701ae35fe28c440adf4d4ea9c026, key_mem_we = 0x1

State of DUT
------------
Inputs and outputs:
key       = 0x000102030405060708090a0b0c0d0e0f00000000000000000000000000000000
keylen    = 0x0, init = 0x0, ready = 0x0
round     = 0x0a
round_key = 0xd60a3588e472f07b82d2d7858cd7c326

Internal states:
key_mem_ctrl = 0x2, round_key_update = 0x1, round_ctr_reg = 0x8
prev_key0_reg = 0x14f9701ae35fe28c440adf4d4ea9c026, prev_key0_new = 0x47438735a41c65b9e016baf4aebf7ad2, prev_key0_we = 0x1
prev_key1_reg = 0x00000000000000000000000000000000, prev_key1_new = 0x00000000000000000000000000000000, prev_key1_we = 0x0
rcon_reg = 0x80, rcon_new = 0x1b,  rcon_set = 0x0,  rcon_next = 0x1, rcon_we = 0x1
w0 = 0x14f9701a, w1 = 0xe35fe28c, w2 = 0x440adf4d, w3 = 0x4ea9c026
w4 = 0x47438735, w5 = 0xa41c65b9, w6 = 0xe016baf4, w7 = 0xaebf7ad2
sboxw = 0xa9c0264e, new_sboxw = 0xd3baf72f, rconw = 0x53baf72f
tw = 0xa9c0264e, trw = 0xd3baf72f
key_mem_new = 0x47438735a41c65b9e016baf4aebf7ad2, key_mem_we = 0x1

State of DUT
------------
Inputs and outputs:
key       = 0x000102030405060708090a0b0c0d0e0f00000000000000000000000000000000
keylen    = 0x0, init = 0x0, ready = 0x0
round     = 0x0a
round_key = 0xd60a3588e472f07b82d2d7858cd7c326

Internal states:
key_mem_ctrl = 0x2, round_key_update = 0x1, round_ctr_reg = 0x9
prev_key0_reg = 0x47438735a41c65b9e016baf4aebf7ad2, prev_key0_new = 0x549932d1f08557681093ed9cbe2c974e, prev_key0_we = 0x1
prev_key1_reg = 0x00000000000000000000000000000000, prev_key1_new = 0x00000000000000000000000000000000, prev_key1_we = 0x0
rcon_reg = 0x1b, rcon_new = 0x36,  rcon_set = 0x0,  rcon_next = 0x1, rcon_we = 0x1
w0 = 0x47438735, w1 = 0xa41c65b9, w2 = 0xe016baf4, w3 = 0xaebf7ad2
w4 = 0x549932d1, w5 = 0xf0855768, w6 = 0x1093ed9c, w7 = 0xbe2c974e
sboxw = 0xbf7ad2ae, new_sboxw = 0x08dab5e4, rconw = 0x13dab5e4
tw = 0xbf7ad2ae, trw = 0x08dab5e4
key_mem_new = 0x549932d1f08557681093ed9cbe2c974e, key_mem_we = 0x1

State of DUT
------------
Inputs and outputs:
key       = 0x000102030405060708090a0b0c0d0e0f00000000000000000000000000000000
keylen    = 0x0, init = 0x0, ready = 0x0
round     = 0x0a
round_key = 0xd60a3588e472f07b82d2d7858cd7c326

Internal states:
key_mem_ctrl = 0x2, round_key_update = 0x1, round_ctr_reg = 0xa
prev_key0_reg = 0x549932d1f08557681093ed9cbe2c974e, prev_key0_new = 0x13111d7fe3944a17f307a78b4d2b30c5, prev_key0_we = 0x1
prev_key1_reg = 0x00000000000000000000000000000000, prev_key1_new = 0x00000000000000000000000000000000, prev_key1_we = 0x0
rcon_reg = 0x36, rcon_new = 0x6c,  rcon_set = 0x0,  rcon_next = 0x1, rcon_we = 0x1
w0 = 0x549932d1, w1 = 0xf0855768, w2 = 0x1093ed9c, w3 = 0xbe2c974e
w4 = 0x13111d7f, w5 = 0xe3944a17, w6 = 0xf307a78b, w7 = 0x4d2b30c5
sboxw = 0x2c974ebe, new_sboxw = 0x71882fae, rconw = 0x47882fae
tw = 0x2c974ebe, trw = 0x71882fae
key_mem_new = 0x13111d7fe3944a17f307a78b4d2b30c5, key_mem_we = 0x1

State of DUT
------------
Inputs and outputs:
key       = 0x000102030405060708090a0b0c0d0e0f00000000000000000000000000000000
keylen    = 0x0, init = 0x0, ready = 0x1
round     = 0x00
round_key = 0x000102030405060708090a0b0c0d0e0f

Internal states:
key_mem_ctrl = 0x0, round_key_update = 0x0, round_ctr_reg = 0xa
prev_key0_reg = 0x13111d7fe3944a17f307a78b4d2b30c5, prev_key0_new = 0x13111d7fe3944a17f307a78b4d2b30c5, prev_key0_we = 0x0
prev_key1_reg = 0x00000000000000000000000000000000, prev_key1_new = 0x00000000000000000000000000000000, prev_key1_we = 0x0
rcon_reg = 0x6c, rcon_new = 0x6c,  rcon_set = 0x0,  rcon_next = 0x0, rcon_we = 0x0
w0 = 0x13111d7f, w1 = 0xe3944a17, w2 = 0xf307a78b, w3 = 0x4d2b30c5
w4 = 0x8e15bb9c, w5 = 0x6d81f18b, w6 = 0x9e865600, w7 = 0xd3ad66c5
sboxw = 0x2b30c54d, new_sboxw = 0xf104a6e3, rconw = 0x9d04a6e3
tw = 0x2b30c54d, trw = 0xf104a6e3
key_mem_new = 0x00000000000000000000000000000000, key_mem_we = 0x0

** key 0x0 matched expected round key.
** Got:      0x000102030405060708090a0b0c0d0e0f **

State of DUT
------------
Inputs and outputs:
key       = 0x000102030405060708090a0b0c0d0e0f00000000000000000000000000000000
keylen    = 0x0, init = 0x0, ready = 0x1
round     = 0x01
round_key = 0xd6aa74fdd2af72fadaa678f1d6ab76fe

Internal states:
key_mem_ctrl = 0x0, round_key_update = 0x0, round_ctr_reg = 0xa
prev_key0_reg = 0x13111d7fe3944a17f307a78b4d2b30c5, prev_key0_new = 0x13111d7fe3944a17f307a78b4d2b30c5, prev_key0_we = 0x0
prev_key1_reg = 0x00000000000000000000000000000000, prev_key1_new = 0x00000000000000000000000000000000, prev_key1_we = 0x0
rcon_reg = 0x6c, rcon_new = 0x6c,  rcon_set = 0x0,  rcon_next = 0x0, rcon_we = 0x0
w0 = 0x13111d7f, w1 = 0xe3944a17, w2 = 0xf307a78b, w3 = 0x4d2b30c5
w4 = 0x8e15bb9c, w5 = 0x6d81f18b, w6 = 0x9e865600, w7 = 0xd3ad66c5
sboxw = 0x2b30c54d, new_sboxw = 0xf104a6e3, rconw = 0x9d04a6e3
tw = 0x2b30c54d, trw = 0xf104a6e3
key_mem_new = 0x00000000000000000000000000000000, key_mem_we = 0x0

** key 0x1 matched expected round key.
** Got:      0xd6aa74fdd2af72fadaa678f1d6ab76fe **

State of DUT
------------
Inputs and outputs:
key       = 0x000102030405060708090a0b0c0d0e0f00000000000000000000000000000000
keylen    = 0x0, init = 0x0, ready = 0x1
round     = 0x02
round_key = 0xb692cf0b643dbdf1be9bc5006830b3fe

Internal states:
key_mem_ctrl = 0x0, round_key_update = 0x0, round_ctr_reg = 0xa
prev_key0_reg = 0x13111d7fe3944a17f307a78b4d2b30c5, prev_key0_new = 0x13111d7fe3944a17f307a78b4d2b30c5, prev_key0_we = 0x0
prev_key1_reg = 0x00000000000000000000000000000000, prev_key1_new = 0x00000000000000000000000000000000, prev_key1_we = 0x0
rcon_reg = 0x6c, rcon_new = 0x6c,  rcon_set = 0x0,  rcon_next = 0x0, rcon_we = 0x0
w0 = 0x13111d7f, w1 = 0xe3944a17, w2 = 0xf307a78b, w3 = 0x4d2b30c5
w4 = 0x8e15bb9c, w5 = 0x6d81f18b, w6 = 0x9e865600, w7 = 0xd3ad66c5
sboxw = 0x2b30c54d, new_sboxw = 0xf104a6e3, rconw = 0x9d04a6e3
tw = 0x2b30c54d, trw = 0xf104a6e3
key_mem_new = 0x00000000000000000000000000000000, key_mem_we = 0x0

** key 0x2 matched expected round key.
** Got:      0xb692cf0b643dbdf1be9bc5006830b3fe **

State of DUT
------------
Inputs and outputs:
key       = 0x000102030405060708090a0b0c0d0e0f00000000000000000000000000000000
keylen    = 0x0, init = 0x0, ready = 0x1
round     = 0x03
round_key = 0xb6ff744ed2c2c9bf6c590cbf0469bf41

Internal states:
key_mem_ctrl = 0x0, round_key_update = 0x0, round_ctr_reg = 0xa
prev_key0_reg = 0x13111d7fe3944a17f307a78b4d2b30c5, prev_key0_new = 0x13111d7fe3944a17f307a78b4d2b30c5, prev_key0_we = 0x0
prev_key1_reg = 0x00000000000000000000000000000000, prev_key1_new = 0x00000000000000000000000000000000, prev_key1_we = 0x0
rcon_reg = 0x6c, rcon_new = 0x6c,  rcon_set = 0x0,  rcon_next = 0x0, rcon_we = 0x0
w0 = 0x13111d7f, w1 = 0xe3944a17, w2 = 0xf307a78b, w3 = 0x4d2b30c5
w4 = 0x8e15bb9c, w5 = 0x6d81f18b, w6 = 0x9e865600, w7 = 0xd3ad66c5
sboxw = 0x2b30c54d, new_sboxw = 0xf104a6e3, rconw = 0x9d04a6e3
tw = 0x2b30c54d, trw = 0xf104a6e3
key_mem_new = 0x00000000000000000000000000000000, key_mem_we = 0x0

** key 0x3 matched expected round key.
** Got:      0xb6ff744ed2c2c9bf6c590cbf0469bf41 **

State of DUT
------------
Inputs and outputs:
key       = 0x000102030405060708090a0b0c0d0e0f00000000000000000000000000000000
keylen    = 0x0, init = 0x0, ready = 0x1
round     = 0x04
round_key = 0x47f7f7bc95353e03f96c32bcfd058dfd

Internal states:
key_mem_ctrl = 0x0, round_key_update = 0x0, round_ctr_reg = 0xa
prev_key0_reg = 0x13111d7fe3944a17f307a78b4d2b30c5, prev_key0_new = 0x13111d7fe3944a17f307a78b4d2b30c5, prev_key0_we = 0x0
prev_key1_reg = 0x00000000000000000000000000000000, prev_key1_new = 0x00000000000000000000000000000000, prev_key1_we = 0x0
rcon_reg = 0x6c, rcon_new = 0x6c,  rcon_set = 0x0,  rcon_next = 0x0, rcon_we = 0x0
w0 = 0x13111d7f, w1 = 0xe3944a17, w2 = 0xf307a78b, w3 = 0x4d2b30c5
w4 = 0x8e15bb9c, w5 = 0x6d81f18b, w6 = 0x9e865600, w7 = 0xd3ad66c5
sboxw = 0x2b30c54d, new_sboxw = 0xf104a6e3, rconw = 0x9d04a6e3
tw = 0x2b30c54d, trw = 0xf104a6e3
key_mem_new = 0x00000000000000000000000000000000, key_mem_we = 0x0

** key 0x4 matched expected round key.
** Got:      0x47f7f7bc95353e03f96c32bcfd058dfd **

State of DUT
------------
Inputs and outputs:
key       = 0x000102030405060708090a0b0c0d0e0f00000000000000000000000000000000
keylen    = 0x0, init = 0x0, ready = 0x1
round     = 0x05
round_key = 0x3caaa3e8a99f9deb50f3af57adf622aa

Internal states:
key_mem_ctrl = 0x0, round_key_update = 0x0, round_ctr_reg = 0xa
prev_key0_reg = 0x13111d7fe3944a17f307a78b4d2b30c5, prev_key0_new = 0x13111d7fe3944a17f307a78b4d2b30c5, prev_key0_we = 0x0
prev_key1_reg = 0x00000000000000000000000000000000, prev_key1_new = 0x00000000000000000000000000000000, prev_key1_we = 0x0
rcon_reg = 0x6c, rcon_new = 0x6c,  rcon_set = 0x0,  rcon_next = 0x0, rcon_we = 0x0
w0 = 0x13111d7f, w1 = 0xe3944a17, w2 = 0xf307a78b, w3 = 0x4d2b30c5
w4 = 0x8e15bb9c, w5 = 0x6d81f18b, w6 = 0x9e865600, w7 = 0xd3ad66c5
sboxw = 0x2b30c54d, new_sboxw = 0xf104a6e3, rconw = 0x9d04a6e3
tw = 0x2b30c54d, trw = 0xf104a6e3
key_mem_new = 0x00000000000000000000000000000000, key_mem_we = 0x0

** key 0x5 matched expected round key.
** Got:      0x3caaa3e8a99f9deb50f3af57adf622aa **

State of DUT
------------
Inputs and outputs:
key       = 0x000102030405060708090a0b0c0d0e0f00000000000000000000000000000000
keylen    = 0x0, init = 0x0, ready = 0x1
round     = 0x06
round_key = 0x5e390f7df7a69296a7553dc10aa31f6b

Internal states:
key_mem_ctrl = 0x0, round_key_update = 0x0, round_ctr_reg = 0xa
prev_key0_reg = 0x13111d7fe3944a17f307a78b4d2b30c5, prev_key0_new = 0x13111d7fe3944a17f307a78b4d2b30c5, prev_key0_we = 0x0
prev_key1_reg = 0x00000000000000000000000000000000, prev_key1_new = 0x00000000000000000000000000000000, prev_key1_we = 0x0
rcon_reg = 0x6c, rcon_new = 0x6c,  rcon_set = 0x0,  rcon_next = 0x0, rcon_we = 0x0
w0 = 0x13111d7f, w1 = 0xe3944a17, w2 = 0xf307a78b, w3 = 0x4d2b30c5
w4 = 0x8e15bb9c, w5 = 0x6d81f18b, w6 = 0x9e865600, w7 = 0xd3ad66c5
sboxw = 0x2b30c54d, new_sboxw = 0xf104a6e3, rconw = 0x9d04a6e3
tw = 0x2b30c54d, trw = 0xf104a6e3
key_mem_new = 0x00000000000000000000000000000000, key_mem_we = 0x0

** key 0x6 matched expected round key.
** Got:      0x5e390f7df7a69296a7553dc10aa31f6b **

State of DUT
------------
Inputs and outputs:
key       = 0x000102030405060708090a0b0c0d0e0f00000000000000000000000000000000
keylen    = 0x0, init = 0x0, ready = 0x1
round     = 0x07
round_key = 0x14f9701ae35fe28c440adf4d4ea9c026

Internal states:
key_mem_ctrl = 0x0, round_key_update = 0x0, round_ctr_reg = 0xa
prev_key0_reg = 0x13111d7fe3944a17f307a78b4d2b30c5, prev_key0_new = 0x13111d7fe3944a17f307a78b4d2b30c5, prev_key0_we = 0x0
prev_key1_reg = 0x00000000000000000000000000000000, prev_key1_new = 0x00000000000000000000000000000000, prev_key1_we = 0x0
rcon_reg = 0x6c, rcon_new = 0x6c,  rcon_set = 0x0,  rcon_next = 0x0, rcon_we = 0x0
w0 = 0x13111d7f, w1 = 0xe3944a17, w2 = 0xf307a78b, w3 = 0x4d2b30c5
w4 = 0x8e15bb9c, w5 = 0x6d81f18b, w6 = 0x9e865600, w7 = 0xd3ad66c5
sboxw = 0x2b30c54d, new_sboxw = 0xf104a6e3, rconw = 0x9d04a6e3
tw = 0x2b30c54d, trw = 0xf104a6e3
key_mem_new = 0x00000000000000000000000000000000, key_mem_we = 0x0

** key 0x7 matched expected round key.
** Got:      0x14f9701ae35fe28c440adf4d4ea9c026 **

State of DUT
------------
Inputs and outputs:
key       = 0x000102030405060708090a0b0c0d0e0f00000000000000000000000000000000
keylen    = 0x0, init = 0x0, ready = 0x1
round     = 0x08
round_key = 0x47438735a41c65b9e016baf4aebf7ad2

Internal states:
key_mem_ctrl = 0x0, round_key_update = 0x0, round_ctr_reg = 0xa
prev_key0_reg = 0x13111d7fe3944a17f307a78b4d2b30c5, prev_key0_new = 0x13111d7fe3944a17f307a78b4d2b30c5, prev_key0_we = 0x0
prev_key1_reg = 0x00000000000000000000000000000000, prev_key1_new = 0x00000000000000000000000000000000, prev_key1_we = 0x0
rcon_reg = 0x6c, rcon_new = 0x6c,  rcon_set = 0x0,  rcon_next = 0x0, rcon_we = 0x0
w0 = 0x13111d7f, w1 = 0xe3944a17, w2 = 0xf307a78b, w3 = 0x4d2b30c5
w4 = 0x8e15bb9c, w5 = 0x6d81f18b, w6 = 0x9e865600, w7 = 0xd3ad66c5
sboxw = 0x2b30c54d, new_sboxw = 0xf104a6e3, rconw = 0x9d04a6e3
tw = 0x2b30c54d, trw = 0xf104a6e3
key_mem_new = 0x00000000000000000000000000000000, key_mem_we = 0x0

** key 0x8 matched expected round key.
** Got:      0x47438735a41c65b9e016baf4aebf7ad2 **

State of DUT
------------
Inputs and outputs:
key       = 0x000102030405060708090a0b0c0d0e0f00000000000000000000000000000000
keylen    = 0x0, init = 0x0, ready = 0x1
round     = 0x09
round_key = 0x549932d1f08557681093ed9cbe2c974e

Internal states:
key_mem_ctrl = 0x0, round_key_update = 0x0, round_ctr_reg = 0xa
prev_key0_reg = 0x13111d7fe3944a17f307a78b4d2b30c5, prev_key0_new = 0x13111d7fe3944a17f307a78b4d2b30c5, prev_key0_we = 0x0
prev_key1_reg = 0x00000000000000000000000000000000, prev_key1_new = 0x00000000000000000000000000000000, prev_key1_we = 0x0
rcon_reg = 0x6c, rcon_new = 0x6c,  rcon_set = 0x0,  rcon_next = 0x0, rcon_we = 0x0
w0 = 0x13111d7f, w1 = 0xe3944a17, w2 = 0xf307a78b, w3 = 0x4d2b30c5
w4 = 0x8e15bb9c, w5 = 0x6d81f18b, w6 = 0x9e865600, w7 = 0xd3ad66c5
sboxw = 0x2b30c54d, new_sboxw = 0xf104a6e3, rconw = 0x9d04a6e3
tw = 0x2b30c54d, trw = 0xf104a6e3
key_mem_new = 0x00000000000000000000000000000000, key_mem_we = 0x0

** key 0x9 matched expected round key.
** Got:      0x549932d1f08557681093ed9cbe2c974e **

State of DUT
------------
Inputs and outputs:
key       = 0x000102030405060708090a0b0c0d0e0f00000000000000000000000000000000
keylen    = 0x0, init = 0x0, ready = 0x1
round     = 0x0a
round_key = 0x13111d7fe3944a17f307a78b4d2b30c5

Internal states:
key_mem_ctrl = 0x0, round_key_update = 0x0, round_ctr_reg = 0xa
prev_key0_reg = 0x13111d7fe3944a17f307a78b4d2b30c5, prev_key0_new = 0x13111d7fe3944a17f307a78b4d2b30c5, prev_key0_we = 0x0
prev_key1_reg = 0x00000000000000000000000000000000, prev_key1_new = 0x00000000000000000000000000000000, prev_key1_we = 0x0
rcon_reg = 0x6c, rcon_new = 0x6c,  rcon_set = 0x0,  rcon_next = 0x0, rcon_we = 0x0
w0 = 0x13111d7f, w1 = 0xe3944a17, w2 = 0xf307a78b, w3 = 0x4d2b30c5
w4 = 0x8e15bb9c, w5 = 0x6d81f18b, w6 = 0x9e865600, w7 = 0xd3ad66c5
sboxw = 0x2b30c54d, new_sboxw = 0xf104a6e3, rconw = 0x9d04a6e3
tw = 0x2b30c54d, trw = 0xf104a6e3
key_mem_new = 0x00000000000000000000000000000000, key_mem_we = 0x0

** key 0xa matched expected round key.
** Got:      0x13111d7fe3944a17f307a78b4d2b30c5 **

** Testing with 128-bit key 0x6920e299a5202a6d656e636869746f2a

State of DUT
------------
Inputs and outputs:
key       = 0x6920e299a5202a6d656e636869746f2a00000000000000000000000000000000
keylen    = 0x0, init = 0x1, ready = 0x1
round     = 0x0a
round_key = 0x13111d7fe3944a17f307a78b4d2b30c5

Internal states:
key_mem_ctrl = 0x0, round_key_update = 0x0, round_ctr_reg = 0xa
prev_key0_reg = 0x13111d7fe3944a17f307a78b4d2b30c5, prev_key0_new = 0x13111d7fe3944a17f307a78b4d2b30c5, prev_key0_we = 0x0
prev_key1_reg = 0x00000000000000000000000000000000, prev_key1_new = 0x00000000000000000000000000000000, prev_key1_we = 0x0
rcon_reg = 0x6c, rcon_new = 0x6c,  rcon_set = 0x0,  rcon_next = 0x0, rcon_we = 0x0
w0 = 0x13111d7f, w1 = 0xe3944a17, w2 = 0xf307a78b, w3 = 0x4d2b30c5
w4 = 0x8e15bb9c, w5 = 0x6d81f18b, w6 = 0x9e865600, w7 = 0xd3ad66c5
sboxw = 0x2b30c54d, new_sboxw = 0xf104a6e3, rconw = 0x9d04a6e3
tw = 0x2b30c54d, trw = 0xf104a6e3
key_mem_new = 0x00000000000000000000000000000000, key_mem_we = 0x0

State of DUT
------------
Inputs and outputs:
key       = 0x6920e299a5202a6d656e636869746f2a00000000000000000000000000000000
keylen    = 0x0, init = 0x1, ready = 0x0
round     = 0x0a
round_key = 0x13111d7fe3944a17f307a78b4d2b30c5

Internal states:
key_mem_ctrl = 0x1, round_key_update = 0x1, round_ctr_reg = 0x0
prev_key0_reg = 0x13111d7fe3944a17f307a78b4d2b30c5, prev_key0_new = 0x6920e299a5202a6d656e636869746f2a, prev_key0_we = 0x1
prev_key1_reg = 0x00000000000000000000000000000000, prev_key1_new = 0x00000000000000000000000000000000, prev_key1_we = 0x1
rcon_reg = 0x6c, rcon_new = 0x01,  rcon_set = 0x1,  rcon_next = 0x0, rcon_we = 0x1
w0 = 0x13111d7f, w1 = 0xe3944a17, w2 = 0xf307a78b, w3 = 0x4d2b30c5
w4 = 0x8e15bb9c, w5 = 0x6d81f18b, w6 = 0x9e865600, w7 = 0xd3ad66c5
sboxw = 0x2b30c54d, new_sboxw = 0xf104a6e3, rconw = 0x9d04a6e3
tw = 0x2b30c54d, trw = 0xf104a6e3
key_mem_new = 0x6920e299a5202a6d656e636869746f2a, key_mem_we = 0x1

State of DUT
------------
Inputs and outputs:
key       = 0x6920e299a5202a6d656e636869746f2a00000000000000000000000000000000
keylen    = 0x0, init = 0x0, ready = 0x0
round     = 0x0a
round_key = 0x13111d7fe3944a17f307a78b4d2b30c5

Internal states:
key_mem_ctrl = 0x2, round_key_update = 0x1, round_ctr_reg = 0x1
prev_key0_reg = 0x6920e299a5202a6d656e636869746f2a, prev_key0_new = 0xfa8807605fa82d0d3ac64e6553b2214f, prev_key0_we = 0x1
prev_key1_reg = 0x00000000000000000000000000000000, prev_key1_new = 0x00000000000000000000000000000000, prev_key1_we = 0x0
rcon_reg = 0x01, rcon_new = 0x02,  rcon_set = 0x0,  rcon_next = 0x1, rcon_we = 0x1
w0 = 0x6920e299, w1 = 0xa5202a6d, w2 = 0x656e6368, w3 = 0x69746f2a
w4 = 0xfa880760, w5 = 0x5fa82d0d, w6 = 0x3ac64e65, w7 = 0x53b2214f
sboxw = 0x746f2a69, new_sboxw = 0x92a8e5f9, rconw = 0x93a8e5f9
tw = 0x746f2a69, trw = 0x92a8e5f9
key_mem_new = 0xfa8807605fa82d0d3ac64e6553b2214f, key_mem_we = 0x1

State of DUT
------------
Inputs and outputs:
key       = 0x6920e299a5202a6d656e636869746f2a00000000000000000000000000000000
keylen    = 0x0, init = 0x0, ready = 0x0
round     = 0x0a
round_key = 0x13111d7fe3944a17f307a78b4d2b30c5

Internal states:
key_mem_ctrl = 0x2, round_key_update = 0x1, round_ctr_reg = 0x2
prev_key0_reg = 0xfa8807605fa82d0d3ac64e6553b2214f, prev_key0_new = 0xcf75838d90ddae80aa1be0e5f9a9c1aa, prev_key0_we = 0x1
prev_key1_reg = 0x00000000000000000000000000000000, prev_key1_new = 0x00000000000000000000000000000000, prev_key1_we = 0x0
rcon_reg = 0x02, rcon_new = 0x04,  rcon_set = 0x0,  rcon_next = 0x1, rcon_we = 0x1
w0 = 0xfa880760, w1 = 0x5fa82d0d, w2 = 0x3ac64e65, w3 = 0x53b2214f
w4 = 0xcf75838d, w5 = 0x90ddae80, w6 = 0xaa1be0e5, w7 = 0xf9a9c1aa
sboxw = 0xb2214f53, new_sboxw = 0x37fd84ed, rconw = 0x35fd84ed
tw = 0xb2214f53, trw = 0x37fd84ed
key_mem_new = 0xcf75838d90ddae80aa1be0e5f9a9c1aa, key_mem_we = 0x1

State of DUT
------------
Inputs and outputs:
key       = 0x6920e299a5202a6d656e636869746f2a00000000000000000000000000000000
keylen    = 0x0, init = 0x0, ready = 0x0
round     = 0x0a
round_key = 0x13111d7fe3944a17f307a78b4d2b30c5

Internal states:
key_mem_ctrl = 0x2, round_key_update = 0x1, round_ctr_reg = 0x3
prev_key0_reg = 0xcf75838d90ddae80aa1be0e5f9a9c1aa, prev_key0_new = 0x180d2f1488d0819422cb6171db62a0db, prev_key0_we = 0x1
prev_key1_reg = 0x00000000000000000000000000000000, prev_key1_new = 0x00000000000000000000000000000000, prev_key1_we = 0x0
rcon_reg = 0x04, rcon_new = 0x08,  rcon_set = 0x0,  rcon_next = 0x1, rcon_we = 0x1
w0 = 0xcf75838d, w1 = 0x90ddae80, w2 = 0xaa1be0e5, w3 = 0xf9a9c1aa
w4 = 0x180d2f14, w5 = 0x88d08194, w6 = 0x22cb6171, w7 = 0xdb62a0db
sboxw = 0xa9c1aaf9, new_sboxw = 0xd378ac99, rconw = 0xd778ac99
tw = 0xa9c1aaf9, trw = 0xd378ac99
key_mem_new = 0x180d2f1488d0819422cb6171db62a0db, key_mem_we = 0x1

State of DUT
------------
Inputs and outputs:
key       = 0x6920e299a5202a6d656e636869746f2a00000000000000000000000000000000
keylen    = 0x0, init = 0x0, ready = 0x0
round     = 0x0a
round_key = 0x13111d7fe3944a17f307a78b4d2b30c5

Internal states:
key_mem_ctrl = 0x2, round_key_update = 0x1, round_ctr_reg = 0x4
prev_key0_reg = 0x180d2f1488d0819422cb6171db62a0db, prev_key0_new = 0xbaed96ad323d173910f67648cb94d693, prev_key0_we = 0x1
prev_key1_reg = 0x00000000000000000000000000000000, prev_key1_new = 0x00000000000000000000000000000000, prev_key1_we = 0x0
rcon_reg = 0x08, rcon_new = 0x10,  rcon_set = 0x0,  rcon_next = 0x1, rcon_we = 0x1
w0 = 0x180d2f14, w1 = 0x88d08194, w2 = 0x22cb6171, w3 = 0xdb62a0db
w4 = 0xbaed96ad, w5 = 0x323d1739, w6 = 0x10f67648, w7 = 0xcb94d693
sboxw = 0x62a0dbdb, new_sboxw = 0xaae0b9b9, rconw = 0xa2e0b9b9
tw = 0x62a0dbdb, trw = 0xaae0b9b9
key_mem_new = 0xbaed96ad323d173910f67648cb94d693, key_mem_we = 0x1

State of DUT
------------
Inputs and outputs:
key       = 0x6920e299a5202a6d656e636869746f2a00000000000000000000000000000000
keylen    = 0x0, init = 0x0, ready = 0x0
round     = 0x0a
round_key = 0x13111d7fe3944a17f307a78b4d2b30c5

Internal states:
key_mem_ctrl = 0x2, round_key_update = 0x1, round_ctr_reg = 0x5
prev_key0_reg = 0xbaed96ad323d173910f67648cb94d693, prev_key0_new = 0x881b4ab2ba265d8baad02bc36144fd50, prev_key0_we = 0x1
prev_key1_reg = 0x00000000000000000000000000000000, prev_key1_new = 0x00000000000000000000000000000000, prev_key1_we = 0x0
rcon_reg = 0x10, rcon_new = 0x20,  rcon_set = 0x0,  rcon_next = 0x1, rcon_we = 0x1
w0 = 0xbaed96ad, w1 = 0x323d1739, w2 = 0x10f67648, w3 = 0xcb94d693
w4 = 0x881b4ab2, w5 = 0xba265d8b, w6 = 0xaad02bc3, w7 = 0x6144fd50
sboxw = 0x94d693cb, new_sboxw = 0x22f6dc1f, rconw = 0x32f6dc1f
tw = 0x94d693cb, trw = 0x22f6dc1f
key_mem_new = 0x881b4ab2ba265d8baad02bc36144fd50, key_mem_we = 0x1

State of DUT
------------
Inputs and outputs:
key       = 0x6920e299a5202a6d656e636869746f2a00000000000000000000000000000000
keylen    = 0x0, init = 0x0, ready = 0x0
round     = 0x0a
round_key = 0x13111d7fe3944a17f307a78b4d2b30c5

Internal states:
key_mem_ctrl = 0x2, round_key_update = 0x1, round_ctr_reg = 0x6
prev_key0_reg = 0x881b4ab2ba265d8baad02bc36144fd50, prev_key0_new = 0xb34f195d096944d6a3b96f15c2fd9245, prev_key0_we = 0x1
prev_key1_reg = 0x00000000000000000000000000000000, prev_key1_new = 0x00000000000000000000000000000000, prev_key1_we = 0x0
rcon_reg = 0x20, rcon_new = 0x40,  rcon_set = 0x0,  rcon_next = 0x1, rcon_we = 0x1
w0 = 0x881b4ab2, w1 = 0xba265d8b, w2 = 0xaad02bc3, w3 = 0x6144fd50
w4 = 0xb34f195d, w5 = 0x096944d6, w6 = 0xa3b96f15, w7 = 0xc2fd9245
sboxw = 0x44fd5061, new_sboxw = 0x1b5453ef, rconw = 0x3b5453ef
tw = 0x44fd5061, trw = 0x1b5453ef
key_mem_new = 0xb34f195d096944d6a3b96f15c2fd9245, key_mem_we = 0x1

State of DUT
------------
Inputs and outputs:
key       = 0x6920e299a5202a6d656e636869746f2a00000000000000000000000000000000
keylen    = 0x0, init = 0x0, ready = 0x0
round     = 0x0a
round_key = 0x13111d7fe3944a17f307a78b4d2b30c5

Internal states:
key_mem_ctrl = 0x2, round_key_update = 0x1, round_ctr_reg = 0x7
prev_key0_reg = 0xb34f195d096944d6a3b96f15c2fd9245, prev_key0_new = 0xa7007778ae6933ae0dd05cbbcf2dcefe, prev_key0_we = 0x1
prev_key1_reg = 0x00000000000000000000000000000000, prev_key1_new = 0x00000000000000000000000000000000, prev_key1_we = 0x0
rcon_reg = 0x40, rcon_new = 0x80,  rcon_set = 0x0,  rcon_next = 0x1, rcon_we = 0x1
w0 = 0xb34f195d, w1 = 0x096944d6, w2 = 0xa3b96f15, w3 = 0xc2fd9245
w4 = 0xa7007778, w5 = 0xae6933ae, w6 = 0x0dd05cbb, w7 = 0xcf2dcefe
sboxw = 0xfd9245c2, new_sboxw = 0x544f6e25, rconw = 0x144f6e25
tw = 0xfd9245c2, trw = 0x544f6e25
key_mem_new = 0xa7007778ae6933ae0dd05cbbcf2dcefe, key_mem_we = 0x1

State of DUT
------------
Inputs and outputs:
key       = 0x6920e299a5202a6d656e636869746f2a00000000000000000000000000000000
keylen    = 0x0, init = 0x0, ready = 0x0
round     = 0x0a
round_key = 0x13111d7fe3944a17f307a78b4d2b30c5

Internal states:
key_mem_ctrl = 0x2, round_key_update = 0x1, round_ctr_reg = 0x8
prev_key0_reg = 0xa7007778ae6933ae0dd05cbbcf2dcefe, prev_key0_new = 0xff8bccf251e2ff5c5c32a3e7931f6d19, prev_key0_we = 0x1
prev_key1_reg = 0x00000000000000000000000000000000, prev_key1_new = 0x00000000000000000000000000000000, prev_key1_we = 0x0
rcon_reg = 0x80, rcon_new = 0x1b,  rcon_set = 0x0,  rcon_next = 0x1, rcon_we = 0x1
w0 = 0xa7007778, w1 = 0xae6933ae, w2 = 0x0dd05cbb, w3 = 0xcf2dcefe
w4 = 0xff8bccf2, w5 = 0x51e2ff5c, w6 = 0x5c32a3e7, w7 = 0x931f6d19
sboxw = 0x2dcefecf, new_sboxw = 0xd88bbb8a, rconw = 0x588bbb8a
tw = 0x2dcefecf, trw = 0xd88bbb8a
key_mem_new = 0xff8bccf251e2ff5c5c32a3e7931f6d19, key_mem_we = 0x1

State of DUT
------------
Inputs and outputs:
key       = 0x6920e299a5202a6d656e636869746f2a00000000000000000000000000000000
keylen    = 0x0, init = 0x0, ready = 0x0
round     = 0x0a
round_key = 0x13111d7fe3944a17f307a78b4d2b30c5

Internal states:
key_mem_ctrl = 0x2, round_key_update = 0x1, round_ctr_reg = 0x9
prev_key0_reg = 0xff8bccf251e2ff5c5c32a3e7931f6d19, prev_key0_new = 0x24b7182e7555e77229674495ba78298c, prev_key0_we = 0x1
prev_key1_reg = 0x00000000000000000000000000000000, prev_key1_new = 0x00000000000000000000000000000000, prev_key1_we = 0x0
rcon_reg = 0x1b, rcon_new = 0x36,  rcon_set = 0x0,  rcon_next = 0x1, rcon_we = 0x1
w0 = 0xff8bccf2, w1 = 0x51e2ff5c, w2 = 0x5c32a3e7, w3 = 0x931f6d19
w4 = 0x24b7182e, w5 = 0x7555e772, w6 = 0x29674495, w7 = 0xba78298c
sboxw = 0x1f6d1993, new_sboxw = 0xc03cd4dc, rconw = 0xdb3cd4dc
tw = 0x1f6d1993, trw = 0xc03cd4dc
key_mem_new = 0x24b7182e7555e77229674495ba78298c, key_mem_we = 0x1

State of DUT
------------
Inputs and outputs:
key       = 0x6920e299a5202a6d656e636869746f2a00000000000000000000000000000000
keylen    = 0x0, init = 0x0, ready = 0x0
round     = 0x0a
round_key = 0x13111d7fe3944a17f307a78b4d2b30c5

Internal states:
key_mem_ctrl = 0x2, round_key_update = 0x1, round_ctr_reg = 0xa
prev_key0_reg = 0x24b7182e7555e77229674495ba78298c, prev_key0_new = 0xae127cdadb479ba8f220df3d4858f6b1, prev_key0_we = 0x1
prev_key1_reg = 0x00000000000000000000000000000000, prev_key1_new = 0x00000000000000000000000000000000, prev_key1_we = 0x0
rcon_reg = 0x36, rcon_new = 0x6c,  rcon_set = 0x0,  rcon_next = 0x1, rcon_we = 0x1
w0 = 0x24b7182e, w1 = 0x7555e772, w2 = 0x29674495, w3 = 0xba78298c
w4 = 0xae127cda, w5 = 0xdb479ba8, w6 = 0xf220df3d, w7 = 0x4858f6b1
sboxw = 0x78298cba, new_sboxw = 0xbca564f4, rconw = 0x8aa564f4
tw = 0x78298cba, trw = 0xbca564f4
key_mem_new = 0xae127cdadb479ba8f220df3d4858f6b1, key_mem_we = 0x1

State of DUT
------------
Inputs and outputs:
key       = 0x6920e299a5202a6d656e636869746f2a00000000000000000000000000000000
keylen    = 0x0, init = 0x0, ready = 0x1
round     = 0x00
round_key = 0x6920e299a5202a6d656e636869746f2a

Internal states:
key_mem_ctrl = 0x0, round_key_update = 0x0, round_ctr_reg = 0xa
prev_key0_reg = 0xae127cdadb479ba8f220df3d4858f6b1, prev_key0_new = 0xae127cdadb479ba8f220df3d4858f6b1, prev_key0_we = 0x0
prev_key1_reg = 0x00000000000000000000000000000000, prev_key1_new = 0x00000000000000000000000000000000, prev_key1_we = 0x0
rcon_reg = 0x6c, rcon_new = 0x6c,  rcon_set = 0x0,  rcon_next = 0x0, rcon_we = 0x0
w0 = 0xae127cda, w1 = 0xdb479ba8, w2 = 0xf220df3d, w3 = 0x4858f6b1
w4 = 0xa850b488, w5 = 0x73172f20, w6 = 0x8137f01d, w7 = 0xc96f06ac
sboxw = 0x58f6b148, new_sboxw = 0x6a42c852, rconw = 0x0642c852
tw = 0x58f6b148, trw = 0x6a42c852
key_mem_new = 0x00000000000000000000000000000000, key_mem_we = 0x0

** key 0x0 matched expected round key.
** Got:      0x6920e299a5202a6d656e636869746f2a **

State of DUT
------------
Inputs and outputs:
key       = 0x6920e299a5202a6d656e636869746f2a00000000000000000000000000000000
keylen    = 0x0, init = 0x0, ready = 0x1
round     = 0x01
round_key = 0xfa8807605fa82d0d3ac64e6553b2214f

Internal states:
key_mem_ctrl = 0x0, round_key_update = 0x0, round_ctr_reg = 0xa
prev_key0_reg = 0xae127cdadb479ba8f220df3d4858f6b1, prev_key0_new = 0xae127cdadb479ba8f220df3d4858f6b1, prev_key0_we = 0x0
prev_key1_reg = 0x00000000000000000000000000000000, prev_key1_new = 0x00000000000000000000000000000000, prev_key1_we = 0x0
rcon_reg = 0x6c, rcon_new = 0x6c,  rcon_set = 0x0,  rcon_next = 0x0, rcon_we = 0x0
w0 = 0xae127cda, w1 = 0xdb479ba8, w2 = 0xf220df3d, w3 = 0x4858f6b1
w4 = 0xa850b488, w5 = 0x73172f20, w6 = 0x8137f01d, w7 = 0xc96f06ac
sboxw = 0x58f6b148, new_sboxw = 0x6a42c852, rconw = 0x0642c852
tw = 0x58f6b148, trw = 0x6a42c852
key_mem_new = 0x00000000000000000000000000000000, key_mem_we = 0x0

** key 0x1 matched expected round key.
** Got:      0xfa8807605fa82d0d3ac64e6553b2214f **

State of DUT
------------
Inputs and outputs:
key       = 0x6920e299a5202a6d656e636869746f2a00000000000000000000000000000000
keylen    = 0x0, init = 0x0, ready = 0x1
round     = 0x02
round_key = 0xcf75838d90ddae80aa1be0e5f9a9c1aa

Internal states:
key_mem_ctrl = 0x0, round_key_update = 0x0, round_ctr_reg = 0xa
prev_key0_reg = 0xae127cdadb479ba8f220df3d4858f6b1, prev_key0_new = 0xae127cdadb479ba8f220df3d4858f6b1, prev_key0_we = 0x0
prev_key1_reg = 0x00000000000000000000000000000000, prev_key1_new = 0x00000000000000000000000000000000, prev_key1_we = 0x0
rcon_reg = 0x6c, rcon_new = 0x6c,  rcon_set = 0x0,  rcon_next = 0x0, rcon_we = 0x0
w0 = 0xae127cda, w1 = 0xdb479ba8, w2 = 0xf220df3d, w3 = 0x4858f6b1
w4 = 0xa850b488, w5 = 0x73172f20, w6 = 0x8137f01d, w7 = 0xc96f06ac
sboxw = 0x58f6b148, new_sboxw = 0x6a42c852, rconw = 0x0642c852
tw = 0x58f6b148, trw = 0x6a42c852
key_mem_new = 0x00000000000000000000000000000000, key_mem_we = 0x0

** key 0x2 matched expected round key.
** Got:      0xcf75838d90ddae80aa1be0e5f9a9c1aa **

State of DUT
------------
Inputs and outputs:
key       = 0x6920e299a5202a6d656e636869746f2a00000000000000000000000000000000
keylen    = 0x0, init = 0x0, ready = 0x1
round     = 0x03
round_key = 0x180d2f1488d0819422cb6171db62a0db

Internal states:
key_mem_ctrl = 0x0, round_key_update = 0x0, round_ctr_reg = 0xa
prev_key0_reg = 0xae127cdadb479ba8f220df3d4858f6b1, prev_key0_new = 0xae127cdadb479ba8f220df3d4858f6b1, prev_key0_we = 0x0
prev_key1_reg = 0x00000000000000000000000000000000, prev_key1_new = 0x00000000000000000000000000000000, prev_key1_we = 0x0
rcon_reg = 0x6c, rcon_new = 0x6c,  rcon_set = 0x0,  rcon_next = 0x0, rcon_we = 0x0
w0 = 0xae127cda, w1 = 0xdb479ba8, w2 = 0xf220df3d, w3 = 0x4858f6b1
w4 = 0xa850b488, w5 = 0x73172f20, w6 = 0x8137f01d, w7 = 0xc96f06ac
sboxw = 0x58f6b148, new_sboxw = 0x6a42c852, rconw = 0x0642c852
tw = 0x58f6b148, trw = 0x6a42c852
key_mem_new = 0x00000000000000000000000000000000, key_mem_we = 0x0

** key 0x3 matched expected round key.
** Got:      0x180d2f1488d0819422cb6171db62a0db **

State of DUT
------------
Inputs and outputs:
key       = 0x6920e299a5202a6d656e636869746f2a00000000000000000000000000000000
keylen    = 0x0, init = 0x0, ready = 0x1
round     = 0x04
round_key = 0xbaed96ad323d173910f67648cb94d693

Internal states:
key_mem_ctrl = 0x0, round_key_update = 0x0, round_ctr_reg = 0xa
prev_key0_reg = 0xae127cdadb479ba8f220df3d4858f6b1, prev_key0_new = 0xae127cdadb479ba8f220df3d4858f6b1, prev_key0_we = 0x0
prev_key1_reg = 0x00000000000000000000000000000000, prev_key1_new = 0x00000000000000000000000000000000, prev_key1_we = 0x0
rcon_reg = 0x6c, rcon_new = 0x6c,  rcon_set = 0x0,  rcon_next = 0x0, rcon_we = 0x0
w0 = 0xae127cda, w1 = 0xdb479ba8, w2 = 0xf220df3d, w3 = 0x4858f6b1
w4 = 0xa850b488, w5 = 0x73172f20, w6 = 0x8137f01d, w7 = 0xc96f06ac
sboxw = 0x58f6b148, new_sboxw = 0x6a42c852, rconw = 0x0642c852
tw = 0x58f6b148, trw = 0x6a42c852
key_mem_new = 0x00000000000000000000000000000000, key_mem_we = 0x0

** key 0x4 matched expected round key.
** Got:      0xbaed96ad323d173910f67648cb94d693 **

State of DUT
------------
Inputs and outputs:
key       = 0x6920e299a5202a6d656e636869746f2a00000000000000000000000000000000
keylen    = 0x0, init = 0x0, ready = 0x1
round     = 0x05
round_key = 0x881b4ab2ba265d8baad02bc36144fd50

Internal states:
key_mem_ctrl = 0x0, round_key_update = 0x0, round_ctr_reg = 0xa
prev_key0_reg = 0xae127cdadb479ba8f220df3d4858f6b1, prev_key0_new = 0xae127cdadb479ba8f220df3d4858f6b1, prev_key0_we = 0x0
prev_key1_reg = 0x00000000000000000000000000000000, prev_key1_new = 0x00000000000000000000000000000000, prev_key1_we = 0x0
rcon_reg = 0x6c, rcon_new = 0x6c,  rcon_set = 0x0,  rcon_next = 0x0, rcon_we = 0x0
w0 = 0xae127cda, w1 = 0xdb479ba8, w2 = 0xf220df3d, w3 = 0x4858f6b1
w4 = 0xa850b488, w5 = 0x73172f20, w6 = 0x8137f01d, w7 = 0xc96f06ac
sboxw = 0x58f6b148, new_sboxw = 0x6a42c852, rconw = 0x0642c852
tw = 0x58f6b148, trw = 0x6a42c852
key_mem_new = 0x00000000000000000000000000000000, key_mem_we = 0x0

** key 0x5 matched expected round key.
** Got:      0x881b4ab2ba265d8baad02bc36144fd50 **

State of DUT
------------
Inputs and outputs:
key       = 0x6920e299a5202a6d656e636869746f2a00000000000000000000000000000000
keylen    = 0x0, init = 0x0, ready = 0x1
round     = 0x06
round_key = 0xb34f195d096944d6a3b96f15c2fd9245

Internal states:
key_mem_ctrl = 0x0, round_key_update = 0x0, round_ctr_reg = 0xa
prev_key0_reg = 0xae127cdadb479ba8f220df3d4858f6b1, prev_key0_new = 0xae127cdadb479ba8f220df3d4858f6b1, prev_key0_we = 0x0
prev_key1_reg = 0x00000000000000000000000000000000, prev_key1_new = 0x00000000000000000000000000000000, prev_key1_we = 0x0
rcon_reg = 0x6c, rcon_new = 0x6c,  rcon_set = 0x0,  rcon_next = 0x0, rcon_we = 0x0
w0 = 0xae127cda, w1 = 0xdb479ba8, w2 = 0xf220df3d, w3 = 0x4858f6b1
w4 = 0xa850b488, w5 = 0x73172f20, w6 = 0x8137f01d, w7 = 0xc96f06ac
sboxw = 0x58f6b148, new_sboxw = 0x6a42c852, rconw = 0x0642c852
tw = 0x58f6b148, trw = 0x6a42c852
key_mem_new = 0x00000000000000000000000000000000, key_mem_we = 0x0

** key 0x6 matched expected round key.
** Got:      0xb34f195d096944d6a3b96f15c2fd9245 **

State of DUT
------------
Inputs and outputs:
key       = 0x6920e299a5202a6d656e636869746f2a00000000000000000000000000000000
keylen    = 0x0, init = 0x0, ready = 0x1
round     = 0x07
round_key = 0xa7007778ae6933ae0dd05cbbcf2dcefe

Internal states:
key_mem_ctrl = 0x0, round_key_update = 0x0, round_ctr_reg = 0xa
prev_key0_reg = 0xae127cdadb479ba8f220df3d4858f6b1, prev_key0_new = 0xae127cdadb479ba8f220df3d4858f6b1, prev_key0_we = 0x0
prev_key1_reg = 0x00000000000000000000000000000000, prev_key1_new = 0x00000000000000000000000000000000, prev_key1_we = 0x0
rcon_reg = 0x6c, rcon_new = 0x6c,  rcon_set = 0x0,  rcon_next = 0x0, rcon_we = 0x0
w0 = 0xae127cda, w1 = 0xdb479ba8, w2 = 0xf220df3d, w3 = 0x4858f6b1
w4 = 0xa850b488, w5 = 0x73172f20, w6 = 0x8137f01d, w7 = 0xc96f06ac
sboxw = 0x58f6b148, new_sboxw = 0x6a42c852, rconw = 0x0642c852
tw = 0x58f6b148, trw = 0x6a42c852
key_mem_new = 0x00000000000000000000000000000000, key_mem_we = 0x0

** key 0x7 matched expected round key.
** Got:      0xa7007778ae6933ae0dd05cbbcf2dcefe **

State of DUT
------------
Inputs and outputs:
key       = 0x6920e299a5202a6d656e636869746f2a00000000000000000000000000000000
keylen    = 0x0, init = 0x0, ready = 0x1
round     = 0x08
round_key = 0xff8bccf251e2ff5c5c32a3e7931f6d19

Internal states:
key_mem_ctrl = 0x0, round_key_update = 0x0, round_ctr_reg = 0xa
prev_key0_reg = 0xae127cdadb479ba8f220df3d4858f6b1, prev_key0_new = 0xae127cdadb479ba8f220df3d4858f6b1, prev_key0_we = 0x0
prev_key1_reg = 0x00000000000000000000000000000000, prev_key1_new = 0x00000000000000000000000000000000, prev_key1_we = 0x0
rcon_reg = 0x6c, rcon_new = 0x6c,  rcon_set = 0x0,  rcon_next = 0x0, rcon_we = 0x0
w0 = 0xae127cda, w1 = 0xdb479ba8, w2 = 0xf220df3d, w3 = 0x4858f6b1
w4 = 0xa850b488, w5 = 0x73172f20, w6 = 0x8137f01d, w7 = 0xc96f06ac
sboxw = 0x58f6b148, new_sboxw = 0x6a42c852, rconw = 0x0642c852
tw = 0x58f6b148, trw = 0x6a42c852
key_mem_new = 0x00000000000000000000000000000000, key_mem_we = 0x0

** key 0x8 matched expected round key.
** Got:      0xff8bccf251e2ff5c5c32a3e7931f6d19 **

State of DUT
------------
Inputs and outputs:
key       = 0x6920e299a5202a6d656e636869746f2a00000000000000000000000000000000
keylen    = 0x0, init = 0x0, ready = 0x1
round     = 0x09
round_key = 0x24b7182e7555e77229674495ba78298c

Internal states:
key_mem_ctrl = 0x0, round_key_update = 0x0, round_ctr_reg = 0xa
prev_key0_reg = 0xae127cdadb479ba8f220df3d4858f6b1, prev_key0_new = 0xae127cdadb479ba8f220df3d4858f6b1, prev_key0_we = 0x0
prev_key1_reg = 0x00000000000000000000000000000000, prev_key1_new = 0x00000000000000000000000000000000, prev_key1_we = 0x0
rcon_reg = 0x6c, rcon_new = 0x6c,  rcon_set = 0x0,  rcon_next = 0x0, rcon_we = 0x0
w0 = 0xae127cda, w1 = 0xdb479ba8, w2 = 0xf220df3d, w3 = 0x4858f6b1
w4 = 0xa850b488, w5 = 0x73172f20, w6 = 0x8137f01d, w7 = 0xc96f06ac
sboxw = 0x58f6b148, new_sboxw = 0x6a42c852, rconw = 0x0642c852
tw = 0x58f6b148, trw = 0x6a42c852
key_mem_new = 0x00000000000000000000000000000000, key_mem_we = 0x0

** key 0x9 matched expected round key.
** Got:      0x24b7182e7555e77229674495ba78298c **

State of DUT
------------
Inputs and outputs:
key       = 0x6920e299a5202a6d656e636869746f2a00000000000000000000000000000000
keylen    = 0x0, init = 0x0, ready = 0x1
round     = 0x0a
round_key = 0xae127cdadb479ba8f220df3d4858f6b1

Internal states:
key_mem_ctrl = 0x0, round_key_update = 0x0, round_ctr_reg = 0xa
prev_key0_reg = 0xae127cdadb479ba8f220df3d4858f6b1, prev_key0_new = 0xae127cdadb479ba8f220df3d4858f6b1, prev_key0_we = 0x0
prev_key1_reg = 0x00000000000000000000000000000000, prev_key1_new = 0x00000000000000000000000000000000, prev_key1_we = 0x0
rcon_reg = 0x6c, rcon_new = 0x6c,  rcon_set = 0x0,  rcon_next = 0x0, rcon_we = 0x0
w0 = 0xae127cda, w1 = 0xdb479ba8, w2 = 0xf220df3d, w3 = 0x4858f6b1
w4 = 0xa850b488, w5 = 0x73172f20, w6 = 0x8137f01d, w7 = 0xc96f06ac
sboxw = 0x58f6b148, new_sboxw = 0x6a42c852, rconw = 0x0642c852
tw = 0x58f6b148, trw = 0x6a42c852
key_mem_new = 0x00000000000000000000000000000000, key_mem_we = 0x0

** key 0xa matched expected round key.
** Got:      0xae127cdadb479ba8f220df3d4858f6b1 **

Testing the NIST AES-128 key.
** Testing with 128-bit key 0x2b7e151628aed2a6abf7158809cf4f3c

State of DUT
------------
Inputs and outputs:
key       = 0x2b7e151628aed2a6abf7158809cf4f3c00000000000000000000000000000000
keylen    = 0x0, init = 0x1, ready = 0x1
round     = 0x0a
round_key = 0xae127cdadb479ba8f220df3d4858f6b1

Internal states:
key_mem_ctrl = 0x0, round_key_update = 0x0, round_ctr_reg = 0xa
prev_key0_reg = 0xae127cdadb479ba8f220df3d4858f6b1, prev_key0_new = 0xae127cdadb479ba8f220df3d4858f6b1, prev_key0_we = 0x0
prev_key1_reg = 0x00000000000000000000000000000000, prev_key1_new = 0x00000000000000000000000000000000, prev_key1_we = 0x0
rcon_reg = 0x6c, rcon_new = 0x6c,  rcon_set = 0x0,  rcon_next = 0x0, rcon_we = 0x0
w0 = 0xae127cda, w1 = 0xdb479ba8, w2 = 0xf220df3d, w3 = 0x4858f6b1
w4 = 0xa850b488, w5 = 0x73172f20, w6 = 0x8137f01d, w7 = 0xc96f06ac
sboxw = 0x58f6b148, new_sboxw = 0x6a42c852, rconw = 0x0642c852
tw = 0x58f6b148, trw = 0x6a42c852
key_mem_new = 0x00000000000000000000000000000000, key_mem_we = 0x0

State of DUT
------------
Inputs and outputs:
key       = 0x2b7e151628aed2a6abf7158809cf4f3c00000000000000000000000000000000
keylen    = 0x0, init = 0x1, ready = 0x0
round     = 0x0a
round_key = 0xae127cdadb479ba8f220df3d4858f6b1

Internal states:
key_mem_ctrl = 0x1, round_key_update = 0x1, round_ctr_reg = 0x0
prev_key0_reg = 0xae127cdadb479ba8f220df3d4858f6b1, prev_key0_new = 0x2b7e151628aed2a6abf7158809cf4f3c, prev_key0_we = 0x1
prev_key1_reg = 0x00000000000000000000000000000000, prev_key1_new = 0x00000000000000000000000000000000, prev_key1_we = 0x1
rcon_reg = 0x6c, rcon_new = 0x01,  rcon_set = 0x1,  rcon_next = 0x0, rcon_we = 0x1
w0 = 0xae127cda, w1 = 0xdb479ba8, w2 = 0xf220df3d, w3 = 0x4858f6b1
w4 = 0xa850b488, w5 = 0x73172f20, w6 = 0x8137f01d, w7 = 0xc96f06ac
sboxw = 0x58f6b148, new_sboxw = 0x6a42c852, rconw = 0x0642c852
tw = 0x58f6b148, trw = 0x6a42c852
key_mem_new = 0x2b7e151628aed2a6abf7158809cf4f3c, key_mem_we = 0x1

State of DUT
------------
Inputs and outputs:
key       = 0x2b7e151628aed2a6abf7158809cf4f3c00000000000000000000000000000000
keylen    = 0x0, init = 0x0, ready = 0x0
round     = 0x0a
round_key = 0xae127cdadb479ba8f220df3d4858f6b1

Internal states:
key_mem_ctrl = 0x2, round_key_update = 0x1, round_ctr_reg = 0x1
prev_key0_reg = 0x2b7e151628aed2a6abf7158809cf4f3c, prev_key0_new = 0xa0fafe1788542cb123a339392a6c7605, prev_key0_we = 0x1
prev_key1_reg = 0x00000000000000000000000000000000, prev_key1_new = 0x00000000000000000000000000000000, prev_key1_we = 0x0
rcon_reg = 0x01, rcon_new = 0x02,  rcon_set = 0x0,  rcon_next = 0x1, rcon_we = 0x1
w0 = 0x2b7e1516, w1 = 0x28aed2a6, w2 = 0xabf71588, w3 = 0x09cf4f3c
w4 = 0xa0fafe17, w5 = 0x88542cb1, w6 = 0x23a33939, w7 = 0x2a6c7605
sboxw = 0xcf4f3c09, new_sboxw = 0x8a84eb01, rconw = 0x8b84eb01
tw = 0xcf4f3c09, trw = 0x8a84eb01
key_mem_new = 0xa0fafe1788542cb123a339392a6c7605, key_mem_we = 0x1

State of DUT
------------
Inputs and outputs:
key       = 0x2b7e151628aed2a6abf7158809cf4f3c00000000000000000000000000000000
keylen    = 0x0, init = 0x0, ready = 0x0
round     = 0x0a
round_key = 0xae127cdadb479ba8f220df3d4858f6b1

Internal states:
key_mem_ctrl = 0x2, round_key_update = 0x1, round_ctr_reg = 0x2
prev_key0_reg = 0xa0fafe1788542cb123a339392a6c7605, prev_key0_new = 0xf2c295f27a96b9435935807a7359f67f, prev_key0_we = 0x1
prev_key1_reg = 0x00000000000000000000000000000000, prev_key1_new = 0x00000000000000000000000000000000, prev_key1_we = 0x0
rcon_reg = 0x02, rcon_new = 0x04,  rcon_set = 0x0,  rcon_next = 0x1, rcon_we = 0x1
w0 = 0xa0fafe17, w1 = 0x88542cb1, w2 = 0x23a33939, w3 = 0x2a6c7605
w4 = 0xf2c295f2, w5 = 0x7a96b943, w6 = 0x5935807a, w7 = 0x7359f67f
sboxw = 0x6c76052a, new_sboxw = 0x50386be5, rconw = 0x52386be5
tw = 0x6c76052a, trw = 0x50386be5
key_mem_new = 0xf2c295f27a96b9435935807a7359f67f, key_mem_we = 0x1

State of DUT
------------
Inputs and outputs:
key       = 0x2b7e151628aed2a6abf7158809cf4f3c00000000000000000000000000000000
keylen    = 0x0, init = 0x0, ready = 0x0
round     = 0x0a
round_key = 0xae127cdadb479ba8f220df3d4858f6b1

Internal states:
key_mem_ctrl = 0x2, round_key_update = 0x1, round_ctr_reg = 0x3
prev_key0_reg = 0xf2c295f27a96b9435935807a7359f67f, prev_key0_new = 0x3d80477d4716fe3e1e237e446d7a883b, prev_key0_we = 0x1
prev_key1_reg = 0x00000000000000000000000000000000, prev_key1_new = 0x00000000000000000000000000000000, prev_key1_we = 0x0
rcon_reg = 0x04, rcon_new = 0x08,  rcon_set = 0x0,  rcon_next = 0x1, rcon_we = 0x1
w0 = 0xf2c295f2, w1 = 0x7a96b943, w2 = 0x5935807a, w3 = 0x7359f67f
w4 = 0x3d80477d, w5 = 0x4716fe3e, w6 = 0x1e237e44, w7 = 0x6d7a883b
sboxw = 0x59f67f73, new_sboxw = 0xcb42d28f, rconw = 0xcf42d28f
tw = 0x59f67f73, trw = 0xcb42d28f
key_mem_new = 0x3d80477d4716fe3e1e237e446d7a883b, key_mem_we = 0x1

State of DUT
------------
Inputs and outputs:
key       = 0x2b7e151628aed2a6abf7158809cf4f3c00000000000000000000000000000000
keylen    = 0x0, init = 0x0, ready = 0x0
round     = 0x0a
round_key = 0xae127cdadb479ba8f220df3d4858f6b1

Internal states:
key_mem_ctrl = 0x2, round_key_update = 0x1, round_ctr_reg = 0x4
prev_key0_reg = 0x3d80477d4716fe3e1e237e446d7a883b, prev_key0_new = 0xef44a541a8525b7fb671253bdb0bad00, prev_key0_we = 0x1
prev_key1_reg = 0x00000000000000000000000000000000, prev_key1_new = 0x00000000000000000000000000000000, prev_key1_we = 0x0
rcon_reg = 0x08, rcon_new = 0x10,  rcon_set = 0x0,  rcon_next = 0x1, rcon_we = 0x1
w0 = 0x3d80477d, w1 = 0x4716fe3e, w2 = 0x1e237e44, w3 = 0x6d7a883b
w4 = 0xef44a541, w5 = 0xa8525b7f, w6 = 0xb671253b, w7 = 0xdb0bad00
sboxw = 0x7a883b6d, new_sboxw = 0xdac4e23c, rconw = 0xd2c4e23c
tw = 0x7a883b6d, trw = 0xdac4e23c
key_mem_new = 0xef44a541a8525b7fb671253bdb0bad00, key_mem_we = 0x1

State of DUT
------------
Inputs and outputs:
key       = 0x2b7e151628aed2a6abf7158809cf4f3c00000000000000000000000000000000
keylen    = 0x0, init = 0x0, ready = 0x0
round     = 0x0a
round_key = 0xae127cdadb479ba8f220df3d4858f6b1

Internal states:
key_mem_ctrl = 0x2, round_key_update = 0x1, round_ctr_reg = 0x5
prev_key0_reg = 0xef44a541a8525b7fb671253bdb0bad00, prev_key0_new = 0xd4d1c6f87c839d87caf2b8bc11f915bc, prev_key0_we = 0x1
prev_key1_reg = 0x00000000000000000000000000000000, prev_key1_new = 0x00000000000000000000000000000000, prev_key1_we = 0x0
rcon_reg = 0x10, rcon_new = 0x20,  rcon_set = 0x0,  rcon_next = 0x1, rcon_we = 0x1
w0 = 0xef44a541, w1 = 0xa8525b7f, w2 = 0xb671253b, w3 = 0xdb0bad00
w4 = 0xd4d1c6f8, w5 = 0x7c839d87, w6 = 0xcaf2b8bc, w7 = 0x11f915bc
sboxw = 0x0bad00db, new_sboxw = 0x2b9563b9, rconw = 0x3b9563b9
tw = 0x0bad00db, trw = 0x2b9563b9
key_mem_new = 0xd4d1c6f87c839d87caf2b8bc11f915bc, key_mem_we = 0x1

State of DUT
------------
Inputs and outputs:
key       = 0x2b7e151628aed2a6abf7158809cf4f3c00000000000000000000000000000000
keylen    = 0x0, init = 0x0, ready = 0x0
round     = 0x0a
round_key = 0xae127cdadb479ba8f220df3d4858f6b1

Internal states:
key_mem_ctrl = 0x2, round_key_update = 0x1, round_ctr_reg = 0x6
prev_key0_reg = 0xd4d1c6f87c839d87caf2b8bc11f915bc, prev_key0_new = 0x6d88a37a110b3efddbf98641ca0093fd, prev_key0_we = 0x1
prev_key1_reg = 0x00000000000000000000000000000000, prev_key1_new = 0x00000000000000000000000000000000, prev_key1_we = 0x0
rcon_reg = 0x20, rcon_new = 0x40,  rcon_set = 0x0,  rcon_next = 0x1, rcon_we = 0x1
w0 = 0xd4d1c6f8, w1 = 0x7c839d87, w2 = 0xcaf2b8bc, w3 = 0x11f915bc
w4 = 0x6d88a37a, w5 = 0x110b3efd, w6 = 0xdbf98641, w7 = 0xca0093fd
sboxw = 0xf915bc11, new_sboxw = 0x99596582, rconw = 0xb9596582
tw = 0xf915bc11, trw = 0x99596582
key_mem_new = 0x6d88a37a110b3efddbf98641ca0093fd, key_mem_we = 0x1

State of DUT
------------
Inputs and outputs:
key       = 0x2b7e151628aed2a6abf7158809cf4f3c00000000000000000000000000000000
keylen    = 0x0, init = 0x0, ready = 0x0
round     = 0x0a
round_key = 0xae127cdadb479ba8f220df3d4858f6b1

Internal states:
key_mem_ctrl = 0x2, round_key_update = 0x1, round_ctr_reg = 0x7
prev_key0_reg = 0x6d88a37a110b3efddbf98641ca0093fd, prev_key0_new = 0x4e54f70e5f5fc9f384a64fb24ea6dc4f, prev_key0_we = 0x1
prev_key1_reg = 0x00000000000000000000000000000000, prev_key1_new = 0x00000000000000000000000000000000, prev_key1_we = 0x0
rcon_reg = 0x40, rcon_new = 0x80,  rcon_set = 0x0,  rcon_next = 0x1, rcon_we = 0x1
w0 = 0x6d88a37a, w1 = 0x110b3efd, w2 = 0xdbf98641, w3 = 0xca0093fd
w4 = 0x4e54f70e, w5 = 0x5f5fc9f3, w6 = 0x84a64fb2, w7 = 0x4ea6dc4f
sboxw = 0x0093fdca, new_sboxw = 0x63dc5474, rconw = 0x23dc5474
tw = 0x0093fdca, trw = 0x63dc5474
key_mem_new = 0x4e54f70e5f5fc9f384a64fb24ea6dc4f, key_mem_we = 0x1

State of DUT
------------
Inputs and outputs:
key       = 0x2b7e151628aed2a6abf7158809cf4f3c00000000000000000000000000000000
keylen    = 0x0, init = 0x0, ready = 0x0
round     = 0x0a
round_key = 0xae127cdadb479ba8f220df3d4858f6b1

Internal states:
key_mem_ctrl = 0x2, round_key_update = 0x1, round_ctr_reg = 0x8
prev_key0_reg = 0x4e54f70e5f5fc9f384a64fb24ea6dc4f, prev_key0_new = 0xead27321b58dbad2312bf5607f8d292f, prev_key0_we = 0x1
prev_key1_reg = 0x00000000000000000000000000000000, prev_key1_new = 0x00000000000000000000000000000000, prev_key1_we = 0x0
rcon_reg = 0x80, rcon_new = 0x1b,  rcon_set = 0x0,  rcon_next = 0x1, rcon_we = 0x1
w0 = 0x4e54f70e, w1 = 0x5f5fc9f3, w2 = 0x84a64fb2, w3 = 0x4ea6dc4f
w4 = 0xead27321, w5 = 0xb58dbad2, w6 = 0x312bf560, w7 = 0x7f8d292f
sboxw = 0xa6dc4f4e, new_sboxw = 0x2486842f, rconw = 0xa486842f
tw = 0xa6dc4f4e, trw = 0x2486842f
key_mem_new = 0xead27321b58dbad2312bf5607f8d292f, key_mem_we = 0x1

State of DUT
------------
Inputs and outputs:
key       = 0x2b7e151628aed2a6abf7158809cf4f3c00000000000000000000000000000000
keylen    = 0x0, init = 0x0, ready = 0x0
round     = 0x0a
round_key = 0xae127cdadb479ba8f220df3d4858f6b1

Internal states:
key_mem_ctrl = 0x2, round_key_update = 0x1, round_ctr_reg = 0x9
prev_key0_reg = 0xead27321b58dbad2312bf5607f8d292f, prev_key0_new = 0xac7766f319fadc2128d12941575c006e, prev_key0_we = 0x1
prev_key1_reg = 0x00000000000000000000000000000000, prev_key1_new = 0x00000000000000000000000000000000, prev_key1_we = 0x0
rcon_reg = 0x1b, rcon_new = 0x36,  rcon_set = 0x0,  rcon_next = 0x1, rcon_we = 0x1
w0 = 0xead27321, w1 = 0xb58dbad2, w2 = 0x312bf560, w3 = 0x7f8d292f
w4 = 0xac7766f3, w5 = 0x19fadc21, w6 = 0x28d12941, w7 = 0x575c006e
sboxw = 0x8d292f7f, new_sboxw = 0x5da515d2, rconw = 0x46a515d2
tw = 0x8d292f7f, trw = 0x5da515d2
key_mem_new = 0xac7766f319fadc2128d12941575c006e, key_mem_we = 0x1

State of DUT
------------
Inputs and outputs:
key       = 0x2b7e151628aed2a6abf7158809cf4f3c00000000000000000000000000000000
keylen    = 0x0, init = 0x0, ready = 0x0
round     = 0x0a
round_key = 0xae127cdadb479ba8f220df3d4858f6b1

Internal states:
key_mem_ctrl = 0x2, round_key_update = 0x1, round_ctr_reg = 0xa
prev_key0_reg = 0xac7766f319fadc2128d12941575c006e, prev_key0_new = 0xd014f9a8c9ee2589e13f0cc8b6630ca6, prev_key0_we = 0x1
prev_key1_reg = 0x00000000000000000000000000000000, prev_key1_new = 0x00000000000000000000000000000000, prev_key1_we = 0x0
rcon_reg = 0x36, rcon_new = 0x6c,  rcon_set = 0x0,  rcon_next = 0x1, rcon_we = 0x1
w0 = 0xac7766f3, w1 = 0x19fadc21, w2 = 0x28d12941, w3 = 0x575c006e
w4 = 0xd014f9a8, w5 = 0xc9ee2589, w6 = 0xe13f0cc8, w7 = 0xb6630ca6
sboxw = 0x5c006e57, new_sboxw = 0x4a639f5b, rconw = 0x7c639f5b
tw = 0x5c006e57, trw = 0x4a639f5b
key_mem_new = 0xd014f9a8c9ee2589e13f0cc8b6630ca6, key_mem_we = 0x1

State of DUT
------------
Inputs and outputs:
key       = 0x2b7e151628aed2a6abf7158809cf4f3c00000000000000000000000000000000
keylen    = 0x0, init = 0x0, ready = 0x1
round     = 0x00
round_key = 0x2b7e151628aed2a6abf7158809cf4f3c

Internal states:
key_mem_ctrl = 0x0, round_key_update = 0x0, round_ctr_reg = 0xa
prev_key0_reg = 0xd014f9a8c9ee2589e13f0cc8b6630ca6, prev_key0_new = 0xd014f9a8c9ee2589e13f0cc8b6630ca6, prev_key0_we = 0x0
prev_key1_reg = 0x00000000000000000000000000000000, prev_key1_new = 0x00000000000000000000000000000000, prev_key1_we = 0x0
rcon_reg = 0x6c, rcon_new = 0x6c,  rcon_set = 0x0,  rcon_next = 0x0, rcon_we = 0x0
w0 = 0xd014f9a8, w1 = 0xc9ee2589, w2 = 0xe13f0cc8, w3 = 0xb6630ca6
w4 = 0x47eadde6, w5 = 0x8e04f86f, w6 = 0x6f3bf4a7, w7 = 0xd958f801
sboxw = 0x630ca6b6, new_sboxw = 0xfbfe244e, rconw = 0x97fe244e
tw = 0x630ca6b6, trw = 0xfbfe244e
key_mem_new = 0x00000000000000000000000000000000, key_mem_we = 0x0

** key 0x0 matched expected round key.
** Got:      0x2b7e151628aed2a6abf7158809cf4f3c **

State of DUT
------------
Inputs and outputs:
key       = 0x2b7e151628aed2a6abf7158809cf4f3c00000000000000000000000000000000
keylen    = 0x0, init = 0x0, ready = 0x1
round     = 0x01
round_key = 0xa0fafe1788542cb123a339392a6c7605

Internal states:
key_mem_ctrl = 0x0, round_key_update = 0x0, round_ctr_reg = 0xa
prev_key0_reg = 0xd014f9a8c9ee2589e13f0cc8b6630ca6, prev_key0_new = 0xd014f9a8c9ee2589e13f0cc8b6630ca6, prev_key0_we = 0x0
prev_key1_reg = 0x00000000000000000000000000000000, prev_key1_new = 0x00000000000000000000000000000000, prev_key1_we = 0x0
rcon_reg = 0x6c, rcon_new = 0x6c,  rcon_set = 0x0,  rcon_next = 0x0, rcon_we = 0x0
w0 = 0xd014f9a8, w1 = 0xc9ee2589, w2 = 0xe13f0cc8, w3 = 0xb6630ca6
w4 = 0x47eadde6, w5 = 0x8e04f86f, w6 = 0x6f3bf4a7, w7 = 0xd958f801
sboxw = 0x630ca6b6, new_sboxw = 0xfbfe244e, rconw = 0x97fe244e
tw = 0x630ca6b6, trw = 0xfbfe244e
key_mem_new = 0x00000000000000000000000000000000, key_mem_we = 0x0

** key 0x1 matched expected round key.
** Got:      0xa0fafe1788542cb123a339392a6c7605 **

State of DUT
------------
Inputs and outputs:
key       = 0x2b7e151628aed2a6abf7158809cf4f3c00000000000000000000000000000000
keylen    = 0x0, init = 0x0, ready = 0x1
round     = 0x02
round_key = 0xf2c295f27a96b9435935807a7359f67f

Internal states:
key_mem_ctrl = 0x0, round_key_update = 0x0, round_ctr_reg = 0xa
prev_key0_reg = 0xd014f9a8c9ee2589e13f0cc8b6630ca6, prev_key0_new = 0xd014f9a8c9ee2589e13f0cc8b6630ca6, prev_key0_we = 0x0
prev_key1_reg = 0x00000000000000000000000000000000, prev_key1_new = 0x00000000000000000000000000000000, prev_key1_we = 0x0
rcon_reg = 0x6c, rcon_new = 0x6c,  rcon_set = 0x0,  rcon_next = 0x0, rcon_we = 0x0
w0 = 0xd014f9a8, w1 = 0xc9ee2589, w2 = 0xe13f0cc8, w3 = 0xb6630ca6
w4 = 0x47eadde6, w5 = 0x8e04f86f, w6 = 0x6f3bf4a7, w7 = 0xd958f801
sboxw = 0x630ca6b6, new_sboxw = 0xfbfe244e, rconw = 0x97fe244e
tw = 0x630ca6b6, trw = 0xfbfe244e
key_mem_new = 0x00000000000000000000000000000000, key_mem_we = 0x0

** key 0x2 matched expected round key.
** Got:      0xf2c295f27a96b9435935807a7359f67f **

State of DUT
------------
Inputs and outputs:
key       = 0x2b7e151628aed2a6abf7158809cf4f3c00000000000000000000000000000000
keylen    = 0x0, init = 0x0, ready = 0x1
round     = 0x03
round_key = 0x3d80477d4716fe3e1e237e446d7a883b

Internal states:
key_mem_ctrl = 0x0, round_key_update = 0x0, round_ctr_reg = 0xa
prev_key0_reg = 0xd014f9a8c9ee2589e13f0cc8b6630ca6, prev_key0_new = 0xd014f9a8c9ee2589e13f0cc8b6630ca6, prev_key0_we = 0x0
prev_key1_reg = 0x00000000000000000000000000000000, prev_key1_new = 0x00000000000000000000000000000000, prev_key1_we = 0x0
rcon_reg = 0x6c, rcon_new = 0x6c,  rcon_set = 0x0,  rcon_next = 0x0, rcon_we = 0x0
w0 = 0xd014f9a8, w1 = 0xc9ee2589, w2 = 0xe13f0cc8, w3 = 0xb6630ca6
w4 = 0x47eadde6, w5 = 0x8e04f86f, w6 = 0x6f3bf4a7, w7 = 0xd958f801
sboxw = 0x630ca6b6, new_sboxw = 0xfbfe244e, rconw = 0x97fe244e
tw = 0x630ca6b6, trw = 0xfbfe244e
key_mem_new = 0x00000000000000000000000000000000, key_mem_we = 0x0

** key 0x3 matched expected round key.
** Got:      0x3d80477d4716fe3e1e237e446d7a883b **

State of DUT
------------
Inputs and outputs:
key       = 0x2b7e151628aed2a6abf7158809cf4f3c00000000000000000000000000000000
keylen    = 0x0, init = 0x0, ready = 0x1
round     = 0x04
round_key = 0xef44a541a8525b7fb671253bdb0bad00

Internal states:
key_mem_ctrl = 0x0, round_key_update = 0x0, round_ctr_reg = 0xa
prev_key0_reg = 0xd014f9a8c9ee2589e13f0cc8b6630ca6, prev_key0_new = 0xd014f9a8c9ee2589e13f0cc8b6630ca6, prev_key0_we = 0x0
prev_key1_reg = 0x00000000000000000000000000000000, prev_key1_new = 0x00000000000000000000000000000000, prev_key1_we = 0x0
rcon_reg = 0x6c, rcon_new = 0x6c,  rcon_set = 0x0,  rcon_next = 0x0, rcon_we = 0x0
w0 = 0xd014f9a8, w1 = 0xc9ee2589, w2 = 0xe13f0cc8, w3 = 0xb6630ca6
w4 = 0x47eadde6, w5 = 0x8e04f86f, w6 = 0x6f3bf4a7, w7 = 0xd958f801
sboxw = 0x630ca6b6, new_sboxw = 0xfbfe244e, rconw = 0x97fe244e
tw = 0x630ca6b6, trw = 0xfbfe244e
key_mem_new = 0x00000000000000000000000000000000, key_mem_we = 0x0

** key 0x4 matched expected round key.
** Got:      0xef44a541a8525b7fb671253bdb0bad00 **

State of DUT
------------
Inputs and outputs:
key       = 0x2b7e151628aed2a6abf7158809cf4f3c00000000000000000000000000000000
keylen    = 0x0, init = 0x0, ready = 0x1
round     = 0x05
round_key = 0xd4d1c6f87c839d87caf2b8bc11f915bc

Internal states:
key_mem_ctrl = 0x0, round_key_update = 0x0, round_ctr_reg = 0xa
prev_key0_reg = 0xd014f9a8c9ee2589e13f0cc8b6630ca6, prev_key0_new = 0xd014f9a8c9ee2589e13f0cc8b6630ca6, prev_key0_we = 0x0
prev_key1_reg = 0x00000000000000000000000000000000, prev_key1_new = 0x00000000000000000000000000000000, prev_key1_we = 0x0
rcon_reg = 0x6c, rcon_new = 0x6c,  rcon_set = 0x0,  rcon_next = 0x0, rcon_we = 0x0
w0 = 0xd014f9a8, w1 = 0xc9ee2589, w2 = 0xe13f0cc8, w3 = 0xb6630ca6
w4 = 0x47eadde6, w5 = 0x8e04f86f, w6 = 0x6f3bf4a7, w7 = 0xd958f801
sboxw = 0x630ca6b6, new_sboxw = 0xfbfe244e, rconw = 0x97fe244e
tw = 0x630ca6b6, trw = 0xfbfe244e
key_mem_new = 0x00000000000000000000000000000000, key_mem_we = 0x0

** key 0x5 matched expected round key.
** Got:      0xd4d1c6f87c839d87caf2b8bc11f915bc **

State of DUT
------------
Inputs and outputs:
key       = 0x2b7e151628aed2a6abf7158809cf4f3c00000000000000000000000000000000
keylen    = 0x0, init = 0x0, ready = 0x1
round     = 0x06
round_key = 0x6d88a37a110b3efddbf98641ca0093fd

Internal states:
key_mem_ctrl = 0x0, round_key_update = 0x0, round_ctr_reg = 0xa
prev_key0_reg = 0xd014f9a8c9ee2589e13f0cc8b6630ca6, prev_key0_new = 0xd014f9a8c9ee2589e13f0cc8b6630ca6, prev_key0_we = 0x0
prev_key1_reg = 0x00000000000000000000000000000000, prev_key1_new = 0x00000000000000000000000000000000, prev_key1_we = 0x0
rcon_reg = 0x6c, rcon_new = 0x6c,  rcon_set = 0x0,  rcon_next = 0x0, rcon_we = 0x0
w0 = 0xd014f9a8, w1 = 0xc9ee2589, w2 = 0xe13f0cc8, w3 = 0xb6630ca6
w4 = 0x47eadde6, w5 = 0x8e04f86f, w6 = 0x6f3bf4a7, w7 = 0xd958f801
sboxw = 0x630ca6b6, new_sboxw = 0xfbfe244e, rconw = 0x97fe244e
tw = 0x630ca6b6, trw = 0xfbfe244e
key_mem_new = 0x00000000000000000000000000000000, key_mem_we = 0x0

** key 0x6 matched expected round key.
** Got:      0x6d88a37a110b3efddbf98641ca0093fd **

State of DUT
------------
Inputs and outputs:
key       = 0x2b7e151628aed2a6abf7158809cf4f3c00000000000000000000000000000000
keylen    = 0x0, init = 0x0, ready = 0x1
round     = 0x07
round_key = 0x4e54f70e5f5fc9f384a64fb24ea6dc4f

Internal states:
key_mem_ctrl = 0x0, round_key_update = 0x0, round_ctr_reg = 0xa
prev_key0_reg = 0xd014f9a8c9ee2589e13f0cc8b6630ca6, prev_key0_new = 0xd014f9a8c9ee2589e13f0cc8b6630ca6, prev_key0_we = 0x0
prev_key1_reg = 0x00000000000000000000000000000000, prev_key1_new = 0x00000000000000000000000000000000, prev_key1_we = 0x0
rcon_reg = 0x6c, rcon_new = 0x6c,  rcon_set = 0x0,  rcon_next = 0x0, rcon_we = 0x0
w0 = 0xd014f9a8, w1 = 0xc9ee2589, w2 = 0xe13f0cc8, w3 = 0xb6630ca6
w4 = 0x47eadde6, w5 = 0x8e04f86f, w6 = 0x6f3bf4a7, w7 = 0xd958f801
sboxw = 0x630ca6b6, new_sboxw = 0xfbfe244e, rconw = 0x97fe244e
tw = 0x630ca6b6, trw = 0xfbfe244e
key_mem_new = 0x00000000000000000000000000000000, key_mem_we = 0x0

** key 0x7 matched expected round key.
** Got:      0x4e54f70e5f5fc9f384a64fb24ea6dc4f **

State of DUT
------------
Inputs and outputs:
key       = 0x2b7e151628aed2a6abf7158809cf4f3c00000000000000000000000000000000
keylen    = 0x0, init = 0x0, ready = 0x1
round     = 0x08
round_key = 0xead27321b58dbad2312bf5607f8d292f

Internal states:
key_mem_ctrl = 0x0, round_key_update = 0x0, round_ctr_reg = 0xa
prev_key0_reg = 0xd014f9a8c9ee2589e13f0cc8b6630ca6, prev_key0_new = 0xd014f9a8c9ee2589e13f0cc8b6630ca6, prev_key0_we = 0x0
prev_key1_reg = 0x00000000000000000000000000000000, prev_key1_new = 0x00000000000000000000000000000000, prev_key1_we = 0x0
rcon_reg = 0x6c, rcon_new = 0x6c,  rcon_set = 0x0,  rcon_next = 0x0, rcon_we = 0x0
w0 = 0xd014f9a8, w1 = 0xc9ee2589, w2 = 0xe13f0cc8, w3 = 0xb6630ca6
w4 = 0x47eadde6, w5 = 0x8e04f86f, w6 = 0x6f3bf4a7, w7 = 0xd958f801
sboxw = 0x630ca6b6, new_sboxw = 0xfbfe244e, rconw = 0x97fe244e
tw = 0x630ca6b6, trw = 0xfbfe244e
key_mem_new = 0x00000000000000000000000000000000, key_mem_we = 0x0

** key 0x8 matched expected round key.
** Got:      0xead27321b58dbad2312bf5607f8d292f **

State of DUT
------------
Inputs and outputs:
key       = 0x2b7e151628aed2a6abf7158809cf4f3c00000000000000000000000000000000
keylen    = 0x0, init = 0x0, ready = 0x1
round     = 0x09
round_key = 0xac7766f319fadc2128d12941575c006e

Internal states:
key_mem_ctrl = 0x0, round_key_update = 0x0, round_ctr_reg = 0xa
prev_key0_reg = 0xd014f9a8c9ee2589e13f0cc8b6630ca6, prev_key0_new = 0xd014f9a8c9ee2589e13f0cc8b6630ca6, prev_key0_we = 0x0
prev_key1_reg = 0x00000000000000000000000000000000, prev_key1_new = 0x00000000000000000000000000000000, prev_key1_we = 0x0
rcon_reg = 0x6c, rcon_new = 0x6c,  rcon_set = 0x0,  rcon_next = 0x0, rcon_we = 0x0
w0 = 0xd014f9a8, w1 = 0xc9ee2589, w2 = 0xe13f0cc8, w3 = 0xb6630ca6
w4 = 0x47eadde6, w5 = 0x8e04f86f, w6 = 0x6f3bf4a7, w7 = 0xd958f801
sboxw = 0x630ca6b6, new_sboxw = 0xfbfe244e, rconw = 0x97fe244e
tw = 0x630ca6b6, trw = 0xfbfe244e
key_mem_new = 0x00000000000000000000000000000000, key_mem_we = 0x0

** key 0x9 matched expected round key.
** Got:      0xac7766f319fadc2128d12941575c006e **

State of DUT
------------
Inputs and outputs:
key       = 0x2b7e151628aed2a6abf7158809cf4f3c00000000000000000000000000000000
keylen    = 0x0, init = 0x0, ready = 0x1
round     = 0x0a
round_key = 0xd014f9a8c9ee2589e13f0cc8b6630ca6

Internal states:
key_mem_ctrl = 0x0, round_key_update = 0x0, round_ctr_reg = 0xa
prev_key0_reg = 0xd014f9a8c9ee2589e13f0cc8b6630ca6, prev_key0_new = 0xd014f9a8c9ee2589e13f0cc8b6630ca6, prev_key0_we = 0x0
prev_key1_reg = 0x00000000000000000000000000000000, prev_key1_new = 0x00000000000000000000000000000000, prev_key1_we = 0x0
rcon_reg = 0x6c, rcon_new = 0x6c,  rcon_set = 0x0,  rcon_next = 0x0, rcon_we = 0x0
w0 = 0xd014f9a8, w1 = 0xc9ee2589, w2 = 0xe13f0cc8, w3 = 0xb6630ca6
w4 = 0x47eadde6, w5 = 0x8e04f86f, w6 = 0x6f3bf4a7, w7 = 0xd958f801
sboxw = 0x630ca6b6, new_sboxw = 0xfbfe244e, rconw = 0x97fe244e
tw = 0x630ca6b6, trw = 0xfbfe244e
key_mem_new = 0x00000000000000000000000000000000, key_mem_we = 0x0

** key 0xa matched expected round key.
** Got:      0xd014f9a8c9ee2589e13f0cc8b6630ca6 **

** Testing with 256-bit key 0x0000000000000000000000000000000000000000000000000000000000000000

State of DUT
------------
Inputs and outputs:
key       = 0x0000000000000000000000000000000000000000000000000000000000000000
keylen    = 0x1, init = 0x1, ready = 0x1
round     = 0x0a
round_key = 0xd014f9a8c9ee2589e13f0cc8b6630ca6

Internal states:
key_mem_ctrl = 0x0, round_key_update = 0x0, round_ctr_reg = 0xa
prev_key0_reg = 0xd014f9a8c9ee2589e13f0cc8b6630ca6, prev_key0_new = 0xd014f9a8c9ee2589e13f0cc8b6630ca6, prev_key0_we = 0x0
prev_key1_reg = 0x00000000000000000000000000000000, prev_key1_new = 0x00000000000000000000000000000000, prev_key1_we = 0x0
rcon_reg = 0x6c, rcon_new = 0x6c,  rcon_set = 0x0,  rcon_next = 0x0, rcon_we = 0x0
w0 = 0xd014f9a8, w1 = 0xc9ee2589, w2 = 0xe13f0cc8, w3 = 0xb6630ca6
w4 = 0x47eadde6, w5 = 0x8e04f86f, w6 = 0x6f3bf4a7, w7 = 0xd958f801
sboxw = 0x630ca6b6, new_sboxw = 0xfbfe244e, rconw = 0x97fe244e
tw = 0x630ca6b6, trw = 0xfbfe244e
key_mem_new = 0x00000000000000000000000000000000, key_mem_we = 0x0

State of DUT
------------
Inputs and outputs:
key       = 0x0000000000000000000000000000000000000000000000000000000000000000
keylen    = 0x1, init = 0x1, ready = 0x0
round     = 0x0a
round_key = 0xd014f9a8c9ee2589e13f0cc8b6630ca6

Internal states:
key_mem_ctrl = 0x1, round_key_update = 0x1, round_ctr_reg = 0x0
prev_key0_reg = 0xd014f9a8c9ee2589e13f0cc8b6630ca6, prev_key0_new = 0x00000000000000000000000000000000, prev_key0_we = 0x1
prev_key1_reg = 0x00000000000000000000000000000000, prev_key1_new = 0x00000000000000000000000000000000, prev_key1_we = 0x1
rcon_reg = 0x6c, rcon_new = 0x01,  rcon_set = 0x1,  rcon_next = 0x0, rcon_we = 0x1
w0 = 0xd014f9a8, w1 = 0xc9ee2589, w2 = 0xe13f0cc8, w3 = 0xb6630ca6
w4 = 0xdf779acb, w5 = 0x1699bf42, w6 = 0xf7a6b38a, w7 = 0x41c5bf2c
sboxw = 0x00000000, new_sboxw = 0x63636363, rconw = 0x0f636363
tw = 0x00000000, trw = 0x63636363
key_mem_new = 0x00000000000000000000000000000000, key_mem_we = 0x1

State of DUT
------------
Inputs and outputs:
key       = 0x0000000000000000000000000000000000000000000000000000000000000000
keylen    = 0x1, init = 0x0, ready = 0x0
round     = 0x0a
round_key = 0xd014f9a8c9ee2589e13f0cc8b6630ca6

Internal states:
key_mem_ctrl = 0x2, round_key_update = 0x1, round_ctr_reg = 0x1
prev_key0_reg = 0x00000000000000000000000000000000, prev_key0_new = 0x00000000000000000000000000000000, prev_key0_we = 0x0
prev_key1_reg = 0x00000000000000000000000000000000, prev_key1_new = 0x00000000000000000000000000000000, prev_key1_we = 0x0
rcon_reg = 0x01, rcon_new = 0x01,  rcon_set = 0x0,  rcon_next = 0x0, rcon_we = 0x0
w0 = 0x00000000, w1 = 0x00000000, w2 = 0x00000000, w3 = 0x00000000
w4 = 0x63636363, w5 = 0x63636363, w6 = 0x63636363, w7 = 0x63636363
sboxw = 0x00000000, new_sboxw = 0x63636363, rconw = 0x63636363
tw = 0x00000000, trw = 0x63636363
key_mem_new = 0x00000000000000000000000000000000, key_mem_we = 0x1

State of DUT
------------
Inputs and outputs:
key       = 0x0000000000000000000000000000000000000000000000000000000000000000
keylen    = 0x1, init = 0x0, ready = 0x0
round     = 0x0a
round_key = 0xd014f9a8c9ee2589e13f0cc8b6630ca6

Internal states:
key_mem_ctrl = 0x2, round_key_update = 0x1, round_ctr_reg = 0x2
prev_key0_reg = 0x00000000000000000000000000000000, prev_key0_new = 0x00000000000000000000000000000000, prev_key0_we = 0x1
prev_key1_reg = 0x00000000000000000000000000000000, prev_key1_new = 0x62636363626363636263636362636363, prev_key1_we = 0x1
rcon_reg = 0x01, rcon_new = 0x02,  rcon_set = 0x0,  rcon_next = 0x1, rcon_we = 0x1
w0 = 0x00000000, w1 = 0x00000000, w2 = 0x00000000, w3 = 0x00000000
w4 = 0x62636363, w5 = 0x62636363, w6 = 0x62636363, w7 = 0x62636363
sboxw = 0x00000000, new_sboxw = 0x63636363, rconw = 0x62636363
tw = 0x00000000, trw = 0x63636363
key_mem_new = 0x62636363626363636263636362636363, key_mem_we = 0x1

State of DUT
------------
Inputs and outputs:
key       = 0x0000000000000000000000000000000000000000000000000000000000000000
keylen    = 0x1, init = 0x0, ready = 0x0
round     = 0x0a
round_key = 0xd014f9a8c9ee2589e13f0cc8b6630ca6

Internal states:
key_mem_ctrl = 0x2, round_key_update = 0x1, round_ctr_reg = 0x3
prev_key0_reg = 0x00000000000000000000000000000000, prev_key0_new = 0x62636363626363636263636362636363, prev_key0_we = 0x1
prev_key1_reg = 0x62636363626363636263636362636363, prev_key1_new = 0xaafbfbfbaafbfbfbaafbfbfbaafbfbfb, prev_key1_we = 0x1
rcon_reg = 0x02, rcon_new = 0x02,  rcon_set = 0x0,  rcon_next = 0x0, rcon_we = 0x0
w0 = 0x00000000, w1 = 0x00000000, w2 = 0x00000000, w3 = 0x00000000
w4 = 0xaafbfbfb, w5 = 0xaafbfbfb, w6 = 0xaafbfbfb, w7 = 0xaafbfbfb
sboxw = 0x62636363, new_sboxw = 0xaafbfbfb, rconw = 0xaafbfbfb
tw = 0x62636363, trw = 0xaafbfbfb
key_mem_new = 0xaafbfbfbaafbfbfbaafbfbfbaafbfbfb, key_mem_we = 0x1

State of DUT
------------
Inputs and outputs:
key       = 0x0000000000000000000000000000000000000000000000000000000000000000
keylen    = 0x1, init = 0x0, ready = 0x0
round     = 0x0a
round_key = 0xd014f9a8c9ee2589e13f0cc8b6630ca6

Internal states:
key_mem_ctrl = 0x2, round_key_update = 0x1, round_ctr_reg = 0x4
prev_key0_reg = 0x62636363626363636263636362636363, prev_key0_new = 0xaafbfbfbaafbfbfbaafbfbfbaafbfbfb, prev_key0_we = 0x1
prev_key1_reg = 0xaafbfbfbaafbfbfbaafbfbfbaafbfbfb, prev_key1_new = 0x6f6c6ccf0d0f0fac6f6c6ccf0d0f0fac, prev_key1_we = 0x1
rcon_reg = 0x02, rcon_new = 0x04,  rcon_set = 0x0,  rcon_next = 0x1, rcon_we = 0x1
w0 = 0x62636363, w1 = 0x62636363, w2 = 0x62636363, w3 = 0x62636363
w4 = 0x6f6c6ccf, w5 = 0x0d0f0fac, w6 = 0x6f6c6ccf, w7 = 0x0d0f0fac
sboxw = 0xfbfbfbaa, new_sboxw = 0x0f0f0fac, rconw = 0x0d0f0fac
tw = 0xfbfbfbaa, trw = 0x0f0f0fac
key_mem_new = 0x6f6c6ccf0d0f0fac6f6c6ccf0d0f0fac, key_mem_we = 0x1

State of DUT
------------
Inputs and outputs:
key       = 0x0000000000000000000000000000000000000000000000000000000000000000
keylen    = 0x1, init = 0x0, ready = 0x0
round     = 0x0a
round_key = 0xd014f9a8c9ee2589e13f0cc8b6630ca6

Internal states:
key_mem_ctrl = 0x2, round_key_update = 0x1, round_ctr_reg = 0x5
prev_key0_reg = 0xaafbfbfbaafbfbfbaafbfbfbaafbfbfb, prev_key0_new = 0x6f6c6ccf0d0f0fac6f6c6ccf0d0f0fac, prev_key0_we = 0x1
prev_key1_reg = 0x6f6c6ccf0d0f0fac6f6c6ccf0d0f0fac, prev_key1_new = 0x7d8d8d6ad77676917d8d8d6ad7767691, prev_key1_we = 0x1
rcon_reg = 0x04, rcon_new = 0x04,  rcon_set = 0x0,  rcon_next = 0x0, rcon_we = 0x0
w0 = 0xaafbfbfb, w1 = 0xaafbfbfb, w2 = 0xaafbfbfb, w3 = 0xaafbfbfb
w4 = 0x7d8d8d6a, w5 = 0xd7767691, w6 = 0x7d8d8d6a, w7 = 0xd7767691
sboxw = 0x0d0f0fac, new_sboxw = 0xd7767691, rconw = 0xd7767691
tw = 0x0d0f0fac, trw = 0xd7767691
key_mem_new = 0x7d8d8d6ad77676917d8d8d6ad7767691, key_mem_we = 0x1

State of DUT
------------
Inputs and outputs:
key       = 0x0000000000000000000000000000000000000000000000000000000000000000
keylen    = 0x1, init = 0x0, ready = 0x0
round     = 0x0a
round_key = 0xd014f9a8c9ee2589e13f0cc8b6630ca6

Internal states:
key_mem_ctrl = 0x2, round_key_update = 0x1, round_ctr_reg = 0x6
prev_key0_reg = 0x6f6c6ccf0d0f0fac6f6c6ccf0d0f0fac, prev_key0_new = 0x7d8d8d6ad77676917d8d8d6ad7767691, prev_key0_we = 0x1
prev_key1_reg = 0x7d8d8d6ad77676917d8d8d6ad7767691, prev_key1_new = 0x5354edc15e5be26d31378ea23c38810e, prev_key1_we = 0x1
rcon_reg = 0x04, rcon_new = 0x08,  rcon_set = 0x0,  rcon_next = 0x1, rcon_we = 0x1
w0 = 0x6f6c6ccf, w1 = 0x0d0f0fac, w2 = 0x6f6c6ccf, w3 = 0x0d0f0fac
w4 = 0x5354edc1, w5 = 0x5e5be26d, w6 = 0x31378ea2, w7 = 0x3c38810e
sboxw = 0x767691d7, new_sboxw = 0x3838810e, rconw = 0x3c38810e
tw = 0x767691d7, trw = 0x3838810e
key_mem_new = 0x5354edc15e5be26d31378ea23c38810e, key_mem_we = 0x1

State of DUT
------------
Inputs and outputs:
key       = 0x0000000000000000000000000000000000000000000000000000000000000000
keylen    = 0x1, init = 0x0, ready = 0x0
round     = 0x0a
round_key = 0xd014f9a8c9ee2589e13f0cc8b6630ca6

Internal states:
key_mem_ctrl = 0x2, round_key_update = 0x1, round_ctr_reg = 0x7
prev_key0_reg = 0x7d8d8d6ad77676917d8d8d6ad7767691, prev_key0_new = 0x5354edc15e5be26d31378ea23c38810e, prev_key0_we = 0x1
prev_key1_reg = 0x5354edc15e5be26d31378ea23c38810e, prev_key1_new = 0x968a81c141fcf7503c717a3aeb070cab, prev_key1_we = 0x1
rcon_reg = 0x08, rcon_new = 0x08,  rcon_set = 0x0,  rcon_next = 0x0, rcon_we = 0x0
w0 = 0x7d8d8d6a, w1 = 0xd7767691, w2 = 0x7d8d8d6a, w3 = 0xd7767691
w4 = 0x968a81c1, w5 = 0x41fcf750, w6 = 0x3c717a3a, w7 = 0xeb070cab
sboxw = 0x3c38810e, new_sboxw = 0xeb070cab, rconw = 0xeb070cab
tw = 0x3c38810e, trw = 0xeb070cab
key_mem_new = 0x968a81c141fcf7503c717a3aeb070cab, key_mem_we = 0x1

State of DUT
------------
Inputs and outputs:
key       = 0x0000000000000000000000000000000000000000000000000000000000000000
keylen    = 0x1, init = 0x0, ready = 0x0
round     = 0x0a
round_key = 0xd014f9a8c9ee2589e13f0cc8b6630ca6

Internal states:
key_mem_ctrl = 0x2, round_key_update = 0x1, round_ctr_reg = 0x8
prev_key0_reg = 0x5354edc15e5be26d31378ea23c38810e, prev_key0_new = 0x968a81c141fcf7503c717a3aeb070cab, prev_key0_we = 0x1
prev_key1_reg = 0x968a81c141fcf7503c717a3aeb070cab, prev_key1_new = 0x9eaa8f28c0f16d45f1c6e3e7cdfe62e9, prev_key1_we = 0x1
rcon_reg = 0x08, rcon_new = 0x10,  rcon_set = 0x0,  rcon_next = 0x1, rcon_we = 0x1
w0 = 0x5354edc1, w1 = 0x5e5be26d, w2 = 0x31378ea2, w3 = 0x3c38810e
w4 = 0x9eaa8f28, w5 = 0xc0f16d45, w6 = 0xf1c6e3e7, w7 = 0xcdfe62e9
sboxw = 0x070cabeb, new_sboxw = 0xc5fe62e9, rconw = 0xcdfe62e9
tw = 0x070cabeb, trw = 0xc5fe62e9
key_mem_new = 0x9eaa8f28c0f16d45f1c6e3e7cdfe62e9, key_mem_we = 0x1

State of DUT
------------
Inputs and outputs:
key       = 0x0000000000000000000000000000000000000000000000000000000000000000
keylen    = 0x1, init = 0x0, ready = 0x0
round     = 0x0a
round_key = 0xd014f9a8c9ee2589e13f0cc8b6630ca6

Internal states:
key_mem_ctrl = 0x2, round_key_update = 0x1, round_ctr_reg = 0x9
prev_key0_reg = 0x968a81c141fcf7503c717a3aeb070cab, prev_key0_new = 0x9eaa8f28c0f16d45f1c6e3e7cdfe62e9, prev_key0_we = 0x1
prev_key1_reg = 0x9eaa8f28c0f16d45f1c6e3e7cdfe62e9, prev_key1_new = 0x2b312bdf6acddc8f56bca6b5bdbbaa1e, prev_key1_we = 0x1
rcon_reg = 0x10, rcon_new = 0x10,  rcon_set = 0x0,  rcon_next = 0x0, rcon_we = 0x0
w0 = 0x968a81c1, w1 = 0x41fcf750, w2 = 0x3c717a3a, w3 = 0xeb070cab
w4 = 0x2b312bdf, w5 = 0x6acddc8f, w6 = 0x56bca6b5, w7 = 0xbdbbaa1e
sboxw = 0xcdfe62e9, new_sboxw = 0xbdbbaa1e, rconw = 0xbdbbaa1e
tw = 0xcdfe62e9, trw = 0xbdbbaa1e
key_mem_new = 0x2b312bdf6acddc8f56bca6b5bdbbaa1e, key_mem_we = 0x1

State of DUT
------------
Inputs and outputs:
key       = 0x0000000000000000000000000000000000000000000000000000000000000000
keylen    = 0x1, init = 0x0, ready = 0x0
round     = 0x0a
round_key = 0xd014f9a8c9ee2589e13f0cc8b6630ca6

Internal states:
key_mem_ctrl = 0x2, round_key_update = 0x1, round_ctr_reg = 0xa
prev_key0_reg = 0x9eaa8f28c0f16d45f1c6e3e7cdfe62e9, prev_key0_new = 0x2b312bdf6acddc8f56bca6b5bdbbaa1e, prev_key0_we = 0x1
prev_key1_reg = 0x2b312bdf6acddc8f56bca6b5bdbbaa1e, prev_key1_new = 0x6406fd52a4f79017553173f098cf1119, prev_key1_we = 0x1
rcon_reg = 0x10, rcon_new = 0x20,  rcon_set = 0x0,  rcon_next = 0x1, rcon_we = 0x1
w0 = 0x9eaa8f28, w1 = 0xc0f16d45, w2 = 0xf1c6e3e7, w3 = 0xcdfe62e9
w4 = 0x6406fd52, w5 = 0xa4f79017, w6 = 0x553173f0, w7 = 0x98cf1119
sboxw = 0xbbaa1ebd, new_sboxw = 0xeaac727a, rconw = 0xfaac727a
tw = 0xbbaa1ebd, trw = 0xeaac727a
key_mem_new = 0x6406fd52a4f79017553173f098cf1119, key_mem_we = 0x1

State of DUT
------------
Inputs and outputs:
key       = 0x0000000000000000000000000000000000000000000000000000000000000000
keylen    = 0x1, init = 0x0, ready = 0x0
round     = 0x0a
round_key = 0x6406fd52a4f79017553173f098cf1119

Internal states:
key_mem_ctrl = 0x2, round_key_update = 0x1, round_ctr_reg = 0xb
prev_key0_reg = 0x2b312bdf6acddc8f56bca6b5bdbbaa1e, prev_key0_new = 0x6406fd52a4f79017553173f098cf1119, prev_key0_we = 0x1
prev_key1_reg = 0x6406fd52a4f79017553173f098cf1119, prev_key1_new = 0x6dbba90b0776758451cad331ec71792f, prev_key1_we = 0x1
rcon_reg = 0x20, rcon_new = 0x20,  rcon_set = 0x0,  rcon_next = 0x0, rcon_we = 0x0
w0 = 0x2b312bdf, w1 = 0x6acddc8f, w2 = 0x56bca6b5, w3 = 0xbdbbaa1e
w4 = 0x6dbba90b, w5 = 0x07767584, w6 = 0x51cad331, w7 = 0xec71792f
sboxw = 0x98cf1119, new_sboxw = 0x468a82d4, rconw = 0x468a82d4
tw = 0x98cf1119, trw = 0x468a82d4
key_mem_new = 0x6dbba90b0776758451cad331ec71792f, key_mem_we = 0x1

State of DUT
------------
Inputs and outputs:
key       = 0x0000000000000000000000000000000000000000000000000000000000000000
keylen    = 0x1, init = 0x0, ready = 0x0
round     = 0x0a
round_key = 0x6406fd52a4f79017553173f098cf1119

Internal states:
key_mem_ctrl = 0x2, round_key_update = 0x1, round_ctr_reg = 0xc
prev_key0_reg = 0x6406fd52a4f79017553173f098cf1119, prev_key0_new = 0x6dbba90b0776758451cad331ec71792f, prev_key0_we = 0x1
prev_key1_reg = 0x6dbba90b0776758451cad331ec71792f, prev_key1_new = 0xe7b0e89c4347788b16760b7b8eb91a62, prev_key1_we = 0x1
rcon_reg = 0x20, rcon_new = 0x40,  rcon_set = 0x0,  rcon_next = 0x1, rcon_we = 0x1
w0 = 0x6406fd52, w1 = 0xa4f79017, w2 = 0x553173f0, w3 = 0x98cf1119
w4 = 0xe7b0e89c, w5 = 0x4347788b, w6 = 0x16760b7b, w7 = 0x8eb91a62
sboxw = 0x71792fec, new_sboxw = 0xa3b615ce, rconw = 0x83b615ce
tw = 0x71792fec, trw = 0xa3b615ce
key_mem_new = 0xe7b0e89c4347788b16760b7b8eb91a62, key_mem_we = 0x1

State of DUT
------------
Inputs and outputs:
key       = 0x0000000000000000000000000000000000000000000000000000000000000000
keylen    = 0x1, init = 0x0, ready = 0x0
round     = 0x0a
round_key = 0x6406fd52a4f79017553173f098cf1119

Internal states:
key_mem_ctrl = 0x2, round_key_update = 0x1, round_ctr_reg = 0xd
prev_key0_reg = 0x6dbba90b0776758451cad331ec71792f, prev_key0_new = 0xe7b0e89c4347788b16760b7b8eb91a62, prev_key0_we = 0x1
prev_key1_reg = 0xe7b0e89c4347788b16760b7b8eb91a62, prev_key1_new = 0x74ed0ba1739b7e252251ad14ce20d43b, prev_key1_we = 0x1
rcon_reg = 0x40, rcon_new = 0x40,  rcon_set = 0x0,  rcon_next = 0x0, rcon_we = 0x0
w0 = 0x6dbba90b, w1 = 0x07767584, w2 = 0x51cad331, w3 = 0xec71792f
w4 = 0x74ed0ba1, w5 = 0x739b7e25, w6 = 0x2251ad14, w7 = 0xce20d43b
sboxw = 0x8eb91a62, new_sboxw = 0x1956a2aa, rconw = 0x1956a2aa
tw = 0x8eb91a62, trw = 0x1956a2aa
key_mem_new = 0x74ed0ba1739b7e252251ad14ce20d43b, key_mem_we = 0x1

State of DUT
------------
Inputs and outputs:
key       = 0x0000000000000000000000000000000000000000000000000000000000000000
keylen    = 0x1, init = 0x0, ready = 0x0
round     = 0x0a
round_key = 0x6406fd52a4f79017553173f098cf1119

Internal states:
key_mem_ctrl = 0x2, round_key_update = 0x1, round_ctr_reg = 0xe
prev_key0_reg = 0xe7b0e89c4347788b16760b7b8eb91a62, prev_key0_new = 0x74ed0ba1739b7e252251ad14ce20d43b, prev_key0_we = 0x1
prev_key1_reg = 0x74ed0ba1739b7e252251ad14ce20d43b, prev_key1_new = 0x10f80a1753bf729c45c979e7cb706385, prev_key1_we = 0x1
rcon_reg = 0x40, rcon_new = 0x80,  rcon_set = 0x0,  rcon_next = 0x1, rcon_we = 0x1
w0 = 0xe7b0e89c, w1 = 0x4347788b, w2 = 0x16760b7b, w3 = 0x8eb91a62
w4 = 0x10f80a17, w5 = 0x53bf729c, w6 = 0x45c979e7, w7 = 0xcb706385
sboxw = 0x20d43bce, new_sboxw = 0xb748e28b, rconw = 0xf748e28b
tw = 0x20d43bce, trw = 0xb748e28b
key_mem_new = 0x10f80a1753bf729c45c979e7cb706385, key_mem_we = 0x1

State of DUT
------------
Inputs and outputs:
key       = 0x0000000000000000000000000000000000000000000000000000000000000000
keylen    = 0x1, init = 0x0, ready = 0x1
round     = 0x00
round_key = 0x00000000000000000000000000000000

Internal states:
key_mem_ctrl = 0x0, round_key_update = 0x0, round_ctr_reg = 0xe
prev_key0_reg = 0x74ed0ba1739b7e252251ad14ce20d43b, prev_key0_new = 0x74ed0ba1739b7e252251ad14ce20d43b, prev_key0_we = 0x0
prev_key1_reg = 0x10f80a1753bf729c45c979e7cb706385, prev_key1_new = 0x10f80a1753bf729c45c979e7cb706385, prev_key1_we = 0x0
rcon_reg = 0x80, rcon_new = 0x80,  rcon_set = 0x0,  rcon_next = 0x0, rcon_we = 0x0
w0 = 0x74ed0ba1, w1 = 0x739b7e25, w2 = 0x2251ad14, w3 = 0xce20d43b
w4 = 0xa5169cbe, w5 = 0xd68de29b, w6 = 0xf4dc4f8f, w7 = 0x3afc9bb4
sboxw = 0x706385cb, new_sboxw = 0x51fb971f, rconw = 0xd1fb971f
tw = 0x706385cb, trw = 0x51fb971f
key_mem_new = 0x00000000000000000000000000000000, key_mem_we = 0x0

** key 0x0 matched expected round key.
** Got:      0x00000000000000000000000000000000 **

State of DUT
------------
Inputs and outputs:
key       = 0x0000000000000000000000000000000000000000000000000000000000000000
keylen    = 0x1, init = 0x0, ready = 0x1
round     = 0x01
round_key = 0x00000000000000000000000000000000

Internal states:
key_mem_ctrl = 0x0, round_key_update = 0x0, round_ctr_reg = 0xe
prev_key0_reg = 0x74ed0ba1739b7e252251ad14ce20d43b, prev_key0_new = 0x74ed0ba1739b7e252251ad14ce20d43b, prev_key0_we = 0x0
prev_key1_reg = 0x10f80a1753bf729c45c979e7cb706385, prev_key1_new = 0x10f80a1753bf729c45c979e7cb706385, prev_key1_we = 0x0
rcon_reg = 0x80, rcon_new = 0x80,  rcon_set = 0x0,  rcon_next = 0x0, rcon_we = 0x0
w0 = 0x74ed0ba1, w1 = 0x739b7e25, w2 = 0x2251ad14, w3 = 0xce20d43b
w4 = 0xa5169cbe, w5 = 0xd68de29b, w6 = 0xf4dc4f8f, w7 = 0x3afc9bb4
sboxw = 0x706385cb, new_sboxw = 0x51fb971f, rconw = 0xd1fb971f
tw = 0x706385cb, trw = 0x51fb971f
key_mem_new = 0x00000000000000000000000000000000, key_mem_we = 0x0

** key 0x1 matched expected round key.
** Got:      0x00000000000000000000000000000000 **

State of DUT
------------
Inputs and outputs:
key       = 0x0000000000000000000000000000000000000000000000000000000000000000
keylen    = 0x1, init = 0x0, ready = 0x1
round     = 0x02
round_key = 0x62636363626363636263636362636363

Internal states:
key_mem_ctrl = 0x0, round_key_update = 0x0, round_ctr_reg = 0xe
prev_key0_reg = 0x74ed0ba1739b7e252251ad14ce20d43b, prev_key0_new = 0x74ed0ba1739b7e252251ad14ce20d43b, prev_key0_we = 0x0
prev_key1_reg = 0x10f80a1753bf729c45c979e7cb706385, prev_key1_new = 0x10f80a1753bf729c45c979e7cb706385, prev_key1_we = 0x0
rcon_reg = 0x80, rcon_new = 0x80,  rcon_set = 0x0,  rcon_next = 0x0, rcon_we = 0x0
w0 = 0x74ed0ba1, w1 = 0x739b7e25, w2 = 0x2251ad14, w3 = 0xce20d43b
w4 = 0xa5169cbe, w5 = 0xd68de29b, w6 = 0xf4dc4f8f, w7 = 0x3afc9bb4
sboxw = 0x706385cb, new_sboxw = 0x51fb971f, rconw = 0xd1fb971f
tw = 0x706385cb, trw = 0x51fb971f
key_mem_new = 0x00000000000000000000000000000000, key_mem_we = 0x0

** key 0x2 matched expected round key.
** Got:      0x62636363626363636263636362636363 **

State of DUT
------------
Inputs and outputs:
key       = 0x0000000000000000000000000000000000000000000000000000000000000000
keylen    = 0x1, init = 0x0, ready = 0x1
round     = 0x03
round_key = 0xaafbfbfbaafbfbfbaafbfbfbaafbfbfb

Internal states:
key_mem_ctrl = 0x0, round_key_update = 0x0, round_ctr_reg = 0xe
prev_key0_reg = 0x74ed0ba1739b7e252251ad14ce20d43b, prev_key0_new = 0x74ed0ba1739b7e252251ad14ce20d43b, prev_key0_we = 0x0
prev_key1_reg = 0x10f80a1753bf729c45c979e7cb706385, prev_key1_new = 0x10f80a1753bf729c45c979e7cb706385, prev_key1_we = 0x0
rcon_reg = 0x80, rcon_new = 0x80,  rcon_set = 0x0,  rcon_next = 0x0, rcon_we = 0x0
w0 = 0x74ed0ba1, w1 = 0x739b7e25, w2 = 0x2251ad14, w3 = 0xce20d43b
w4 = 0xa5169cbe, w5 = 0xd68de29b, w6 = 0xf4dc4f8f, w7 = 0x3afc9bb4
sboxw = 0x706385cb, new_sboxw = 0x51fb971f, rconw = 0xd1fb971f
tw = 0x706385cb, trw = 0x51fb971f
key_mem_new = 0x00000000000000000000000000000000, key_mem_we = 0x0

** key 0x3 matched expected round key.
** Got:      0xaafbfbfbaafbfbfbaafbfbfbaafbfbfb **

State of DUT
------------
Inputs and outputs:
key       = 0x0000000000000000000000000000000000000000000000000000000000000000
keylen    = 0x1, init = 0x0, ready = 0x1
round     = 0x04
round_key = 0x6f6c6ccf0d0f0fac6f6c6ccf0d0f0fac

Internal states:
key_mem_ctrl = 0x0, round_key_update = 0x0, round_ctr_reg = 0xe
prev_key0_reg = 0x74ed0ba1739b7e252251ad14ce20d43b, prev_key0_new = 0x74ed0ba1739b7e252251ad14ce20d43b, prev_key0_we = 0x0
prev_key1_reg = 0x10f80a1753bf729c45c979e7cb706385, prev_key1_new = 0x10f80a1753bf729c45c979e7cb706385, prev_key1_we = 0x0
rcon_reg = 0x80, rcon_new = 0x80,  rcon_set = 0x0,  rcon_next = 0x0, rcon_we = 0x0
w0 = 0x74ed0ba1, w1 = 0x739b7e25, w2 = 0x2251ad14, w3 = 0xce20d43b
w4 = 0xa5169cbe, w5 = 0xd68de29b, w6 = 0xf4dc4f8f, w7 = 0x3afc9bb4
sboxw = 0x706385cb, new_sboxw = 0x51fb971f, rconw = 0xd1fb971f
tw = 0x706385cb, trw = 0x51fb971f
key_mem_new = 0x00000000000000000000000000000000, key_mem_we = 0x0

** key 0x4 matched expected round key.
** Got:      0x6f6c6ccf0d0f0fac6f6c6ccf0d0f0fac **

State of DUT
------------
Inputs and outputs:
key       = 0x0000000000000000000000000000000000000000000000000000000000000000
keylen    = 0x1, init = 0x0, ready = 0x1
round     = 0x05
round_key = 0x7d8d8d6ad77676917d8d8d6ad7767691

Internal states:
key_mem_ctrl = 0x0, round_key_update = 0x0, round_ctr_reg = 0xe
prev_key0_reg = 0x74ed0ba1739b7e252251ad14ce20d43b, prev_key0_new = 0x74ed0ba1739b7e252251ad14ce20d43b, prev_key0_we = 0x0
prev_key1_reg = 0x10f80a1753bf729c45c979e7cb706385, prev_key1_new = 0x10f80a1753bf729c45c979e7cb706385, prev_key1_we = 0x0
rcon_reg = 0x80, rcon_new = 0x80,  rcon_set = 0x0,  rcon_next = 0x0, rcon_we = 0x0
w0 = 0x74ed0ba1, w1 = 0x739b7e25, w2 = 0x2251ad14, w3 = 0xce20d43b
w4 = 0xa5169cbe, w5 = 0xd68de29b, w6 = 0xf4dc4f8f, w7 = 0x3afc9bb4
sboxw = 0x706385cb, new_sboxw = 0x51fb971f, rconw = 0xd1fb971f
tw = 0x706385cb, trw = 0x51fb971f
key_mem_new = 0x00000000000000000000000000000000, key_mem_we = 0x0

** key 0x5 matched expected round key.
** Got:      0x7d8d8d6ad77676917d8d8d6ad7767691 **

State of DUT
------------
Inputs and outputs:
key       = 0x0000000000000000000000000000000000000000000000000000000000000000
keylen    = 0x1, init = 0x0, ready = 0x1
round     = 0x06
round_key = 0x5354edc15e5be26d31378ea23c38810e

Internal states:
key_mem_ctrl = 0x0, round_key_update = 0x0, round_ctr_reg = 0xe
prev_key0_reg = 0x74ed0ba1739b7e252251ad14ce20d43b, prev_key0_new = 0x74ed0ba1739b7e252251ad14ce20d43b, prev_key0_we = 0x0
prev_key1_reg = 0x10f80a1753bf729c45c979e7cb706385, prev_key1_new = 0x10f80a1753bf729c45c979e7cb706385, prev_key1_we = 0x0
rcon_reg = 0x80, rcon_new = 0x80,  rcon_set = 0x0,  rcon_next = 0x0, rcon_we = 0x0
w0 = 0x74ed0ba1, w1 = 0x739b7e25, w2 = 0x2251ad14, w3 = 0xce20d43b
w4 = 0xa5169cbe, w5 = 0xd68de29b, w6 = 0xf4dc4f8f, w7 = 0x3afc9bb4
sboxw = 0x706385cb, new_sboxw = 0x51fb971f, rconw = 0xd1fb971f
tw = 0x706385cb, trw = 0x51fb971f
key_mem_new = 0x00000000000000000000000000000000, key_mem_we = 0x0

** key 0x6 matched expected round key.
** Got:      0x5354edc15e5be26d31378ea23c38810e **

State of DUT
------------
Inputs and outputs:
key       = 0x0000000000000000000000000000000000000000000000000000000000000000
keylen    = 0x1, init = 0x0, ready = 0x1
round     = 0x07
round_key = 0x968a81c141fcf7503c717a3aeb070cab

Internal states:
key_mem_ctrl = 0x0, round_key_update = 0x0, round_ctr_reg = 0xe
prev_key0_reg = 0x74ed0ba1739b7e252251ad14ce20d43b, prev_key0_new = 0x74ed0ba1739b7e252251ad14ce20d43b, prev_key0_we = 0x0
prev_key1_reg = 0x10f80a1753bf729c45c979e7cb706385, prev_key1_new = 0x10f80a1753bf729c45c979e7cb706385, prev_key1_we = 0x0
rcon_reg = 0x80, rcon_new = 0x80,  rcon_set = 0x0,  rcon_next = 0x0, rcon_we = 0x0
w0 = 0x74ed0ba1, w1 = 0x739b7e25, w2 = 0x2251ad14, w3 = 0xce20d43b
w4 = 0xa5169cbe, w5 = 0xd68de29b, w6 = 0xf4dc4f8f, w7 = 0x3afc9bb4
sboxw = 0x706385cb, new_sboxw = 0x51fb971f, rconw = 0xd1fb971f
tw = 0x706385cb, trw = 0x51fb971f
key_mem_new = 0x00000000000000000000000000000000, key_mem_we = 0x0

** key 0x7 matched expected round key.
** Got:      0x968a81c141fcf7503c717a3aeb070cab **

State of DUT
------------
Inputs and outputs:
key       = 0x0000000000000000000000000000000000000000000000000000000000000000
keylen    = 0x1, init = 0x0, ready = 0x1
round     = 0x08
round_key = 0x9eaa8f28c0f16d45f1c6e3e7cdfe62e9

Internal states:
key_mem_ctrl = 0x0, round_key_update = 0x0, round_ctr_reg = 0xe
prev_key0_reg = 0x74ed0ba1739b7e252251ad14ce20d43b, prev_key0_new = 0x74ed0ba1739b7e252251ad14ce20d43b, prev_key0_we = 0x0
prev_key1_reg = 0x10f80a1753bf729c45c979e7cb706385, prev_key1_new = 0x10f80a1753bf729c45c979e7cb706385, prev_key1_we = 0x0
rcon_reg = 0x80, rcon_new = 0x80,  rcon_set = 0x0,  rcon_next = 0x0, rcon_we = 0x0
w0 = 0x74ed0ba1, w1 = 0x739b7e25, w2 = 0x2251ad14, w3 = 0xce20d43b
w4 = 0xa5169cbe, w5 = 0xd68de29b, w6 = 0xf4dc4f8f, w7 = 0x3afc9bb4
sboxw = 0x706385cb, new_sboxw = 0x51fb971f, rconw = 0xd1fb971f
tw = 0x706385cb, trw = 0x51fb971f
key_mem_new = 0x00000000000000000000000000000000, key_mem_we = 0x0

** key 0x8 matched expected round key.
** Got:      0x9eaa8f28c0f16d45f1c6e3e7cdfe62e9 **

State of DUT
------------
Inputs and outputs:
key       = 0x0000000000000000000000000000000000000000000000000000000000000000
keylen    = 0x1, init = 0x0, ready = 0x1
round     = 0x09
round_key = 0x2b312bdf6acddc8f56bca6b5bdbbaa1e

Internal states:
key_mem_ctrl = 0x0, round_key_update = 0x0, round_ctr_reg = 0xe
prev_key0_reg = 0x74ed0ba1739b7e252251ad14ce20d43b, prev_key0_new = 0x74ed0ba1739b7e252251ad14ce20d43b, prev_key0_we = 0x0
prev_key1_reg = 0x10f80a1753bf729c45c979e7cb706385, prev_key1_new = 0x10f80a1753bf729c45c979e7cb706385, prev_key1_we = 0x0
rcon_reg = 0x80, rcon_new = 0x80,  rcon_set = 0x0,  rcon_next = 0x0, rcon_we = 0x0
w0 = 0x74ed0ba1, w1 = 0x739b7e25, w2 = 0x2251ad14, w3 = 0xce20d43b
w4 = 0xa5169cbe, w5 = 0xd68de29b, w6 = 0xf4dc4f8f, w7 = 0x3afc9bb4
sboxw = 0x706385cb, new_sboxw = 0x51fb971f, rconw = 0xd1fb971f
tw = 0x706385cb, trw = 0x51fb971f
key_mem_new = 0x00000000000000000000000000000000, key_mem_we = 0x0

** key 0x9 matched expected round key.
** Got:      0x2b312bdf6acddc8f56bca6b5bdbbaa1e **

State of DUT
------------
Inputs and outputs:
key       = 0x0000000000000000000000000000000000000000000000000000000000000000
keylen    = 0x1, init = 0x0, ready = 0x1
round     = 0x0a
round_key = 0x6406fd52a4f79017553173f098cf1119

Internal states:
key_mem_ctrl = 0x0, round_key_update = 0x0, round_ctr_reg = 0xe
prev_key0_reg = 0x74ed0ba1739b7e252251ad14ce20d43b, prev_key0_new = 0x74ed0ba1739b7e252251ad14ce20d43b, prev_key0_we = 0x0
prev_key1_reg = 0x10f80a1753bf729c45c979e7cb706385, prev_key1_new = 0x10f80a1753bf729c45c979e7cb706385, prev_key1_we = 0x0
rcon_reg = 0x80, rcon_new = 0x80,  rcon_set = 0x0,  rcon_next = 0x0, rcon_we = 0x0
w0 = 0x74ed0ba1, w1 = 0x739b7e25, w2 = 0x2251ad14, w3 = 0xce20d43b
w4 = 0xa5169cbe, w5 = 0xd68de29b, w6 = 0xf4dc4f8f, w7 = 0x3afc9bb4
sboxw = 0x706385cb, new_sboxw = 0x51fb971f, rconw = 0xd1fb971f
tw = 0x706385cb, trw = 0x51fb971f
key_mem_new = 0x00000000000000000000000000000000, key_mem_we = 0x0

** key 0xa matched expected round key.
** Got:      0x6406fd52a4f79017553173f098cf1119 **

State of DUT
------------
Inputs and outputs:
key       = 0x0000000000000000000000000000000000000000000000000000000000000000
keylen    = 0x1, init = 0x0, ready = 0x1
round     = 0x0b
round_key = 0x6dbba90b0776758451cad331ec71792f

Internal states:
key_mem_ctrl = 0x0, round_key_update = 0x0, round_ctr_reg = 0xe
prev_key0_reg = 0x74ed0ba1739b7e252251ad14ce20d43b, prev_key0_new = 0x74ed0ba1739b7e252251ad14ce20d43b, prev_key0_we = 0x0
prev_key1_reg = 0x10f80a1753bf729c45c979e7cb706385, prev_key1_new = 0x10f80a1753bf729c45c979e7cb706385, prev_key1_we = 0x0
rcon_reg = 0x80, rcon_new = 0x80,  rcon_set = 0x0,  rcon_next = 0x0, rcon_we = 0x0
w0 = 0x74ed0ba1, w1 = 0x739b7e25, w2 = 0x2251ad14, w3 = 0xce20d43b
w4 = 0xa5169cbe, w5 = 0xd68de29b, w6 = 0xf4dc4f8f, w7 = 0x3afc9bb4
sboxw = 0x706385cb, new_sboxw = 0x51fb971f, rconw = 0xd1fb971f
tw = 0x706385cb, trw = 0x51fb971f
key_mem_new = 0x00000000000000000000000000000000, key_mem_we = 0x0

** key 0xb matched expected round key.
** Got:      0x6dbba90b0776758451cad331ec71792f **

State of DUT
------------
Inputs and outputs:
key       = 0x0000000000000000000000000000000000000000000000000000000000000000
keylen    = 0x1, init = 0x0, ready = 0x1
round     = 0x0c
round_key = 0xe7b0e89c4347788b16760b7b8eb91a62

Internal states:
key_mem_ctrl = 0x0, round_key_update = 0x0, round_ctr_reg = 0xe
prev_key0_reg = 0x74ed0ba1739b7e252251ad14ce20d43b, prev_key0_new = 0x74ed0ba1739b7e252251ad14ce20d43b, prev_key0_we = 0x0
prev_key1_reg = 0x10f80a1753bf729c45c979e7cb706385, prev_key1_new = 0x10f80a1753bf729c45c979e7cb706385, prev_key1_we = 0x0
rcon_reg = 0x80, rcon_new = 0x80,  rcon_set = 0x0,  rcon_next = 0x0, rcon_we = 0x0
w0 = 0x74ed0ba1, w1 = 0x739b7e25, w2 = 0x2251ad14, w3 = 0xce20d43b
w4 = 0xa5169cbe, w5 = 0xd68de29b, w6 = 0xf4dc4f8f, w7 = 0x3afc9bb4
sboxw = 0x706385cb, new_sboxw = 0x51fb971f, rconw = 0xd1fb971f
tw = 0x706385cb, trw = 0x51fb971f
key_mem_new = 0x00000000000000000000000000000000, key_mem_we = 0x0

** key 0xc matched expected round key.
** Got:      0xe7b0e89c4347788b16760b7b8eb91a62 **

State of DUT
------------
Inputs and outputs:
key       = 0x0000000000000000000000000000000000000000000000000000000000000000
keylen    = 0x1, init = 0x0, ready = 0x1
round     = 0x0d
round_key = 0x74ed0ba1739b7e252251ad14ce20d43b

Internal states:
key_mem_ctrl = 0x0, round_key_update = 0x0, round_ctr_reg = 0xe
prev_key0_reg = 0x74ed0ba1739b7e252251ad14ce20d43b, prev_key0_new = 0x74ed0ba1739b7e252251ad14ce20d43b, prev_key0_we = 0x0
prev_key1_reg = 0x10f80a1753bf729c45c979e7cb706385, prev_key1_new = 0x10f80a1753bf729c45c979e7cb706385, prev_key1_we = 0x0
rcon_reg = 0x80, rcon_new = 0x80,  rcon_set = 0x0,  rcon_next = 0x0, rcon_we = 0x0
w0 = 0x74ed0ba1, w1 = 0x739b7e25, w2 = 0x2251ad14, w3 = 0xce20d43b
w4 = 0xa5169cbe, w5 = 0xd68de29b, w6 = 0xf4dc4f8f, w7 = 0x3afc9bb4
sboxw = 0x706385cb, new_sboxw = 0x51fb971f, rconw = 0xd1fb971f
tw = 0x706385cb, trw = 0x51fb971f
key_mem_new = 0x00000000000000000000000000000000, key_mem_we = 0x0

** key 0xd matched expected round key.
** Got:      0x74ed0ba1739b7e252251ad14ce20d43b **

State of DUT
------------
Inputs and outputs:
key       = 0x0000000000000000000000000000000000000000000000000000000000000000
keylen    = 0x1, init = 0x0, ready = 0x1
round     = 0x0e
round_key = 0x10f80a1753bf729c45c979e7cb706385

Internal states:
key_mem_ctrl = 0x0, round_key_update = 0x0, round_ctr_reg = 0xe
prev_key0_reg = 0x74ed0ba1739b7e252251ad14ce20d43b, prev_key0_new = 0x74ed0ba1739b7e252251ad14ce20d43b, prev_key0_we = 0x0
prev_key1_reg = 0x10f80a1753bf729c45c979e7cb706385, prev_key1_new = 0x10f80a1753bf729c45c979e7cb706385, prev_key1_we = 0x0
rcon_reg = 0x80, rcon_new = 0x80,  rcon_set = 0x0,  rcon_next = 0x0, rcon_we = 0x0
w0 = 0x74ed0ba1, w1 = 0x739b7e25, w2 = 0x2251ad14, w3 = 0xce20d43b
w4 = 0xa5169cbe, w5 = 0xd68de29b, w6 = 0xf4dc4f8f, w7 = 0x3afc9bb4
sboxw = 0x706385cb, new_sboxw = 0x51fb971f, rconw = 0xd1fb971f
tw = 0x706385cb, trw = 0x51fb971f
key_mem_new = 0x00000000000000000000000000000000, key_mem_we = 0x0

** key 0xe matched expected round key.
** Got:      0x10f80a1753bf729c45c979e7cb706385 **

** Testing with 256-bit key 0xffffffffffffffffffffffffffffffffffffffffffffffffffffffffffffffff

State of DUT
------------
Inputs and outputs:
key       = 0xffffffffffffffffffffffffffffffffffffffffffffffffffffffffffffffff
keylen    = 0x1, init = 0x1, ready = 0x1
round     = 0x0e
round_key = 0x10f80a1753bf729c45c979e7cb706385

Internal states:
key_mem_ctrl = 0x0, round_key_update = 0x0, round_ctr_reg = 0xe
prev_key0_reg = 0x74ed0ba1739b7e252251ad14ce20d43b, prev_key0_new = 0x74ed0ba1739b7e252251ad14ce20d43b, prev_key0_we = 0x0
prev_key1_reg = 0x10f80a1753bf729c45c979e7cb706385, prev_key1_new = 0x10f80a1753bf729c45c979e7cb706385, prev_key1_we = 0x0
rcon_reg = 0x80, rcon_new = 0x80,  rcon_set = 0x0,  rcon_next = 0x0, rcon_we = 0x0
w0 = 0x74ed0ba1, w1 = 0x739b7e25, w2 = 0x2251ad14, w3 = 0xce20d43b
w4 = 0xa5169cbe, w5 = 0xd68de29b, w6 = 0xf4dc4f8f, w7 = 0x3afc9bb4
sboxw = 0x706385cb, new_sboxw = 0x51fb971f, rconw = 0xd1fb971f
tw = 0x706385cb, trw = 0x51fb971f
key_mem_new = 0x00000000000000000000000000000000, key_mem_we = 0x0

State of DUT
------------
Inputs and outputs:
key       = 0xffffffffffffffffffffffffffffffffffffffffffffffffffffffffffffffff
keylen    = 0x1, init = 0x1, ready = 0x0
round     = 0x0e
round_key = 0x10f80a1753bf729c45c979e7cb706385

Internal states:
key_mem_ctrl = 0x1, round_key_update = 0x1, round_ctr_reg = 0x0
prev_key0_reg = 0x74ed0ba1739b7e252251ad14ce20d43b, prev_key0_new = 0xffffffffffffffffffffffffffffffff, prev_key0_we = 0x1
prev_key1_reg = 0x10f80a1753bf729c45c979e7cb706385, prev_key1_new = 0xffffffffffffffffffffffffffffffff, prev_key1_we = 0x1
rcon_reg = 0x80, rcon_new = 0x01,  rcon_set = 0x1,  rcon_next = 0x0, rcon_we = 0x1
w0 = 0x74ed0ba1, w1 = 0x739b7e25, w2 = 0x2251ad14, w3 = 0xce20d43b
w4 = 0xa5169cbe, w5 = 0xd68de29b, w6 = 0xf4dc4f8f, w7 = 0x3afc9bb4
sboxw = 0x706385cb, new_sboxw = 0x51fb971f, rconw = 0xd1fb971f
tw = 0x706385cb, trw = 0x51fb971f
key_mem_new = 0xffffffffffffffffffffffffffffffff, key_mem_we = 0x1

State of DUT
------------
Inputs and outputs:
key       = 0xffffffffffffffffffffffffffffffffffffffffffffffffffffffffffffffff
keylen    = 0x1, init = 0x0, ready = 0x0
round     = 0x0e
round_key = 0x10f80a1753bf729c45c979e7cb706385

Internal states:
key_mem_ctrl = 0x2, round_key_update = 0x1, round_ctr_reg = 0x1
prev_key0_reg = 0xffffffffffffffffffffffffffffffff, prev_key0_new = 0xffffffffffffffffffffffffffffffff, prev_key0_we = 0x0
prev_key1_reg = 0xffffffffffffffffffffffffffffffff, prev_key1_new = 0xffffffffffffffffffffffffffffffff, prev_key1_we = 0x0
rcon_reg = 0x01, rcon_new = 0x01,  rcon_set = 0x0,  rcon_next = 0x0, rcon_we = 0x0
w0 = 0xffffffff, w1 = 0xffffffff, w2 = 0xffffffff, w3 = 0xffffffff
w4 = 0xe9e9e9e9, w5 = 0x16161616, w6 = 0xe9e9e9e9, w7 = 0x16161616
sboxw = 0xffffffff, new_sboxw = 0x16161616, rconw = 0x16161616
tw = 0xffffffff, trw = 0x16161616
key_mem_new = 0xffffffffffffffffffffffffffffffff, key_mem_we = 0x1

State of DUT
------------
Inputs and outputs:
key       = 0xffffffffffffffffffffffffffffffffffffffffffffffffffffffffffffffff
keylen    = 0x1, init = 0x0, ready = 0x0
round     = 0x0e
round_key = 0x10f80a1753bf729c45c979e7cb706385

Internal states:
key_mem_ctrl = 0x2, round_key_update = 0x1, round_ctr_reg = 0x2
prev_key0_reg = 0xffffffffffffffffffffffffffffffff, prev_key0_new = 0xffffffffffffffffffffffffffffffff, prev_key0_we = 0x1
prev_key1_reg = 0xffffffffffffffffffffffffffffffff, prev_key1_new = 0xe8e9e9e917161616e8e9e9e917161616, prev_key1_we = 0x1
rcon_reg = 0x01, rcon_new = 0x02,  rcon_set = 0x0,  rcon_next = 0x1, rcon_we = 0x1
w0 = 0xffffffff, w1 = 0xffffffff, w2 = 0xffffffff, w3 = 0xffffffff
w4 = 0xe8e9e9e9, w5 = 0x17161616, w6 = 0xe8e9e9e9, w7 = 0x17161616
sboxw = 0xffffffff, new_sboxw = 0x16161616, rconw = 0x17161616
tw = 0xffffffff, trw = 0x16161616
key_mem_new = 0xe8e9e9e917161616e8e9e9e917161616, key_mem_we = 0x1

State of DUT
------------
Inputs and outputs:
key       = 0xffffffffffffffffffffffffffffffffffffffffffffffffffffffffffffffff
keylen    = 0x1, init = 0x0, ready = 0x0
round     = 0x0e
round_key = 0x10f80a1753bf729c45c979e7cb706385

Internal states:
key_mem_ctrl = 0x2, round_key_update = 0x1, round_ctr_reg = 0x3
prev_key0_reg = 0xffffffffffffffffffffffffffffffff, prev_key0_new = 0xe8e9e9e917161616e8e9e9e917161616, prev_key0_we = 0x1
prev_key1_reg = 0xe8e9e9e917161616e8e9e9e917161616, prev_key1_new = 0x0fb8b8b8f04747470fb8b8b8f0474747, prev_key1_we = 0x1
rcon_reg = 0x02, rcon_new = 0x02,  rcon_set = 0x0,  rcon_next = 0x0, rcon_we = 0x0
w0 = 0xffffffff, w1 = 0xffffffff, w2 = 0xffffffff, w3 = 0xffffffff
w4 = 0x0fb8b8b8, w5 = 0xf0474747, w6 = 0x0fb8b8b8, w7 = 0xf0474747
sboxw = 0x17161616, new_sboxw = 0xf0474747, rconw = 0xf0474747
tw = 0x17161616, trw = 0xf0474747
key_mem_new = 0x0fb8b8b8f04747470fb8b8b8f0474747, key_mem_we = 0x1

State of DUT
------------
Inputs and outputs:
key       = 0xffffffffffffffffffffffffffffffffffffffffffffffffffffffffffffffff
keylen    = 0x1, init = 0x0, ready = 0x0
round     = 0x0e
round_key = 0x10f80a1753bf729c45c979e7cb706385

Internal states:
key_mem_ctrl = 0x2, round_key_update = 0x1, round_ctr_reg = 0x4
prev_key0_reg = 0xe8e9e9e917161616e8e9e9e917161616, prev_key0_new = 0x0fb8b8b8f04747470fb8b8b8f0474747, prev_key0_we = 0x1
prev_key1_reg = 0x0fb8b8b8f04747470fb8b8b8f0474747, prev_key1_new = 0x4a4949655d5f5f73b5b6b69aa2a0a08c, prev_key1_we = 0x1
rcon_reg = 0x02, rcon_new = 0x04,  rcon_set = 0x0,  rcon_next = 0x1, rcon_we = 0x1
w0 = 0xe8e9e9e9, w1 = 0x17161616, w2 = 0xe8e9e9e9, w3 = 0x17161616
w4 = 0x4a494965, w5 = 0x5d5f5f73, w6 = 0xb5b6b69a, w7 = 0xa2a0a08c
sboxw = 0x474747f0, new_sboxw = 0xa0a0a08c, rconw = 0xa2a0a08c
tw = 0x474747f0, trw = 0xa0a0a08c
key_mem_new = 0x4a4949655d5f5f73b5b6b69aa2a0a08c, key_mem_we = 0x1

State of DUT
------------
Inputs and outputs:
key       = 0xffffffffffffffffffffffffffffffffffffffffffffffffffffffffffffffff
keylen    = 0x1, init = 0x0, ready = 0x0
round     = 0x0e
round_key = 0x10f80a1753bf729c45c979e7cb706385

Internal states:
key_mem_ctrl = 0x2, round_key_update = 0x1, round_ctr_reg = 0x5
prev_key0_reg = 0x0fb8b8b8f04747470fb8b8b8f0474747, prev_key0_new = 0x4a4949655d5f5f73b5b6b69aa2a0a08c, prev_key0_we = 0x1
prev_key1_reg = 0x4a4949655d5f5f73b5b6b69aa2a0a08c, prev_key1_new = 0x355858dcc51f1f9bcaa7a7233ae0e064, prev_key1_we = 0x1
rcon_reg = 0x04, rcon_new = 0x04,  rcon_set = 0x0,  rcon_next = 0x0, rcon_we = 0x0
w0 = 0x0fb8b8b8, w1 = 0xf0474747, w2 = 0x0fb8b8b8, w3 = 0xf0474747
w4 = 0x355858dc, w5 = 0xc51f1f9b, w6 = 0xcaa7a723, w7 = 0x3ae0e064
sboxw = 0xa2a0a08c, new_sboxw = 0x3ae0e064, rconw = 0x3ae0e064
tw = 0xa2a0a08c, trw = 0x3ae0e064
key_mem_new = 0x355858dcc51f1f9bcaa7a7233ae0e064, key_mem_we = 0x1

State of DUT
------------
Inputs and outputs:
key       = 0xffffffffffffffffffffffffffffffffffffffffffffffffffffffffffffffff
keylen    = 0x1, init = 0x0, ready = 0x0
round     = 0x0e
round_key = 0x10f80a1753bf729c45c979e7cb706385

Internal states:
key_mem_ctrl = 0x2, round_key_update = 0x1, round_ctr_reg = 0x6
prev_key0_reg = 0x4a4949655d5f5f73b5b6b69aa2a0a08c, prev_key0_new = 0x355858dcc51f1f9bcaa7a7233ae0e064, prev_key0_we = 0x1
prev_key1_reg = 0x355858dcc51f1f9bcaa7a7233ae0e064, prev_key1_new = 0xafa80ae5f2f755964741e30ce5e14380, prev_key1_we = 0x1
rcon_reg = 0x04, rcon_new = 0x08,  rcon_set = 0x0,  rcon_next = 0x1, rcon_we = 0x1
w0 = 0x4a494965, w1 = 0x5d5f5f73, w2 = 0xb5b6b69a, w3 = 0xa2a0a08c
w4 = 0xafa80ae5, w5 = 0xf2f75596, w6 = 0x4741e30c, w7 = 0xe5e14380
sboxw = 0xe0e0643a, new_sboxw = 0xe1e14380, rconw = 0xe5e14380
tw = 0xe0e0643a, trw = 0xe1e14380
key_mem_new = 0xafa80ae5f2f755964741e30ce5e14380, key_mem_we = 0x1

State of DUT
------------
Inputs and outputs:
key       = 0xffffffffffffffffffffffffffffffffffffffffffffffffffffffffffffffff
keylen    = 0x1, init = 0x0, ready = 0x0
round     = 0x0e
round_key = 0x10f80a1753bf729c45c979e7cb706385

Internal states:
key_mem_ctrl = 0x2, round_key_update = 0x1, round_ctr_reg = 0x7
prev_key0_reg = 0x355858dcc51f1f9bcaa7a7233ae0e064, prev_key0_new = 0xafa80ae5f2f755964741e30ce5e14380, prev_key0_we = 0x1
prev_key1_reg = 0xafa80ae5f2f755964741e30ce5e14380, prev_key1_new = 0xeca0421129bf5d8ae318faa9d9f81acd, prev_key1_we = 0x1
rcon_reg = 0x08, rcon_new = 0x08,  rcon_set = 0x0,  rcon_next = 0x0, rcon_we = 0x0
w0 = 0x355858dc, w1 = 0xc51f1f9b, w2 = 0xcaa7a723, w3 = 0x3ae0e064
w4 = 0xeca04211, w5 = 0x29bf5d8a, w6 = 0xe318faa9, w7 = 0xd9f81acd
sboxw = 0xe5e14380, new_sboxw = 0xd9f81acd, rconw = 0xd9f81acd
tw = 0xe5e14380, trw = 0xd9f81acd
key_mem_new = 0xeca0421129bf5d8ae318faa9d9f81acd, key_mem_we = 0x1

State of DUT
------------
Inputs and outputs:
key       = 0xffffffffffffffffffffffffffffffffffffffffffffffffffffffffffffffff
keylen    = 0x1, init = 0x0, ready = 0x0
round     = 0x0e
round_key = 0x10f80a1753bf729c45c979e7cb706385

Internal states:
key_mem_ctrl = 0x2, round_key_update = 0x1, round_ctr_reg = 0x8
prev_key0_reg = 0xafa80ae5f2f755964741e30ce5e14380, prev_key0_new = 0xeca0421129bf5d8ae318faa9d9f81acd, prev_key0_we = 0x1
prev_key1_reg = 0xeca0421129bf5d8ae318faa9d9f81acd, prev_key1_new = 0xe60ab7d014fde24653bc014ab65d42ca, prev_key1_we = 0x1
rcon_reg = 0x08, rcon_new = 0x10,  rcon_set = 0x0,  rcon_next = 0x1, rcon_we = 0x1
w0 = 0xafa80ae5, w1 = 0xf2f75596, w2 = 0x4741e30c, w3 = 0xe5e14380
w4 = 0xe60ab7d0, w5 = 0x14fde246, w6 = 0x53bc014a, w7 = 0xb65d42ca
sboxw = 0xf81acdd9, new_sboxw = 0x41a2bd35, rconw = 0x49a2bd35
tw = 0xf81acdd9, trw = 0x41a2bd35
key_mem_new = 0xe60ab7d014fde24653bc014ab65d42ca, key_mem_we = 0x1

State of DUT
------------
Inputs and outputs:
key       = 0xffffffffffffffffffffffffffffffffffffffffffffffffffffffffffffffff
keylen    = 0x1, init = 0x0, ready = 0x0
round     = 0x0e
round_key = 0x10f80a1753bf729c45c979e7cb706385

Internal states:
key_mem_ctrl = 0x2, round_key_update = 0x1, round_ctr_reg = 0x9
prev_key0_reg = 0xeca0421129bf5d8ae318faa9d9f81acd, prev_key0_new = 0xe60ab7d014fde24653bc014ab65d42ca, prev_key0_we = 0x1
prev_key1_reg = 0xe60ab7d014fde24653bc014ab65d42ca, prev_key1_new = 0xa2ec6e658b5333ef684bc946b1b3d38b, prev_key1_we = 0x1
rcon_reg = 0x10, rcon_new = 0x10,  rcon_set = 0x0,  rcon_next = 0x0, rcon_we = 0x0
w0 = 0xeca04211, w1 = 0x29bf5d8a, w2 = 0xe318faa9, w3 = 0xd9f81acd
w4 = 0xa2ec6e65, w5 = 0x8b5333ef, w6 = 0x684bc946, w7 = 0xb1b3d38b
sboxw = 0xb65d42ca, new_sboxw = 0x4e4c2c74, rconw = 0x4e4c2c74
tw = 0xb65d42ca, trw = 0x4e4c2c74
key_mem_new = 0xa2ec6e658b5333ef684bc946b1b3d38b, key_mem_we = 0x1

State of DUT
------------
Inputs and outputs:
key       = 0xffffffffffffffffffffffffffffffffffffffffffffffffffffffffffffffff
keylen    = 0x1, init = 0x0, ready = 0x0
round     = 0x0e
round_key = 0x10f80a1753bf729c45c979e7cb706385

Internal states:
key_mem_ctrl = 0x2, round_key_update = 0x1, round_ctr_reg = 0xa
prev_key0_reg = 0xe60ab7d014fde24653bc014ab65d42ca, prev_key0_new = 0xa2ec6e658b5333ef684bc946b1b3d38b, prev_key0_we = 0x1
prev_key1_reg = 0xa2ec6e658b5333ef684bc946b1b3d38b, prev_key1_new = 0x9b6c8a188f91685edc2d69146a702bde, prev_key1_we = 0x1
rcon_reg = 0x10, rcon_new = 0x20,  rcon_set = 0x0,  rcon_next = 0x1, rcon_we = 0x1
w0 = 0xe60ab7d0, w1 = 0x14fde246, w2 = 0x53bc014a, w3 = 0xb65d42ca
w4 = 0x9b6c8a18, w5 = 0x8f91685e, w6 = 0xdc2d6914, w7 = 0x6a702bde
sboxw = 0xb3d38bb1, new_sboxw = 0x6d663dc8, rconw = 0x7d663dc8
tw = 0xb3d38bb1, trw = 0x6d663dc8
key_mem_new = 0x9b6c8a188f91685edc2d69146a702bde, key_mem_we = 0x1

State of DUT
------------
Inputs and outputs:
key       = 0xffffffffffffffffffffffffffffffffffffffffffffffffffffffffffffffff
keylen    = 0x1, init = 0x0, ready = 0x0
round     = 0x0e
round_key = 0x10f80a1753bf729c45c979e7cb706385

Internal states:
key_mem_ctrl = 0x2, round_key_update = 0x1, round_ctr_reg = 0xb
prev_key0_reg = 0xa2ec6e658b5333ef684bc946b1b3d38b, prev_key0_new = 0x9b6c8a188f91685edc2d69146a702bde, prev_key0_we = 0x1
prev_key1_reg = 0x9b6c8a188f91685edc2d69146a702bde, prev_key1_new = 0xa0bd9f782beeac9743a565d1f216b65a, prev_key1_we = 0x1
rcon_reg = 0x20, rcon_new = 0x20,  rcon_set = 0x0,  rcon_next = 0x0, rcon_we = 0x0
w0 = 0xa2ec6e65, w1 = 0x8b5333ef, w2 = 0x684bc946, w3 = 0xb1b3d38b
w4 = 0xa0bd9f78, w5 = 0x2beeac97, w6 = 0x43a565d1, w7 = 0xf216b65a
sboxw = 0x6a702bde, new_sboxw = 0x0251f11d, rconw = 0x0251f11d
tw = 0x6a702bde, trw = 0x0251f11d
key_mem_new = 0xa0bd9f782beeac9743a565d1f216b65a, key_mem_we = 0x1

State of DUT
------------
Inputs and outputs:
key       = 0xffffffffffffffffffffffffffffffffffffffffffffffffffffffffffffffff
keylen    = 0x1, init = 0x0, ready = 0x0
round     = 0x0e
round_key = 0x10f80a1753bf729c45c979e7cb706385

Internal states:
key_mem_ctrl = 0x2, round_key_update = 0x1, round_ctr_reg = 0xc
prev_key0_reg = 0x9b6c8a188f91685edc2d69146a702bde, prev_key0_new = 0xa0bd9f782beeac9743a565d1f216b65a, prev_key0_we = 0x1
prev_key1_reg = 0xa0bd9f782beeac9743a565d1f216b65a, prev_key1_new = 0xfc22349173b35ccfaf9e35dbc5ee1e05, prev_key1_we = 0x1
rcon_reg = 0x20, rcon_new = 0x40,  rcon_set = 0x0,  rcon_next = 0x1, rcon_we = 0x1
w0 = 0x9b6c8a18, w1 = 0x8f91685e, w2 = 0xdc2d6914, w3 = 0x6a702bde
w4 = 0xfc223491, w5 = 0x73b35ccf, w6 = 0xaf9e35db, w7 = 0xc5ee1e05
sboxw = 0x16b65af2, new_sboxw = 0x474ebe89, rconw = 0x674ebe89
tw = 0x16b65af2, trw = 0x474ebe89
key_mem_new = 0xfc22349173b35ccfaf9e35dbc5ee1e05, key_mem_we = 0x1

State of DUT
------------
Inputs and outputs:
key       = 0xffffffffffffffffffffffffffffffffffffffffffffffffffffffffffffffff
keylen    = 0x1, init = 0x0, ready = 0x0
round     = 0x0e
round_key = 0x10f80a1753bf729c45c979e7cb706385

Internal states:
key_mem_ctrl = 0x2, round_key_update = 0x1, round_ctr_reg = 0xd
prev_key0_reg = 0xa0bd9f782beeac9743a565d1f216b65a, prev_key0_new = 0xfc22349173b35ccfaf9e35dbc5ee1e05, prev_key0_we = 0x1
prev_key1_reg = 0xfc22349173b35ccfaf9e35dbc5ee1e05, prev_key1_new = 0x0695ed132d7b41846ede24559cc8920f, prev_key1_we = 0x1
rcon_reg = 0x40, rcon_new = 0x40,  rcon_set = 0x0,  rcon_next = 0x0, rcon_we = 0x0
w0 = 0xa0bd9f78, w1 = 0x2beeac97, w2 = 0x43a565d1, w3 = 0xf216b65a
w4 = 0x0695ed13, w5 = 0x2d7b4184, w6 = 0x6ede2455, w7 = 0x9cc8920f
sboxw = 0xc5ee1e05, new_sboxw = 0xa628726b, rconw = 0xa628726b
tw = 0xc5ee1e05, trw = 0xa628726b
key_mem_new = 0x0695ed132d7b41846ede24559cc8920f, key_mem_we = 0x1

State of DUT
------------
Inputs and outputs:
key       = 0xffffffffffffffffffffffffffffffffffffffffffffffffffffffffffffffff
keylen    = 0x1, init = 0x0, ready = 0x0
round     = 0x0e
round_key = 0x10f80a1753bf729c45c979e7cb706385

Internal states:
key_mem_ctrl = 0x2, round_key_update = 0x1, round_ctr_reg = 0xe
prev_key0_reg = 0xfc22349173b35ccfaf9e35dbc5ee1e05, prev_key0_new = 0x0695ed132d7b41846ede24559cc8920f, prev_key0_we = 0x1
prev_key1_reg = 0x0695ed132d7b41846ede24559cc8920f, prev_key1_new = 0x546d424f27de1e8088402b5b4dae355e, prev_key1_we = 0x1
rcon_reg = 0x40, rcon_new = 0x80,  rcon_set = 0x0,  rcon_next = 0x1, rcon_we = 0x1
w0 = 0xfc223491, w1 = 0x73b35ccf, w2 = 0xaf9e35db, w3 = 0xc5ee1e05
w4 = 0x546d424f, w5 = 0x27de1e80, w6 = 0x88402b5b, w7 = 0x4dae355e
sboxw = 0xc8920f9c, new_sboxw = 0xe84f76de, rconw = 0xa84f76de
tw = 0xc8920f9c, trw = 0xe84f76de
key_mem_new = 0x546d424f27de1e8088402b5b4dae355e, key_mem_we = 0x1

State of DUT
------------
Inputs and outputs:
key       = 0xffffffffffffffffffffffffffffffffffffffffffffffffffffffffffffffff
keylen    = 0x1, init = 0x0, ready = 0x1
round     = 0x00
round_key = 0xffffffffffffffffffffffffffffffff

Internal states:
key_mem_ctrl = 0x0, round_key_update = 0x0, round_ctr_reg = 0xe
prev_key0_reg = 0x0695ed132d7b41846ede24559cc8920f, prev_key0_new = 0x0695ed132d7b41846ede24559cc8920f, prev_key0_we = 0x0
prev_key1_reg = 0x546d424f27de1e8088402b5b4dae355e, prev_key1_new = 0x546d424f27de1e8088402b5b4dae355e, prev_key1_we = 0x0
rcon_reg = 0x80, rcon_new = 0x80,  rcon_set = 0x0,  rcon_next = 0x0, rcon_we = 0x0
w0 = 0x0695ed13, w1 = 0x2d7b4184, w2 = 0x6ede2455, w3 = 0x9cc8920f
w4 = 0x6203b5f0, w5 = 0x4f78f474, w6 = 0x21a6d021, w7 = 0xbd6e422e
sboxw = 0xae355e4d, new_sboxw = 0xe49658e3, rconw = 0x649658e3
tw = 0xae355e4d, trw = 0xe49658e3
key_mem_new = 0x00000000000000000000000000000000, key_mem_we = 0x0

** key 0x0 matched expected round key.
** Got:      0xffffffffffffffffffffffffffffffff **

State of DUT
------------
Inputs and outputs:
key       = 0xffffffffffffffffffffffffffffffffffffffffffffffffffffffffffffffff
keylen    = 0x1, init = 0x0, ready = 0x1
round     = 0x01
round_key = 0xffffffffffffffffffffffffffffffff

Internal states:
key_mem_ctrl = 0x0, round_key_update = 0x0, round_ctr_reg = 0xe
prev_key0_reg = 0x0695ed132d7b41846ede24559cc8920f, prev_key0_new = 0x0695ed132d7b41846ede24559cc8920f, prev_key0_we = 0x0
prev_key1_reg = 0x546d424f27de1e8088402b5b4dae355e, prev_key1_new = 0x546d424f27de1e8088402b5b4dae355e, prev_key1_we = 0x0
rcon_reg = 0x80, rcon_new = 0x80,  rcon_set = 0x0,  rcon_next = 0x0, rcon_we = 0x0
w0 = 0x0695ed13, w1 = 0x2d7b4184, w2 = 0x6ede2455, w3 = 0x9cc8920f
w4 = 0x6203b5f0, w5 = 0x4f78f474, w6 = 0x21a6d021, w7 = 0xbd6e422e
sboxw = 0xae355e4d, new_sboxw = 0xe49658e3, rconw = 0x649658e3
tw = 0xae355e4d, trw = 0xe49658e3
key_mem_new = 0x00000000000000000000000000000000, key_mem_we = 0x0

** key 0x1 matched expected round key.
** Got:      0xffffffffffffffffffffffffffffffff **

State of DUT
------------
Inputs and outputs:
key       = 0xffffffffffffffffffffffffffffffffffffffffffffffffffffffffffffffff
keylen    = 0x1, init = 0x0, ready = 0x1
round     = 0x02
round_key = 0xe8e9e9e917161616e8e9e9e917161616

Internal states:
key_mem_ctrl = 0x0, round_key_update = 0x0, round_ctr_reg = 0xe
prev_key0_reg = 0x0695ed132d7b41846ede24559cc8920f, prev_key0_new = 0x0695ed132d7b41846ede24559cc8920f, prev_key0_we = 0x0
prev_key1_reg = 0x546d424f27de1e8088402b5b4dae355e, prev_key1_new = 0x546d424f27de1e8088402b5b4dae355e, prev_key1_we = 0x0
rcon_reg = 0x80, rcon_new = 0x80,  rcon_set = 0x0,  rcon_next = 0x0, rcon_we = 0x0
w0 = 0x0695ed13, w1 = 0x2d7b4184, w2 = 0x6ede2455, w3 = 0x9cc8920f
w4 = 0x6203b5f0, w5 = 0x4f78f474, w6 = 0x21a6d021, w7 = 0xbd6e422e
sboxw = 0xae355e4d, new_sboxw = 0xe49658e3, rconw = 0x649658e3
tw = 0xae355e4d, trw = 0xe49658e3
key_mem_new = 0x00000000000000000000000000000000, key_mem_we = 0x0

** key 0x2 matched expected round key.
** Got:      0xe8e9e9e917161616e8e9e9e917161616 **

State of DUT
------------
Inputs and outputs:
key       = 0xffffffffffffffffffffffffffffffffffffffffffffffffffffffffffffffff
keylen    = 0x1, init = 0x0, ready = 0x1
round     = 0x03
round_key = 0x0fb8b8b8f04747470fb8b8b8f0474747

Internal states:
key_mem_ctrl = 0x0, round_key_update = 0x0, round_ctr_reg = 0xe
prev_key0_reg = 0x0695ed132d7b41846ede24559cc8920f, prev_key0_new = 0x0695ed132d7b41846ede24559cc8920f, prev_key0_we = 0x0
prev_key1_reg = 0x546d424f27de1e8088402b5b4dae355e, prev_key1_new = 0x546d424f27de1e8088402b5b4dae355e, prev_key1_we = 0x0
rcon_reg = 0x80, rcon_new = 0x80,  rcon_set = 0x0,  rcon_next = 0x0, rcon_we = 0x0
w0 = 0x0695ed13, w1 = 0x2d7b4184, w2 = 0x6ede2455, w3 = 0x9cc8920f
w4 = 0x6203b5f0, w5 = 0x4f78f474, w6 = 0x21a6d021, w7 = 0xbd6e422e
sboxw = 0xae355e4d, new_sboxw = 0xe49658e3, rconw = 0x649658e3
tw = 0xae355e4d, trw = 0xe49658e3
key_mem_new = 0x00000000000000000000000000000000, key_mem_we = 0x0

** key 0x3 matched expected round key.
** Got:      0x0fb8b8b8f04747470fb8b8b8f0474747 **

State of DUT
------------
Inputs and outputs:
key       = 0xffffffffffffffffffffffffffffffffffffffffffffffffffffffffffffffff
keylen    = 0x1, init = 0x0, ready = 0x1
round     = 0x04
round_key = 0x4a4949655d5f5f73b5b6b69aa2a0a08c

Internal states:
key_mem_ctrl = 0x0, round_key_update = 0x0, round_ctr_reg = 0xe
prev_key0_reg = 0x0695ed132d7b41846ede24559cc8920f, prev_key0_new = 0x0695ed132d7b41846ede24559cc8920f, prev_key0_we = 0x0
prev_key1_reg = 0x546d424f27de1e8088402b5b4dae355e, prev_key1_new = 0x546d424f27de1e8088402b5b4dae355e, prev_key1_we = 0x0
rcon_reg = 0x80, rcon_new = 0x80,  rcon_set = 0x0,  rcon_next = 0x0, rcon_we = 0x0
w0 = 0x0695ed13, w1 = 0x2d7b4184, w2 = 0x6ede2455, w3 = 0x9cc8920f
w4 = 0x6203b5f0, w5 = 0x4f78f474, w6 = 0x21a6d021, w7 = 0xbd6e422e
sboxw = 0xae355e4d, new_sboxw = 0xe49658e3, rconw = 0x649658e3
tw = 0xae355e4d, trw = 0xe49658e3
key_mem_new = 0x00000000000000000000000000000000, key_mem_we = 0x0

** key 0x4 matched expected round key.
** Got:      0x4a4949655d5f5f73b5b6b69aa2a0a08c **

State of DUT
------------
Inputs and outputs:
key       = 0xffffffffffffffffffffffffffffffffffffffffffffffffffffffffffffffff
keylen    = 0x1, init = 0x0, ready = 0x1
round     = 0x05
round_key = 0x355858dcc51f1f9bcaa7a7233ae0e064

Internal states:
key_mem_ctrl = 0x0, round_key_update = 0x0, round_ctr_reg = 0xe
prev_key0_reg = 0x0695ed132d7b41846ede24559cc8920f, prev_key0_new = 0x0695ed132d7b41846ede24559cc8920f, prev_key0_we = 0x0
prev_key1_reg = 0x546d424f27de1e8088402b5b4dae355e, prev_key1_new = 0x546d424f27de1e8088402b5b4dae355e, prev_key1_we = 0x0
rcon_reg = 0x80, rcon_new = 0x80,  rcon_set = 0x0,  rcon_next = 0x0, rcon_we = 0x0
w0 = 0x0695ed13, w1 = 0x2d7b4184, w2 = 0x6ede2455, w3 = 0x9cc8920f
w4 = 0x6203b5f0, w5 = 0x4f78f474, w6 = 0x21a6d021, w7 = 0xbd6e422e
sboxw = 0xae355e4d, new_sboxw = 0xe49658e3, rconw = 0x649658e3
tw = 0xae355e4d, trw = 0xe49658e3
key_mem_new = 0x00000000000000000000000000000000, key_mem_we = 0x0

** key 0x5 matched expected round key.
** Got:      0x355858dcc51f1f9bcaa7a7233ae0e064 **

State of DUT
------------
Inputs and outputs:
key       = 0xffffffffffffffffffffffffffffffffffffffffffffffffffffffffffffffff
keylen    = 0x1, init = 0x0, ready = 0x1
round     = 0x06
round_key = 0xafa80ae5f2f755964741e30ce5e14380

Internal states:
key_mem_ctrl = 0x0, round_key_update = 0x0, round_ctr_reg = 0xe
prev_key0_reg = 0x0695ed132d7b41846ede24559cc8920f, prev_key0_new = 0x0695ed132d7b41846ede24559cc8920f, prev_key0_we = 0x0
prev_key1_reg = 0x546d424f27de1e8088402b5b4dae355e, prev_key1_new = 0x546d424f27de1e8088402b5b4dae355e, prev_key1_we = 0x0
rcon_reg = 0x80, rcon_new = 0x80,  rcon_set = 0x0,  rcon_next = 0x0, rcon_we = 0x0
w0 = 0x0695ed13, w1 = 0x2d7b4184, w2 = 0x6ede2455, w3 = 0x9cc8920f
w4 = 0x6203b5f0, w5 = 0x4f78f474, w6 = 0x21a6d021, w7 = 0xbd6e422e
sboxw = 0xae355e4d, new_sboxw = 0xe49658e3, rconw = 0x649658e3
tw = 0xae355e4d, trw = 0xe49658e3
key_mem_new = 0x00000000000000000000000000000000, key_mem_we = 0x0

** key 0x6 matched expected round key.
** Got:      0xafa80ae5f2f755964741e30ce5e14380 **

State of DUT
------------
Inputs and outputs:
key       = 0xffffffffffffffffffffffffffffffffffffffffffffffffffffffffffffffff
keylen    = 0x1, init = 0x0, ready = 0x1
round     = 0x07
round_key = 0xeca0421129bf5d8ae318faa9d9f81acd

Internal states:
key_mem_ctrl = 0x0, round_key_update = 0x0, round_ctr_reg = 0xe
prev_key0_reg = 0x0695ed132d7b41846ede24559cc8920f, prev_key0_new = 0x0695ed132d7b41846ede24559cc8920f, prev_key0_we = 0x0
prev_key1_reg = 0x546d424f27de1e8088402b5b4dae355e, prev_key1_new = 0x546d424f27de1e8088402b5b4dae355e, prev_key1_we = 0x0
rcon_reg = 0x80, rcon_new = 0x80,  rcon_set = 0x0,  rcon_next = 0x0, rcon_we = 0x0
w0 = 0x0695ed13, w1 = 0x2d7b4184, w2 = 0x6ede2455, w3 = 0x9cc8920f
w4 = 0x6203b5f0, w5 = 0x4f78f474, w6 = 0x21a6d021, w7 = 0xbd6e422e
sboxw = 0xae355e4d, new_sboxw = 0xe49658e3, rconw = 0x649658e3
tw = 0xae355e4d, trw = 0xe49658e3
key_mem_new = 0x00000000000000000000000000000000, key_mem_we = 0x0

** key 0x7 matched expected round key.
** Got:      0xeca0421129bf5d8ae318faa9d9f81acd **

State of DUT
------------
Inputs and outputs:
key       = 0xffffffffffffffffffffffffffffffffffffffffffffffffffffffffffffffff
keylen    = 0x1, init = 0x0, ready = 0x1
round     = 0x08
round_key = 0xe60ab7d014fde24653bc014ab65d42ca

Internal states:
key_mem_ctrl = 0x0, round_key_update = 0x0, round_ctr_reg = 0xe
prev_key0_reg = 0x0695ed132d7b41846ede24559cc8920f, prev_key0_new = 0x0695ed132d7b41846ede24559cc8920f, prev_key0_we = 0x0
prev_key1_reg = 0x546d424f27de1e8088402b5b4dae355e, prev_key1_new = 0x546d424f27de1e8088402b5b4dae355e, prev_key1_we = 0x0
rcon_reg = 0x80, rcon_new = 0x80,  rcon_set = 0x0,  rcon_next = 0x0, rcon_we = 0x0
w0 = 0x0695ed13, w1 = 0x2d7b4184, w2 = 0x6ede2455, w3 = 0x9cc8920f
w4 = 0x6203b5f0, w5 = 0x4f78f474, w6 = 0x21a6d021, w7 = 0xbd6e422e
sboxw = 0xae355e4d, new_sboxw = 0xe49658e3, rconw = 0x649658e3
tw = 0xae355e4d, trw = 0xe49658e3
key_mem_new = 0x00000000000000000000000000000000, key_mem_we = 0x0

** key 0x8 matched expected round key.
** Got:      0xe60ab7d014fde24653bc014ab65d42ca **

State of DUT
------------
Inputs and outputs:
key       = 0xffffffffffffffffffffffffffffffffffffffffffffffffffffffffffffffff
keylen    = 0x1, init = 0x0, ready = 0x1
round     = 0x09
round_key = 0xa2ec6e658b5333ef684bc946b1b3d38b

Internal states:
key_mem_ctrl = 0x0, round_key_update = 0x0, round_ctr_reg = 0xe
prev_key0_reg = 0x0695ed132d7b41846ede24559cc8920f, prev_key0_new = 0x0695ed132d7b41846ede24559cc8920f, prev_key0_we = 0x0
prev_key1_reg = 0x546d424f27de1e8088402b5b4dae355e, prev_key1_new = 0x546d424f27de1e8088402b5b4dae355e, prev_key1_we = 0x0
rcon_reg = 0x80, rcon_new = 0x80,  rcon_set = 0x0,  rcon_next = 0x0, rcon_we = 0x0
w0 = 0x0695ed13, w1 = 0x2d7b4184, w2 = 0x6ede2455, w3 = 0x9cc8920f
w4 = 0x6203b5f0, w5 = 0x4f78f474, w6 = 0x21a6d021, w7 = 0xbd6e422e
sboxw = 0xae355e4d, new_sboxw = 0xe49658e3, rconw = 0x649658e3
tw = 0xae355e4d, trw = 0xe49658e3
key_mem_new = 0x00000000000000000000000000000000, key_mem_we = 0x0

** key 0x9 matched expected round key.
** Got:      0xa2ec6e658b5333ef684bc946b1b3d38b **

State of DUT
------------
Inputs and outputs:
key       = 0xffffffffffffffffffffffffffffffffffffffffffffffffffffffffffffffff
keylen    = 0x1, init = 0x0, ready = 0x1
round     = 0x0a
round_key = 0x9b6c8a188f91685edc2d69146a702bde

Internal states:
key_mem_ctrl = 0x0, round_key_update = 0x0, round_ctr_reg = 0xe
prev_key0_reg = 0x0695ed132d7b41846ede24559cc8920f, prev_key0_new = 0x0695ed132d7b41846ede24559cc8920f, prev_key0_we = 0x0
prev_key1_reg = 0x546d424f27de1e8088402b5b4dae355e, prev_key1_new = 0x546d424f27de1e8088402b5b4dae355e, prev_key1_we = 0x0
rcon_reg = 0x80, rcon_new = 0x80,  rcon_set = 0x0,  rcon_next = 0x0, rcon_we = 0x0
w0 = 0x0695ed13, w1 = 0x2d7b4184, w2 = 0x6ede2455, w3 = 0x9cc8920f
w4 = 0x6203b5f0, w5 = 0x4f78f474, w6 = 0x21a6d021, w7 = 0xbd6e422e
sboxw = 0xae355e4d, new_sboxw = 0xe49658e3, rconw = 0x649658e3
tw = 0xae355e4d, trw = 0xe49658e3
key_mem_new = 0x00000000000000000000000000000000, key_mem_we = 0x0

** key 0xa matched expected round key.
** Got:      0x9b6c8a188f91685edc2d69146a702bde **

State of DUT
------------
Inputs and outputs:
key       = 0xffffffffffffffffffffffffffffffffffffffffffffffffffffffffffffffff
keylen    = 0x1, init = 0x0, ready = 0x1
round     = 0x0b
round_key = 0xa0bd9f782beeac9743a565d1f216b65a

Internal states:
key_mem_ctrl = 0x0, round_key_update = 0x0, round_ctr_reg = 0xe
prev_key0_reg = 0x0695ed132d7b41846ede24559cc8920f, prev_key0_new = 0x0695ed132d7b41846ede24559cc8920f, prev_key0_we = 0x0
prev_key1_reg = 0x546d424f27de1e8088402b5b4dae355e, prev_key1_new = 0x546d424f27de1e8088402b5b4dae355e, prev_key1_we = 0x0
rcon_reg = 0x80, rcon_new = 0x80,  rcon_set = 0x0,  rcon_next = 0x0, rcon_we = 0x0
w0 = 0x0695ed13, w1 = 0x2d7b4184, w2 = 0x6ede2455, w3 = 0x9cc8920f
w4 = 0x6203b5f0, w5 = 0x4f78f474, w6 = 0x21a6d021, w7 = 0xbd6e422e
sboxw = 0xae355e4d, new_sboxw = 0xe49658e3, rconw = 0x649658e3
tw = 0xae355e4d, trw = 0xe49658e3
key_mem_new = 0x00000000000000000000000000000000, key_mem_we = 0x0

** key 0xb matched expected round key.
** Got:      0xa0bd9f782beeac9743a565d1f216b65a **

State of DUT
------------
Inputs and outputs:
key       = 0xffffffffffffffffffffffffffffffffffffffffffffffffffffffffffffffff
keylen    = 0x1, init = 0x0, ready = 0x1
round     = 0x0c
round_key = 0xfc22349173b35ccfaf9e35dbc5ee1e05

Internal states:
key_mem_ctrl = 0x0, round_key_update = 0x0, round_ctr_reg = 0xe
prev_key0_reg = 0x0695ed132d7b41846ede24559cc8920f, prev_key0_new = 0x0695ed132d7b41846ede24559cc8920f, prev_key0_we = 0x0
prev_key1_reg = 0x546d424f27de1e8088402b5b4dae355e, prev_key1_new = 0x546d424f27de1e8088402b5b4dae355e, prev_key1_we = 0x0
rcon_reg = 0x80, rcon_new = 0x80,  rcon_set = 0x0,  rcon_next = 0x0, rcon_we = 0x0
w0 = 0x0695ed13, w1 = 0x2d7b4184, w2 = 0x6ede2455, w3 = 0x9cc8920f
w4 = 0x6203b5f0, w5 = 0x4f78f474, w6 = 0x21a6d021, w7 = 0xbd6e422e
sboxw = 0xae355e4d, new_sboxw = 0xe49658e3, rconw = 0x649658e3
tw = 0xae355e4d, trw = 0xe49658e3
key_mem_new = 0x00000000000000000000000000000000, key_mem_we = 0x0

** key 0xc matched expected round key.
** Got:      0xfc22349173b35ccfaf9e35dbc5ee1e05 **

State of DUT
------------
Inputs and outputs:
key       = 0xffffffffffffffffffffffffffffffffffffffffffffffffffffffffffffffff
keylen    = 0x1, init = 0x0, ready = 0x1
round     = 0x0d
round_key = 0x0695ed132d7b41846ede24559cc8920f

Internal states:
key_mem_ctrl = 0x0, round_key_update = 0x0, round_ctr_reg = 0xe
prev_key0_reg = 0x0695ed132d7b41846ede24559cc8920f, prev_key0_new = 0x0695ed132d7b41846ede24559cc8920f, prev_key0_we = 0x0
prev_key1_reg = 0x546d424f27de1e8088402b5b4dae355e, prev_key1_new = 0x546d424f27de1e8088402b5b4dae355e, prev_key1_we = 0x0
rcon_reg = 0x80, rcon_new = 0x80,  rcon_set = 0x0,  rcon_next = 0x0, rcon_we = 0x0
w0 = 0x0695ed13, w1 = 0x2d7b4184, w2 = 0x6ede2455, w3 = 0x9cc8920f
w4 = 0x6203b5f0, w5 = 0x4f78f474, w6 = 0x21a6d021, w7 = 0xbd6e422e
sboxw = 0xae355e4d, new_sboxw = 0xe49658e3, rconw = 0x649658e3
tw = 0xae355e4d, trw = 0xe49658e3
key_mem_new = 0x00000000000000000000000000000000, key_mem_we = 0x0

** key 0xd matched expected round key.
** Got:      0x0695ed132d7b41846ede24559cc8920f **

State of DUT
------------
Inputs and outputs:
key       = 0xffffffffffffffffffffffffffffffffffffffffffffffffffffffffffffffff
keylen    = 0x1, init = 0x0, ready = 0x1
round     = 0x0e
round_key = 0x546d424f27de1e8088402b5b4dae355e

Internal states:
key_mem_ctrl = 0x0, round_key_update = 0x0, round_ctr_reg = 0xe
prev_key0_reg = 0x0695ed132d7b41846ede24559cc8920f, prev_key0_new = 0x0695ed132d7b41846ede24559cc8920f, prev_key0_we = 0x0
prev_key1_reg = 0x546d424f27de1e8088402b5b4dae355e, prev_key1_new = 0x546d424f27de1e8088402b5b4dae355e, prev_key1_we = 0x0
rcon_reg = 0x80, rcon_new = 0x80,  rcon_set = 0x0,  rcon_next = 0x0, rcon_we = 0x0
w0 = 0x0695ed13, w1 = 0x2d7b4184, w2 = 0x6ede2455, w3 = 0x9cc8920f
w4 = 0x6203b5f0, w5 = 0x4f78f474, w6 = 0x21a6d021, w7 = 0xbd6e422e
sboxw = 0xae355e4d, new_sboxw = 0xe49658e3, rconw = 0x649658e3
tw = 0xae355e4d, trw = 0xe49658e3
key_mem_new = 0x00000000000000000000000000000000, key_mem_we = 0x0

** key 0xe matched expected round key.
** Got:      0x546d424f27de1e8088402b5b4dae355e **

** Testing with 256-bit key 0x000102030405060708090a0b0c0d0e0f101112131415161718191a1b1c1d1e1f

State of DUT
------------
Inputs and outputs:
key       = 0x000102030405060708090a0b0c0d0e0f101112131415161718191a1b1c1d1e1f
keylen    = 0x1, init = 0x1, ready = 0x1
round     = 0x0e
round_key = 0x546d424f27de1e8088402b5b4dae355e

Internal states:
key_mem_ctrl = 0x0, round_key_update = 0x0, round_ctr_reg = 0xe
prev_key0_reg = 0x0695ed132d7b41846ede24559cc8920f, prev_key0_new = 0x0695ed132d7b41846ede24559cc8920f, prev_key0_we = 0x0
prev_key1_reg = 0x546d424f27de1e8088402b5b4dae355e, prev_key1_new = 0x546d424f27de1e8088402b5b4dae355e, prev_key1_we = 0x0
rcon_reg = 0x80, rcon_new = 0x80,  rcon_set = 0x0,  rcon_next = 0x0, rcon_we = 0x0
w0 = 0x0695ed13, w1 = 0x2d7b4184, w2 = 0x6ede2455, w3 = 0x9cc8920f
w4 = 0x6203b5f0, w5 = 0x4f78f474, w6 = 0x21a6d021, w7 = 0xbd6e422e
sboxw = 0xae355e4d, new_sboxw = 0xe49658e3, rconw = 0x649658e3
tw = 0xae355e4d, trw = 0xe49658e3
key_mem_new = 0x00000000000000000000000000000000, key_mem_we = 0x0

State of DUT
------------
Inputs and outputs:
key       = 0x000102030405060708090a0b0c0d0e0f101112131415161718191a1b1c1d1e1f
keylen    = 0x1, init = 0x1, ready = 0x0
round     = 0x0e
round_key = 0x546d424f27de1e8088402b5b4dae355e

Internal states:
key_mem_ctrl = 0x1, round_key_update = 0x1, round_ctr_reg = 0x0
prev_key0_reg = 0x0695ed132d7b41846ede24559cc8920f, prev_key0_new = 0x000102030405060708090a0b0c0d0e0f, prev_key0_we = 0x1
prev_key1_reg = 0x546d424f27de1e8088402b5b4dae355e, prev_key1_new = 0x101112131415161718191a1b1c1d1e1f, prev_key1_we = 0x1
rcon_reg = 0x80, rcon_new = 0x01,  rcon_set = 0x1,  rcon_next = 0x0, rcon_we = 0x1
w0 = 0x0695ed13, w1 = 0x2d7b4184, w2 = 0x6ede2455, w3 = 0x9cc8920f
w4 = 0x6203b5f0, w5 = 0x4f78f474, w6 = 0x21a6d021, w7 = 0xbd6e422e
sboxw = 0xae355e4d, new_sboxw = 0xe49658e3, rconw = 0x649658e3
tw = 0xae355e4d, trw = 0xe49658e3
key_mem_new = 0x000102030405060708090a0b0c0d0e0f, key_mem_we = 0x1

State of DUT
------------
Inputs and outputs:
key       = 0x000102030405060708090a0b0c0d0e0f101112131415161718191a1b1c1d1e1f
keylen    = 0x1, init = 0x0, ready = 0x0
round     = 0x0e
round_key = 0x546d424f27de1e8088402b5b4dae355e

Internal states:
key_mem_ctrl = 0x2, round_key_update = 0x1, round_ctr_reg = 0x1
prev_key0_reg = 0x000102030405060708090a0b0c0d0e0f, prev_key0_new = 0x000102030405060708090a0b0c0d0e0f, prev_key0_we = 0x0
prev_key1_reg = 0x101112131415161718191a1b1c1d1e1f, prev_key1_new = 0x101112131415161718191a1b1c1d1e1f, prev_key1_we = 0x0
rcon_reg = 0x01, rcon_new = 0x01,  rcon_set = 0x0,  rcon_next = 0x0, rcon_we = 0x0
w0 = 0x00010203, w1 = 0x04050607, w2 = 0x08090a0b, w3 = 0x0c0d0e0f
w4 = 0x9ca570c3, w5 = 0x98a076c4, w6 = 0x90a97ccf, w7 = 0x9ca472c0
sboxw = 0x1c1d1e1f, new_sboxw = 0x9ca472c0, rconw = 0x9ca472c0
tw = 0x1c1d1e1f, trw = 0x9ca472c0
key_mem_new = 0x101112131415161718191a1b1c1d1e1f, key_mem_we = 0x1

State of DUT
------------
Inputs and outputs:
key       = 0x000102030405060708090a0b0c0d0e0f101112131415161718191a1b1c1d1e1f
keylen    = 0x1, init = 0x0, ready = 0x0
round     = 0x0e
round_key = 0x546d424f27de1e8088402b5b4dae355e

Internal states:
key_mem_ctrl = 0x2, round_key_update = 0x1, round_ctr_reg = 0x2
prev_key0_reg = 0x000102030405060708090a0b0c0d0e0f, prev_key0_new = 0x101112131415161718191a1b1c1d1e1f, prev_key0_we = 0x1
prev_key1_reg = 0x101112131415161718191a1b1c1d1e1f, prev_key1_new = 0xa573c29fa176c498a97fce93a572c09c, prev_key1_we = 0x1
rcon_reg = 0x01, rcon_new = 0x02,  rcon_set = 0x0,  rcon_next = 0x1, rcon_we = 0x1
w0 = 0x00010203, w1 = 0x04050607, w2 = 0x08090a0b, w3 = 0x0c0d0e0f
w4 = 0xa573c29f, w5 = 0xa176c498, w6 = 0xa97fce93, w7 = 0xa572c09c
sboxw = 0x1d1e1f1c, new_sboxw = 0xa472c09c, rconw = 0xa572c09c
tw = 0x1d1e1f1c, trw = 0xa472c09c
key_mem_new = 0xa573c29fa176c498a97fce93a572c09c, key_mem_we = 0x1

State of DUT
------------
Inputs and outputs:
key       = 0x000102030405060708090a0b0c0d0e0f101112131415161718191a1b1c1d1e1f
keylen    = 0x1, init = 0x0, ready = 0x0
round     = 0x0e
round_key = 0x546d424f27de1e8088402b5b4dae355e

Internal states:
key_mem_ctrl = 0x2, round_key_update = 0x1, round_ctr_reg = 0x3
prev_key0_reg = 0x101112131415161718191a1b1c1d1e1f, prev_key0_new = 0xa573c29fa176c498a97fce93a572c09c, prev_key0_we = 0x1
prev_key1_reg = 0xa573c29fa176c498a97fce93a572c09c, prev_key1_new = 0x1651a8cd0244beda1a5da4c10640bade, prev_key1_we = 0x1
rcon_reg = 0x02, rcon_new = 0x02,  rcon_set = 0x0,  rcon_next = 0x0, rcon_we = 0x0
w0 = 0x10111213, w1 = 0x14151617, w2 = 0x18191a1b, w3 = 0x1c1d1e1f
w4 = 0x1651a8cd, w5 = 0x0244beda, w6 = 0x1a5da4c1, w7 = 0x0640bade
sboxw = 0xa572c09c, new_sboxw = 0x0640bade, rconw = 0x0640bade
tw = 0xa572c09c, trw = 0x0640bade
key_mem_new = 0x1651a8cd0244beda1a5da4c10640bade, key_mem_we = 0x1

State of DUT
------------
Inputs and outputs:
key       = 0x000102030405060708090a0b0c0d0e0f101112131415161718191a1b1c1d1e1f
keylen    = 0x1, init = 0x0, ready = 0x0
round     = 0x0e
round_key = 0x546d424f27de1e8088402b5b4dae355e

Internal states:
key_mem_ctrl = 0x2, round_key_update = 0x1, round_ctr_reg = 0x4
prev_key0_reg = 0xa573c29fa176c498a97fce93a572c09c, prev_key0_new = 0x1651a8cd0244beda1a5da4c10640bade, prev_key0_we = 0x1
prev_key1_reg = 0x1651a8cd0244beda1a5da4c10640bade, prev_key1_new = 0xae87dff00ff11b68a68ed5fb03fc1567, prev_key1_we = 0x1
rcon_reg = 0x02, rcon_new = 0x04,  rcon_set = 0x0,  rcon_next = 0x1, rcon_we = 0x1
w0 = 0xa573c29f, w1 = 0xa176c498, w2 = 0xa97fce93, w3 = 0xa572c09c
w4 = 0xae87dff0, w5 = 0x0ff11b68, w6 = 0xa68ed5fb, w7 = 0x03fc1567
sboxw = 0x40bade06, new_sboxw = 0x09f41d6f, rconw = 0x0bf41d6f
tw = 0x40bade06, trw = 0x09f41d6f
key_mem_new = 0xae87dff00ff11b68a68ed5fb03fc1567, key_mem_we = 0x1

State of DUT
------------
Inputs and outputs:
key       = 0x000102030405060708090a0b0c0d0e0f101112131415161718191a1b1c1d1e1f
keylen    = 0x1, init = 0x0, ready = 0x0
round     = 0x0e
round_key = 0x546d424f27de1e8088402b5b4dae355e

Internal states:
key_mem_ctrl = 0x2, round_key_update = 0x1, round_ctr_reg = 0x5
prev_key0_reg = 0x1651a8cd0244beda1a5da4c10640bade, prev_key0_new = 0xae87dff00ff11b68a68ed5fb03fc1567, prev_key0_we = 0x1
prev_key1_reg = 0xae87dff00ff11b68a68ed5fb03fc1567, prev_key1_new = 0x6de1f1486fa54f9275f8eb5373b8518d, prev_key1_we = 0x1
rcon_reg = 0x04, rcon_new = 0x04,  rcon_set = 0x0,  rcon_next = 0x0, rcon_we = 0x0
w0 = 0x1651a8cd, w1 = 0x0244beda, w2 = 0x1a5da4c1, w3 = 0x0640bade
w4 = 0x6de1f148, w5 = 0x6fa54f92, w6 = 0x75f8eb53, w7 = 0x73b8518d
sboxw = 0x03fc1567, new_sboxw = 0x7bb05985, rconw = 0x7bb05985
tw = 0x03fc1567, trw = 0x7bb05985
key_mem_new = 0x6de1f1486fa54f9275f8eb5373b8518d, key_mem_we = 0x1

State of DUT
------------
Inputs and outputs:
key       = 0x000102030405060708090a0b0c0d0e0f101112131415161718191a1b1c1d1e1f
keylen    = 0x1, init = 0x0, ready = 0x0
round     = 0x0e
round_key = 0x546d424f27de1e8088402b5b4dae355e

Internal states:
key_mem_ctrl = 0x2, round_key_update = 0x1, round_ctr_reg = 0x6
prev_key0_reg = 0xae87dff00ff11b68a68ed5fb03fc1567, prev_key0_new = 0x6de1f1486fa54f9275f8eb5373b8518d, prev_key0_we = 0x1
prev_key1_reg = 0x6de1f1486fa54f9275f8eb5373b8518d, prev_key1_new = 0xc656827fc9a799176f294cec6cd5598b, prev_key1_we = 0x1
rcon_reg = 0x04, rcon_new = 0x08,  rcon_set = 0x0,  rcon_next = 0x1, rcon_we = 0x1
w0 = 0xae87dff0, w1 = 0x0ff11b68, w2 = 0xa68ed5fb, w3 = 0x03fc1567
w4 = 0xc656827f, w5 = 0xc9a79917, w6 = 0x6f294cec, w7 = 0x6cd5598b
sboxw = 0xb8518d73, new_sboxw = 0x6cd15d8f, rconw = 0x68d15d8f
tw = 0xb8518d73, trw = 0x6cd15d8f
key_mem_new = 0xc656827fc9a799176f294cec6cd5598b, key_mem_we = 0x1

State of DUT
------------
Inputs and outputs:
key       = 0x000102030405060708090a0b0c0d0e0f101112131415161718191a1b1c1d1e1f
keylen    = 0x1, init = 0x0, ready = 0x0
round     = 0x0e
round_key = 0x546d424f27de1e8088402b5b4dae355e

Internal states:
key_mem_ctrl = 0x2, round_key_update = 0x1, round_ctr_reg = 0x7
prev_key0_reg = 0x6de1f1486fa54f9275f8eb5373b8518d, prev_key0_new = 0xc656827fc9a799176f294cec6cd5598b, prev_key0_we = 0x1
prev_key1_reg = 0xc656827fc9a799176f294cec6cd5598b, prev_key1_new = 0x3de23a75524775e727bf9eb45407cf39, prev_key1_we = 0x1
rcon_reg = 0x08, rcon_new = 0x08,  rcon_set = 0x0,  rcon_next = 0x0, rcon_we = 0x0
w0 = 0x6de1f148, w1 = 0x6fa54f92, w2 = 0x75f8eb53, w3 = 0x73b8518d
w4 = 0x3de23a75, w5 = 0x524775e7, w6 = 0x27bf9eb4, w7 = 0x5407cf39
sboxw = 0x6cd5598b, new_sboxw = 0x5003cb3d, rconw = 0x5003cb3d
tw = 0x6cd5598b, trw = 0x5003cb3d
key_mem_new = 0x3de23a75524775e727bf9eb45407cf39, key_mem_we = 0x1

State of DUT
------------
Inputs and outputs:
key       = 0x000102030405060708090a0b0c0d0e0f101112131415161718191a1b1c1d1e1f
keylen    = 0x1, init = 0x0, ready = 0x0
round     = 0x0e
round_key = 0x546d424f27de1e8088402b5b4dae355e

Internal states:
key_mem_ctrl = 0x2, round_key_update = 0x1, round_ctr_reg = 0x8
prev_key0_reg = 0xc656827fc9a799176f294cec6cd5598b, prev_key0_new = 0x3de23a75524775e727bf9eb45407cf39, prev_key0_we = 0x1
prev_key1_reg = 0x3de23a75524775e727bf9eb45407cf39, prev_key1_new = 0x0bdc905fc27b0948ad5245a4c1871c2f, prev_key1_we = 0x1
rcon_reg = 0x08, rcon_new = 0x10,  rcon_set = 0x0,  rcon_next = 0x1, rcon_we = 0x1
w0 = 0xc656827f, w1 = 0xc9a79917, w2 = 0x6f294cec, w3 = 0x6cd5598b
w4 = 0x0bdc905f, w5 = 0xc27b0948, w6 = 0xad5245a4, w7 = 0xc1871c2f
sboxw = 0x07cf3954, new_sboxw = 0xc58a1220, rconw = 0xcd8a1220
tw = 0x07cf3954, trw = 0xc58a1220
key_mem_new = 0x0bdc905fc27b0948ad5245a4c1871c2f, key_mem_we = 0x1

State of DUT
------------
Inputs and outputs:
key       = 0x000102030405060708090a0b0c0d0e0f101112131415161718191a1b1c1d1e1f
keylen    = 0x1, init = 0x0, ready = 0x0
round     = 0x0e
round_key = 0x546d424f27de1e8088402b5b4dae355e

Internal states:
key_mem_ctrl = 0x2, round_key_update = 0x1, round_ctr_reg = 0x9
prev_key0_reg = 0x3de23a75524775e727bf9eb45407cf39, prev_key0_new = 0x0bdc905fc27b0948ad5245a4c1871c2f, prev_key0_we = 0x1
prev_key1_reg = 0x0bdc905fc27b0948ad5245a4c1871c2f, prev_key1_new = 0x45f5a66017b2d387300d4d33640a820a, prev_key1_we = 0x1
rcon_reg = 0x10, rcon_new = 0x10,  rcon_set = 0x0,  rcon_next = 0x0, rcon_we = 0x0
w0 = 0x3de23a75, w1 = 0x524775e7, w2 = 0x27bf9eb4, w3 = 0x5407cf39
w4 = 0x45f5a660, w5 = 0x17b2d387, w6 = 0x300d4d33, w7 = 0x640a820a
sboxw = 0xc1871c2f, new_sboxw = 0x78179c15, rconw = 0x78179c15
tw = 0xc1871c2f, trw = 0x78179c15
key_mem_new = 0x45f5a66017b2d387300d4d33640a820a, key_mem_we = 0x1

State of DUT
------------
Inputs and outputs:
key       = 0x000102030405060708090a0b0c0d0e0f101112131415161718191a1b1c1d1e1f
keylen    = 0x1, init = 0x0, ready = 0x0
round     = 0x0e
round_key = 0x546d424f27de1e8088402b5b4dae355e

Internal states:
key_mem_ctrl = 0x2, round_key_update = 0x1, round_ctr_reg = 0xa
prev_key0_reg = 0x0bdc905fc27b0948ad5245a4c1871c2f, prev_key0_new = 0x45f5a66017b2d387300d4d33640a820a, prev_key0_we = 0x1
prev_key1_reg = 0x45f5a66017b2d387300d4d33640a820a, prev_key1_new = 0x7ccff71cbeb4fe5413e6bbf0d261a7df, prev_key1_we = 0x1
rcon_reg = 0x10, rcon_new = 0x20,  rcon_set = 0x0,  rcon_next = 0x1, rcon_we = 0x1
w0 = 0x0bdc905f, w1 = 0xc27b0948, w2 = 0xad5245a4, w3 = 0xc1871c2f
w4 = 0x7ccff71c, w5 = 0xbeb4fe54, w6 = 0x13e6bbf0, w7 = 0xd261a7df
sboxw = 0x0a820a64, new_sboxw = 0x67136743, rconw = 0x77136743
tw = 0x0a820a64, trw = 0x67136743
key_mem_new = 0x7ccff71cbeb4fe5413e6bbf0d261a7df, key_mem_we = 0x1

State of DUT
------------
Inputs and outputs:
key       = 0x000102030405060708090a0b0c0d0e0f101112131415161718191a1b1c1d1e1f
keylen    = 0x1, init = 0x0, ready = 0x0
round     = 0x0e
round_key = 0x546d424f27de1e8088402b5b4dae355e

Internal states:
key_mem_ctrl = 0x2, round_key_update = 0x1, round_ctr_reg = 0xb
prev_key0_reg = 0x45f5a66017b2d387300d4d33640a820a, prev_key0_new = 0x7ccff71cbeb4fe5413e6bbf0d261a7df, prev_key0_we = 0x1
prev_key1_reg = 0x7ccff71cbeb4fe5413e6bbf0d261a7df, prev_key1_new = 0xf01afafee7a82979d7a5644ab3afe640, prev_key1_we = 0x1
rcon_reg = 0x20, rcon_new = 0x20,  rcon_set = 0x0,  rcon_next = 0x0, rcon_we = 0x0
w0 = 0x45f5a660, w1 = 0x17b2d387, w2 = 0x300d4d33, w3 = 0x640a820a
w4 = 0xf01afafe, w5 = 0xe7a82979, w6 = 0xd7a5644a, w7 = 0xb3afe640
sboxw = 0xd261a7df, new_sboxw = 0xb5ef5c9e, rconw = 0xb5ef5c9e
tw = 0xd261a7df, trw = 0xb5ef5c9e
key_mem_new = 0xf01afafee7a82979d7a5644ab3afe640, key_mem_we = 0x1

State of DUT
------------
Inputs and outputs:
key       = 0x000102030405060708090a0b0c0d0e0f101112131415161718191a1b1c1d1e1f
keylen    = 0x1, init = 0x0, ready = 0x0
round     = 0x0e
round_key = 0x546d424f27de1e8088402b5b4dae355e

Internal states:
key_mem_ctrl = 0x2, round_key_update = 0x1, round_ctr_reg = 0xc
prev_key0_reg = 0x7ccff71cbeb4fe5413e6bbf0d261a7df, prev_key0_new = 0xf01afafee7a82979d7a5644ab3afe640, prev_key0_we = 0x1
prev_key1_reg = 0xf01afafee7a82979d7a5644ab3afe640, prev_key1_new = 0x2541fe719bf500258813bbd55a721c0a, prev_key1_we = 0x1
rcon_reg = 0x20, rcon_new = 0x40,  rcon_set = 0x0,  rcon_next = 0x1, rcon_we = 0x1
w0 = 0x7ccff71c, w1 = 0xbeb4fe54, w2 = 0x13e6bbf0, w3 = 0xd261a7df
w4 = 0x2541fe71, w5 = 0x9bf50025, w6 = 0x8813bbd5, w7 = 0x5a721c0a
sboxw = 0xafe640b3, new_sboxw = 0x798e096d, rconw = 0x598e096d
tw = 0xafe640b3, trw = 0x798e096d
key_mem_new = 0x2541fe719bf500258813bbd55a721c0a, key_mem_we = 0x1

State of DUT
------------
Inputs and outputs:
key       = 0x000102030405060708090a0b0c0d0e0f101112131415161718191a1b1c1d1e1f
keylen    = 0x1, init = 0x0, ready = 0x0
round     = 0x0e
round_key = 0x546d424f27de1e8088402b5b4dae355e

Internal states:
key_mem_ctrl = 0x2, round_key_update = 0x1, round_ctr_reg = 0xd
prev_key0_reg = 0xf01afafee7a82979d7a5644ab3afe640, prev_key0_new = 0x2541fe719bf500258813bbd55a721c0a, prev_key0_we = 0x1
prev_key1_reg = 0x2541fe719bf500258813bbd55a721c0a, prev_key1_new = 0x4e5a6699a9f24fe07e572baacdf8cdea, prev_key1_we = 0x1
rcon_reg = 0x40, rcon_new = 0x40,  rcon_set = 0x0,  rcon_next = 0x0, rcon_we = 0x0
w0 = 0xf01afafe, w1 = 0xe7a82979, w2 = 0xd7a5644a, w3 = 0xb3afe640
w4 = 0x4e5a6699, w5 = 0xa9f24fe0, w6 = 0x7e572baa, w7 = 0xcdf8cdea
sboxw = 0x5a721c0a, new_sboxw = 0xbe409c67, rconw = 0xbe409c67
tw = 0x5a721c0a, trw = 0xbe409c67
key_mem_new = 0x4e5a6699a9f24fe07e572baacdf8cdea, key_mem_we = 0x1

State of DUT
------------
Inputs and outputs:
key       = 0x000102030405060708090a0b0c0d0e0f101112131415161718191a1b1c1d1e1f
keylen    = 0x1, init = 0x0, ready = 0x0
round     = 0x0e
round_key = 0x546d424f27de1e8088402b5b4dae355e

Internal states:
key_mem_ctrl = 0x2, round_key_update = 0x1, round_ctr_reg = 0xe
prev_key0_reg = 0x2541fe719bf500258813bbd55a721c0a, prev_key0_new = 0x4e5a6699a9f24fe07e572baacdf8cdea, prev_key0_we = 0x1
prev_key1_reg = 0x4e5a6699a9f24fe07e572baacdf8cdea, prev_key1_new = 0x24fc79ccbf0979e9371ac23c6d68de36, prev_key1_we = 0x1
rcon_reg = 0x40, rcon_new = 0x80,  rcon_set = 0x0,  rcon_next = 0x1, rcon_we = 0x1
w0 = 0x2541fe71, w1 = 0x9bf50025, w2 = 0x8813bbd5, w3 = 0x5a721c0a
w4 = 0x24fc79cc, w5 = 0xbf0979e9, w6 = 0x371ac23c, w7 = 0x6d68de36
sboxw = 0xf8cdeacd, new_sboxw = 0x41bd87bd, rconw = 0x01bd87bd
tw = 0xf8cdeacd, trw = 0x41bd87bd
key_mem_new = 0x24fc79ccbf0979e9371ac23c6d68de36, key_mem_we = 0x1

State of DUT
------------
Inputs and outputs:
key       = 0x000102030405060708090a0b0c0d0e0f101112131415161718191a1b1c1d1e1f
keylen    = 0x1, init = 0x0, ready = 0x1
round     = 0x00
round_key = 0x000102030405060708090a0b0c0d0e0f

Internal states:
key_mem_ctrl = 0x0, round_key_update = 0x0, round_ctr_reg = 0xe
prev_key0_reg = 0x4e5a6699a9f24fe07e572baacdf8cdea, prev_key0_new = 0x4e5a6699a9f24fe07e572baacdf8cdea, prev_key0_we = 0x0
prev_key1_reg = 0x24fc79ccbf0979e9371ac23c6d68de36, prev_key1_new = 0x24fc79ccbf0979e9371ac23c6d68de36, prev_key1_we = 0x0
rcon_reg = 0x80, rcon_new = 0x80,  rcon_set = 0x0,  rcon_next = 0x0, rcon_we = 0x0
w0 = 0x4e5a6699, w1 = 0xa9f24fe0, w2 = 0x7e572baa, w3 = 0xcdf8cdea
w4 = 0x8b4763a5, w5 = 0x22b52c45, w6 = 0x5ce207ef, w7 = 0x911aca05
sboxw = 0x68de366d, new_sboxw = 0x451d053c, rconw = 0xc51d053c
tw = 0x68de366d, trw = 0x451d053c
key_mem_new = 0x00000000000000000000000000000000, key_mem_we = 0x0

** key 0x0 matched expected round key.
** Got:      0x000102030405060708090a0b0c0d0e0f **

State of DUT
------------
Inputs and outputs:
key       = 0x000102030405060708090a0b0c0d0e0f101112131415161718191a1b1c1d1e1f
keylen    = 0x1, init = 0x0, ready = 0x1
round     = 0x01
round_key = 0x101112131415161718191a1b1c1d1e1f

Internal states:
key_mem_ctrl = 0x0, round_key_update = 0x0, round_ctr_reg = 0xe
prev_key0_reg = 0x4e5a6699a9f24fe07e572baacdf8cdea, prev_key0_new = 0x4e5a6699a9f24fe07e572baacdf8cdea, prev_key0_we = 0x0
prev_key1_reg = 0x24fc79ccbf0979e9371ac23c6d68de36, prev_key1_new = 0x24fc79ccbf0979e9371ac23c6d68de36, prev_key1_we = 0x0
rcon_reg = 0x80, rcon_new = 0x80,  rcon_set = 0x0,  rcon_next = 0x0, rcon_we = 0x0
w0 = 0x4e5a6699, w1 = 0xa9f24fe0, w2 = 0x7e572baa, w3 = 0xcdf8cdea
w4 = 0x8b4763a5, w5 = 0x22b52c45, w6 = 0x5ce207ef, w7 = 0x911aca05
sboxw = 0x68de366d, new_sboxw = 0x451d053c, rconw = 0xc51d053c
tw = 0x68de366d, trw = 0x451d053c
key_mem_new = 0x00000000000000000000000000000000, key_mem_we = 0x0

** key 0x1 matched expected round key.
** Got:      0x101112131415161718191a1b1c1d1e1f **

State of DUT
------------
Inputs and outputs:
key       = 0x000102030405060708090a0b0c0d0e0f101112131415161718191a1b1c1d1e1f
keylen    = 0x1, init = 0x0, ready = 0x1
round     = 0x02
round_key = 0xa573c29fa176c498a97fce93a572c09c

Internal states:
key_mem_ctrl = 0x0, round_key_update = 0x0, round_ctr_reg = 0xe
prev_key0_reg = 0x4e5a6699a9f24fe07e572baacdf8cdea, prev_key0_new = 0x4e5a6699a9f24fe07e572baacdf8cdea, prev_key0_we = 0x0
prev_key1_reg = 0x24fc79ccbf0979e9371ac23c6d68de36, prev_key1_new = 0x24fc79ccbf0979e9371ac23c6d68de36, prev_key1_we = 0x0
rcon_reg = 0x80, rcon_new = 0x80,  rcon_set = 0x0,  rcon_next = 0x0, rcon_we = 0x0
w0 = 0x4e5a6699, w1 = 0xa9f24fe0, w2 = 0x7e572baa, w3 = 0xcdf8cdea
w4 = 0x8b4763a5, w5 = 0x22b52c45, w6 = 0x5ce207ef, w7 = 0x911aca05
sboxw = 0x68de366d, new_sboxw = 0x451d053c, rconw = 0xc51d053c
tw = 0x68de366d, trw = 0x451d053c
key_mem_new = 0x00000000000000000000000000000000, key_mem_we = 0x0

** key 0x2 matched expected round key.
** Got:      0xa573c29fa176c498a97fce93a572c09c **

State of DUT
------------
Inputs and outputs:
key       = 0x000102030405060708090a0b0c0d0e0f101112131415161718191a1b1c1d1e1f
keylen    = 0x1, init = 0x0, ready = 0x1
round     = 0x03
round_key = 0x1651a8cd0244beda1a5da4c10640bade

Internal states:
key_mem_ctrl = 0x0, round_key_update = 0x0, round_ctr_reg = 0xe
prev_key0_reg = 0x4e5a6699a9f24fe07e572baacdf8cdea, prev_key0_new = 0x4e5a6699a9f24fe07e572baacdf8cdea, prev_key0_we = 0x0
prev_key1_reg = 0x24fc79ccbf0979e9371ac23c6d68de36, prev_key1_new = 0x24fc79ccbf0979e9371ac23c6d68de36, prev_key1_we = 0x0
rcon_reg = 0x80, rcon_new = 0x80,  rcon_set = 0x0,  rcon_next = 0x0, rcon_we = 0x0
w0 = 0x4e5a6699, w1 = 0xa9f24fe0, w2 = 0x7e572baa, w3 = 0xcdf8cdea
w4 = 0x8b4763a5, w5 = 0x22b52c45, w6 = 0x5ce207ef, w7 = 0x911aca05
sboxw = 0x68de366d, new_sboxw = 0x451d053c, rconw = 0xc51d053c
tw = 0x68de366d, trw = 0x451d053c
key_mem_new = 0x00000000000000000000000000000000, key_mem_we = 0x0

** key 0x3 matched expected round key.
** Got:      0x1651a8cd0244beda1a5da4c10640bade **

State of DUT
------------
Inputs and outputs:
key       = 0x000102030405060708090a0b0c0d0e0f101112131415161718191a1b1c1d1e1f
keylen    = 0x1, init = 0x0, ready = 0x1
round     = 0x04
round_key = 0xae87dff00ff11b68a68ed5fb03fc1567

Internal states:
key_mem_ctrl = 0x0, round_key_update = 0x0, round_ctr_reg = 0xe
prev_key0_reg = 0x4e5a6699a9f24fe07e572baacdf8cdea, prev_key0_new = 0x4e5a6699a9f24fe07e572baacdf8cdea, prev_key0_we = 0x0
prev_key1_reg = 0x24fc79ccbf0979e9371ac23c6d68de36, prev_key1_new = 0x24fc79ccbf0979e9371ac23c6d68de36, prev_key1_we = 0x0
rcon_reg = 0x80, rcon_new = 0x80,  rcon_set = 0x0,  rcon_next = 0x0, rcon_we = 0x0
w0 = 0x4e5a6699, w1 = 0xa9f24fe0, w2 = 0x7e572baa, w3 = 0xcdf8cdea
w4 = 0x8b4763a5, w5 = 0x22b52c45, w6 = 0x5ce207ef, w7 = 0x911aca05
sboxw = 0x68de366d, new_sboxw = 0x451d053c, rconw = 0xc51d053c
tw = 0x68de366d, trw = 0x451d053c
key_mem_new = 0x00000000000000000000000000000000, key_mem_we = 0x0

** key 0x4 matched expected round key.
** Got:      0xae87dff00ff11b68a68ed5fb03fc1567 **

State of DUT
------------
Inputs and outputs:
key       = 0x000102030405060708090a0b0c0d0e0f101112131415161718191a1b1c1d1e1f
keylen    = 0x1, init = 0x0, ready = 0x1
round     = 0x05
round_key = 0x6de1f1486fa54f9275f8eb5373b8518d

Internal states:
key_mem_ctrl = 0x0, round_key_update = 0x0, round_ctr_reg = 0xe
prev_key0_reg = 0x4e5a6699a9f24fe07e572baacdf8cdea, prev_key0_new = 0x4e5a6699a9f24fe07e572baacdf8cdea, prev_key0_we = 0x0
prev_key1_reg = 0x24fc79ccbf0979e9371ac23c6d68de36, prev_key1_new = 0x24fc79ccbf0979e9371ac23c6d68de36, prev_key1_we = 0x0
rcon_reg = 0x80, rcon_new = 0x80,  rcon_set = 0x0,  rcon_next = 0x0, rcon_we = 0x0
w0 = 0x4e5a6699, w1 = 0xa9f24fe0, w2 = 0x7e572baa, w3 = 0xcdf8cdea
w4 = 0x8b4763a5, w5 = 0x22b52c45, w6 = 0x5ce207ef, w7 = 0x911aca05
sboxw = 0x68de366d, new_sboxw = 0x451d053c, rconw = 0xc51d053c
tw = 0x68de366d, trw = 0x451d053c
key_mem_new = 0x00000000000000000000000000000000, key_mem_we = 0x0

** key 0x5 matched expected round key.
** Got:      0x6de1f1486fa54f9275f8eb5373b8518d **

State of DUT
------------
Inputs and outputs:
key       = 0x000102030405060708090a0b0c0d0e0f101112131415161718191a1b1c1d1e1f
keylen    = 0x1, init = 0x0, ready = 0x1
round     = 0x06
round_key = 0xc656827fc9a799176f294cec6cd5598b

Internal states:
key_mem_ctrl = 0x0, round_key_update = 0x0, round_ctr_reg = 0xe
prev_key0_reg = 0x4e5a6699a9f24fe07e572baacdf8cdea, prev_key0_new = 0x4e5a6699a9f24fe07e572baacdf8cdea, prev_key0_we = 0x0
prev_key1_reg = 0x24fc79ccbf0979e9371ac23c6d68de36, prev_key1_new = 0x24fc79ccbf0979e9371ac23c6d68de36, prev_key1_we = 0x0
rcon_reg = 0x80, rcon_new = 0x80,  rcon_set = 0x0,  rcon_next = 0x0, rcon_we = 0x0
w0 = 0x4e5a6699, w1 = 0xa9f24fe0, w2 = 0x7e572baa, w3 = 0xcdf8cdea
w4 = 0x8b4763a5, w5 = 0x22b52c45, w6 = 0x5ce207ef, w7 = 0x911aca05
sboxw = 0x68de366d, new_sboxw = 0x451d053c, rconw = 0xc51d053c
tw = 0x68de366d, trw = 0x451d053c
key_mem_new = 0x00000000000000000000000000000000, key_mem_we = 0x0

** key 0x6 matched expected round key.
** Got:      0xc656827fc9a799176f294cec6cd5598b **

State of DUT
------------
Inputs and outputs:
key       = 0x000102030405060708090a0b0c0d0e0f101112131415161718191a1b1c1d1e1f
keylen    = 0x1, init = 0x0, ready = 0x1
round     = 0x07
round_key = 0x3de23a75524775e727bf9eb45407cf39

Internal states:
key_mem_ctrl = 0x0, round_key_update = 0x0, round_ctr_reg = 0xe
prev_key0_reg = 0x4e5a6699a9f24fe07e572baacdf8cdea, prev_key0_new = 0x4e5a6699a9f24fe07e572baacdf8cdea, prev_key0_we = 0x0
prev_key1_reg = 0x24fc79ccbf0979e9371ac23c6d68de36, prev_key1_new = 0x24fc79ccbf0979e9371ac23c6d68de36, prev_key1_we = 0x0
rcon_reg = 0x80, rcon_new = 0x80,  rcon_set = 0x0,  rcon_next = 0x0, rcon_we = 0x0
w0 = 0x4e5a6699, w1 = 0xa9f24fe0, w2 = 0x7e572baa, w3 = 0xcdf8cdea
w4 = 0x8b4763a5, w5 = 0x22b52c45, w6 = 0x5ce207ef, w7 = 0x911aca05
sboxw = 0x68de366d, new_sboxw = 0x451d053c, rconw = 0xc51d053c
tw = 0x68de366d, trw = 0x451d053c
key_mem_new = 0x00000000000000000000000000000000, key_mem_we = 0x0

** key 0x7 matched expected round key.
** Got:      0x3de23a75524775e727bf9eb45407cf39 **

State of DUT
------------
Inputs and outputs:
key       = 0x000102030405060708090a0b0c0d0e0f101112131415161718191a1b1c1d1e1f
keylen    = 0x1, init = 0x0, ready = 0x1
round     = 0x08
round_key = 0x0bdc905fc27b0948ad5245a4c1871c2f

Internal states:
key_mem_ctrl = 0x0, round_key_update = 0x0, round_ctr_reg = 0xe
prev_key0_reg = 0x4e5a6699a9f24fe07e572baacdf8cdea, prev_key0_new = 0x4e5a6699a9f24fe07e572baacdf8cdea, prev_key0_we = 0x0
prev_key1_reg = 0x24fc79ccbf0979e9371ac23c6d68de36, prev_key1_new = 0x24fc79ccbf0979e9371ac23c6d68de36, prev_key1_we = 0x0
rcon_reg = 0x80, rcon_new = 0x80,  rcon_set = 0x0,  rcon_next = 0x0, rcon_we = 0x0
w0 = 0x4e5a6699, w1 = 0xa9f24fe0, w2 = 0x7e572baa, w3 = 0xcdf8cdea
w4 = 0x8b4763a5, w5 = 0x22b52c45, w6 = 0x5ce207ef, w7 = 0x911aca05
sboxw = 0x68de366d, new_sboxw = 0x451d053c, rconw = 0xc51d053c
tw = 0x68de366d, trw = 0x451d053c
key_mem_new = 0x00000000000000000000000000000000, key_mem_we = 0x0

** key 0x8 matched expected round key.
** Got:      0x0bdc905fc27b0948ad5245a4c1871c2f **

State of DUT
------------
Inputs and outputs:
key       = 0x000102030405060708090a0b0c0d0e0f101112131415161718191a1b1c1d1e1f
keylen    = 0x1, init = 0x0, ready = 0x1
round     = 0x09
round_key = 0x45f5a66017b2d387300d4d33640a820a

Internal states:
key_mem_ctrl = 0x0, round_key_update = 0x0, round_ctr_reg = 0xe
prev_key0_reg = 0x4e5a6699a9f24fe07e572baacdf8cdea, prev_key0_new = 0x4e5a6699a9f24fe07e572baacdf8cdea, prev_key0_we = 0x0
prev_key1_reg = 0x24fc79ccbf0979e9371ac23c6d68de36, prev_key1_new = 0x24fc79ccbf0979e9371ac23c6d68de36, prev_key1_we = 0x0
rcon_reg = 0x80, rcon_new = 0x80,  rcon_set = 0x0,  rcon_next = 0x0, rcon_we = 0x0
w0 = 0x4e5a6699, w1 = 0xa9f24fe0, w2 = 0x7e572baa, w3 = 0xcdf8cdea
w4 = 0x8b4763a5, w5 = 0x22b52c45, w6 = 0x5ce207ef, w7 = 0x911aca05
sboxw = 0x68de366d, new_sboxw = 0x451d053c, rconw = 0xc51d053c
tw = 0x68de366d, trw = 0x451d053c
key_mem_new = 0x00000000000000000000000000000000, key_mem_we = 0x0

** key 0x9 matched expected round key.
** Got:      0x45f5a66017b2d387300d4d33640a820a **

State of DUT
------------
Inputs and outputs:
key       = 0x000102030405060708090a0b0c0d0e0f101112131415161718191a1b1c1d1e1f
keylen    = 0x1, init = 0x0, ready = 0x1
round     = 0x0a
round_key = 0x7ccff71cbeb4fe5413e6bbf0d261a7df

Internal states:
key_mem_ctrl = 0x0, round_key_update = 0x0, round_ctr_reg = 0xe
prev_key0_reg = 0x4e5a6699a9f24fe07e572baacdf8cdea, prev_key0_new = 0x4e5a6699a9f24fe07e572baacdf8cdea, prev_key0_we = 0x0
prev_key1_reg = 0x24fc79ccbf0979e9371ac23c6d68de36, prev_key1_new = 0x24fc79ccbf0979e9371ac23c6d68de36, prev_key1_we = 0x0
rcon_reg = 0x80, rcon_new = 0x80,  rcon_set = 0x0,  rcon_next = 0x0, rcon_we = 0x0
w0 = 0x4e5a6699, w1 = 0xa9f24fe0, w2 = 0x7e572baa, w3 = 0xcdf8cdea
w4 = 0x8b4763a5, w5 = 0x22b52c45, w6 = 0x5ce207ef, w7 = 0x911aca05
sboxw = 0x68de366d, new_sboxw = 0x451d053c, rconw = 0xc51d053c
tw = 0x68de366d, trw = 0x451d053c
key_mem_new = 0x00000000000000000000000000000000, key_mem_we = 0x0

** key 0xa matched expected round key.
** Got:      0x7ccff71cbeb4fe5413e6bbf0d261a7df **

State of DUT
------------
Inputs and outputs:
key       = 0x000102030405060708090a0b0c0d0e0f101112131415161718191a1b1c1d1e1f
keylen    = 0x1, init = 0x0, ready = 0x1
round     = 0x0b
round_key = 0xf01afafee7a82979d7a5644ab3afe640

Internal states:
key_mem_ctrl = 0x0, round_key_update = 0x0, round_ctr_reg = 0xe
prev_key0_reg = 0x4e5a6699a9f24fe07e572baacdf8cdea, prev_key0_new = 0x4e5a6699a9f24fe07e572baacdf8cdea, prev_key0_we = 0x0
prev_key1_reg = 0x24fc79ccbf0979e9371ac23c6d68de36, prev_key1_new = 0x24fc79ccbf0979e9371ac23c6d68de36, prev_key1_we = 0x0
rcon_reg = 0x80, rcon_new = 0x80,  rcon_set = 0x0,  rcon_next = 0x0, rcon_we = 0x0
w0 = 0x4e5a6699, w1 = 0xa9f24fe0, w2 = 0x7e572baa, w3 = 0xcdf8cdea
w4 = 0x8b4763a5, w5 = 0x22b52c45, w6 = 0x5ce207ef, w7 = 0x911aca05
sboxw = 0x68de366d, new_sboxw = 0x451d053c, rconw = 0xc51d053c
tw = 0x68de366d, trw = 0x451d053c
key_mem_new = 0x00000000000000000000000000000000, key_mem_we = 0x0

** key 0xb matched expected round key.
** Got:      0xf01afafee7a82979d7a5644ab3afe640 **

State of DUT
------------
Inputs and outputs:
key       = 0x000102030405060708090a0b0c0d0e0f101112131415161718191a1b1c1d1e1f
keylen    = 0x1, init = 0x0, ready = 0x1
round     = 0x0c
round_key = 0x2541fe719bf500258813bbd55a721c0a

Internal states:
key_mem_ctrl = 0x0, round_key_update = 0x0, round_ctr_reg = 0xe
prev_key0_reg = 0x4e5a6699a9f24fe07e572baacdf8cdea, prev_key0_new = 0x4e5a6699a9f24fe07e572baacdf8cdea, prev_key0_we = 0x0
prev_key1_reg = 0x24fc79ccbf0979e9371ac23c6d68de36, prev_key1_new = 0x24fc79ccbf0979e9371ac23c6d68de36, prev_key1_we = 0x0
rcon_reg = 0x80, rcon_new = 0x80,  rcon_set = 0x0,  rcon_next = 0x0, rcon_we = 0x0
w0 = 0x4e5a6699, w1 = 0xa9f24fe0, w2 = 0x7e572baa, w3 = 0xcdf8cdea
w4 = 0x8b4763a5, w5 = 0x22b52c45, w6 = 0x5ce207ef, w7 = 0x911aca05
sboxw = 0x68de366d, new_sboxw = 0x451d053c, rconw = 0xc51d053c
tw = 0x68de366d, trw = 0x451d053c
key_mem_new = 0x00000000000000000000000000000000, key_mem_we = 0x0

** key 0xc matched expected round key.
** Got:      0x2541fe719bf500258813bbd55a721c0a **

State of DUT
------------
Inputs and outputs:
key       = 0x000102030405060708090a0b0c0d0e0f101112131415161718191a1b1c1d1e1f
keylen    = 0x1, init = 0x0, ready = 0x1
round     = 0x0d
round_key = 0x4e5a6699a9f24fe07e572baacdf8cdea

Internal states:
key_mem_ctrl = 0x0, round_key_update = 0x0, round_ctr_reg = 0xe
prev_key0_reg = 0x4e5a6699a9f24fe07e572baacdf8cdea, prev_key0_new = 0x4e5a6699a9f24fe07e572baacdf8cdea, prev_key0_we = 0x0
prev_key1_reg = 0x24fc79ccbf0979e9371ac23c6d68de36, prev_key1_new = 0x24fc79ccbf0979e9371ac23c6d68de36, prev_key1_we = 0x0
rcon_reg = 0x80, rcon_new = 0x80,  rcon_set = 0x0,  rcon_next = 0x0, rcon_we = 0x0
w0 = 0x4e5a6699, w1 = 0xa9f24fe0, w2 = 0x7e572baa, w3 = 0xcdf8cdea
w4 = 0x8b4763a5, w5 = 0x22b52c45, w6 = 0x5ce207ef, w7 = 0x911aca05
sboxw = 0x68de366d, new_sboxw = 0x451d053c, rconw = 0xc51d053c
tw = 0x68de366d, trw = 0x451d053c
key_mem_new = 0x00000000000000000000000000000000, key_mem_we = 0x0

** key 0xd matched expected round key.
** Got:      0x4e5a6699a9f24fe07e572baacdf8cdea **

State of DUT
------------
Inputs and outputs:
key       = 0x000102030405060708090a0b0c0d0e0f101112131415161718191a1b1c1d1e1f
keylen    = 0x1, init = 0x0, ready = 0x1
round     = 0x0e
round_key = 0x24fc79ccbf0979e9371ac23c6d68de36

Internal states:
key_mem_ctrl = 0x0, round_key_update = 0x0, round_ctr_reg = 0xe
prev_key0_reg = 0x4e5a6699a9f24fe07e572baacdf8cdea, prev_key0_new = 0x4e5a6699a9f24fe07e572baacdf8cdea, prev_key0_we = 0x0
prev_key1_reg = 0x24fc79ccbf0979e9371ac23c6d68de36, prev_key1_new = 0x24fc79ccbf0979e9371ac23c6d68de36, prev_key1_we = 0x0
rcon_reg = 0x80, rcon_new = 0x80,  rcon_set = 0x0,  rcon_next = 0x0, rcon_we = 0x0
w0 = 0x4e5a6699, w1 = 0xa9f24fe0, w2 = 0x7e572baa, w3 = 0xcdf8cdea
w4 = 0x8b4763a5, w5 = 0x22b52c45, w6 = 0x5ce207ef, w7 = 0x911aca05
sboxw = 0x68de366d, new_sboxw = 0x451d053c, rconw = 0xc51d053c
tw = 0x68de366d, trw = 0x451d053c
key_mem_new = 0x00000000000000000000000000000000, key_mem_we = 0x0

** key 0xe matched expected round key.
** Got:      0x24fc79ccbf0979e9371ac23c6d68de36 **

** Testing with 256-bit key 0x603deb1015ca71be2b73aef0857d77811f352c073b6108d72d9810a30914dff4

State of DUT
------------
Inputs and outputs:
key       = 0x603deb1015ca71be2b73aef0857d77811f352c073b6108d72d9810a30914dff4
keylen    = 0x1, init = 0x1, ready = 0x1
round     = 0x0e
round_key = 0x24fc79ccbf0979e9371ac23c6d68de36

Internal states:
key_mem_ctrl = 0x0, round_key_update = 0x0, round_ctr_reg = 0xe
prev_key0_reg = 0x4e5a6699a9f24fe07e572baacdf8cdea, prev_key0_new = 0x4e5a6699a9f24fe07e572baacdf8cdea, prev_key0_we = 0x0
prev_key1_reg = 0x24fc79ccbf0979e9371ac23c6d68de36, prev_key1_new = 0x24fc79ccbf0979e9371ac23c6d68de36, prev_key1_we = 0x0
rcon_reg = 0x80, rcon_new = 0x80,  rcon_set = 0x0,  rcon_next = 0x0, rcon_we = 0x0
w0 = 0x4e5a6699, w1 = 0xa9f24fe0, w2 = 0x7e572baa, w3 = 0xcdf8cdea
w4 = 0x8b4763a5, w5 = 0x22b52c45, w6 = 0x5ce207ef, w7 = 0x911aca05
sboxw = 0x68de366d, new_sboxw = 0x451d053c, rconw = 0xc51d053c
tw = 0x68de366d, trw = 0x451d053c
key_mem_new = 0x00000000000000000000000000000000, key_mem_we = 0x0

State of DUT
------------
Inputs and outputs:
key       = 0x603deb1015ca71be2b73aef0857d77811f352c073b6108d72d9810a30914dff4
keylen    = 0x1, init = 0x1, ready = 0x0
round     = 0x0e
round_key = 0x24fc79ccbf0979e9371ac23c6d68de36

Internal states:
key_mem_ctrl = 0x1, round_key_update = 0x1, round_ctr_reg = 0x0
prev_key0_reg = 0x4e5a6699a9f24fe07e572baacdf8cdea, prev_key0_new = 0x603deb1015ca71be2b73aef0857d7781, prev_key0_we = 0x1
prev_key1_reg = 0x24fc79ccbf0979e9371ac23c6d68de36, prev_key1_new = 0x1f352c073b6108d72d9810a30914dff4, prev_key1_we = 0x1
rcon_reg = 0x80, rcon_new = 0x01,  rcon_set = 0x1,  rcon_next = 0x0, rcon_we = 0x1
w0 = 0x4e5a6699, w1 = 0xa9f24fe0, w2 = 0x7e572baa, w3 = 0xcdf8cdea
w4 = 0x8b4763a5, w5 = 0x22b52c45, w6 = 0x5ce207ef, w7 = 0x911aca05
sboxw = 0x68de366d, new_sboxw = 0x451d053c, rconw = 0xc51d053c
tw = 0x68de366d, trw = 0x451d053c
key_mem_new = 0x603deb1015ca71be2b73aef0857d7781, key_mem_we = 0x1

State of DUT
------------
Inputs and outputs:
key       = 0x603deb1015ca71be2b73aef0857d77811f352c073b6108d72d9810a30914dff4
keylen    = 0x1, init = 0x0, ready = 0x0
round     = 0x0e
round_key = 0x24fc79ccbf0979e9371ac23c6d68de36

Internal states:
key_mem_ctrl = 0x2, round_key_update = 0x1, round_ctr_reg = 0x1
prev_key0_reg = 0x603deb1015ca71be2b73aef0857d7781, prev_key0_new = 0x603deb1015ca71be2b73aef0857d7781, prev_key0_we = 0x0
prev_key1_reg = 0x1f352c073b6108d72d9810a30914dff4, prev_key1_new = 0x1f352c073b6108d72d9810a30914dff4, prev_key1_we = 0x0
rcon_reg = 0x01, rcon_new = 0x01,  rcon_set = 0x0,  rcon_next = 0x0, rcon_we = 0x0
w0 = 0x603deb10, w1 = 0x15ca71be, w2 = 0x2b73aef0, w3 = 0x857d7781
w4 = 0x61c775af, w5 = 0x740d0411, w6 = 0x5f7eaae1, w7 = 0xda03dd60
sboxw = 0x0914dff4, new_sboxw = 0x01fa9ebf, rconw = 0x01fa9ebf
tw = 0x0914dff4, trw = 0x01fa9ebf
key_mem_new = 0x1f352c073b6108d72d9810a30914dff4, key_mem_we = 0x1

State of DUT
------------
Inputs and outputs:
key       = 0x603deb1015ca71be2b73aef0857d77811f352c073b6108d72d9810a30914dff4
keylen    = 0x1, init = 0x0, ready = 0x0
round     = 0x0e
round_key = 0x24fc79ccbf0979e9371ac23c6d68de36

Internal states:
key_mem_ctrl = 0x2, round_key_update = 0x1, round_ctr_reg = 0x2
prev_key0_reg = 0x603deb1015ca71be2b73aef0857d7781, prev_key0_new = 0x1f352c073b6108d72d9810a30914dff4, prev_key0_we = 0x1
prev_key1_reg = 0x1f352c073b6108d72d9810a30914dff4, prev_key1_new = 0x9ba354118e6925afa51a8b5f2067fcde, prev_key1_we = 0x1
rcon_reg = 0x01, rcon_new = 0x02,  rcon_set = 0x0,  rcon_next = 0x1, rcon_we = 0x1
w0 = 0x603deb10, w1 = 0x15ca71be, w2 = 0x2b73aef0, w3 = 0x857d7781
w4 = 0x9ba35411, w5 = 0x8e6925af, w6 = 0xa51a8b5f, w7 = 0x2067fcde
sboxw = 0x14dff409, new_sboxw = 0xfa9ebf01, rconw = 0xfb9ebf01
tw = 0x14dff409, trw = 0xfa9ebf01
key_mem_new = 0x9ba354118e6925afa51a8b5f2067fcde, key_mem_we = 0x1

State of DUT
------------
Inputs and outputs:
key       = 0x603deb1015ca71be2b73aef0857d77811f352c073b6108d72d9810a30914dff4
keylen    = 0x1, init = 0x0, ready = 0x0
round     = 0x0e
round_key = 0x24fc79ccbf0979e9371ac23c6d68de36

Internal states:
key_mem_ctrl = 0x2, round_key_update = 0x1, round_ctr_reg = 0x3
prev_key0_reg = 0x1f352c073b6108d72d9810a30914dff4, prev_key0_new = 0x9ba354118e6925afa51a8b5f2067fcde, prev_key0_we = 0x1
prev_key1_reg = 0x9ba354118e6925afa51a8b5f2067fcde, prev_key1_new = 0xa8b09c1a93d194cdbe49846eb75d5b9a, prev_key1_we = 0x1
rcon_reg = 0x02, rcon_new = 0x02,  rcon_set = 0x0,  rcon_next = 0x0, rcon_we = 0x0
w0 = 0x1f352c07, w1 = 0x3b6108d7, w2 = 0x2d9810a3, w3 = 0x0914dff4
w4 = 0xa8b09c1a, w5 = 0x93d194cd, w6 = 0xbe49846e, w7 = 0xb75d5b9a
sboxw = 0x2067fcde, new_sboxw = 0xb785b01d, rconw = 0xb785b01d
tw = 0x2067fcde, trw = 0xb785b01d
key_mem_new = 0xa8b09c1a93d194cdbe49846eb75d5b9a, key_mem_we = 0x1

State of DUT
------------
Inputs and outputs:
key       = 0x603deb1015ca71be2b73aef0857d77811f352c073b6108d72d9810a30914dff4
keylen    = 0x1, init = 0x0, ready = 0x0
round     = 0x0e
round_key = 0x24fc79ccbf0979e9371ac23c6d68de36

Internal states:
key_mem_ctrl = 0x2, round_key_update = 0x1, round_ctr_reg = 0x4
prev_key0_reg = 0x9ba354118e6925afa51a8b5f2067fcde, prev_key0_new = 0xa8b09c1a93d194cdbe49846eb75d5b9a, prev_key0_we = 0x1
prev_key1_reg = 0xa8b09c1a93d194cdbe49846eb75d5b9a, prev_key1_new = 0xd59aecb85bf3c917fee94248de8ebe96, prev_key1_we = 0x1
rcon_reg = 0x02, rcon_new = 0x04,  rcon_set = 0x0,  rcon_next = 0x1, rcon_we = 0x1
w0 = 0x9ba35411, w1 = 0x8e6925af, w2 = 0xa51a8b5f, w3 = 0x2067fcde
w4 = 0xd59aecb8, w5 = 0x5bf3c917, w6 = 0xfee94248, w7 = 0xde8ebe96
sboxw = 0x5d5b9ab7, new_sboxw = 0x4c39b8a9, rconw = 0x4e39b8a9
tw = 0x5d5b9ab7, trw = 0x4c39b8a9
key_mem_new = 0xd59aecb85bf3c917fee94248de8ebe96, key_mem_we = 0x1

State of DUT
------------
Inputs and outputs:
key       = 0x603deb1015ca71be2b73aef0857d77811f352c073b6108d72d9810a30914dff4
keylen    = 0x1, init = 0x0, ready = 0x0
round     = 0x0e
round_key = 0x24fc79ccbf0979e9371ac23c6d68de36

Internal states:
key_mem_ctrl = 0x2, round_key_update = 0x1, round_ctr_reg = 0x5
prev_key0_reg = 0xa8b09c1a93d194cdbe49846eb75d5b9a, prev_key0_new = 0xd59aecb85bf3c917fee94248de8ebe96, prev_key0_we = 0x1
prev_key1_reg = 0xd59aecb85bf3c917fee94248de8ebe96, prev_key1_new = 0xb5a9328a2678a647983122292f6c79b3, prev_key1_we = 0x1
rcon_reg = 0x04, rcon_new = 0x04,  rcon_set = 0x0,  rcon_next = 0x0, rcon_we = 0x0
w0 = 0xa8b09c1a, w1 = 0x93d194cd, w2 = 0xbe49846e, w3 = 0xb75d5b9a
w4 = 0xb5a9328a, w5 = 0x2678a647, w6 = 0x98312229, w7 = 0x2f6c79b3
sboxw = 0xde8ebe96, new_sboxw = 0x1d19ae90, rconw = 0x1d19ae90
tw = 0xde8ebe96, trw = 0x1d19ae90
key_mem_new = 0xb5a9328a2678a647983122292f6c79b3, key_mem_we = 0x1

State of DUT
------------
Inputs and outputs:
key       = 0x603deb1015ca71be2b73aef0857d77811f352c073b6108d72d9810a30914dff4
keylen    = 0x1, init = 0x0, ready = 0x0
round     = 0x0e
round_key = 0x24fc79ccbf0979e9371ac23c6d68de36

Internal states:
key_mem_ctrl = 0x2, round_key_update = 0x1, round_ctr_reg = 0x6
prev_key0_reg = 0xd59aecb85bf3c917fee94248de8ebe96, prev_key0_new = 0xb5a9328a2678a647983122292f6c79b3, prev_key0_we = 0x1
prev_key1_reg = 0xb5a9328a2678a647983122292f6c79b3, prev_key1_new = 0x812c81addadf48ba24360af2fab8b464, prev_key1_we = 0x1
rcon_reg = 0x04, rcon_new = 0x08,  rcon_set = 0x0,  rcon_next = 0x1, rcon_we = 0x1
w0 = 0xd59aecb8, w1 = 0x5bf3c917, w2 = 0xfee94248, w3 = 0xde8ebe96
w4 = 0x812c81ad, w5 = 0xdadf48ba, w6 = 0x24360af2, w7 = 0xfab8b464
sboxw = 0x6c79b32f, new_sboxw = 0x50b66d15, rconw = 0x54b66d15
tw = 0x6c79b32f, trw = 0x50b66d15
key_mem_new = 0x812c81addadf48ba24360af2fab8b464, key_mem_we = 0x1

State of DUT
------------
Inputs and outputs:
key       = 0x603deb1015ca71be2b73aef0857d77811f352c073b6108d72d9810a30914dff4
keylen    = 0x1, init = 0x0, ready = 0x0
round     = 0x0e
round_key = 0x24fc79ccbf0979e9371ac23c6d68de36

Internal states:
key_mem_ctrl = 0x2, round_key_update = 0x1, round_ctr_reg = 0x7
prev_key0_reg = 0xb5a9328a2678a647983122292f6c79b3, prev_key0_new = 0x812c81addadf48ba24360af2fab8b464, prev_key0_we = 0x1
prev_key1_reg = 0x812c81addadf48ba24360af2fab8b464, prev_key1_new = 0x98c5bfc9bebd198e268c3ba709e04214, prev_key1_we = 0x1
rcon_reg = 0x08, rcon_new = 0x08,  rcon_set = 0x0,  rcon_next = 0x0, rcon_we = 0x0
w0 = 0xb5a9328a, w1 = 0x2678a647, w2 = 0x98312229, w3 = 0x2f6c79b3
w4 = 0x98c5bfc9, w5 = 0xbebd198e, w6 = 0x268c3ba7, w7 = 0x09e04214
sboxw = 0xfab8b464, new_sboxw = 0x2d6c8d43, rconw = 0x2d6c8d43
tw = 0xfab8b464, trw = 0x2d6c8d43
key_mem_new = 0x98c5bfc9bebd198e268c3ba709e04214, key_mem_we = 0x1

State of DUT
------------
Inputs and outputs:
key       = 0x603deb1015ca71be2b73aef0857d77811f352c073b6108d72d9810a30914dff4
keylen    = 0x1, init = 0x0, ready = 0x0
round     = 0x0e
round_key = 0x24fc79ccbf0979e9371ac23c6d68de36

Internal states:
key_mem_ctrl = 0x2, round_key_update = 0x1, round_ctr_reg = 0x8
prev_key0_reg = 0x812c81addadf48ba24360af2fab8b464, prev_key0_new = 0x98c5bfc9bebd198e268c3ba709e04214, prev_key0_we = 0x1
prev_key1_reg = 0x98c5bfc9bebd198e268c3ba709e04214, prev_key1_new = 0x68007bacb2df331696e939e46c518d80, prev_key1_we = 0x1
rcon_reg = 0x08, rcon_new = 0x10,  rcon_set = 0x0,  rcon_next = 0x1, rcon_we = 0x1
w0 = 0x812c81ad, w1 = 0xdadf48ba, w2 = 0x24360af2, w3 = 0xfab8b464
w4 = 0x68007bac, w5 = 0xb2df3316, w6 = 0x96e939e4, w7 = 0x6c518d80
sboxw = 0xe0421409, new_sboxw = 0xe12cfa01, rconw = 0xe92cfa01
tw = 0xe0421409, trw = 0xe12cfa01
key_mem_new = 0x68007bacb2df331696e939e46c518d80, key_mem_we = 0x1

State of DUT
------------
Inputs and outputs:
key       = 0x603deb1015ca71be2b73aef0857d77811f352c073b6108d72d9810a30914dff4
keylen    = 0x1, init = 0x0, ready = 0x0
round     = 0x0e
round_key = 0x24fc79ccbf0979e9371ac23c6d68de36

Internal states:
key_mem_ctrl = 0x2, round_key_update = 0x1, round_ctr_reg = 0x9
prev_key0_reg = 0x98c5bfc9bebd198e268c3ba709e04214, prev_key0_new = 0x68007bacb2df331696e939e46c518d80, prev_key0_we = 0x1
prev_key1_reg = 0x68007bacb2df331696e939e46c518d80, prev_key1_new = 0xc814e20476a9fb8a5025c02d59c58239, prev_key1_we = 0x1
rcon_reg = 0x10, rcon_new = 0x10,  rcon_set = 0x0,  rcon_next = 0x0, rcon_we = 0x0
w0 = 0x98c5bfc9, w1 = 0xbebd198e, w2 = 0x268c3ba7, w3 = 0x09e04214
w4 = 0xc814e204, w5 = 0x76a9fb8a, w6 = 0x5025c02d, w7 = 0x59c58239
sboxw = 0x6c518d80, new_sboxw = 0x50d15dcd, rconw = 0x50d15dcd
tw = 0x6c518d80, trw = 0x50d15dcd
key_mem_new = 0xc814e20476a9fb8a5025c02d59c58239, key_mem_we = 0x1

State of DUT
------------
Inputs and outputs:
key       = 0x603deb1015ca71be2b73aef0857d77811f352c073b6108d72d9810a30914dff4
keylen    = 0x1, init = 0x0, ready = 0x0
round     = 0x0e
round_key = 0x24fc79ccbf0979e9371ac23c6d68de36

Internal states:
key_mem_ctrl = 0x2, round_key_update = 0x1, round_ctr_reg = 0xa
prev_key0_reg = 0x68007bacb2df331696e939e46c518d80, prev_key0_new = 0xc814e20476a9fb8a5025c02d59c58239, prev_key0_we = 0x1
prev_key1_reg = 0xc814e20476a9fb8a5025c02d59c58239, prev_key1_new = 0xde1369676ccc5a71fa2563959674ee15, prev_key1_we = 0x1
rcon_reg = 0x10, rcon_new = 0x20,  rcon_set = 0x0,  rcon_next = 0x1, rcon_we = 0x1
w0 = 0x68007bac, w1 = 0xb2df3316, w2 = 0x96e939e4, w3 = 0x6c518d80
w4 = 0xde136967, w5 = 0x6ccc5a71, w6 = 0xfa256395, w7 = 0x9674ee15
sboxw = 0xc5823959, new_sboxw = 0xa61312cb, rconw = 0xb61312cb
tw = 0xc5823959, trw = 0xa61312cb
key_mem_new = 0xde1369676ccc5a71fa2563959674ee15, key_mem_we = 0x1

State of DUT
------------
Inputs and outputs:
key       = 0x603deb1015ca71be2b73aef0857d77811f352c073b6108d72d9810a30914dff4
keylen    = 0x1, init = 0x0, ready = 0x0
round     = 0x0e
round_key = 0x24fc79ccbf0979e9371ac23c6d68de36

Internal states:
key_mem_ctrl = 0x2, round_key_update = 0x1, round_ctr_reg = 0xb
prev_key0_reg = 0xc814e20476a9fb8a5025c02d59c58239, prev_key0_new = 0xde1369676ccc5a71fa2563959674ee15, prev_key0_we = 0x1
prev_key1_reg = 0xde1369676ccc5a71fa2563959674ee15, prev_key1_new = 0x5886ca5d2e2f31d77e0af1fa27cf73c3, prev_key1_we = 0x1
rcon_reg = 0x20, rcon_new = 0x20,  rcon_set = 0x0,  rcon_next = 0x0, rcon_we = 0x0
w0 = 0xc814e204, w1 = 0x76a9fb8a, w2 = 0x5025c02d, w3 = 0x59c58239
w4 = 0x5886ca5d, w5 = 0x2e2f31d7, w6 = 0x7e0af1fa, w7 = 0x27cf73c3
sboxw = 0x9674ee15, new_sboxw = 0x90922859, rconw = 0x90922859
tw = 0x9674ee15, trw = 0x90922859
key_mem_new = 0x5886ca5d2e2f31d77e0af1fa27cf73c3, key_mem_we = 0x1

State of DUT
------------
Inputs and outputs:
key       = 0x603deb1015ca71be2b73aef0857d77811f352c073b6108d72d9810a30914dff4
keylen    = 0x1, init = 0x0, ready = 0x0
round     = 0x0e
round_key = 0x24fc79ccbf0979e9371ac23c6d68de36

Internal states:
key_mem_ctrl = 0x2, round_key_update = 0x1, round_ctr_reg = 0xc
prev_key0_reg = 0xde1369676ccc5a71fa2563959674ee15, prev_key0_new = 0x5886ca5d2e2f31d77e0af1fa27cf73c3, prev_key0_we = 0x1
prev_key1_reg = 0x5886ca5d2e2f31d77e0af1fa27cf73c3, prev_key1_new = 0x749c47ab18501ddae2757e4f7401905a, prev_key1_we = 0x1
rcon_reg = 0x20, rcon_new = 0x40,  rcon_set = 0x0,  rcon_next = 0x1, rcon_we = 0x1
w0 = 0xde136967, w1 = 0x6ccc5a71, w2 = 0xfa256395, w3 = 0x9674ee15
w4 = 0x749c47ab, w5 = 0x18501dda, w6 = 0xe2757e4f, w7 = 0x7401905a
sboxw = 0xcf73c327, new_sboxw = 0x8a8f2ecc, rconw = 0xaa8f2ecc
tw = 0xcf73c327, trw = 0x8a8f2ecc
key_mem_new = 0x749c47ab18501ddae2757e4f7401905a, key_mem_we = 0x1

State of DUT
------------
Inputs and outputs:
key       = 0x603deb1015ca71be2b73aef0857d77811f352c073b6108d72d9810a30914dff4
keylen    = 0x1, init = 0x0, ready = 0x0
round     = 0x0e
round_key = 0x24fc79ccbf0979e9371ac23c6d68de36

Internal states:
key_mem_ctrl = 0x2, round_key_update = 0x1, round_ctr_reg = 0xd
prev_key0_reg = 0x5886ca5d2e2f31d77e0af1fa27cf73c3, prev_key0_new = 0x749c47ab18501ddae2757e4f7401905a, prev_key0_we = 0x1
prev_key1_reg = 0x749c47ab18501ddae2757e4f7401905a, prev_key1_new = 0xcafaaae3e4d59b349adf6acebd10190d, prev_key1_we = 0x1
rcon_reg = 0x40, rcon_new = 0x40,  rcon_set = 0x0,  rcon_next = 0x0, rcon_we = 0x0
w0 = 0x5886ca5d, w1 = 0x2e2f31d7, w2 = 0x7e0af1fa, w3 = 0x27cf73c3
w4 = 0xcafaaae3, w5 = 0xe4d59b34, w6 = 0x9adf6ace, w7 = 0xbd10190d
sboxw = 0x7401905a, new_sboxw = 0x927c60be, rconw = 0x927c60be
tw = 0x7401905a, trw = 0x927c60be
key_mem_new = 0xcafaaae3e4d59b349adf6acebd10190d, key_mem_we = 0x1

State of DUT
------------
Inputs and outputs:
key       = 0x603deb1015ca71be2b73aef0857d77811f352c073b6108d72d9810a30914dff4
keylen    = 0x1, init = 0x0, ready = 0x0
round     = 0x0e
round_key = 0x24fc79ccbf0979e9371ac23c6d68de36

Internal states:
key_mem_ctrl = 0x2, round_key_update = 0x1, round_ctr_reg = 0xe
prev_key0_reg = 0x749c47ab18501ddae2757e4f7401905a, prev_key0_new = 0xcafaaae3e4d59b349adf6acebd10190d, prev_key0_we = 0x1
prev_key1_reg = 0xcafaaae3e4d59b349adf6acebd10190d, prev_key1_new = 0xfe4890d1e6188d0b046df344706c631e, prev_key1_we = 0x1
rcon_reg = 0x40, rcon_new = 0x80,  rcon_set = 0x0,  rcon_next = 0x1, rcon_we = 0x1
w0 = 0x749c47ab, w1 = 0x18501dda, w2 = 0xe2757e4f, w3 = 0x7401905a
w4 = 0xfe4890d1, w5 = 0xe6188d0b, w6 = 0x046df344, w7 = 0x706c631e
sboxw = 0x10190dbd, new_sboxw = 0xcad4d77a, rconw = 0x8ad4d77a
tw = 0x10190dbd, trw = 0xcad4d77a
key_mem_new = 0xfe4890d1e6188d0b046df344706c631e, key_mem_we = 0x1

State of DUT
------------
Inputs and outputs:
key       = 0x603deb1015ca71be2b73aef0857d77811f352c073b6108d72d9810a30914dff4
keylen    = 0x1, init = 0x0, ready = 0x1
round     = 0x00
round_key = 0x603deb1015ca71be2b73aef0857d7781

Internal states:
key_mem_ctrl = 0x0, round_key_update = 0x0, round_ctr_reg = 0xe
prev_key0_reg = 0xcafaaae3e4d59b349adf6acebd10190d, prev_key0_new = 0xcafaaae3e4d59b349adf6acebd10190d, prev_key0_we = 0x0
prev_key1_reg = 0xfe4890d1e6188d0b046df344706c631e, prev_key1_new = 0xfe4890d1e6188d0b046df344706c631e, prev_key1_we = 0x0
rcon_reg = 0x80, rcon_new = 0x80,  rcon_set = 0x0,  rcon_next = 0x0, rcon_we = 0x0
w0 = 0xcafaaae3, w1 = 0xe4d59b34, w2 = 0x9adf6ace, w3 = 0xbd10190d
w4 = 0x1a01d8b2, w5 = 0xfed44386, w6 = 0x640b2948, w7 = 0xd91b3045
sboxw = 0x6c631e70, new_sboxw = 0x50fb7251, rconw = 0xd0fb7251
tw = 0x6c631e70, trw = 0x50fb7251
key_mem_new = 0x00000000000000000000000000000000, key_mem_we = 0x0

** key 0x0 matched expected round key.
** Got:      0x603deb1015ca71be2b73aef0857d7781 **

State of DUT
------------
Inputs and outputs:
key       = 0x603deb1015ca71be2b73aef0857d77811f352c073b6108d72d9810a30914dff4
keylen    = 0x1, init = 0x0, ready = 0x1
round     = 0x01
round_key = 0x1f352c073b6108d72d9810a30914dff4

Internal states:
key_mem_ctrl = 0x0, round_key_update = 0x0, round_ctr_reg = 0xe
prev_key0_reg = 0xcafaaae3e4d59b349adf6acebd10190d, prev_key0_new = 0xcafaaae3e4d59b349adf6acebd10190d, prev_key0_we = 0x0
prev_key1_reg = 0xfe4890d1e6188d0b046df344706c631e, prev_key1_new = 0xfe4890d1e6188d0b046df344706c631e, prev_key1_we = 0x0
rcon_reg = 0x80, rcon_new = 0x80,  rcon_set = 0x0,  rcon_next = 0x0, rcon_we = 0x0
w0 = 0xcafaaae3, w1 = 0xe4d59b34, w2 = 0x9adf6ace, w3 = 0xbd10190d
w4 = 0x1a01d8b2, w5 = 0xfed44386, w6 = 0x640b2948, w7 = 0xd91b3045
sboxw = 0x6c631e70, new_sboxw = 0x50fb7251, rconw = 0xd0fb7251
tw = 0x6c631e70, trw = 0x50fb7251
key_mem_new = 0x00000000000000000000000000000000, key_mem_we = 0x0

** key 0x1 matched expected round key.
** Got:      0x1f352c073b6108d72d9810a30914dff4 **

State of DUT
------------
Inputs and outputs:
key       = 0x603deb1015ca71be2b73aef0857d77811f352c073b6108d72d9810a30914dff4
keylen    = 0x1, init = 0x0, ready = 0x1
round     = 0x02
round_key = 0x9ba354118e6925afa51a8b5f2067fcde

Internal states:
key_mem_ctrl = 0x0, round_key_update = 0x0, round_ctr_reg = 0xe
prev_key0_reg = 0xcafaaae3e4d59b349adf6acebd10190d, prev_key0_new = 0xcafaaae3e4d59b349adf6acebd10190d, prev_key0_we = 0x0
prev_key1_reg = 0xfe4890d1e6188d0b046df344706c631e, prev_key1_new = 0xfe4890d1e6188d0b046df344706c631e, prev_key1_we = 0x0
rcon_reg = 0x80, rcon_new = 0x80,  rcon_set = 0x0,  rcon_next = 0x0, rcon_we = 0x0
w0 = 0xcafaaae3, w1 = 0xe4d59b34, w2 = 0x9adf6ace, w3 = 0xbd10190d
w4 = 0x1a01d8b2, w5 = 0xfed44386, w6 = 0x640b2948, w7 = 0xd91b3045
sboxw = 0x6c631e70, new_sboxw = 0x50fb7251, rconw = 0xd0fb7251
tw = 0x6c631e70, trw = 0x50fb7251
key_mem_new = 0x00000000000000000000000000000000, key_mem_we = 0x0

** key 0x2 matched expected round key.
** Got:      0x9ba354118e6925afa51a8b5f2067fcde **

State of DUT
------------
Inputs and outputs:
key       = 0x603deb1015ca71be2b73aef0857d77811f352c073b6108d72d9810a30914dff4
keylen    = 0x1, init = 0x0, ready = 0x1
round     = 0x03
round_key = 0xa8b09c1a93d194cdbe49846eb75d5b9a

Internal states:
key_mem_ctrl = 0x0, round_key_update = 0x0, round_ctr_reg = 0xe
prev_key0_reg = 0xcafaaae3e4d59b349adf6acebd10190d, prev_key0_new = 0xcafaaae3e4d59b349adf6acebd10190d, prev_key0_we = 0x0
prev_key1_reg = 0xfe4890d1e6188d0b046df344706c631e, prev_key1_new = 0xfe4890d1e6188d0b046df344706c631e, prev_key1_we = 0x0
rcon_reg = 0x80, rcon_new = 0x80,  rcon_set = 0x0,  rcon_next = 0x0, rcon_we = 0x0
w0 = 0xcafaaae3, w1 = 0xe4d59b34, w2 = 0x9adf6ace, w3 = 0xbd10190d
w4 = 0x1a01d8b2, w5 = 0xfed44386, w6 = 0x640b2948, w7 = 0xd91b3045
sboxw = 0x6c631e70, new_sboxw = 0x50fb7251, rconw = 0xd0fb7251
tw = 0x6c631e70, trw = 0x50fb7251
key_mem_new = 0x00000000000000000000000000000000, key_mem_we = 0x0

** key 0x3 matched expected round key.
** Got:      0xa8b09c1a93d194cdbe49846eb75d5b9a **

State of DUT
------------
Inputs and outputs:
key       = 0x603deb1015ca71be2b73aef0857d77811f352c073b6108d72d9810a30914dff4
keylen    = 0x1, init = 0x0, ready = 0x1
round     = 0x04
round_key = 0xd59aecb85bf3c917fee94248de8ebe96

Internal states:
key_mem_ctrl = 0x0, round_key_update = 0x0, round_ctr_reg = 0xe
prev_key0_reg = 0xcafaaae3e4d59b349adf6acebd10190d, prev_key0_new = 0xcafaaae3e4d59b349adf6acebd10190d, prev_key0_we = 0x0
prev_key1_reg = 0xfe4890d1e6188d0b046df344706c631e, prev_key1_new = 0xfe4890d1e6188d0b046df344706c631e, prev_key1_we = 0x0
rcon_reg = 0x80, rcon_new = 0x80,  rcon_set = 0x0,  rcon_next = 0x0, rcon_we = 0x0
w0 = 0xcafaaae3, w1 = 0xe4d59b34, w2 = 0x9adf6ace, w3 = 0xbd10190d
w4 = 0x1a01d8b2, w5 = 0xfed44386, w6 = 0x640b2948, w7 = 0xd91b3045
sboxw = 0x6c631e70, new_sboxw = 0x50fb7251, rconw = 0xd0fb7251
tw = 0x6c631e70, trw = 0x50fb7251
key_mem_new = 0x00000000000000000000000000000000, key_mem_we = 0x0

** key 0x4 matched expected round key.
** Got:      0xd59aecb85bf3c917fee94248de8ebe96 **

State of DUT
------------
Inputs and outputs:
key       = 0x603deb1015ca71be2b73aef0857d77811f352c073b6108d72d9810a30914dff4
keylen    = 0x1, init = 0x0, ready = 0x1
round     = 0x05
round_key = 0xb5a9328a2678a647983122292f6c79b3

Internal states:
key_mem_ctrl = 0x0, round_key_update = 0x0, round_ctr_reg = 0xe
prev_key0_reg = 0xcafaaae3e4d59b349adf6acebd10190d, prev_key0_new = 0xcafaaae3e4d59b349adf6acebd10190d, prev_key0_we = 0x0
prev_key1_reg = 0xfe4890d1e6188d0b046df344706c631e, prev_key1_new = 0xfe4890d1e6188d0b046df344706c631e, prev_key1_we = 0x0
rcon_reg = 0x80, rcon_new = 0x80,  rcon_set = 0x0,  rcon_next = 0x0, rcon_we = 0x0
w0 = 0xcafaaae3, w1 = 0xe4d59b34, w2 = 0x9adf6ace, w3 = 0xbd10190d
w4 = 0x1a01d8b2, w5 = 0xfed44386, w6 = 0x640b2948, w7 = 0xd91b3045
sboxw = 0x6c631e70, new_sboxw = 0x50fb7251, rconw = 0xd0fb7251
tw = 0x6c631e70, trw = 0x50fb7251
key_mem_new = 0x00000000000000000000000000000000, key_mem_we = 0x0

** key 0x5 matched expected round key.
** Got:      0xb5a9328a2678a647983122292f6c79b3 **

State of DUT
------------
Inputs and outputs:
key       = 0x603deb1015ca71be2b73aef0857d77811f352c073b6108d72d9810a30914dff4
keylen    = 0x1, init = 0x0, ready = 0x1
round     = 0x06
round_key = 0x812c81addadf48ba24360af2fab8b464

Internal states:
key_mem_ctrl = 0x0, round_key_update = 0x0, round_ctr_reg = 0xe
prev_key0_reg = 0xcafaaae3e4d59b349adf6acebd10190d, prev_key0_new = 0xcafaaae3e4d59b349adf6acebd10190d, prev_key0_we = 0x0
prev_key1_reg = 0xfe4890d1e6188d0b046df344706c631e, prev_key1_new = 0xfe4890d1e6188d0b046df344706c631e, prev_key1_we = 0x0
rcon_reg = 0x80, rcon_new = 0x80,  rcon_set = 0x0,  rcon_next = 0x0, rcon_we = 0x0
w0 = 0xcafaaae3, w1 = 0xe4d59b34, w2 = 0x9adf6ace, w3 = 0xbd10190d
w4 = 0x1a01d8b2, w5 = 0xfed44386, w6 = 0x640b2948, w7 = 0xd91b3045
sboxw = 0x6c631e70, new_sboxw = 0x50fb7251, rconw = 0xd0fb7251
tw = 0x6c631e70, trw = 0x50fb7251
key_mem_new = 0x00000000000000000000000000000000, key_mem_we = 0x0

** key 0x6 matched expected round key.
** Got:      0x812c81addadf48ba24360af2fab8b464 **

State of DUT
------------
Inputs and outputs:
key       = 0x603deb1015ca71be2b73aef0857d77811f352c073b6108d72d9810a30914dff4
keylen    = 0x1, init = 0x0, ready = 0x1
round     = 0x07
round_key = 0x98c5bfc9bebd198e268c3ba709e04214

Internal states:
key_mem_ctrl = 0x0, round_key_update = 0x0, round_ctr_reg = 0xe
prev_key0_reg = 0xcafaaae3e4d59b349adf6acebd10190d, prev_key0_new = 0xcafaaae3e4d59b349adf6acebd10190d, prev_key0_we = 0x0
prev_key1_reg = 0xfe4890d1e6188d0b046df344706c631e, prev_key1_new = 0xfe4890d1e6188d0b046df344706c631e, prev_key1_we = 0x0
rcon_reg = 0x80, rcon_new = 0x80,  rcon_set = 0x0,  rcon_next = 0x0, rcon_we = 0x0
w0 = 0xcafaaae3, w1 = 0xe4d59b34, w2 = 0x9adf6ace, w3 = 0xbd10190d
w4 = 0x1a01d8b2, w5 = 0xfed44386, w6 = 0x640b2948, w7 = 0xd91b3045
sboxw = 0x6c631e70, new_sboxw = 0x50fb7251, rconw = 0xd0fb7251
tw = 0x6c631e70, trw = 0x50fb7251
key_mem_new = 0x00000000000000000000000000000000, key_mem_we = 0x0

** key 0x7 matched expected round key.
** Got:      0x98c5bfc9bebd198e268c3ba709e04214 **

State of DUT
------------
Inputs and outputs:
key       = 0x603deb1015ca71be2b73aef0857d77811f352c073b6108d72d9810a30914dff4
keylen    = 0x1, init = 0x0, ready = 0x1
round     = 0x08
round_key = 0x68007bacb2df331696e939e46c518d80

Internal states:
key_mem_ctrl = 0x0, round_key_update = 0x0, round_ctr_reg = 0xe
prev_key0_reg = 0xcafaaae3e4d59b349adf6acebd10190d, prev_key0_new = 0xcafaaae3e4d59b349adf6acebd10190d, prev_key0_we = 0x0
prev_key1_reg = 0xfe4890d1e6188d0b046df344706c631e, prev_key1_new = 0xfe4890d1e6188d0b046df344706c631e, prev_key1_we = 0x0
rcon_reg = 0x80, rcon_new = 0x80,  rcon_set = 0x0,  rcon_next = 0x0, rcon_we = 0x0
w0 = 0xcafaaae3, w1 = 0xe4d59b34, w2 = 0x9adf6ace, w3 = 0xbd10190d
w4 = 0x1a01d8b2, w5 = 0xfed44386, w6 = 0x640b2948, w7 = 0xd91b3045
sboxw = 0x6c631e70, new_sboxw = 0x50fb7251, rconw = 0xd0fb7251
tw = 0x6c631e70, trw = 0x50fb7251
key_mem_new = 0x00000000000000000000000000000000, key_mem_we = 0x0

** key 0x8 matched expected round key.
** Got:      0x68007bacb2df331696e939e46c518d80 **

State of DUT
------------
Inputs and outputs:
key       = 0x603deb1015ca71be2b73aef0857d77811f352c073b6108d72d9810a30914dff4
keylen    = 0x1, init = 0x0, ready = 0x1
round     = 0x09
round_key = 0xc814e20476a9fb8a5025c02d59c58239

Internal states:
key_mem_ctrl = 0x0, round_key_update = 0x0, round_ctr_reg = 0xe
prev_key0_reg = 0xcafaaae3e4d59b349adf6acebd10190d, prev_key0_new = 0xcafaaae3e4d59b349adf6acebd10190d, prev_key0_we = 0x0
prev_key1_reg = 0xfe4890d1e6188d0b046df344706c631e, prev_key1_new = 0xfe4890d1e6188d0b046df344706c631e, prev_key1_we = 0x0
rcon_reg = 0x80, rcon_new = 0x80,  rcon_set = 0x0,  rcon_next = 0x0, rcon_we = 0x0
w0 = 0xcafaaae3, w1 = 0xe4d59b34, w2 = 0x9adf6ace, w3 = 0xbd10190d
w4 = 0x1a01d8b2, w5 = 0xfed44386, w6 = 0x640b2948, w7 = 0xd91b3045
sboxw = 0x6c631e70, new_sboxw = 0x50fb7251, rconw = 0xd0fb7251
tw = 0x6c631e70, trw = 0x50fb7251
key_mem_new = 0x00000000000000000000000000000000, key_mem_we = 0x0

** key 0x9 matched expected round key.
** Got:      0xc814e20476a9fb8a5025c02d59c58239 **

State of DUT
------------
Inputs and outputs:
key       = 0x603deb1015ca71be2b73aef0857d77811f352c073b6108d72d9810a30914dff4
keylen    = 0x1, init = 0x0, ready = 0x1
round     = 0x0a
round_key = 0xde1369676ccc5a71fa2563959674ee15

Internal states:
key_mem_ctrl = 0x0, round_key_update = 0x0, round_ctr_reg = 0xe
prev_key0_reg = 0xcafaaae3e4d59b349adf6acebd10190d, prev_key0_new = 0xcafaaae3e4d59b349adf6acebd10190d, prev_key0_we = 0x0
prev_key1_reg = 0xfe4890d1e6188d0b046df344706c631e, prev_key1_new = 0xfe4890d1e6188d0b046df344706c631e, prev_key1_we = 0x0
rcon_reg = 0x80, rcon_new = 0x80,  rcon_set = 0x0,  rcon_next = 0x0, rcon_we = 0x0
w0 = 0xcafaaae3, w1 = 0xe4d59b34, w2 = 0x9adf6ace, w3 = 0xbd10190d
w4 = 0x1a01d8b2, w5 = 0xfed44386, w6 = 0x640b2948, w7 = 0xd91b3045
sboxw = 0x6c631e70, new_sboxw = 0x50fb7251, rconw = 0xd0fb7251
tw = 0x6c631e70, trw = 0x50fb7251
key_mem_new = 0x00000000000000000000000000000000, key_mem_we = 0x0

** key 0xa matched expected round key.
** Got:      0xde1369676ccc5a71fa2563959674ee15 **

State of DUT
------------
Inputs and outputs:
key       = 0x603deb1015ca71be2b73aef0857d77811f352c073b6108d72d9810a30914dff4
keylen    = 0x1, init = 0x0, ready = 0x1
round     = 0x0b
round_key = 0x5886ca5d2e2f31d77e0af1fa27cf73c3

Internal states:
key_mem_ctrl = 0x0, round_key_update = 0x0, round_ctr_reg = 0xe
prev_key0_reg = 0xcafaaae3e4d59b349adf6acebd10190d, prev_key0_new = 0xcafaaae3e4d59b349adf6acebd10190d, prev_key0_we = 0x0
prev_key1_reg = 0xfe4890d1e6188d0b046df344706c631e, prev_key1_new = 0xfe4890d1e6188d0b046df344706c631e, prev_key1_we = 0x0
rcon_reg = 0x80, rcon_new = 0x80,  rcon_set = 0x0,  rcon_next = 0x0, rcon_we = 0x0
w0 = 0xcafaaae3, w1 = 0xe4d59b34, w2 = 0x9adf6ace, w3 = 0xbd10190d
w4 = 0x1a01d8b2, w5 = 0xfed44386, w6 = 0x640b2948, w7 = 0xd91b3045
sboxw = 0x6c631e70, new_sboxw = 0x50fb7251, rconw = 0xd0fb7251
tw = 0x6c631e70, trw = 0x50fb7251
key_mem_new = 0x00000000000000000000000000000000, key_mem_we = 0x0

** key 0xb matched expected round key.
** Got:      0x5886ca5d2e2f31d77e0af1fa27cf73c3 **

State of DUT
------------
Inputs and outputs:
key       = 0x603deb1015ca71be2b73aef0857d77811f352c073b6108d72d9810a30914dff4
keylen    = 0x1, init = 0x0, ready = 0x1
round     = 0x0c
round_key = 0x749c47ab18501ddae2757e4f7401905a

Internal states:
key_mem_ctrl = 0x0, round_key_update = 0x0, round_ctr_reg = 0xe
prev_key0_reg = 0xcafaaae3e4d59b349adf6acebd10190d, prev_key0_new = 0xcafaaae3e4d59b349adf6acebd10190d, prev_key0_we = 0x0
prev_key1_reg = 0xfe4890d1e6188d0b046df344706c631e, prev_key1_new = 0xfe4890d1e6188d0b046df344706c631e, prev_key1_we = 0x0
rcon_reg = 0x80, rcon_new = 0x80,  rcon_set = 0x0,  rcon_next = 0x0, rcon_we = 0x0
w0 = 0xcafaaae3, w1 = 0xe4d59b34, w2 = 0x9adf6ace, w3 = 0xbd10190d
w4 = 0x1a01d8b2, w5 = 0xfed44386, w6 = 0x640b2948, w7 = 0xd91b3045
sboxw = 0x6c631e70, new_sboxw = 0x50fb7251, rconw = 0xd0fb7251
tw = 0x6c631e70, trw = 0x50fb7251
key_mem_new = 0x00000000000000000000000000000000, key_mem_we = 0x0

** key 0xc matched expected round key.
** Got:      0x749c47ab18501ddae2757e4f7401905a **

State of DUT
------------
Inputs and outputs:
key       = 0x603deb1015ca71be2b73aef0857d77811f352c073b6108d72d9810a30914dff4
keylen    = 0x1, init = 0x0, ready = 0x1
round     = 0x0d
round_key = 0xcafaaae3e4d59b349adf6acebd10190d

Internal states:
key_mem_ctrl = 0x0, round_key_update = 0x0, round_ctr_reg = 0xe
prev_key0_reg = 0xcafaaae3e4d59b349adf6acebd10190d, prev_key0_new = 0xcafaaae3e4d59b349adf6acebd10190d, prev_key0_we = 0x0
prev_key1_reg = 0xfe4890d1e6188d0b046df344706c631e, prev_key1_new = 0xfe4890d1e6188d0b046df344706c631e, prev_key1_we = 0x0
rcon_reg = 0x80, rcon_new = 0x80,  rcon_set = 0x0,  rcon_next = 0x0, rcon_we = 0x0
w0 = 0xcafaaae3, w1 = 0xe4d59b34, w2 = 0x9adf6ace, w3 = 0xbd10190d
w4 = 0x1a01d8b2, w5 = 0xfed44386, w6 = 0x640b2948, w7 = 0xd91b3045
sboxw = 0x6c631e70, new_sboxw = 0x50fb7251, rconw = 0xd0fb7251
tw = 0x6c631e70, trw = 0x50fb7251
key_mem_new = 0x00000000000000000000000000000000, key_mem_we = 0x0

** key 0xd matched expected round key.
** Got:      0xcafaaae3e4d59b349adf6acebd10190d **

State of DUT
------------
Inputs and outputs:
key       = 0x603deb1015ca71be2b73aef0857d77811f352c073b6108d72d9810a30914dff4
keylen    = 0x1, init = 0x0, ready = 0x1
round     = 0x0e
round_key = 0xfe4890d1e6188d0b046df344706c631e

Internal states:
key_mem_ctrl = 0x0, round_key_update = 0x0, round_ctr_reg = 0xe
prev_key0_reg = 0xcafaaae3e4d59b349adf6acebd10190d, prev_key0_new = 0xcafaaae3e4d59b349adf6acebd10190d, prev_key0_we = 0x0
prev_key1_reg = 0xfe4890d1e6188d0b046df344706c631e, prev_key1_new = 0xfe4890d1e6188d0b046df344706c631e, prev_key1_we = 0x0
rcon_reg = 0x80, rcon_new = 0x80,  rcon_set = 0x0,  rcon_next = 0x0, rcon_we = 0x0
w0 = 0xcafaaae3, w1 = 0xe4d59b34, w2 = 0x9adf6ace, w3 = 0xbd10190d
w4 = 0x1a01d8b2, w5 = 0xfed44386, w6 = 0x640b2948, w7 = 0xd91b3045
sboxw = 0x6c631e70, new_sboxw = 0x50fb7251, rconw = 0xd0fb7251
tw = 0x6c631e70, trw = 0x50fb7251
key_mem_new = 0x00000000000000000000000000000000, key_mem_we = 0x0

** key 0xe matched expected round key.
** Got:      0xfe4890d1e6188d0b046df344706c631e **

*** All 09 test cases completed successfully

   -= Testbench for aes key mem completed =-
    =======================================
State of DUT
Entering directory '/app/build/secworks_crypto_aes_1.0.0/tb_aes_key_mem-icarus'
Leaving directory '/app/build/secworks_crypto_aes_1.0.0/tb_aes_key_mem-icarus'
Entering directory '/app/build/secworks_crypto_aes_1.0.0/tb_aes_key_mem-icarus'
Leaving directory '/app/build/secworks_crypto_aes_1.0.0/tb_aes_key_mem-icarus'
