Computing main repo mapping: 
Loading: 
Loading: 0 packages loaded
Analyzing: 2440 targets (62 packages loaded, 0 targets configured)
Analyzing: 2440 targets (62 packages loaded, 10 targets configured)

INFO: From Executing genrule //fpga/ip/ispyocto:grey_bars_320x240_raw_gen:
Generating test_pattern_320x240.raw (320x240)
ERROR: /app/fpga/rtl/BUILD: no such target '//fpga/rtl:chip_nexus.sv': target 'chip_nexus.sv' not declared in package 'fpga/rtl' defined by /app/fpga/rtl/BUILD
ERROR: /app/hdl/verilog/rvv/common/BUILD: no such target '//hdl/verilog/rvv/common:multi_fifo.sv': target 'multi_fifo.sv' not declared in package 'hdl/verilog/rvv/common' defined by /app/hdl/verilog/rvv/common/BUILD
ERROR: /app/hdl/verilog/rvv/common/BUILD: no such target '//hdl/verilog/rvv/common:edff_2d.sv': target 'edff_2d.sv' not declared in package 'hdl/verilog/rvv/common' defined by /app/hdl/verilog/rvv/common/BUILD
ERROR: /app/hdl/verilog/rvv/common/BUILD: no such target '//hdl/verilog/rvv/common:edff.sv': target 'edff.sv' not declared in package 'hdl/verilog/rvv/common' defined by /app/hdl/verilog/rvv/common/BUILD
ERROR: /app/hdl/verilog/rvv/common/BUILD: no such target '//hdl/verilog/rvv/common:dff.sv': target 'dff.sv' not declared in package 'hdl/verilog/rvv/common' defined by /app/hdl/verilog/rvv/common/BUILD
ERROR: /app/hdl/verilog/rvv/common/BUILD: no such target '//hdl/verilog/rvv/common:compressor_4_2.sv': target 'compressor_4_2.sv' not declared in package 'hdl/verilog/rvv/common' defined by /app/hdl/verilog/rvv/common/BUILD
ERROR: /app/hdl/verilog/rvv/common/BUILD: no such target '//hdl/verilog/rvv/common:compressor_3_2.sv': target 'compressor_3_2.sv' not declared in package 'hdl/verilog/rvv/common' defined by /app/hdl/verilog/rvv/common/BUILD
ERROR: /app/hdl/verilog/rvv/common/BUILD: no such target '//hdl/verilog/rvv/common:cdffr.sv': target 'cdffr.sv' not declared in package 'hdl/verilog/rvv/common' defined by /app/hdl/verilog/rvv/common/BUILD
ERROR: /app/hdl/verilog/rvv/common/BUILD: no such target '//hdl/verilog/rvv/common:handshake_multi_fifo.sv': target 'handshake_multi_fifo.sv' not declared in package 'hdl/verilog/rvv/common' defined by /app/hdl/verilog/rvv/common/BUILD
ERROR: /app/hdl/verilog/rvv/common/BUILD: no such target '//hdl/verilog/rvv/common:handshake_ff.sv': target 'handshake_ff.sv' not declared in package 'hdl/verilog/rvv/common' defined by /app/hdl/verilog/rvv/common/BUILD
ERROR: /app/hdl/verilog/rvv/common/BUILD: no such target '//hdl/verilog/rvv/common:barrel_shifter.sv': target 'barrel_shifter.sv' not declared in package 'hdl/verilog/rvv/common' defined by /app/hdl/verilog/rvv/common/BUILD
ERROR: /app/hdl/verilog/rvv/common/BUILD: no such target '//hdl/verilog/rvv/common:arb_round_robin.sv': target 'arb_round_robin.sv' not declared in package 'hdl/verilog/rvv/common' defined by /app/hdl/verilog/rvv/common/BUILD
ERROR: /app/hdl/verilog/rvv/common/BUILD: no such target '//hdl/verilog/rvv/common:adder.sv': target 'adder.sv' not declared in package 'hdl/verilog/rvv/common' defined by /app/hdl/verilog/rvv/common/BUILD
ERROR: /app/fpga/BUILD:174:11: Compiling fpga/sw/display_renderer.cc failed: missing input file '//fpga:sw/display_renderer.cc'
ERROR: /app/fpga/BUILD:174:11: Compiling fpga/sw/display_renderer.cc failed: missing input file '//fpga:sw/display_renderer.h'
ERROR: /app/fpga/BUILD:174:11: Compiling fpga/sw/display_renderer.cc failed: missing input file '//fpga:sw/dma.h'
ERROR: /app/fpga/BUILD:174:11: Compiling fpga/sw/display_renderer.cc failed: missing input file '//fpga:sw/gpio.h'
ERROR: /app/fpga/BUILD:174:11: Compiling fpga/sw/display_renderer.cc failed: missing input file '//fpga:sw/spi.h'
ERROR: /app/fpga/BUILD:174:11: Compiling fpga/sw/display_renderer.cc failed: missing input file '//fpga:sw/dma.h'
ERROR: /app/fpga/BUILD:174:11: Compiling fpga/sw/display_renderer.cc failed: missing input file '//fpga:sw/gpio.h'
ERROR: /app/fpga/BUILD:174:11: Compiling fpga/sw/display_renderer.cc failed: missing input file '//fpga:sw/display_renderer.h'
ERROR: /app/fpga/BUILD:174:11: Compiling fpga/sw/display_renderer.cc failed: missing input file '//fpga:sw/clk.h'
ERROR: /app/fpga/BUILD:174:11: Compiling fpga/sw/display_renderer.cc failed: missing input file '//fpga:sw/spi.h'
ERROR: /app/fpga/BUILD:174:11: Compiling fpga/sw/display_renderer.cc failed: 10 input file(s) do not exist
ERROR: /app/fpga/BUILD:163:11: Compiling fpga/sw/display_hal.c failed: missing input file '//fpga:sw/display_hal.c'
ERROR: /app/fpga/BUILD:163:11: Compiling fpga/sw/display_hal.c failed: missing input file '//fpga:sw/gpio.h'
ERROR: /app/fpga/BUILD:163:11: Compiling fpga/sw/display_hal.c failed: missing input file '//fpga:sw/spi.h'
ERROR: /app/fpga/BUILD:163:11: Compiling fpga/sw/display_hal.c failed: missing input file '//fpga:sw/gpio.h'
ERROR: /app/fpga/BUILD:163:11: Compiling fpga/sw/display_hal.c failed: missing input file '//fpga:sw/clk.h'
ERROR: /app/fpga/BUILD:163:11: Compiling fpga/sw/display_hal.c failed: missing input file '//fpga:sw/spi.h'
ERROR: /app/fpga/BUILD:163:11: Compiling fpga/sw/display_hal.c failed: 6 input file(s) do not exist
ERROR: /app/fpga/BUILD:148:11: Compiling fpga/sw/dma.c failed: missing input file '//fpga:sw/dma.c'
ERROR: /app/fpga/BUILD:148:11: Compiling fpga/sw/dma.c failed: missing input file '//fpga:sw/dma.h'
ERROR: /app/fpga/BUILD:148:11: Compiling fpga/sw/dma.c failed: missing input file '//fpga:sw/dma.h'
ERROR: /app/fpga/BUILD:148:11: Compiling fpga/sw/dma.c failed: 3 input file(s) do not exist
ERROR: /app/fpga/BUILD:121:11: Compiling fpga/sw/uart.c failed: missing input file '//fpga:sw/uart.c'
ERROR: /app/fpga/BUILD:121:11: Compiling fpga/sw/uart.c failed: missing input file '//fpga:sw/uart.h'
ERROR: /app/fpga/BUILD:121:11: Compiling fpga/sw/uart.c failed: missing input file '//fpga:sw/clk.h'
ERROR: /app/fpga/BUILD:121:11: Compiling fpga/sw/uart.c failed: missing input file '//fpga:sw/clk.h'
ERROR: /app/fpga/BUILD:121:11: Compiling fpga/sw/uart.c failed: missing input file '//fpga:sw/uart.h'
ERROR: /app/fpga/BUILD:121:11: Compiling fpga/sw/uart.c failed: 5 input file(s) do not exist
ERROR: /app/fpga/BUILD:115:11: Compiling fpga/sw/clk.c failed: missing input file '//fpga:sw/clk.c'
ERROR: /app/fpga/BUILD:115:11: Compiling fpga/sw/clk.c failed: missing input file '//fpga:sw/clk.h'
ERROR: /app/fpga/BUILD:115:11: Compiling fpga/sw/clk.c failed: missing input file '//fpga:sw/clk.h'
ERROR: /app/fpga/BUILD:115:11: Compiling fpga/sw/clk.c failed: 3 input file(s) do not exist
ERROR: /app/fpga/BUILD:128:11: Compiling fpga/sw/gpio.c failed: missing input file '//fpga:sw/gpio.c'
ERROR: /app/fpga/BUILD:128:11: Compiling fpga/sw/gpio.c failed: missing input file '//fpga:sw/gpio.h'
ERROR: /app/fpga/BUILD:128:11: Compiling fpga/sw/gpio.c failed: missing input file '//fpga:sw/gpio.h'
ERROR: /app/fpga/BUILD:128:11: Compiling fpga/sw/gpio.c failed: 3 input file(s) do not exist
ERROR: /app/fpga/BUILD:187:11: Compiling fpga/sw/spi_flash.c failed: missing input file '//fpga:sw/spi_flash.c'
ERROR: /app/fpga/BUILD:187:11: Compiling fpga/sw/spi_flash.c failed: missing input file '//fpga:sw/spi_flash.h'
ERROR: /app/fpga/BUILD:187:11: Compiling fpga/sw/spi_flash.c failed: missing input file '//fpga:sw/clk.h'
ERROR: /app/fpga/BUILD:187:11: Compiling fpga/sw/spi_flash.c failed: missing input file '//fpga:sw/gpio.h'
ERROR: /app/fpga/BUILD:187:11: Compiling fpga/sw/spi_flash.c failed: missing input file '//fpga:sw/spi.h'
ERROR: /app/fpga/BUILD:187:11: Compiling fpga/sw/spi_flash.c failed: missing input file '//fpga:sw/gpio.h'
ERROR: /app/fpga/BUILD:187:11: Compiling fpga/sw/spi_flash.c failed: missing input file '//fpga:sw/spi_flash.h'
ERROR: /app/fpga/BUILD:187:11: Compiling fpga/sw/spi_flash.c failed: missing input file '//fpga:sw/clk.h'
ERROR: /app/fpga/BUILD:187:11: Compiling fpga/sw/spi_flash.c failed: missing input file '//fpga:sw/spi.h'
ERROR: /app/fpga/BUILD:187:11: Compiling fpga/sw/spi_flash.c failed: 9 input file(s) do not exist
ERROR: /app/fpga/BUILD:134:11: Compiling fpga/sw/spi.c failed: missing input file '//fpga:sw/spi.c'
ERROR: /app/fpga/BUILD:134:11: Compiling fpga/sw/spi.c failed: missing input file '//fpga:sw/spi.h'
ERROR: /app/fpga/BUILD:134:11: Compiling fpga/sw/spi.c failed: missing input file '//fpga:sw/clk.h'
ERROR: /app/fpga/BUILD:134:11: Compiling fpga/sw/spi.c failed: missing input file '//fpga:sw/clk.h'
ERROR: /app/fpga/BUILD:134:11: Compiling fpga/sw/spi.c failed: missing input file '//fpga:sw/spi.h'
ERROR: /app/fpga/BUILD:134:11: Compiling fpga/sw/spi.c failed: 5 input file(s) do not exist
ERROR: /app/fpga/BUILD:141:11: Compiling fpga/sw/i2c.c failed: missing input file '//fpga:sw/i2c.c'
ERROR: /app/fpga/BUILD:141:11: Compiling fpga/sw/i2c.c failed: missing input file '//fpga:sw/i2c.h'
ERROR: /app/fpga/BUILD:141:11: Compiling fpga/sw/i2c.c failed: missing input file '//fpga:sw/clk.h'
ERROR: /app/fpga/BUILD:141:11: Compiling fpga/sw/i2c.c failed: missing input file '//fpga:sw/clk.h'
ERROR: /app/fpga/BUILD:141:11: Compiling fpga/sw/i2c.c failed: missing input file '//fpga:sw/i2c.h'
ERROR: /app/fpga/BUILD:141:11: Compiling fpga/sw/i2c.c failed: 5 input file(s) do not exist
ERROR: /app/sw/utils/nexus_loader/BUILD.bazel:17:11: Compiling sw/utils/nexus_loader/spi_master.cc failed: missing input file '//sw/utils/nexus_loader:spi_master.cc'
ERROR: /app/sw/utils/nexus_loader/BUILD.bazel:17:11: Compiling sw/utils/nexus_loader/spi_master.cc failed: missing input file '//sw/utils/nexus_loader:spi_master.h'
ERROR: /app/sw/utils/nexus_loader/BUILD.bazel:17:11: Compiling sw/utils/nexus_loader/spi_master.cc failed: missing input file '//sw/utils/nexus_loader:spi_master.h'
ERROR: /app/sw/utils/nexus_loader/BUILD.bazel:17:11: Compiling sw/utils/nexus_loader/spi_master.cc failed: 3 input file(s) do not exist
Analyzing: 2440 targets (205 packages loaded, 7107 targets configured)
[362 / 399] Compiling tests/systemc/instruction_trace.cc; 0s processwrapper-sandbox ... (8 actions, 7 running)
Analyzing: 2440 targets (301 packages loaded, 11778 targets configured)
[363 / 748] Compiling tests/systemc/instruction_trace.cc; 1s processwrapper-sandbox ... (8 actions running)
Analyzing: 2440 targets (301 packages loaded, 12266 targets configured)
[376 / 1,001] Compiling hdl/verilog/sram_backdoor.cc; 2s processwrapper-sandbox ... (8 actions, 7 running)
ERROR: /app/fpga/BUILD:568:8: no such target '//fpga/rtl:chip_nexus.sv': target 'chip_nexus.sv' not declared in package 'fpga/rtl' defined by /app/fpga/rtl/BUILD and referenced by '//fpga:check_pins_test'
Analyzing: 2440 targets (399 packages loaded, 22544 targets configured)
[384 / 1,065] Compiling googlemock/src/gmock_main.cc; 3s processwrapper-sandbox ... (8 actions running)
ERROR: /app/hdl/chisel/src/coralnpu/BUILD:91:15: no such target '//hdl/verilog/rvv/common:adder.sv': target 'adder.sv' not declared in package 'hdl/verilog/rvv/common' defined by /app/hdl/verilog/rvv/common/BUILD and referenced by '//hdl/chisel/src/coralnpu:coralnpu_rvv'
ERROR: /app/hdl/chisel/src/coralnpu/BUILD:91:15: no such target '//hdl/verilog/rvv/common:arb_round_robin.sv': target 'arb_round_robin.sv' not declared in package 'hdl/verilog/rvv/common' defined by /app/hdl/verilog/rvv/common/BUILD and referenced by '//hdl/chisel/src/coralnpu:coralnpu_rvv'
ERROR: /app/hdl/chisel/src/coralnpu/BUILD:91:15: no such target '//hdl/verilog/rvv/common:barrel_shifter.sv': target 'barrel_shifter.sv' not declared in package 'hdl/verilog/rvv/common' defined by /app/hdl/verilog/rvv/common/BUILD and referenced by '//hdl/chisel/src/coralnpu:coralnpu_rvv'
ERROR: /app/hdl/chisel/src/coralnpu/BUILD:91:15: no such target '//hdl/verilog/rvv/common:handshake_ff.sv': target 'handshake_ff.sv' not declared in package 'hdl/verilog/rvv/common' defined by /app/hdl/verilog/rvv/common/BUILD and referenced by '//hdl/chisel/src/coralnpu:coralnpu_rvv'
ERROR: /app/hdl/chisel/src/coralnpu/BUILD:91:15: no such target '//hdl/verilog/rvv/common:handshake_multi_fifo.sv': target 'handshake_multi_fifo.sv' not declared in package 'hdl/verilog/rvv/common' defined by /app/hdl/verilog/rvv/common/BUILD and referenced by '//hdl/chisel/src/coralnpu:coralnpu_rvv'
ERROR: /app/hdl/chisel/src/coralnpu/BUILD:91:15: no such target '//hdl/verilog/rvv/common:cdffr.sv': target 'cdffr.sv' not declared in package 'hdl/verilog/rvv/common' defined by /app/hdl/verilog/rvv/common/BUILD and referenced by '//hdl/chisel/src/coralnpu:coralnpu_rvv'
ERROR: /app/hdl/chisel/src/coralnpu/BUILD:91:15: no such target '//hdl/verilog/rvv/common:compressor_3_2.sv': target 'compressor_3_2.sv' not declared in package 'hdl/verilog/rvv/common' defined by /app/hdl/verilog/rvv/common/BUILD and referenced by '//hdl/chisel/src/coralnpu:coralnpu_rvv'
ERROR: /app/hdl/chisel/src/coralnpu/BUILD:91:15: no such target '//hdl/verilog/rvv/common:compressor_4_2.sv': target 'compressor_4_2.sv' not declared in package 'hdl/verilog/rvv/common' defined by /app/hdl/verilog/rvv/common/BUILD and referenced by '//hdl/chisel/src/coralnpu:coralnpu_rvv'
ERROR: /app/hdl/chisel/src/coralnpu/BUILD:91:15: no such target '//hdl/verilog/rvv/common:dff.sv': target 'dff.sv' not declared in package 'hdl/verilog/rvv/common' defined by /app/hdl/verilog/rvv/common/BUILD and referenced by '//hdl/chisel/src/coralnpu:coralnpu_rvv'
ERROR: /app/hdl/chisel/src/coralnpu/BUILD:91:15: no such target '//hdl/verilog/rvv/common:edff.sv': target 'edff.sv' not declared in package 'hdl/verilog/rvv/common' defined by /app/hdl/verilog/rvv/common/BUILD and referenced by '//hdl/chisel/src/coralnpu:coralnpu_rvv'
ERROR: /app/hdl/chisel/src/coralnpu/BUILD:91:15: no such target '//hdl/verilog/rvv/common:edff_2d.sv': target 'edff_2d.sv' not declared in package 'hdl/verilog/rvv/common' defined by /app/hdl/verilog/rvv/common/BUILD and referenced by '//hdl/chisel/src/coralnpu:coralnpu_rvv'
ERROR: /app/hdl/chisel/src/coralnpu/BUILD:91:15: no such target '//hdl/verilog/rvv/common:multi_fifo.sv': target 'multi_fifo.sv' not declared in package 'hdl/verilog/rvv/common' defined by /app/hdl/verilog/rvv/common/BUILD and referenced by '//hdl/chisel/src/coralnpu:coralnpu_rvv'
Analyzing: 2440 targets (399 packages loaded, 23168 targets configured)
[401 / 1,294] Compiling googlemock/src/gmock_main.cc; 4s processwrapper-sandbox ... (8 actions, 7 running)
ERROR: /app/sw/utils/nexus_loader/BUILD.bazel:46:8: Compiling sw/utils/nexus_loader/test.cc failed: missing input file '//sw/utils/nexus_loader:spi_master.h'
ERROR: /app/sw/utils/nexus_loader/BUILD.bazel:46:8: Compiling sw/utils/nexus_loader/test.cc failed: missing input file '//sw/utils/nexus_loader:spi_master.h'
ERROR: /app/sw/utils/nexus_loader/BUILD.bazel:46:8: Compiling sw/utils/nexus_loader/test.cc failed: 2 input file(s) do not exist
ERROR: /app/fpga/BUILD:115:11: Compiling fpga/sw/clk.c failed: missing input file '//fpga:sw/clk.c'
ERROR: /app/fpga/BUILD:115:11: Compiling fpga/sw/clk.c failed: missing input file '//fpga:sw/clk.h'
ERROR: /app/fpga/BUILD:115:11: Compiling fpga/sw/clk.c failed: missing input file '//fpga:sw/clk.h'
ERROR: /app/fpga/BUILD:115:11: Compiling fpga/sw/clk.c failed: 3 input file(s) do not exist
ERROR: /app/fpga/BUILD:121:11: Compiling fpga/sw/uart.c failed: missing input file '//fpga:sw/uart.c'
ERROR: /app/fpga/BUILD:121:11: Compiling fpga/sw/uart.c failed: missing input file '//fpga:sw/uart.h'
ERROR: /app/fpga/BUILD:121:11: Compiling fpga/sw/uart.c failed: missing input file '//fpga:sw/clk.h'
ERROR: /app/fpga/BUILD:121:11: Compiling fpga/sw/uart.c failed: missing input file '//fpga:sw/clk.h'
ERROR: /app/fpga/BUILD:121:11: Compiling fpga/sw/uart.c failed: missing input file '//fpga:sw/uart.h'
ERROR: /app/fpga/BUILD:121:11: Compiling fpga/sw/uart.c failed: 5 input file(s) do not exist
ERROR: /app/fpga/BUILD:210:19: Compiling fpga/sw/add_uint32_m1.cc failed: missing input file '//fpga:sw/add_uint32_m1.cc'
ERROR: /app/fpga/BUILD:210:19: Compiling fpga/sw/add_uint32_m1.cc failed: missing input file '//fpga:sw/uart.h'
ERROR: /app/fpga/BUILD:210:19: Compiling fpga/sw/add_uint32_m1.cc failed: missing input file '//fpga:sw/clk.h'
ERROR: /app/fpga/BUILD:210:19: Compiling fpga/sw/add_uint32_m1.cc failed: missing input file '//fpga:sw/uart.h'
ERROR: /app/fpga/BUILD:210:19: Compiling fpga/sw/add_uint32_m1.cc failed: 4 input file(s) do not exist
Analyzing: 2440 targets (399 packages loaded, 23168 targets configured)
[450 / 1,329] BootstrapGNUMake external/rules_foreign_cc/toolchains/make [for tool]; 5s processwrapper-sandbox ... (8 actions, 7 running)
ERROR: /app/fpga/BUILD:141:11: Compiling fpga/sw/i2c.c failed: missing input file '//fpga:sw/i2c.c'
ERROR: /app/fpga/BUILD:141:11: Compiling fpga/sw/i2c.c failed: missing input file '//fpga:sw/i2c.h'
ERROR: /app/fpga/BUILD:141:11: Compiling fpga/sw/i2c.c failed: missing input file '//fpga:sw/clk.h'
ERROR: /app/fpga/BUILD:141:11: Compiling fpga/sw/i2c.c failed: missing input file '//fpga:sw/clk.h'
ERROR: /app/fpga/BUILD:141:11: Compiling fpga/sw/i2c.c failed: missing input file '//fpga:sw/i2c.h'
ERROR: /app/fpga/BUILD:141:11: Compiling fpga/sw/i2c.c failed: 5 input file(s) do not exist
ERROR: /app/fpga/BUILD:344:19: Compiling fpga/sw/i2c_camera_test.cc failed: missing input file '//fpga:sw/i2c_camera_test.cc'
ERROR: /app/fpga/BUILD:344:19: Compiling fpga/sw/i2c_camera_test.cc failed: missing input file '//fpga:sw/i2c.h'
ERROR: /app/fpga/BUILD:344:19: Compiling fpga/sw/i2c_camera_test.cc failed: missing input file '//fpga:sw/uart.h'
ERROR: /app/fpga/BUILD:344:19: Compiling fpga/sw/i2c_camera_test.cc failed: missing input file '//fpga:sw/clk.h'
ERROR: /app/fpga/BUILD:344:19: Compiling fpga/sw/i2c_camera_test.cc failed: missing input file '//fpga:sw/i2c.h'
ERROR: /app/fpga/BUILD:344:19: Compiling fpga/sw/i2c_camera_test.cc failed: missing input file '//fpga:sw/uart.h'
ERROR: /app/fpga/BUILD:344:19: Compiling fpga/sw/i2c_camera_test.cc failed: 6 input file(s) do not exist
ERROR: /app/examples/BUILD.bazel:19:19: Compiling examples/hello_world_add_floats.cc failed: missing input file '//examples:hello_world_add_floats.cc'
ERROR: /app/examples/BUILD.bazel:19:19: Compiling examples/hello_world_add_floats.cc failed: 1 input file(s) do not exist
Analyzing: 2440 targets (399 packages loaded, 23168 targets configured)
[494 / 1,363] BootstrapGNUMake external/rules_foreign_cc/toolchains/make [for tool]; 6s processwrapper-sandbox ... (8 actions, 7 running)
Analyzing: 2440 targets (399 packages loaded, 23168 targets configured)
[527 / 1,378] BootstrapGNUMake external/rules_foreign_cc/toolchains/make [for tool]; 7s processwrapper-sandbox ... (8 actions, 7 running)
ERROR: /app/fpga/BUILD:134:11: Compiling fpga/sw/spi.c failed: missing input file '//fpga:sw/spi.c'
ERROR: /app/fpga/BUILD:134:11: Compiling fpga/sw/spi.c failed: missing input file '//fpga:sw/spi.h'
ERROR: /app/fpga/BUILD:134:11: Compiling fpga/sw/spi.c failed: missing input file '//fpga:sw/clk.h'
ERROR: /app/fpga/BUILD:134:11: Compiling fpga/sw/spi.c failed: missing input file '//fpga:sw/clk.h'
ERROR: /app/fpga/BUILD:134:11: Compiling fpga/sw/spi.c failed: missing input file '//fpga:sw/spi.h'
ERROR: /app/fpga/BUILD:134:11: Compiling fpga/sw/spi.c failed: 5 input file(s) do not exist
ERROR: /app/fpga/BUILD:128:11: Compiling fpga/sw/gpio.c failed: missing input file '//fpga:sw/gpio.c'
ERROR: /app/fpga/BUILD:128:11: Compiling fpga/sw/gpio.c failed: missing input file '//fpga:sw/gpio.h'
ERROR: /app/fpga/BUILD:128:11: Compiling fpga/sw/gpio.c failed: missing input file '//fpga:sw/gpio.h'
ERROR: /app/fpga/BUILD:128:11: Compiling fpga/sw/gpio.c failed: 3 input file(s) do not exist
ERROR: /app/fpga/BUILD:163:11: Compiling fpga/sw/display_hal.c failed: missing input file '//fpga:sw/display_hal.c'
ERROR: /app/fpga/BUILD:163:11: Compiling fpga/sw/display_hal.c failed: missing input file '//fpga:sw/gpio.h'
ERROR: /app/fpga/BUILD:163:11: Compiling fpga/sw/display_hal.c failed: missing input file '//fpga:sw/spi.h'
ERROR: /app/fpga/BUILD:163:11: Compiling fpga/sw/display_hal.c failed: missing input file '//fpga:sw/gpio.h'
ERROR: /app/fpga/BUILD:163:11: Compiling fpga/sw/display_hal.c failed: missing input file '//fpga:sw/clk.h'
ERROR: /app/fpga/BUILD:163:11: Compiling fpga/sw/display_hal.c failed: missing input file '//fpga:sw/spi.h'
ERROR: /app/fpga/BUILD:163:11: Compiling fpga/sw/display_hal.c failed: 6 input file(s) do not exist
ERROR: /app/fpga/BUILD:197:19: Compiling fpga/sw/display_test.cc failed: missing input file '//fpga:sw/display_test.cc'
ERROR: /app/fpga/BUILD:197:19: Compiling fpga/sw/display_test.cc failed: missing input file '//fpga:sw/gpio.h'
ERROR: /app/fpga/BUILD:197:19: Compiling fpga/sw/display_test.cc failed: missing input file '//fpga:sw/spi.h'
ERROR: /app/fpga/BUILD:197:19: Compiling fpga/sw/display_test.cc failed: missing input file '//fpga:sw/gpio.h'
ERROR: /app/fpga/BUILD:197:19: Compiling fpga/sw/display_test.cc failed: missing input file '//fpga:sw/clk.h'
ERROR: /app/fpga/BUILD:197:19: Compiling fpga/sw/display_test.cc failed: missing input file '//fpga:sw/spi.h'
ERROR: /app/fpga/BUILD:197:19: Compiling fpga/sw/display_test.cc failed: 6 input file(s) do not exist
Analyzing: 2440 targets (399 packages loaded, 23168 targets configured)
[552 / 1,390] BootstrapGNUMake external/rules_foreign_cc/toolchains/make [for tool]; 8s processwrapper-sandbox ... (8 actions, 7 running)
Analyzing: 2440 targets (399 packages loaded, 23168 targets configured)
[571 / 1,401] BootstrapGNUMake external/rules_foreign_cc/toolchains/make [for tool]; 9s processwrapper-sandbox ... (8 actions, 7 running)
ERROR: /app/fpga/BUILD:187:11: Compiling fpga/sw/spi_flash.c failed: missing input file '//fpga:sw/spi_flash.c'
ERROR: /app/fpga/BUILD:187:11: Compiling fpga/sw/spi_flash.c failed: missing input file '//fpga:sw/spi_flash.h'
ERROR: /app/fpga/BUILD:187:11: Compiling fpga/sw/spi_flash.c failed: missing input file '//fpga:sw/clk.h'
ERROR: /app/fpga/BUILD:187:11: Compiling fpga/sw/spi_flash.c failed: missing input file '//fpga:sw/gpio.h'
ERROR: /app/fpga/BUILD:187:11: Compiling fpga/sw/spi_flash.c failed: missing input file '//fpga:sw/spi.h'
ERROR: /app/fpga/BUILD:187:11: Compiling fpga/sw/spi_flash.c failed: missing input file '//fpga:sw/gpio.h'
ERROR: /app/fpga/BUILD:187:11: Compiling fpga/sw/spi_flash.c failed: missing input file '//fpga:sw/spi_flash.h'
ERROR: /app/fpga/BUILD:187:11: Compiling fpga/sw/spi_flash.c failed: missing input file '//fpga:sw/clk.h'
ERROR: /app/fpga/BUILD:187:11: Compiling fpga/sw/spi_flash.c failed: missing input file '//fpga:sw/spi.h'
ERROR: /app/fpga/BUILD:187:11: Compiling fpga/sw/spi_flash.c failed: 9 input file(s) do not exist
ERROR: /app/fpga/BUILD:266:19: Compiling fpga/sw/flash_tool.c failed: missing input file '//fpga:sw/flash_tool.c'
ERROR: /app/fpga/BUILD:266:19: Compiling fpga/sw/flash_tool.c failed: missing input file '//fpga:sw/flash_tool_status.h'
ERROR: /app/fpga/BUILD:266:19: Compiling fpga/sw/flash_tool.c failed: missing input file '//fpga:sw/spi_flash.h'
ERROR: /app/fpga/BUILD:266:19: Compiling fpga/sw/flash_tool.c failed: missing input file '//fpga:sw/uart.h'
ERROR: /app/fpga/BUILD:266:19: Compiling fpga/sw/flash_tool.c failed: missing input file '//fpga:sw/flash_tool_status.h'
ERROR: /app/fpga/BUILD:266:19: Compiling fpga/sw/flash_tool.c failed: missing input file '//fpga:sw/clk.h'
ERROR: /app/fpga/BUILD:266:19: Compiling fpga/sw/flash_tool.c failed: missing input file '//fpga:sw/spi.h'
ERROR: /app/fpga/BUILD:266:19: Compiling fpga/sw/flash_tool.c failed: missing input file '//fpga:sw/gpio.h'
ERROR: /app/fpga/BUILD:266:19: Compiling fpga/sw/flash_tool.c failed: missing input file '//fpga:sw/spi_flash.h'
ERROR: /app/fpga/BUILD:266:19: Compiling fpga/sw/flash_tool.c failed: missing input file '//fpga:sw/uart.h'
ERROR: /app/fpga/BUILD:266:19: Compiling fpga/sw/flash_tool.c failed: 10 input file(s) do not exist
Analyzing: 2440 targets (399 packages loaded, 23168 targets configured)
[605 / 1,421] BootstrapGNUMake external/rules_foreign_cc/toolchains/make [for tool]; 10s processwrapper-sandbox ... (9 actions, 8 running)
Analyzing: 2440 targets (399 packages loaded, 23168 targets configured)
[624 / 1,430] BootstrapGNUMake external/rules_foreign_cc/toolchains/make [for tool]; 11s processwrapper-sandbox ... (9 actions, 8 running)
Analyzing: 2440 targets (399 packages loaded, 23168 targets configured)
[669 / 1,474] BootstrapGNUMake external/rules_foreign_cc/toolchains/make [for tool]; 12s processwrapper-sandbox ... (8 actions, 7 running)
Analyzing: 2440 targets (399 packages loaded, 23168 targets configured)
[695 / 1,487] BootstrapGNUMake external/rules_foreign_cc/toolchains/make [for tool]; 14s processwrapper-sandbox ... (8 actions, 7 running)
Analyzing: 2440 targets (399 packages loaded, 23168 targets configured)
[721 / 1,499] 1 / 43 tests, 1 failed; BootstrapGNUMake external/rules_foreign_cc/toolchains/make [for tool]; 15s processwrapper-sandbox ... (8 actions, 7 running)
ERROR: /app/tests/cocotb/rvv/rvv_opt/BUILD:28:14: Compiling tests/cocotb/rvv/rvv_opt/memset_test.cc failed: missing input file '//sw/opt:rvv_opt.h'
ERROR: /app/tests/cocotb/rvv/rvv_opt/BUILD:28:14: Compiling tests/cocotb/rvv/rvv_opt/memset_test.cc failed: missing input file '//sw/opt:rvv_opt.h'
ERROR: /app/tests/cocotb/rvv/rvv_opt/BUILD:28:14: Compiling tests/cocotb/rvv/rvv_opt/memset_test.cc failed: 2 input file(s) do not exist
Analyzing: 2440 targets (399 packages loaded, 23168 targets configured)
[766 / 1,528] 1 / 43 tests, 1 failed; BootstrapGNUMake external/rules_foreign_cc/toolchains/make [for tool]; 16s processwrapper-sandbox ... (8 actions, 7 running)
Analyzing: 2440 targets (399 packages loaded, 23168 targets configured)
[784 / 1,538] 1 / 43 tests, 1 failed; BootstrapGNUMake external/rules_foreign_cc/toolchains/make [for tool]; 17s processwrapper-sandbox ... (8 actions, 7 running)
Analyzing: 2440 targets (399 packages loaded, 23168 targets configured)
[828 / 1,991] 1 / 43 tests, 1 failed; BootstrapGNUMake external/rules_foreign_cc/toolchains/make [for tool]; 18s processwrapper-sandbox ... (8 actions, 7 running)
Analyzing: 2440 targets (399 packages loaded, 23168 targets configured)
[886 / 2,058] 1 / 43 tests, 1 failed; BootstrapGNUMake external/rules_foreign_cc/toolchains/make [for tool]; 19s processwrapper-sandbox ... (8 actions, 7 running)
INFO: From Building external/bazel_tools/tools/java/runfiles/libauto_bazel_repository.jar (1 source file) [for tool]:
warning: [options] source value 8 is obsolete and will be removed in a future release
warning: [options] target value 8 is obsolete and will be removed in a future release
warning: [options] To suppress warnings about obsolete options, use -Xlint:-options.
INFO: From Building external/io_bazel_rules_scala/src/java/io/bazel/rulesscala/io_utils/libio_utils.jar (2 source files) [for tool]:
warning: [options] source value 8 is obsolete and will be removed in a future release
warning: [options] target value 8 is obsolete and will be removed in a future release
warning: [options] To suppress warnings about obsolete options, use -Xlint:-options.
INFO: From Building external/bazel_tools/tools/java/runfiles/librunfiles.jar (2 source files) [for tool]:
warning: [options] source value 8 is obsolete and will be removed in a future release
warning: [options] target value 8 is obsolete and will be removed in a future release
warning: [options] To suppress warnings about obsolete options, use -Xlint:-options.
Analyzing: 2440 targets (399 packages loaded, 23168 targets configured)
[1,470 / 3,154] 1 / 43 tests, 1 failed; BootstrapGNUMake external/rules_foreign_cc/toolchains/make [for tool]; 20s processwrapper-sandbox ... (8 actions, 7 running)
Analyzing: 2440 targets (399 packages loaded, 23168 targets configured)
[1,527 / 3,193] 1 / 43 tests, 1 failed; BootstrapGNUMake external/rules_foreign_cc/toolchains/make [for tool]; 21s processwrapper-sandbox ... (8 actions, 7 running)
INFO: From Building external/bazel_tools/tools/java/runfiles/libauto_bazel_repository_processor.jar (1 source file) [for tool]:
warning: [options] source value 8 is obsolete and will be removed in a future release
warning: [options] target value 8 is obsolete and will be removed in a future release
warning: [options] To suppress warnings about obsolete options, use -Xlint:-options.
Analyzing: 2440 targets (399 packages loaded, 23168 targets configured)
[1,568 / 3,213] 1 / 43 tests, 1 failed; BootstrapGNUMake external/rules_foreign_cc/toolchains/make [for tool]; 22s processwrapper-sandbox ... (8 actions, 7 running)
INFO: From Building external/io_bazel_rules_scala/src/java/io/bazel/rulesscala/scala_test/librunner.jar (1 source file) and running annotation processors (AutoBazelRepositoryProcessor) [for tool]:
warning: [options] source value 8 is obsolete and will be removed in a future release
warning: [options] target value 8 is obsolete and will be removed in a future release
warning: [options] To suppress warnings about obsolete options, use -Xlint:-options.
Analyzing: 2440 targets (399 packages loaded, 23168 targets configured)
[1,611 / 3,261] 1 / 43 tests, 1 failed; BootstrapGNUMake external/rules_foreign_cc/toolchains/make [for tool]; 23s processwrapper-sandbox ... (7 actions, 6 running)
Analyzing: 2440 targets (399 packages loaded, 23168 targets configured)
[1,648 / 3,317] 1 / 43 tests, 1 failed; BootstrapGNUMake external/rules_foreign_cc/toolchains/make [for tool]; 24s processwrapper-sandbox ... (8 actions, 7 running)
INFO: From Building external/com_google_protobuf/java/core/liblite_runtime_only.jar (93 source files) [for tool]:
warning: [options] source value 8 is obsolete and will be removed in a future release
warning: [options] target value 8 is obsolete and will be removed in a future release
warning: [options] To suppress warnings about obsolete options, use -Xlint:-options.
Analyzing: 2440 targets (399 packages loaded, 23168 targets configured)
[1,689 / 3,421] 1 / 43 tests, 1 failed; BootstrapGNUMake external/rules_foreign_cc/toolchains/make [for tool]; 25s processwrapper-sandbox ... (8 actions, 7 running)
Analyzing: 2440 targets (399 packages loaded, 23168 targets configured)
[1,748 / 3,446] 1 / 43 tests, 1 failed; BootstrapGNUMake external/rules_foreign_cc/toolchains/make [for tool]; 26s processwrapper-sandbox ... (8 actions, 7 running)
INFO: From Building external/io_bazel_rules_scala/src/java/io/bazel/rulesscala/scalac/compileoptions/libcompileoptions.jar (1 source file) [for tool]:
warning: [path] bad path element "/home/builder/.cache/bazel/_bazel_builder/8c069df52082beee3c95ca17836fb8e2/execroot/coralnpu_hw/bazel-out/k8-opt-exec-ST-a828a81199fe/bin/external/io_bazel_rules_scala_scala_compiler_2_13_12/io_bazel_rules_scala_scala_compiler_2_13_12.stamp/scala-reflect.jar": no such file or directory
warning: [path] bad path element "/home/builder/.cache/bazel/_bazel_builder/8c069df52082beee3c95ca17836fb8e2/execroot/coralnpu_hw/bazel-out/k8-opt-exec-ST-a828a81199fe/bin/external/io_bazel_rules_scala_scala_compiler_2_13_12/io_bazel_rules_scala_scala_compiler_2_13_12.stamp/scala-library.jar": no such file or directory
warning: [options] source value 8 is obsolete and will be removed in a future release
warning: [options] target value 8 is obsolete and will be removed in a future release
warning: [options] To suppress warnings about obsolete options, use -Xlint:-options.
INFO: From Building external/io_bazel_rules_scala/src/java/io/bazel/rulesscala/jar/libjar.jar (2 source files) [for tool]:
warning: [options] source value 8 is obsolete and will be removed in a future release
warning: [options] target value 8 is obsolete and will be removed in a future release
warning: [options] To suppress warnings about obsolete options, use -Xlint:-options.
Analyzing: 2440 targets (399 packages loaded, 23168 targets configured)
[1,849 / 3,922] 1 / 43 tests, 1 failed; BootstrapGNUMake external/rules_foreign_cc/toolchains/make [for tool]; 27s processwrapper-sandbox ... (8 actions, 7 running)
Analyzing: 2440 targets (399 packages loaded, 23168 targets configured)
[1,883 / 3,940] 1 / 43 tests, 1 failed; BootstrapGNUMake external/rules_foreign_cc/toolchains/make [for tool]; 28s processwrapper-sandbox ... (8 actions, 7 running)
Analyzing: 2440 targets (399 packages loaded, 23168 targets configured)
[1,906 / 3,957] 1 / 43 tests, 1 failed; BootstrapGNUMake external/rules_foreign_cc/toolchains/make [for tool]; 29s processwrapper-sandbox ... (8 actions running)
Analyzing: 2440 targets (399 packages loaded, 23168 targets configured)
[1,922 / 3,961] 1 / 43 tests, 1 failed; BootstrapGNUMake external/rules_foreign_cc/toolchains/make [for tool]; 30s processwrapper-sandbox ... (9 actions, 8 running)
Analyzing: 2440 targets (399 packages loaded, 23168 targets configured)
[1,932 / 3,964] 1 / 43 tests, 1 failed; BootstrapGNUMake external/rules_foreign_cc/toolchains/make [for tool]; 31s processwrapper-sandbox ... (8 actions, 7 running)
Analyzing: 2440 targets (399 packages loaded, 23168 targets configured)
[1,956 / 3,976] 1 / 43 tests, 1 failed; BootstrapGNUMake external/rules_foreign_cc/toolchains/make [for tool]; 32s processwrapper-sandbox ... (8 actions, 7 running)
Analyzing: 2440 targets (399 packages loaded, 23168 targets configured)
[2,248 / 4,345] 1 / 43 tests, 1 failed; BootstrapGNUMake external/rules_foreign_cc/toolchains/make [for tool]; 33s processwrapper-sandbox ... (8 actions, 7 running)
Analyzing: 2440 targets (399 packages loaded, 23168 targets configured)
[2,263 / 4,345] 1 / 43 tests, 1 failed; BootstrapGNUMake external/rules_foreign_cc/toolchains/make [for tool]; 34s processwrapper-sandbox ... (8 actions, 7 running)
Analyzing: 2440 targets (399 packages loaded, 23168 targets configured)
[2,340 / 4,549] 1 / 43 tests, 1 failed; BootstrapGNUMake external/rules_foreign_cc/toolchains/make [for tool]; 35s processwrapper-sandbox ... (8 actions, 7 running)
Analyzing: 2440 targets (399 packages loaded, 23168 targets configured)
[2,374 / 4,577] 1 / 43 tests, 1 failed; BootstrapGNUMake external/rules_foreign_cc/toolchains/make [for tool]; 36s processwrapper-sandbox ... (8 actions, 7 running)
Analyzing: 2440 targets (399 packages loaded, 23168 targets configured)
[2,410 / 4,590] 1 / 43 tests, 1 failed; BootstrapGNUMake external/rules_foreign_cc/toolchains/make [for tool]; 37s processwrapper-sandbox ... (8 actions, 7 running)
Analyzing: 2440 targets (399 packages loaded, 23168 targets configured)
[2,484 / 4,654] 1 / 43 tests, 1 failed; Compiling src/google/protobuf/io/zero_copy_stream.cc; 0s processwrapper-sandbox ... (8 actions, 7 running)
ERROR: /app/fpga/BUILD:154:19: Compiling fpga/sw/clk_test.c failed: missing input file '//fpga:sw/clk_test.c'
ERROR: /app/fpga/BUILD:154:19: Compiling fpga/sw/clk_test.c failed: missing input file '//fpga:sw/clk.h'
ERROR: /app/fpga/BUILD:154:19: Compiling fpga/sw/clk_test.c failed: missing input file '//fpga:sw/uart.h'
ERROR: /app/fpga/BUILD:154:19: Compiling fpga/sw/clk_test.c failed: missing input file '//fpga:sw/clk.h'
ERROR: /app/fpga/BUILD:154:19: Compiling fpga/sw/clk_test.c failed: missing input file '//fpga:sw/uart.h'
ERROR: /app/fpga/BUILD:154:19: Compiling fpga/sw/clk_test.c failed: 5 input file(s) do not exist
ERROR: /app/examples/BUILD.bazel:24:19: Compiling examples/rvv_add_intrinsic.cc failed: missing input file '//examples:rvv_add_intrinsic.cc'
ERROR: /app/examples/BUILD.bazel:24:19: Compiling examples/rvv_add_intrinsic.cc failed: 1 input file(s) do not exist
ERROR: /app/fpga/BUILD:216:19: Compiling fpga/sw/spi_test.cc failed: missing input file '//fpga:sw/spi_test.cc'
ERROR: /app/fpga/BUILD:216:19: Compiling fpga/sw/spi_test.cc failed: missing input file '//fpga:sw/spi.h'
ERROR: /app/fpga/BUILD:216:19: Compiling fpga/sw/spi_test.cc failed: missing input file '//fpga:sw/uart.h'
ERROR: /app/fpga/BUILD:216:19: Compiling fpga/sw/spi_test.cc failed: missing input file '//fpga:sw/clk.h'
ERROR: /app/fpga/BUILD:216:19: Compiling fpga/sw/spi_test.cc failed: missing input file '//fpga:sw/spi.h'
ERROR: /app/fpga/BUILD:216:19: Compiling fpga/sw/spi_test.cc failed: missing input file '//fpga:sw/uart.h'
ERROR: /app/fpga/BUILD:216:19: Compiling fpga/sw/spi_test.cc failed: 6 input file(s) do not exist
Analyzing: 2440 targets (399 packages loaded, 23168 targets configured)
[2,622 / 4,782] 1 / 43 tests, 1 failed; Compiling src/google/protobuf/io/zero_copy_stream.cc; 1s processwrapper-sandbox ... (8 actions, 7 running)
ERROR: /app/fpga/BUILD:370:19: Compiling fpga/sw/isp_cam_test.c failed: missing input file '//fpga:sw/isp_cam_test.c'
ERROR: /app/fpga/BUILD:370:19: Compiling fpga/sw/isp_cam_test.c failed: missing input file '//fpga:sw/uart.h'
ERROR: /app/fpga/BUILD:370:19: Compiling fpga/sw/isp_cam_test.c failed: missing input file '//fpga:sw/yocto_isp_register_address.h'
ERROR: /app/fpga/BUILD:370:19: Compiling fpga/sw/isp_cam_test.c failed: missing input file '//fpga:sw/yocto_isp_register_address.h'
ERROR: /app/fpga/BUILD:370:19: Compiling fpga/sw/isp_cam_test.c failed: missing input file '//fpga:sw/clk.h'
ERROR: /app/fpga/BUILD:370:19: Compiling fpga/sw/isp_cam_test.c failed: missing input file '//fpga:sw/uart.h'
ERROR: /app/fpga/BUILD:370:19: Compiling fpga/sw/isp_cam_test.c failed: 6 input file(s) do not exist
Analyzing: 2440 targets (399 packages loaded, 23168 targets configured)
[2,706 / 5,123] 1 / 43 tests, 1 failed; Foreign Cc - Configure: Building riscv_tests_rv32uf; 2s processwrapper-sandbox ... (8 actions, 7 running)
Analyzing: 2440 targets (399 packages loaded, 23168 targets configured)
[2,800 / 5,202] 1 / 43 tests, 1 failed; Compiling src/google/protobuf/io/zero_copy_stream_impl.cc; 1s processwrapper-sandbox ... (9 actions, 8 running)
ERROR: /app/tests/cocotb/tutorial/counters/BUILD:27:19: Compiling tests/cocotb/tutorial/counters/inst_cycle_counter_example.cc failed: missing input file '//sw/utils:utils.h'
ERROR: /app/tests/cocotb/tutorial/counters/BUILD:27:19: Compiling tests/cocotb/tutorial/counters/inst_cycle_counter_example.cc failed: missing input file '//sw/utils:utils.h'
ERROR: /app/tests/cocotb/tutorial/counters/BUILD:27:19: Compiling tests/cocotb/tutorial/counters/inst_cycle_counter_example.cc failed: 2 input file(s) do not exist
ERROR: /app/tests/cocotb/rvv/rvv_opt/BUILD:28:14: Compiling tests/cocotb/rvv/rvv_opt/memcpy_test.cc failed: missing input file '//sw/opt:rvv_opt.h'
ERROR: /app/tests/cocotb/rvv/rvv_opt/BUILD:28:14: Compiling tests/cocotb/rvv/rvv_opt/memcpy_test.cc failed: missing input file '//sw/opt:rvv_opt.h'
ERROR: /app/tests/cocotb/rvv/rvv_opt/BUILD:28:14: Compiling tests/cocotb/rvv/rvv_opt/memcpy_test.cc failed: 2 input file(s) do not exist
Analyzing: 2440 targets (399 packages loaded, 23168 targets configured)
[2,897 / 5,270] 1 / 43 tests, 1 failed; Foreign Cc - Configure: Building riscv_tests_rv32ui; 1s processwrapper-sandbox ... (8 actions, 7 running)
Analyzing: 2440 targets (399 packages loaded, 23168 targets configured)
[2,924 / 5,280] 1 / 43 tests, 1 failed; Foreign Cc - Configure: Building riscv_tests_rv32ui; 2s processwrapper-sandbox ... (8 actions, 7 running)
Analyzing: 2440 targets (399 packages loaded, 23168 targets configured)
[2,956 / 5,306] 1 / 43 tests, 1 failed; Foreign Cc - Configure: Building riscv_tests_rv32ui; 3s processwrapper-sandbox ... (8 actions, 7 running)
Analyzing: 2440 targets (399 packages loaded, 23168 targets configured)
[2,990 / 5,322] 1 / 43 tests, 1 failed; Foreign Cc - Configure: Building riscv_tests_rv32ui; 4s processwrapper-sandbox ... (8 actions, 7 running)
Analyzing: 2440 targets (399 packages loaded, 23168 targets configured)
[3,011 / 5,331] 1 / 43 tests, 1 failed; Foreign Cc - Configure: Building riscv_tests_rv32ui; 5s processwrapper-sandbox ... (8 actions, 7 running)
Analyzing: 2440 targets (399 packages loaded, 23168 targets configured)
[3,050 / 5,365] 1 / 43 tests, 1 failed; Compiling src/google/protobuf/io/zero_copy_sink.cc; 0s processwrapper-sandbox ... (8 actions, 7 running)
Analyzing: 2440 targets (399 packages loaded, 23168 targets configured)
[3,074 / 5,401] 1 / 43 tests, 1 failed; Foreign Cc - Configure: Building riscv_tests_rv32um; 1s processwrapper-sandbox ... (8 actions, 7 running)
Analyzing: 2440 targets (399 packages loaded, 23168 targets configured)
[3,099 / 5,411] 1 / 43 tests, 1 failed; Foreign Cc - Configure: Building riscv_tests_rv32um; 2s processwrapper-sandbox ... (8 actions running)
Analyzing: 2440 targets (399 packages loaded, 23168 targets configured)
[3,149 / 5,444] 1 / 43 tests, 1 failed; Compiling src/google/protobuf/io/printer.cc; 2s processwrapper-sandbox ... (8 actions, 7 running)
Analyzing: 2440 targets (399 packages loaded, 23168 targets configured)
[3,163 / 5,450] 1 / 43 tests, 1 failed; Compiling src/google/protobuf/io/printer.cc; 3s processwrapper-sandbox ... (8 actions, 7 running)
Analyzing: 2440 targets (399 packages loaded, 23168 targets configured)
[3,186 / 5,470] 1 / 43 tests, 1 failed; Compiling src/google/protobuf/io/printer.cc; 4s processwrapper-sandbox ... (8 actions running)
Analyzing: 2440 targets (399 packages loaded, 23168 targets configured)
[3,209 / 5,479] 1 / 43 tests, 1 failed; Compiling absl/strings/cord.cc; 1s processwrapper-sandbox ... (8 actions, 7 running)
Analyzing: 2440 targets (399 packages loaded, 23168 targets configured)
[3,233 / 5,491] 1 / 43 tests, 1 failed; Compiling src/google/protobuf/io/strtod.cc; 1s processwrapper-sandbox ... (8 actions, 7 running)
Analyzing: 2440 targets (399 packages loaded, 23168 targets configured)
[3,259 / 5,506] 1 / 43 tests, 1 failed; Compiling absl/strings/internal/charconv_bigint.cc [for tool]; 1s processwrapper-sandbox ... (8 actions, 7 running)
Analyzing: 2440 targets (399 packages loaded, 23168 targets configured)
[3,320 / 5,545] 1 / 43 tests, 1 failed; Compiling src/google/protobuf/io/tokenizer.cc; 1s processwrapper-sandbox ... (8 actions, 7 running)
ERROR: /app/fpga/BUILD:364:19: Compiling fpga/sw/timer.cc failed: missing input file '//fpga:sw/timer.cc'
ERROR: /app/fpga/BUILD:364:19: Compiling fpga/sw/timer.cc failed: missing input file '//fpga:sw/uart.h'
ERROR: /app/fpga/BUILD:364:19: Compiling fpga/sw/timer.cc failed: missing input file '//fpga:sw/clk.h'
ERROR: /app/fpga/BUILD:364:19: Compiling fpga/sw/timer.cc failed: missing input file '//fpga:sw/uart.h'
ERROR: /app/fpga/BUILD:364:19: Compiling fpga/sw/timer.cc failed: 4 input file(s) do not exist
ERROR: /app/fpga/BUILD:225:19: Compiling fpga/sw/gpio_test.cc failed: missing input file '//fpga:sw/gpio_test.cc'
ERROR: /app/fpga/BUILD:225:19: Compiling fpga/sw/gpio_test.cc failed: missing input file '//fpga:sw/gpio.h'
ERROR: /app/fpga/BUILD:225:19: Compiling fpga/sw/gpio_test.cc failed: missing input file '//fpga:sw/uart.h'
ERROR: /app/fpga/BUILD:225:19: Compiling fpga/sw/gpio_test.cc failed: missing input file '//fpga:sw/gpio.h'
ERROR: /app/fpga/BUILD:225:19: Compiling fpga/sw/gpio_test.cc failed: missing input file '//fpga:sw/clk.h'
ERROR: /app/fpga/BUILD:225:19: Compiling fpga/sw/gpio_test.cc failed: missing input file '//fpga:sw/uart.h'
ERROR: /app/fpga/BUILD:225:19: Compiling fpga/sw/gpio_test.cc failed: 6 input file(s) do not exist
ERROR: /app/fpga/BUILD:353:19: Compiling fpga/sw/i2c_camera_test.cc failed: missing input file '//fpga:sw/i2c_camera_test.cc'
ERROR: /app/fpga/BUILD:353:19: Compiling fpga/sw/i2c_camera_test.cc failed: missing input file '//fpga:sw/i2c.h'
ERROR: /app/fpga/BUILD:353:19: Compiling fpga/sw/i2c_camera_test.cc failed: missing input file '//fpga:sw/uart.h'
ERROR: /app/fpga/BUILD:353:19: Compiling fpga/sw/i2c_camera_test.cc failed: missing input file '//fpga:sw/clk.h'
ERROR: /app/fpga/BUILD:353:19: Compiling fpga/sw/i2c_camera_test.cc failed: missing input file '//fpga:sw/i2c.h'
ERROR: /app/fpga/BUILD:353:19: Compiling fpga/sw/i2c_camera_test.cc failed: missing input file '//fpga:sw/uart.h'
ERROR: /app/fpga/BUILD:353:19: Compiling fpga/sw/i2c_camera_test.cc failed: 6 input file(s) do not exist
Analyzing: 2440 targets (399 packages loaded, 23168 targets configured)
[3,521 / 5,568] 1 / 43 tests, 1 failed; Foreign Cc - CMake: Building systemc; 1s processwrapper-sandbox ... (8 actions, 7 running)
Analyzing: 2440 targets (399 packages loaded, 23168 targets configured)
[3,542 / 5,589] 1 / 43 tests, 1 failed; Foreign Cc - CMake: Building systemc; 2s processwrapper-sandbox ... (8 actions, 7 running)
Analyzing: 2440 targets (399 packages loaded, 23168 targets configured)
[3,543 / 5,589] 1 / 43 tests, 1 failed; Foreign Cc - CMake: Building systemc; 4s processwrapper-sandbox ... (8 actions running)
Analyzing: 2440 targets (399 packages loaded, 23168 targets configured)
[3,544 / 5,589] 1 / 43 tests, 1 failed; Foreign Cc - CMake: Building systemc; 7s processwrapper-sandbox ... (8 actions, 7 running)
Analyzing: 2440 targets (399 packages loaded, 23168 targets configured)
[3,552 / 5,593] 1 / 43 tests, 1 failed; Foreign Cc - CMake: Building systemc; 8s processwrapper-sandbox ... (8 actions, 7 running)
Analyzing: 2440 targets (399 packages loaded, 23168 targets configured)
[3,553 / 5,593] 1 / 43 tests, 1 failed; Foreign Cc - CMake: Building systemc; 10s processwrapper-sandbox ... (8 actions running)
Analyzing: 2440 targets (399 packages loaded, 23168 targets configured)
[3,557 / 5,595] 1 / 43 tests, 1 failed; Foreign Cc - CMake: Building systemc; 11s processwrapper-sandbox ... (9 actions, 8 running)
Analyzing: 2440 targets (399 packages loaded, 23168 targets configured)
[3,564 / 5,605] 1 / 43 tests, 1 failed; Foreign Cc - CMake: Building systemc; 12s processwrapper-sandbox ... (8 actions, 7 running)
Analyzing: 2440 targets (399 packages loaded, 23168 targets configured)
[3,567 / 5,608] 1 / 43 tests, 1 failed; Foreign Cc - CMake: Building systemc; 13s processwrapper-sandbox ... (8 actions, 7 running)
Analyzing: 2440 targets (399 packages loaded, 23168 targets configured)
[3,571 / 5,611] 1 / 43 tests, 1 failed; Foreign Cc - CMake: Building systemc; 15s processwrapper-sandbox ... (9 actions, 8 running)
Analyzing: 2440 targets (399 packages loaded, 23168 targets configured)
[3,572 / 5,611] 1 / 43 tests, 1 failed; Foreign Cc - CMake: Building systemc; 16s processwrapper-sandbox ... (9 actions, 8 running)
Analyzing: 2440 targets (399 packages loaded, 23168 targets configured)
[3,574 / 5,611] 1 / 43 tests, 1 failed; Foreign Cc - CMake: Building systemc; 17s processwrapper-sandbox ... (7 actions, 6 running)
Analyzing: 2440 targets (399 packages loaded, 23168 targets configured)
[3,577 / 5,611] 1 / 43 tests, 1 failed; Foreign Cc - CMake: Building systemc; 18s processwrapper-sandbox ... (8 actions, 7 running)
Analyzing: 2440 targets (399 packages loaded, 23168 targets configured)
[3,590 / 5,625] 1 / 43 tests, 1 failed; Foreign Cc - CMake: Building systemc; 20s processwrapper-sandbox ... (8 actions running)
Analyzing: 2440 targets (399 packages loaded, 23168 targets configured)
[3,597 / 5,628] 1 / 43 tests, 1 failed; Foreign Cc - CMake: Building systemc; 21s processwrapper-sandbox ... (8 actions, 7 running)
Analyzing: 2440 targets (399 packages loaded, 23168 targets configured)
[3,648 / 5,644] 1 / 43 tests, 1 failed; Foreign Cc - CMake: Building systemc; 22s processwrapper-sandbox ... (8 actions, 7 running)
Analyzing: 2440 targets (399 packages loaded, 23168 targets configured)
[3,650 / 5,650] 1 / 43 tests, 1 failed; Foreign Cc - CMake: Building systemc; 23s processwrapper-sandbox ... (8 actions, 7 running)
Analyzing: 2440 targets (399 packages loaded, 23168 targets configured)
[3,652 / 5,650] 1 / 43 tests, 1 failed; Foreign Cc - CMake: Building systemc; 25s processwrapper-sandbox ... (9 actions, 8 running)
Analyzing: 2440 targets (399 packages loaded, 23168 targets configured)
[3,654 / 5,650] 1 / 43 tests, 1 failed; Foreign Cc - CMake: Building systemc; 26s processwrapper-sandbox ... (8 actions, 7 running)
Analyzing: 2440 targets (399 packages loaded, 23168 targets configured)
[3,656 / 5,650] 1 / 43 tests, 1 failed; Foreign Cc - CMake: Building systemc; 27s processwrapper-sandbox ... (8 actions, 7 running)
Analyzing: 2440 targets (399 packages loaded, 23168 targets configured)
[3,662 / 5,652] 1 / 43 tests, 1 failed; Foreign Cc - CMake: Building systemc; 28s processwrapper-sandbox ... (8 actions, 7 running)
Analyzing: 2440 targets (399 packages loaded, 23168 targets configured)
[3,669 / 5,656] 1 / 43 tests, 1 failed; Foreign Cc - CMake: Building systemc; 30s processwrapper-sandbox ... (8 actions, 7 running)
Analyzing: 2440 targets (399 packages loaded, 23168 targets configured)
[3,673 / 5,666] 1 / 43 tests, 1 failed; Foreign Cc - CMake: Building systemc; 31s processwrapper-sandbox ... (9 actions, 8 running)
Analyzing: 2440 targets (399 packages loaded, 23168 targets configured)
[3,682 / 5,670] 1 / 43 tests, 1 failed; Foreign Cc - CMake: Building systemc; 32s processwrapper-sandbox ... (9 actions, 8 running)
Analyzing: 2440 targets (399 packages loaded, 23168 targets configured)
[3,684 / 5,670] 1 / 43 tests, 1 failed; Foreign Cc - CMake: Building systemc; 33s processwrapper-sandbox ... (8 actions, 7 running)
Analyzing: 2440 targets (399 packages loaded, 23168 targets configured)
[3,694 / 5,674] 1 / 43 tests, 1 failed; Foreign Cc - CMake: Building systemc; 34s processwrapper-sandbox ... (8 actions, 7 running)
Analyzing: 2440 targets (399 packages loaded, 23168 targets configured)
[3,706 / 5,678] 1 / 43 tests, 1 failed; Foreign Cc - CMake: Building systemc; 35s processwrapper-sandbox ... (8 actions, 7 running)
Analyzing: 2440 targets (399 packages loaded, 23168 targets configured)
[3,719 / 5,694] 1 / 43 tests, 1 failed; Foreign Cc - CMake: Building systemc; 36s processwrapper-sandbox ... (8 actions, 7 running)
Analyzing: 2440 targets (399 packages loaded, 23168 targets configured)
[3,726 / 5,696] 1 / 43 tests, 1 failed; Foreign Cc - CMake: Building systemc; 37s processwrapper-sandbox ... (8 actions, 7 running)
Analyzing: 2440 targets (399 packages loaded, 23168 targets configured)
[3,739 / 5,698] 1 / 43 tests, 1 failed; Foreign Cc - CMake: Building systemc; 38s processwrapper-sandbox ... (8 actions, 7 running)
Analyzing: 2440 targets (399 packages loaded, 23168 targets configured)
[3,750 / 5,704] 1 / 43 tests, 1 failed; Foreign Cc - CMake: Building systemc; 40s processwrapper-sandbox ... (8 actions running)
Analyzing: 2440 targets (399 packages loaded, 23168 targets configured)
[3,758 / 5,710] 1 / 43 tests, 1 failed; Foreign Cc - CMake: Building systemc; 42s processwrapper-sandbox ... (8 actions running)
Analyzing: 2440 targets (399 packages loaded, 23168 targets configured)
[3,767 / 5,712] 1 / 43 tests, 1 failed; Foreign Cc - CMake: Building srecord [for tool]; 6s processwrapper-sandbox ... (8 actions running)
Analyzing: 2440 targets (399 packages loaded, 23168 targets configured)
[3,769 / 5,712] 1 / 43 tests, 1 failed; Foreign Cc - CMake: Building srecord [for tool]; 8s processwrapper-sandbox ... (8 actions running)
Analyzing: 2440 targets (399 packages loaded, 23168 targets configured)
[3,771 / 5,712] 1 / 43 tests, 1 failed; Foreign Cc - CMake: Building srecord [for tool]; 9s processwrapper-sandbox ... (8 actions, 7 running)
Analyzing: 2440 targets (399 packages loaded, 23168 targets configured)
[3,773 / 5,712] 1 / 43 tests, 1 failed; Foreign Cc - CMake: Building srecord [for tool]; 10s processwrapper-sandbox ... (8 actions, 7 running)
Analyzing: 2440 targets (399 packages loaded, 23168 targets configured)
[3,778 / 5,714] 1 / 43 tests, 1 failed; Foreign Cc - CMake: Building srecord [for tool]; 11s processwrapper-sandbox ... (8 actions, 7 running)
Analyzing: 2440 targets (399 packages loaded, 23168 targets configured)
[3,781 / 5,714] 1 / 43 tests, 1 failed; Foreign Cc - CMake: Building srecord [for tool]; 12s processwrapper-sandbox ... (8 actions, 7 running)
Analyzing: 2440 targets (399 packages loaded, 23168 targets configured)
[3,783 / 5,714] 1 / 43 tests, 1 failed; Foreign Cc - CMake: Building srecord [for tool]; 14s processwrapper-sandbox ... (9 actions, 8 running)
Analyzing: 2440 targets (399 packages loaded, 23168 targets configured)
[3,785 / 5,714] 1 / 43 tests, 1 failed; Foreign Cc - CMake: Building srecord [for tool]; 15s processwrapper-sandbox ... (8 actions running)
Analyzing: 2440 targets (399 packages loaded, 23168 targets configured)
[3,788 / 5,714] 1 / 43 tests, 1 failed; Foreign Cc - CMake: Building srecord [for tool]; 16s processwrapper-sandbox ... (8 actions running)
Analyzing: 2440 targets (399 packages loaded, 23168 targets configured)
[3,794 / 5,718] 1 / 43 tests, 1 failed; Foreign Cc - CMake: Building srecord [for tool]; 17s processwrapper-sandbox ... (9 actions, 8 running)
Analyzing: 2440 targets (399 packages loaded, 23168 targets configured)
[3,796 / 5,718] 1 / 43 tests, 1 failed; Foreign Cc - CMake: Building srecord [for tool]; 18s processwrapper-sandbox ... (8 actions, 7 running)
Analyzing: 2440 targets (399 packages loaded, 23168 targets configured)
[3,799 / 5,718] 1 / 43 tests, 1 failed; Foreign Cc - CMake: Building srecord [for tool]; 19s processwrapper-sandbox ... (8 actions, 7 running)
Analyzing: 2440 targets (399 packages loaded, 23168 targets configured)
[3,805 / 5,720] 1 / 43 tests, 1 failed; Foreign Cc - CMake: Building srecord [for tool]; 20s processwrapper-sandbox ... (8 actions running)
Analyzing: 2440 targets (399 packages loaded, 23168 targets configured)
[3,809 / 5,720] 1 / 43 tests, 1 failed; Foreign Cc - CMake: Building srecord [for tool]; 22s processwrapper-sandbox ... (8 actions, 7 running)
Analyzing: 2440 targets (399 packages loaded, 23168 targets configured)
[3,812 / 5,720] 1 / 43 tests, 1 failed; Foreign Cc - CMake: Building srecord [for tool]; 23s processwrapper-sandbox ... (8 actions, 7 running)
Analyzing: 2440 targets (399 packages loaded, 23168 targets configured)
[3,815 / 5,720] 1 / 43 tests, 1 failed; Foreign Cc - CMake: Building srecord [for tool]; 24s processwrapper-sandbox ... (8 actions running)
Analyzing: 2440 targets (399 packages loaded, 23168 targets configured)
[3,820 / 5,720] 1 / 43 tests, 1 failed; Foreign Cc - CMake: Building srecord [for tool]; 25s processwrapper-sandbox ... (8 actions, 7 running)
Analyzing: 2440 targets (399 packages loaded, 23168 targets configured)
[3,834 / 5,726] 1 / 43 tests, 1 failed; Foreign Cc - CMake: Building srecord [for tool]; 26s processwrapper-sandbox ... (8 actions, 7 running)
Analyzing: 2440 targets (399 packages loaded, 23168 targets configured)
[3,837 / 5,728] 1 / 43 tests, 1 failed; Foreign Cc - CMake: Building srecord [for tool]; 27s processwrapper-sandbox ... (8 actions, 7 running)
Analyzing: 2440 targets (399 packages loaded, 23168 targets configured)
[3,841 / 5,728] 1 / 43 tests, 1 failed; Foreign Cc - CMake: Building srecord [for tool]; 28s processwrapper-sandbox ... (8 actions, 7 running)
Analyzing: 2440 targets (399 packages loaded, 23168 targets configured)
[3,854 / 5,738] 1 / 43 tests, 1 failed; Foreign Cc - CMake: Building srecord [for tool]; 29s processwrapper-sandbox ... (8 actions, 7 running)
Analyzing: 2440 targets (399 packages loaded, 23168 targets configured)
[3,867 / 5,742] 1 / 43 tests, 1 failed; Foreign Cc - CMake: Building srecord [for tool]; 30s processwrapper-sandbox ... (8 actions, 7 running)
Analyzing: 2440 targets (399 packages loaded, 23168 targets configured)
[3,889 / 5,746] 1 / 43 tests, 1 failed; Compiling src/google/protobuf/generated_message_util.cc; 1s processwrapper-sandbox ... (8 actions, 7 running)
Analyzing: 2440 targets (399 packages loaded, 23168 targets configured)
[3,926 / 5,748] 1 / 43 tests, 1 failed; Compiling src/google/protobuf/generated_message_util.cc; 2s processwrapper-sandbox ... (8 actions, 7 running)
Analyzing: 2440 targets (399 packages loaded, 23168 targets configured)
[3,963 / 5,762] 1 / 43 tests, 1 failed; Compiling tensorflow/lite/kernels/internal/reference/comparisons.cc; 0s processwrapper-sandbox ... (8 actions, 7 running)
Analyzing: 2440 targets (399 packages loaded, 23168 targets configured)
[3,981 / 5,762] 1 / 43 tests, 1 failed; Compiling absl/status/statusor.cc; 1s processwrapper-sandbox ... (8 actions, 7 running)
Analyzing: 2440 targets (399 packages loaded, 23168 targets configured)
[4,013 / 5,768] 1 / 43 tests, 1 failed; Compiling src/google/protobuf/implicit_weak_message.cc; 2s processwrapper-sandbox ... (8 actions, 7 running)
Analyzing: 2440 targets (399 packages loaded, 23168 targets configured)
[4,039 / 5,776] 1 / 43 tests, 1 failed; Compiling absl/status/status.cc; 1s processwrapper-sandbox ... (8 actions, 7 running)
Analyzing: 2440 targets (399 packages loaded, 23168 targets configured)
[4,074 / 5,784] 1 / 43 tests, 1 failed; Compiling src/google/protobuf/inlined_string_field.cc; 1s processwrapper-sandbox ... (8 actions, 7 running)
Analyzing: 2440 targets (399 packages loaded, 23168 targets configured)
[4,097 / 5,790] 1 / 43 tests, 1 failed; Compiling src/google/protobuf/inlined_string_field.cc; 2s processwrapper-sandbox ... (8 actions, 7 running)
Analyzing: 2440 targets (399 packages loaded, 23168 targets configured)
[4,114 / 5,794] 1 / 43 tests, 1 failed; Compiling absl/status/internal/status_internal.cc; 2s processwrapper-sandbox ... (8 actions, 7 running)
Analyzing: 2440 targets (399 packages loaded, 23168 targets configured)
[4,139 / 5,809] 1 / 43 tests, 1 failed; Compiling absl/strings/cord.cc; 2s processwrapper-sandbox ... (8 actions running)
Analyzing: 2440 targets (399 packages loaded, 23168 targets configured)
[4,155 / 5,818] 1 / 43 tests, 1 failed; Compiling src/google/protobuf/map.cc; 3s processwrapper-sandbox ... (8 actions running)
Analyzing: 2440 targets (399 packages loaded, 23168 targets configured)
[4,186 / 5,822] 1 / 43 tests, 1 failed; Compiling src/google/protobuf/map.cc; 4s processwrapper-sandbox ... (8 actions, 7 running)
Analyzing: 2440 targets (399 packages loaded, 23168 targets configured)
[4,239 / 5,857] 1 / 43 tests, 1 failed; Compiling absl/synchronization/mutex.cc [for tool]; 1s processwrapper-sandbox ... (8 actions, 7 running)
Analyzing: 2440 targets (399 packages loaded, 23168 targets configured)
[4,286 / 5,861] 1 / 43 tests, 1 failed; Compiling src/google/protobuf/message_lite.cc; 1s processwrapper-sandbox ... (8 actions, 7 running)
Analyzing: 2440 targets (399 packages loaded, 23168 targets configured)
[4,311 / 5,874] 1 / 43 tests, 1 failed; Compiling src/google/protobuf/message_lite.cc; 2s processwrapper-sandbox ... (9 actions, 7 running)
Analyzing: 2440 targets (399 packages loaded, 23168 targets configured)
[4,328 / 5,874] 1 / 43 tests, 1 failed; Compiling src/google/protobuf/any.cc; 3s processwrapper-sandbox ... (8 actions, 7 running)
Analyzing: 2440 targets (399 packages loaded, 23168 targets configured)
[4,337 / 5,874] 1 / 43 tests, 1 failed; Compiling absl/synchronization/mutex.cc; 1s processwrapper-sandbox ... (8 actions, 7 running)
Analyzing: 2440 targets (399 packages loaded, 23168 targets configured)
[4,343 / 5,874] 1 / 43 tests, 1 failed; Compiling src/google/protobuf/parse_context.cc; 2s processwrapper-sandbox ... (8 actions, 7 running)
Analyzing: 2440 targets (399 packages loaded, 23168 targets configured)
[4,352 / 5,874] 1 / 43 tests, 1 failed; Compiling src/google/protobuf/cpp_features.pb.cc; 2s processwrapper-sandbox ... (8 actions, 7 running)
Analyzing: 2440 targets (399 packages loaded, 23168 targets configured)
[4,357 / 5,874] 1 / 43 tests, 1 failed; Compiling src/google/protobuf/cpp_features.pb.cc; 3s processwrapper-sandbox ... (8 actions, 7 running)
Analyzing: 2440 targets (399 packages loaded, 23168 targets configured)
[4,618 / 6,129] 1 / 43 tests, 1 failed; Compiling mpact/sim/util/asm/resolver.cc; 2s processwrapper-sandbox ... (8 actions, 7 running)
Analyzing: 2440 targets (399 packages loaded, 23168 targets configured)
[4,628 / 6,129] 1 / 43 tests, 1 failed; Compiling mpact/sim/generic/program_error.cc; 1s processwrapper-sandbox ... (8 actions, 7 running)
Analyzing: 2440 targets (399 packages loaded, 23168 targets configured)
[4,630 / 6,129] 1 / 43 tests, 1 failed; Compiling mpact/sim/generic/program_error.cc; 3s processwrapper-sandbox ... (9 actions, 8 running)
Analyzing: 2440 targets (399 packages loaded, 23168 targets configured)
[4,635 / 6,129] 1 / 43 tests, 1 failed; Compiling src/google/protobuf/compiler/main.cc [for tool]; 3s processwrapper-sandbox ... (8 actions, 7 running)
Analyzing: 2440 targets (399 packages loaded, 23168 targets configured)
[4,641 / 6,135] 1 / 43 tests, 1 failed; Compiling src/google/protobuf/descriptor.cc; 4s processwrapper-sandbox ... (8 actions, 7 running)
Analyzing: 2440 targets (399 packages loaded, 23168 targets configured)
[4,654 / 6,140] 1 / 43 tests, 1 failed; Compiling src/google/protobuf/descriptor.cc; 5s processwrapper-sandbox ... (8 actions, 7 running)
Analyzing: 2440 targets (399 packages loaded, 23168 targets configured)
[4,656 / 6,140] 1 / 43 tests, 1 failed; Compiling src/google/protobuf/descriptor.cc; 7s processwrapper-sandbox ... (8 actions, 7 running)
Analyzing: 2440 targets (399 packages loaded, 23168 targets configured)
[4,663 / 6,143] 1 / 43 tests, 1 failed; Compiling src/google/protobuf/descriptor.cc; 8s processwrapper-sandbox ... (8 actions running)
Analyzing: 2440 targets (399 packages loaded, 23168 targets configured)
[4,669 / 6,145] 1 / 43 tests, 1 failed; Compiling src/google/protobuf/descriptor.cc; 9s processwrapper-sandbox ... (8 actions, 7 running)
Analyzing: 2440 targets (399 packages loaded, 23168 targets configured)
[4,678 / 6,167] 1 / 43 tests, 1 failed; Compiling src/google/protobuf/descriptor.cc; 10s processwrapper-sandbox ... (8 actions, 7 running)
Analyzing: 2440 targets (399 packages loaded, 23168 targets configured)
[4,684 / 6,169] 1 / 43 tests, 1 failed; Compiling src/google/protobuf/descriptor.cc; 12s processwrapper-sandbox ... (8 actions, 7 running)
Analyzing: 2440 targets (399 packages loaded, 23168 targets configured)
[4,688 / 6,171] 1 / 43 tests, 1 failed; Compiling src/google/protobuf/descriptor.cc; 13s processwrapper-sandbox ... (8 actions running)
INFO: From Compiling src/google/protobuf/descriptor.cc:
In file included from external/com_google_protobuf/src/google/protobuf/descriptor.cc:12:
In file included from bazel-out/k8-fastbuild-ST-c32c5bd8fa19/bin/external/com_google_protobuf/src/google/protobuf/_virtual_includes/protobuf/google/protobuf/descriptor.h:37:
In file included from /usr/lib/gcc/x86_64-linux-gnu/12/../../../../include/c++/12/memory:67:
/usr/lib/gcc/x86_64-linux-gnu/12/../../../../include/c++/12/bits/stl_tempbuf.h:263:8: warning: 'get_temporary_buffer<const google::protobuf::Message *>' is deprecated [-Wdeprecated-declarations]
  263 |                 std::get_temporary_buffer<value_type>(_M_original_len));
      |                      ^
/usr/lib/gcc/x86_64-linux-gnu/12/../../../../include/c++/12/bits/stl_algo.h:4996:15: note: in instantiation of member function 'std::_Temporary_buffer<__gnu_cxx::__normal_iterator<const google::protobuf::Message **, std::vector<const google::protobuf::Message *>>, const google::protobuf::Message *>::_Temporary_buffer' requested here
 4996 |       _TmpBuf __buf(__first, (__last - __first + 1) / 2);
      |               ^
/usr/lib/gcc/x86_64-linux-gnu/12/../../../../include/c++/12/bits/stl_algo.h:5070:23: note: in instantiation of function template specialization 'std::__stable_sort<__gnu_cxx::__normal_iterator<const google::protobuf::Message **, std::vector<const google::protobuf::Message *>>, __gnu_cxx::__ops::_Iter_comp_iter<google::protobuf::DynamicMapSorter::MapEntryMessageComparator>>' requested here
 5070 |       _GLIBCXX_STD_A::__stable_sort(__first, __last,
      |                       ^
bazel-out/k8-fastbuild-ST-c32c5bd8fa19/bin/external/com_google_protobuf/src/google/protobuf/_virtual_includes/protobuf/google/protobuf/dynamic_message.h:143:10: note: in instantiation of function template specialization 'std::stable_sort<__gnu_cxx::__normal_iterator<const google::protobuf::Message **, std::vector<const google::protobuf::Message *>>, google::protobuf::DynamicMapSorter::MapEntryMessageComparator>' requested here
  143 |     std::stable_sort(result.begin(), result.end(), comparator);
      |          ^
/usr/lib/gcc/x86_64-linux-gnu/12/../../../../include/c++/12/bits/stl_tempbuf.h:99:5: note: 'get_temporary_buffer<const google::protobuf::Message *>' has been explicitly marked deprecated here
   99 |     _GLIBCXX17_DEPRECATED
      |     ^
/usr/lib/gcc/x86_64-linux-gnu/12/../../../../include/x86_64-linux-gnu/c++/12/bits/c++config.h:119:34: note: expanded from macro '_GLIBCXX17_DEPRECATED'
  119 | # define _GLIBCXX17_DEPRECATED [[__deprecated__]]
      |                                  ^
1 warning generated.
Analyzing: 2440 targets (399 packages loaded, 23168 targets configured)
[4,694 / 6,171] 1 / 43 tests, 1 failed; Compiling src/google/protobuf/compiler/command_line_interface.cc [for tool]; 8s processwrapper-sandbox ... (8 actions, 7 running)
INFO: From Compiling src/google/protobuf/wire_format.cc:
In file included from external/com_google_protobuf/src/google/protobuf/wire_format.cc:12:
In file included from bazel-out/k8-fastbuild-ST-c32c5bd8fa19/bin/external/com_google_protobuf/src/google/protobuf/_virtual_includes/protobuf/google/protobuf/wire_format.h:22:
In file included from external/com_google_absl/absl/base/casts.h:28:
In file included from /usr/lib/gcc/x86_64-linux-gnu/12/../../../../include/c++/12/memory:67:
/usr/lib/gcc/x86_64-linux-gnu/12/../../../../include/c++/12/bits/stl_tempbuf.h:263:8: warning: 'get_temporary_buffer<const google::protobuf::Message *>' is deprecated [-Wdeprecated-declarations]
  263 |                 std::get_temporary_buffer<value_type>(_M_original_len));
      |                      ^
/usr/lib/gcc/x86_64-linux-gnu/12/../../../../include/c++/12/bits/stl_algo.h:4996:15: note: in instantiation of member function 'std::_Temporary_buffer<__gnu_cxx::__normal_iterator<const google::protobuf::Message **, std::vector<const google::protobuf::Message *>>, const google::protobuf::Message *>::_Temporary_buffer' requested here
 4996 |       _TmpBuf __buf(__first, (__last - __first + 1) / 2);
      |               ^
/usr/lib/gcc/x86_64-linux-gnu/12/../../../../include/c++/12/bits/stl_algo.h:5070:23: note: in instantiation of function template specialization 'std::__stable_sort<__gnu_cxx::__normal_iterator<const google::protobuf::Message **, std::vector<const google::protobuf::Message *>>, __gnu_cxx::__ops::_Iter_comp_iter<google::protobuf::DynamicMapSorter::MapEntryMessageComparator>>' requested here
 5070 |       _GLIBCXX_STD_A::__stable_sort(__first, __last,
      |                       ^
bazel-out/k8-fastbuild-ST-c32c5bd8fa19/bin/external/com_google_protobuf/src/google/protobuf/_virtual_includes/protobuf/google/protobuf/dynamic_message.h:143:10: note: in instantiation of function template specialization 'std::stable_sort<__gnu_cxx::__normal_iterator<const google::protobuf::Message **, std::vector<const google::protobuf::Message *>>, google::protobuf::DynamicMapSorter::MapEntryMessageComparator>' requested here
  143 |     std::stable_sort(result.begin(), result.end(), comparator);
      |          ^
/usr/lib/gcc/x86_64-linux-gnu/12/../../../../include/c++/12/bits/stl_tempbuf.h:99:5: note: 'get_temporary_buffer<const google::protobuf::Message *>' has been explicitly marked deprecated here
   99 |     _GLIBCXX17_DEPRECATED
      |     ^
/usr/lib/gcc/x86_64-linux-gnu/12/../../../../include/x86_64-linux-gnu/c++/12/bits/c++config.h:119:34: note: expanded from macro '_GLIBCXX17_DEPRECATED'
  119 | # define _GLIBCXX17_DEPRECATED [[__deprecated__]]
      |                                  ^
1 warning generated.
Analyzing: 2440 targets (399 packages loaded, 23168 targets configured)
[4,700 / 6,173] 1 / 43 tests, 1 failed; Compiling src/google/protobuf/compiler/command_line_interface.cc [for tool]; 10s processwrapper-sandbox ... (8 actions, 7 running)
Analyzing: 2440 targets (399 packages loaded, 23168 targets configured)
[4,705 / 6,180] 1 / 43 tests, 1 failed; Compiling src/google/protobuf/compiler/command_line_interface.cc [for tool]; 11s processwrapper-sandbox ... (9 actions, 8 running)
Analyzing: 2440 targets (399 packages loaded, 23168 targets configured)
[4,708 / 6,180] 1 / 43 tests, 1 failed; Compiling src/google/protobuf/compiler/command_line_interface.cc [for tool]; 13s processwrapper-sandbox ... (8 actions, 7 running)
Analyzing: 2440 targets (399 packages loaded, 23168 targets configured)
[4,721 / 6,182] 1 / 43 tests, 1 failed; Compiling src/google/protobuf/compiler/command_line_interface.cc [for tool]; 14s processwrapper-sandbox ... (8 actions, 7 running)
Analyzing: 2440 targets (399 packages loaded, 23168 targets configured)
[4,728 / 6,199] 1 / 43 tests, 1 failed; Compiling src/google/protobuf/compiler/cpp/service.cc [for tool]; 3s processwrapper-sandbox ... (8 actions, 7 running)
Analyzing: 2440 targets (399 packages loaded, 23168 targets configured)
[4,735 / 6,199] 1 / 43 tests, 1 failed; Compiling src/google/protobuf/compiler/cpp/service.cc [for tool]; 4s processwrapper-sandbox ... (8 actions, 7 running)
INFO: From Compiling pybind11_abseil/status_pyinit_google3.cc:
external/pybind11_abseil/pybind11_abseil/status_pyinit_google3.cc:19:1: warning: non-void function does not return a value in all control paths [-Wreturn-type]
   19 | }
      | ^
1 warning generated.
Analyzing: 2440 targets (399 packages loaded, 23168 targets configured)
[4,736 / 6,199] 1 / 43 tests, 1 failed; Compiling src/google/protobuf/compiler/cpp/service.cc [for tool]; 5s processwrapper-sandbox ... (8 actions running)
Analyzing: 2440 targets (399 packages loaded, 23168 targets configured)
[4,742 / 6,199] 1 / 43 tests, 1 failed; Compiling src/google/protobuf/text_format.cc; 5s processwrapper-sandbox ... (8 actions, 7 running)
Analyzing: 2440 targets (399 packages loaded, 23168 targets configured)
[4,748 / 6,201] 1 / 43 tests, 1 failed; Compiling src/google/protobuf/text_format.cc; 6s processwrapper-sandbox ... (8 actions, 7 running)
INFO: From Compiling src/google/protobuf/text_format.cc:
In file included from external/com_google_protobuf/src/google/protobuf/text_format.cc:12:
In file included from bazel-out/k8-fastbuild-ST-c32c5bd8fa19/bin/external/com_google_protobuf/src/google/protobuf/_virtual_includes/protobuf/google/protobuf/text_format.h:19:
In file included from /usr/lib/gcc/x86_64-linux-gnu/12/../../../../include/c++/12/memory:67:
/usr/lib/gcc/x86_64-linux-gnu/12/../../../../include/c++/12/bits/stl_tempbuf.h:263:8: warning: 'get_temporary_buffer<const google::protobuf::Message *>' is deprecated [-Wdeprecated-declarations]
  263 |                 std::get_temporary_buffer<value_type>(_M_original_len));
      |                      ^
/usr/lib/gcc/x86_64-linux-gnu/12/../../../../include/c++/12/bits/stl_algo.h:4996:15: note: in instantiation of member function 'std::_Temporary_buffer<__gnu_cxx::__normal_iterator<const google::protobuf::Message **, std::vector<const google::protobuf::Message *>>, const google::protobuf::Message *>::_Temporary_buffer' requested here
 4996 |       _TmpBuf __buf(__first, (__last - __first + 1) / 2);
      |               ^
/usr/lib/gcc/x86_64-linux-gnu/12/../../../../include/c++/12/bits/stl_algo.h:5070:23: note: in instantiation of function template specialization 'std::__stable_sort<__gnu_cxx::__normal_iterator<const google::protobuf::Message **, std::vector<const google::protobuf::Message *>>, __gnu_cxx::__ops::_Iter_comp_iter<google::protobuf::DynamicMapSorter::MapEntryMessageComparator>>' requested here
 5070 |       _GLIBCXX_STD_A::__stable_sort(__first, __last,
      |                       ^
bazel-out/k8-fastbuild-ST-c32c5bd8fa19/bin/external/com_google_protobuf/src/google/protobuf/_virtual_includes/protobuf/google/protobuf/dynamic_message.h:143:10: note: in instantiation of function template specialization 'std::stable_sort<__gnu_cxx::__normal_iterator<const google::protobuf::Message **, std::vector<const google::protobuf::Message *>>, google::protobuf::DynamicMapSorter::MapEntryMessageComparator>' requested here
  143 |     std::stable_sort(result.begin(), result.end(), comparator);
      |          ^
/usr/lib/gcc/x86_64-linux-gnu/12/../../../../include/c++/12/bits/stl_tempbuf.h:99:5: note: 'get_temporary_buffer<const google::protobuf::Message *>' has been explicitly marked deprecated here
   99 |     _GLIBCXX17_DEPRECATED
      |     ^
/usr/lib/gcc/x86_64-linux-gnu/12/../../../../include/x86_64-linux-gnu/c++/12/bits/c++config.h:119:34: note: expanded from macro '_GLIBCXX17_DEPRECATED'
  119 | # define _GLIBCXX17_DEPRECATED [[__deprecated__]]
      |                                  ^
1 warning generated.
Analyzing: 2440 targets (399 packages loaded, 23168 targets configured)
[4,757 / 6,201] 1 / 43 tests, 1 failed; Compiling src/google/protobuf/compiler/cpp/enum.cc [for tool]; 5s processwrapper-sandbox ... (8 actions, 7 running)
Analyzing: 2440 targets (399 packages loaded, 23168 targets configured)
[4,765 / 6,206] 1 / 43 tests, 1 failed; Compiling src/google/protobuf/compiler/cpp/enum.cc [for tool]; 6s processwrapper-sandbox ... (8 actions, 7 running)
Analyzing: 2440 targets (399 packages loaded, 23168 targets configured)
[4,767 / 6,206] 1 / 43 tests, 1 failed; Compiling src/google/protobuf/compiler/cpp/enum.cc [for tool]; 7s processwrapper-sandbox ... (8 actions, 7 running)
Analyzing: 2440 targets (399 packages loaded, 23168 targets configured)
[4,775 / 6,208] 1 / 43 tests, 1 failed; Compiling src/google/protobuf/compiler/cpp/enum.cc [for tool]; 9s processwrapper-sandbox ... (8 actions, 7 running)
Analyzing: 2440 targets (399 packages loaded, 23168 targets configured)
[4,779 / 6,213] 1 / 43 tests, 1 failed; Compiling src/google/protobuf/compiler/cpp/enum.cc [for tool]; 10s processwrapper-sandbox ... (8 actions running)
INFO: From Compiling src/google/protobuf/dynamic_message.cc:
In file included from external/com_google_protobuf/src/google/protobuf/dynamic_message.cc:42:
In file included from bazel-out/k8-fastbuild-ST-c32c5bd8fa19/bin/external/com_google_protobuf/src/google/protobuf/_virtual_includes/protobuf/google/protobuf/dynamic_message.h:18:
In file included from /usr/lib/gcc/x86_64-linux-gnu/12/../../../../include/c++/12/algorithm:61:
In file included from /usr/lib/gcc/x86_64-linux-gnu/12/../../../../include/c++/12/bits/stl_algo.h:61:
/usr/lib/gcc/x86_64-linux-gnu/12/../../../../include/c++/12/bits/stl_tempbuf.h:263:8: warning: 'get_temporary_buffer<const google::protobuf::Message *>' is deprecated [-Wdeprecated-declarations]
  263 |                 std::get_temporary_buffer<value_type>(_M_original_len));
      |                      ^
/usr/lib/gcc/x86_64-linux-gnu/12/../../../../include/c++/12/bits/stl_algo.h:4996:15: note: in instantiation of member function 'std::_Temporary_buffer<__gnu_cxx::__normal_iterator<const google::protobuf::Message **, std::vector<const google::protobuf::Message *>>, const google::protobuf::Message *>::_Temporary_buffer' requested here
 4996 |       _TmpBuf __buf(__first, (__last - __first + 1) / 2);
      |               ^
/usr/lib/gcc/x86_64-linux-gnu/12/../../../../include/c++/12/bits/stl_algo.h:5070:23: note: in instantiation of function template specialization 'std::__stable_sort<__gnu_cxx::__normal_iterator<const google::protobuf::Message **, std::vector<const google::protobuf::Message *>>, __gnu_cxx::__ops::_Iter_comp_iter<google::protobuf::DynamicMapSorter::MapEntryMessageComparator>>' requested here
 5070 |       _GLIBCXX_STD_A::__stable_sort(__first, __last,
      |                       ^
bazel-out/k8-fastbuild-ST-c32c5bd8fa19/bin/external/com_google_protobuf/src/google/protobuf/_virtual_includes/protobuf/google/protobuf/dynamic_message.h:143:10: note: in instantiation of function template specialization 'std::stable_sort<__gnu_cxx::__normal_iterator<const google::protobuf::Message **, std::vector<const google::protobuf::Message *>>, google::protobuf::DynamicMapSorter::MapEntryMessageComparator>' requested here
  143 |     std::stable_sort(result.begin(), result.end(), comparator);
      |          ^
/usr/lib/gcc/x86_64-linux-gnu/12/../../../../include/c++/12/bits/stl_tempbuf.h:99:5: note: 'get_temporary_buffer<const google::protobuf::Message *>' has been explicitly marked deprecated here
   99 |     _GLIBCXX17_DEPRECATED
      |     ^
/usr/lib/gcc/x86_64-linux-gnu/12/../../../../include/x86_64-linux-gnu/c++/12/bits/c++config.h:119:34: note: expanded from macro '_GLIBCXX17_DEPRECATED'
  119 | # define _GLIBCXX17_DEPRECATED [[__deprecated__]]
      |                                  ^
1 warning generated.
Analyzing: 2440 targets (399 packages loaded, 23168 targets configured)
[4,788 / 6,213] 1 / 43 tests, 1 failed; Compiling src/V3AstNodes.cpp; 2s processwrapper-sandbox ... (8 actions, 7 running)
Analyzing: 2440 targets (399 packages loaded, 23168 targets configured)
[4,791 / 6,213] 1 / 43 tests, 1 failed; Compiling src/V3AstNodes.cpp; 4s processwrapper-sandbox ... (8 actions running)
Analyzing: 2440 targets (399 packages loaded, 23168 targets configured)
[4,793 / 6,213] 1 / 43 tests, 1 failed; Compiling src/V3AstNodes.cpp; 5s processwrapper-sandbox ... (9 actions, 8 running)
INFO: From Compiling src/google/protobuf/compiler/kotlin/generator.cc [for tool]:
In file included from bazel-out/k8-opt-exec-ST-a828a81199fe/bin/external/com_google_protobuf/src/google/protobuf/compiler/java/_virtual_includes/helpers/google/protobuf/compiler/java/helpers.h:23,
                 from external/com_google_protobuf/src/google/protobuf/compiler/kotlin/generator.cc:18:
bazel-out/k8-opt-exec-ST-a828a81199fe/bin/external/com_google_protobuf/src/google/protobuf/io/_virtual_includes/printer/google/protobuf/io/printer.h: In instantiation of 'void google::protobuf::io::AnnotationProtoCollector<AnnotationProto>::AddAnnotation(size_t, size_t, const std::string&, const std::vector<int>&, std::optional<google::protobuf::io::AnnotationCollector::Semantic>) [with AnnotationProto = google::protobuf::GeneratedCodeInfo; size_t = long unsigned int; std::string = std::__cxx11::basic_string<char>]':
bazel-out/k8-opt-exec-ST-a828a81199fe/bin/external/com_google_protobuf/src/google/protobuf/io/_virtual_includes/printer/google/protobuf/io/printer.h:123:8:   required from here
bazel-out/k8-opt-exec-ST-a828a81199fe/bin/external/com_google_protobuf/src/google/protobuf/io/_virtual_includes/printer/google/protobuf/io/printer.h:127:23: warning: comparison of integer expressions of different signedness: 'int' and 'std::vector<int>::size_type' {aka 'long unsigned int'} [-Wsign-compare]
  127 |     for (int i = 0; i < path.size(); ++i) {
      |                     ~~^~~~~~~~~~~~~
Analyzing: 2440 targets (399 packages loaded, 23168 targets configured)
[4,798 / 6,213] 1 / 43 tests, 1 failed; Compiling src/V3AstNodes.cpp; 6s processwrapper-sandbox ... (8 actions, 7 running)
INFO: From Compiling src/google/protobuf/message.cc:
In file included from external/com_google_protobuf/src/google/protobuf/message.cc:12:
In file included from bazel-out/k8-fastbuild-ST-c32c5bd8fa19/bin/external/com_google_protobuf/src/google/protobuf/_virtual_includes/protobuf/google/protobuf/message.h:92:
In file included from /usr/lib/gcc/x86_64-linux-gnu/12/../../../../include/c++/12/memory:67:
/usr/lib/gcc/x86_64-linux-gnu/12/../../../../include/c++/12/bits/stl_tempbuf.h:263:8: warning: 'get_temporary_buffer<const google::protobuf::Message *>' is deprecated [-Wdeprecated-declarations]
  263 |                 std::get_temporary_buffer<value_type>(_M_original_len));
      |                      ^
/usr/lib/gcc/x86_64-linux-gnu/12/../../../../include/c++/12/bits/stl_algo.h:4996:15: note: in instantiation of member function 'std::_Temporary_buffer<__gnu_cxx::__normal_iterator<const google::protobuf::Message **, std::vector<const google::protobuf::Message *>>, const google::protobuf::Message *>::_Temporary_buffer' requested here
 4996 |       _TmpBuf __buf(__first, (__last - __first + 1) / 2);
      |               ^
/usr/lib/gcc/x86_64-linux-gnu/12/../../../../include/c++/12/bits/stl_algo.h:5070:23: note: in instantiation of function template specialization 'std::__stable_sort<__gnu_cxx::__normal_iterator<const google::protobuf::Message **, std::vector<const google::protobuf::Message *>>, __gnu_cxx::__ops::_Iter_comp_iter<google::protobuf::DynamicMapSorter::MapEntryMessageComparator>>' requested here
 5070 |       _GLIBCXX_STD_A::__stable_sort(__first, __last,
      |                       ^
bazel-out/k8-fastbuild-ST-c32c5bd8fa19/bin/external/com_google_protobuf/src/google/protobuf/_virtual_includes/protobuf/google/protobuf/dynamic_message.h:143:10: note: in instantiation of function template specialization 'std::stable_sort<__gnu_cxx::__normal_iterator<const google::protobuf::Message **, std::vector<const google::protobuf::Message *>>, google::protobuf::DynamicMapSorter::MapEntryMessageComparator>' requested here
  143 |     std::stable_sort(result.begin(), result.end(), comparator);
      |          ^
/usr/lib/gcc/x86_64-linux-gnu/12/../../../../include/c++/12/bits/stl_tempbuf.h:99:5: note: 'get_temporary_buffer<const google::protobuf::Message *>' has been explicitly marked deprecated here
   99 |     _GLIBCXX17_DEPRECATED
      |     ^
/usr/lib/gcc/x86_64-linux-gnu/12/../../../../include/x86_64-linux-gnu/c++/12/bits/c++config.h:119:34: note: expanded from macro '_GLIBCXX17_DEPRECATED'
  119 | # define _GLIBCXX17_DEPRECATED [[__deprecated__]]
      |                                  ^
1 warning generated.
Analyzing: 2440 targets (399 packages loaded, 23168 targets configured)
[4,807 / 6,218] 1 / 43 tests, 1 failed; Compiling src/V3AstNodes.cpp; 8s processwrapper-sandbox ... (8 actions, 7 running)
Analyzing: 2440 targets (399 packages loaded, 23168 targets configured)
[4,810 / 6,218] 1 / 43 tests, 1 failed; Compiling src/V3AstNodes.cpp; 9s processwrapper-sandbox ... (8 actions, 7 running)
Analyzing: 2440 targets (399 packages loaded, 23168 targets configured)
[4,815 / 6,220] 1 / 43 tests, 1 failed; Compiling src/V3AstNodes.cpp; 10s processwrapper-sandbox ... (9 actions, 8 running)
INFO: From Compiling src/google/protobuf/feature_resolver.cc:
In file included from external/com_google_protobuf/src/google/protobuf/feature_resolver.cc:8:
In file included from bazel-out/k8-fastbuild-ST-c32c5bd8fa19/bin/external/com_google_protobuf/src/google/protobuf/_virtual_includes/protobuf/google/protobuf/feature_resolver.h:11:
In file included from /usr/lib/gcc/x86_64-linux-gnu/12/../../../../include/c++/12/memory:67:
/usr/lib/gcc/x86_64-linux-gnu/12/../../../../include/c++/12/bits/stl_tempbuf.h:263:8: warning: 'get_temporary_buffer<const google::protobuf::Message *>' is deprecated [-Wdeprecated-declarations]
  263 |                 std::get_temporary_buffer<value_type>(_M_original_len));
      |                      ^
/usr/lib/gcc/x86_64-linux-gnu/12/../../../../include/c++/12/bits/stl_algo.h:4996:15: note: in instantiation of member function 'std::_Temporary_buffer<__gnu_cxx::__normal_iterator<const google::protobuf::Message **, std::vector<const google::protobuf::Message *>>, const google::protobuf::Message *>::_Temporary_buffer' requested here
 4996 |       _TmpBuf __buf(__first, (__last - __first + 1) / 2);
      |               ^
/usr/lib/gcc/x86_64-linux-gnu/12/../../../../include/c++/12/bits/stl_algo.h:5070:23: note: in instantiation of function template specialization 'std::__stable_sort<__gnu_cxx::__normal_iterator<const google::protobuf::Message **, std::vector<const google::protobuf::Message *>>, __gnu_cxx::__ops::_Iter_comp_iter<google::protobuf::DynamicMapSorter::MapEntryMessageComparator>>' requested here
 5070 |       _GLIBCXX_STD_A::__stable_sort(__first, __last,
      |                       ^
bazel-out/k8-fastbuild-ST-c32c5bd8fa19/bin/external/com_google_protobuf/src/google/protobuf/_virtual_includes/protobuf/google/protobuf/dynamic_message.h:143:10: note: in instantiation of function template specialization 'std::stable_sort<__gnu_cxx::__normal_iterator<const google::protobuf::Message **, std::vector<const google::protobuf::Message *>>, google::protobuf::DynamicMapSorter::MapEntryMessageComparator>' requested here
  143 |     std::stable_sort(result.begin(), result.end(), comparator);
      |          ^
/usr/lib/gcc/x86_64-linux-gnu/12/../../../../include/c++/12/bits/stl_tempbuf.h:99:5: note: 'get_temporary_buffer<const google::protobuf::Message *>' has been explicitly marked deprecated here
   99 |     _GLIBCXX17_DEPRECATED
      |     ^
/usr/lib/gcc/x86_64-linux-gnu/12/../../../../include/x86_64-linux-gnu/c++/12/bits/c++config.h:119:34: note: expanded from macro '_GLIBCXX17_DEPRECATED'
  119 | # define _GLIBCXX17_DEPRECATED [[__deprecated__]]
      |                                  ^
1 warning generated.
Analyzing: 2440 targets (399 packages loaded, 23168 targets configured)
[4,820 / 6,220] 1 / 43 tests, 1 failed; Compiling src/V3AstNodes.cpp; 11s processwrapper-sandbox ... (8 actions, 7 running)
Analyzing: 2440 targets (399 packages loaded, 23168 targets configured)
[4,828 / 6,222] 1 / 43 tests, 1 failed; Compiling src/V3AstNodes.cpp; 12s processwrapper-sandbox ... (8 actions, 7 running)
Analyzing: 2440 targets (399 packages loaded, 23168 targets configured)
[4,834 / 6,224] 1 / 43 tests, 1 failed; Compiling src/google/protobuf/compiler/cpp/field.cc [for tool]; 2s processwrapper-sandbox ... (8 actions, 7 running)
Analyzing: 2440 targets (399 packages loaded, 23168 targets configured)
[4,842 / 6,231] 1 / 43 tests, 1 failed; Compiling src/google/protobuf/compiler/cpp/field.cc [for tool]; 4s processwrapper-sandbox ... (8 actions, 7 running)
Analyzing: 2440 targets (399 packages loaded, 23168 targets configured)
[4,842 / 6,231] 1 / 43 tests, 1 failed; Compiling src/google/protobuf/compiler/cpp/field.cc [for tool]; 5s processwrapper-sandbox ... (9 actions, 8 running)
Analyzing: 2440 targets (399 packages loaded, 23168 targets configured)
[4,845 / 6,231] 1 / 43 tests, 1 failed; Compiling src/google/protobuf/compiler/cpp/field.cc [for tool]; 6s processwrapper-sandbox ... (8 actions, 7 running)
Analyzing: 2440 targets (399 packages loaded, 23168 targets configured)
[4,847 / 6,231] 1 / 43 tests, 1 failed; Compiling src/google/protobuf/compiler/cpp/field.cc [for tool]; 7s processwrapper-sandbox ... (8 actions, 7 running)
INFO: From Compiling src/google/protobuf/compiler/kotlin/file.cc [for tool]:
In file included from bazel-out/k8-opt-exec-ST-a828a81199fe/bin/external/com_google_protobuf/src/google/protobuf/compiler/java/_virtual_includes/helpers/google/protobuf/compiler/java/helpers.h:23,
                 from bazel-out/k8-opt-exec-ST-a828a81199fe/bin/external/com_google_protobuf/src/google/protobuf/compiler/java/_virtual_includes/helpers/google/protobuf/compiler/java/context.h:15,
                 from bazel-out/k8-opt-exec-ST-a828a81199fe/bin/external/com_google_protobuf/src/google/protobuf/compiler/kotlin/_virtual_includes/kotlin_internal/google/protobuf/compiler/kotlin/message.h:12,
                 from bazel-out/k8-opt-exec-ST-a828a81199fe/bin/external/com_google_protobuf/src/google/protobuf/compiler/kotlin/_virtual_includes/kotlin_internal/google/protobuf/compiler/kotlin/file.h:18,
                 from external/com_google_protobuf/src/google/protobuf/compiler/kotlin/file.cc:8:
bazel-out/k8-opt-exec-ST-a828a81199fe/bin/external/com_google_protobuf/src/google/protobuf/io/_virtual_includes/printer/google/protobuf/io/printer.h: In instantiation of 'void google::protobuf::io::AnnotationProtoCollector<AnnotationProto>::AddAnnotation(size_t, size_t, const std::string&, const std::vector<int>&, std::optional<google::protobuf::io::AnnotationCollector::Semantic>) [with AnnotationProto = google::protobuf::GeneratedCodeInfo; size_t = long unsigned int; std::string = std::__cxx11::basic_string<char>]':
bazel-out/k8-opt-exec-ST-a828a81199fe/bin/external/com_google_protobuf/src/google/protobuf/io/_virtual_includes/printer/google/protobuf/io/printer.h:123:8:   required from here
bazel-out/k8-opt-exec-ST-a828a81199fe/bin/external/com_google_protobuf/src/google/protobuf/io/_virtual_includes/printer/google/protobuf/io/printer.h:127:23: warning: comparison of integer expressions of different signedness: 'int' and 'std::vector<int>::size_type' {aka 'long unsigned int'} [-Wsign-compare]
  127 |     for (int i = 0; i < path.size(); ++i) {
      |                     ~~^~~~~~~~~~~~~
Analyzing: 2440 targets (399 packages loaded, 23168 targets configured)
[4,851 / 6,231] 1 / 43 tests, 1 failed; Compiling src/google/protobuf/compiler/cpp/message.cc [for tool]; 7s processwrapper-sandbox ... (8 actions, 7 running)
Analyzing: 2440 targets (399 packages loaded, 23168 targets configured)
[4,854 / 6,236] 1 / 43 tests, 1 failed; Compiling src/google/protobuf/compiler/cpp/message.cc [for tool]; 9s processwrapper-sandbox ... (9 actions, 8 running)
Analyzing: 2440 targets (399 packages loaded, 23168 targets configured)
[4,856 / 6,236] 1 / 43 tests, 1 failed; Compiling src/google/protobuf/compiler/cpp/message.cc [for tool]; 10s processwrapper-sandbox ... (9 actions, 8 running)
Analyzing: 2440 targets (399 packages loaded, 23168 targets configured)
[4,868 / 6,236] 1 / 43 tests, 1 failed; Compiling src/google/protobuf/compiler/cpp/message.cc [for tool]; 11s processwrapper-sandbox ... (8 actions, 7 running)
Analyzing: 2440 targets (399 packages loaded, 23168 targets configured)
[4,869 / 6,236] 1 / 43 tests, 1 failed; Compiling src/google/protobuf/compiler/cpp/message.cc [for tool]; 13s processwrapper-sandbox ... (9 actions, 8 running)
Analyzing: 2440 targets (399 packages loaded, 23168 targets configured)
[4,874 / 6,238] 1 / 43 tests, 1 failed; Compiling src/google/protobuf/compiler/cpp/message.cc [for tool]; 14s processwrapper-sandbox ... (9 actions, 8 running)
Analyzing: 2440 targets (399 packages loaded, 23168 targets configured)
[4,876 / 6,238] 1 / 43 tests, 1 failed; Compiling src/google/protobuf/compiler/cpp/message.cc [for tool]; 15s processwrapper-sandbox ... (8 actions, 7 running)
Analyzing: 2440 targets (399 packages loaded, 23168 targets configured)
[4,880 / 6,238] 1 / 43 tests, 1 failed; Compiling src/google/protobuf/compiler/cpp/message.cc [for tool]; 16s processwrapper-sandbox ... (8 actions, 7 running)
Analyzing: 2440 targets (399 packages loaded, 23168 targets configured)
[4,883 / 6,242] 1 / 43 tests, 1 failed; Compiling src/google/protobuf/compiler/cpp/message.cc [for tool]; 17s processwrapper-sandbox ... (8 actions, 7 running)
Analyzing: 2440 targets (399 packages loaded, 23168 targets configured)
[4,884 / 6,242] 1 / 43 tests, 1 failed; Compiling src/google/protobuf/compiler/cpp/message.cc [for tool]; 19s processwrapper-sandbox ... (9 actions, 8 running)
Analyzing: 2440 targets (399 packages loaded, 23168 targets configured)
[4,885 / 6,242] 1 / 43 tests, 1 failed; Compiling src/google/protobuf/compiler/cpp/message.cc [for tool]; 20s processwrapper-sandbox ... (9 actions, 8 running)
Analyzing: 2440 targets (399 packages loaded, 23168 targets configured)
[4,888 / 6,242] 1 / 43 tests, 1 failed; Compiling src/google/protobuf/compiler/cpp/message.cc [for tool]; 21s processwrapper-sandbox ... (8 actions, 7 running)
Analyzing: 2440 targets (399 packages loaded, 23168 targets configured)
[4,891 / 6,242] 1 / 43 tests, 1 failed; Compiling src/google/protobuf/compiler/cpp/message.cc [for tool]; 22s processwrapper-sandbox ... (8 actions, 7 running)
Analyzing: 2440 targets (399 packages loaded, 23168 targets configured)
[4,893 / 6,242] 1 / 43 tests, 1 failed; Compiling src/google/protobuf/compiler/csharp/csharp_message_field.cc [for tool]; 4s processwrapper-sandbox ... (8 actions, 7 running)
Analyzing: 2440 targets (399 packages loaded, 23168 targets configured)
[4,895 / 6,242] 1 / 43 tests, 1 failed; Compiling src/google/protobuf/compiler/csharp/csharp_message_field.cc [for tool]; 5s processwrapper-sandbox ... (8 actions running)
Analyzing: 2440 targets (399 packages loaded, 23168 targets configured)
[4,902 / 6,244] 1 / 43 tests, 1 failed; Compiling src/google/protobuf/compiler/csharp/csharp_enum_field.cc [for tool]; 4s processwrapper-sandbox ... (9 actions, 8 running)
Analyzing: 2440 targets (399 packages loaded, 23168 targets configured)
[4,905 / 6,244] 1 / 43 tests, 1 failed; Compiling src/google/protobuf/compiler/java/file.cc [for tool]; 5s processwrapper-sandbox ... (8 actions, 7 running)
Analyzing: 2440 targets (399 packages loaded, 23168 targets configured)
[4,908 / 6,246] 1 / 43 tests, 1 failed; Compiling src/google/protobuf/compiler/java/file.cc [for tool]; 6s processwrapper-sandbox ... (8 actions, 7 running)
Analyzing: 2440 targets (399 packages loaded, 23168 targets configured)
[4,910 / 6,246] 1 / 43 tests, 1 failed; Compiling src/V3Width.cpp [for tool]; 6s processwrapper-sandbox ... (8 actions, 7 running)
Analyzing: 2440 targets (399 packages loaded, 23168 targets configured)
[4,911 / 6,250] 1 / 43 tests, 1 failed; Compiling src/V3Width.cpp [for tool]; 8s processwrapper-sandbox ... (9 actions, 8 running)
Analyzing: 2440 targets (399 packages loaded, 23168 targets configured)
[4,912 / 6,250] 1 / 43 tests, 1 failed; Compiling src/V3Width.cpp [for tool]; 9s processwrapper-sandbox ... (8 actions running)
Analyzing: 2440 targets (399 packages loaded, 23168 targets configured)
[4,917 / 6,250] 1 / 43 tests, 1 failed; Compiling src/V3Width.cpp [for tool]; 10s processwrapper-sandbox ... (8 actions, 7 running)
Analyzing: 2440 targets (399 packages loaded, 23168 targets configured)
[4,920 / 6,250] 1 / 43 tests, 1 failed; Compiling src/V3Width.cpp [for tool]; 12s processwrapper-sandbox ... (9 actions, 8 running)
Analyzing: 2440 targets (399 packages loaded, 23168 targets configured)
[4,925 / 6,255] 1 / 43 tests, 1 failed; Compiling src/V3Width.cpp [for tool]; 13s processwrapper-sandbox ... (8 actions, 7 running)
Analyzing: 2440 targets (399 packages loaded, 23168 targets configured)
[4,925 / 6,255] 1 / 43 tests, 1 failed; Compiling src/V3Width.cpp [for tool]; 15s processwrapper-sandbox ... (9 actions, 8 running)
Analyzing: 2440 targets (399 packages loaded, 23168 targets configured)
[4,927 / 6,255] 1 / 43 tests, 1 failed; Compiling src/V3Width.cpp [for tool]; 17s processwrapper-sandbox ... (9 actions, 8 running)
Analyzing: 2440 targets (399 packages loaded, 23168 targets configured)
[4,932 / 6,257] 1 / 43 tests, 1 failed; Compiling src/V3Width.cpp [for tool]; 18s processwrapper-sandbox ... (8 actions, 7 running)
Analyzing: 2440 targets (399 packages loaded, 23168 targets configured)
[4,936 / 6,259] 1 / 43 tests, 1 failed; Compiling src/V3Width.cpp [for tool]; 20s processwrapper-sandbox ... (9 actions, 8 running)
INFO: From Compiling src/google/protobuf/compiler/java/full/message_builder.cc [for tool]:
external/com_google_protobuf/src/google/protobuf/compiler/java/full/message_builder.cc: In member function 'void google::protobuf::compiler::java::MessageBuilderGenerator::GenerateDescriptorMethods(google::protobuf::io::Printer*)':
external/com_google_protobuf/src/google/protobuf/compiler/java/full/message_builder.cc:214:23: warning: comparison of integer expressions of different signedness: 'int' and 'std::vector<const google::protobuf::FieldDescriptor*>::size_type' {aka 'long unsigned int'} [-Wsign-compare]
  214 |     for (int i = 0; i < map_fields.size(); ++i) {
      |                     ~~^~~~~~~~~~~~~~~~~~~
external/com_google_protobuf/src/google/protobuf/compiler/java/full/message_builder.cc:240:23: warning: comparison of integer expressions of different signedness: 'int' and 'std::vector<const google::protobuf::FieldDescriptor*>::size_type' {aka 'long unsigned int'} [-Wsign-compare]
  240 |     for (int i = 0; i < map_fields.size(); ++i) {
      |                     ~~^~~~~~~~~~~~~~~~~~~
Analyzing: 2440 targets (399 packages loaded, 23168 targets configured)
[4,937 / 6,259] 1 / 43 tests, 1 failed; Compiling src/V3Width.cpp [for tool]; 21s processwrapper-sandbox ... (9 actions, 8 running)
Analyzing: 2440 targets (399 packages loaded, 23168 targets configured)
[4,942 / 6,261] 1 / 43 tests, 1 failed; Compiling src/google/protobuf/compiler/cpp/file.cc [for tool]; 10s processwrapper-sandbox ... (8 actions, 7 running)
Analyzing: 2440 targets (399 packages loaded, 23168 targets configured)
[4,944 / 6,261] 1 / 43 tests, 1 failed; Compiling src/google/protobuf/compiler/cpp/file.cc [for tool]; 11s processwrapper-sandbox ... (8 actions, 7 running)
Analyzing: 2440 targets (399 packages loaded, 23168 targets configured)
[4,950 / 6,265] 1 / 43 tests, 1 failed; Compiling src/google/protobuf/compiler/cpp/file.cc [for tool]; 12s processwrapper-sandbox ... (8 actions, 7 running)
INFO: From Compiling src/google/protobuf/compiler/java/full/enum.cc [for tool]:
external/com_google_protobuf/src/google/protobuf/compiler/java/full/enum.cc: In member function 'virtual void google::protobuf::compiler::java::EnumNonLiteGenerator::Generate(google::protobuf::io::Printer*)':
external/com_google_protobuf/src/google/protobuf/compiler/java/full/enum.cc:77:21: warning: comparison of integer expressions of different signedness: 'int' and 'std::vector<const google::protobuf::EnumValueDescriptor*>::size_type' {aka 'long unsigned int'} [-Wsign-compare]
   77 |   for (int i = 0; i < canonical_values_.size(); i++) {
      |                   ~~^~~~~~~~~~~~~~~~~~~~~~~~~~
external/com_google_protobuf/src/google/protobuf/compiler/java/full/enum.cc:85:21: warning: comparison of integer expressions of different signedness: 'int' and 'std::vector<const google::protobuf::EnumValueDescriptor*>::size_type' {aka 'long unsigned int'} [-Wsign-compare]
   85 |   for (int i = 0; i < canonical_values_.size(); i++) {
      |                   ~~^~~~~~~~~~~~~~~~~~~~~~~~~~
external/com_google_protobuf/src/google/protobuf/compiler/java/full/enum.cc:125:21: warning: comparison of integer expressions of different signedness: 'int' and 'std::vector<google::protobuf::compiler::java::EnumNonLiteGenerator::Alias>::size_type' {aka 'long unsigned int'} [-Wsign-compare]
  125 |   for (int i = 0; i < aliases_.size(); i++) {
      |                   ~~^~~~~~~~~~~~~~~~~
external/com_google_protobuf/src/google/protobuf/compiler/java/full/enum.cc:209:21: warning: comparison of integer expressions of different signedness: 'int' and 'std::vector<const google::protobuf::EnumValueDescriptor*>::size_type' {aka 'long unsigned int'} [-Wsign-compare]
  209 |   for (int i = 0; i < canonical_values_.size(); i++) {
      |                   ~~^~~~~~~~~~~~~~~~~~~~~~~~~~
external/com_google_protobuf/src/google/protobuf/compiler/java/full/enum.cc: In member function 'bool google::protobuf::compiler::java::EnumNonLiteGenerator::CanUseEnumValues()':
external/com_google_protobuf/src/google/protobuf/compiler/java/full/enum.cc:383:32: warning: comparison of integer expressions of different signedness: 'std::vector<const google::protobuf::EnumValueDescriptor*>::size_type' {aka 'long unsigned int'} and 'int' [-Wsign-compare]
  383 |   if (canonical_values_.size() != descriptor_->value_count()) {
      |       ~~~~~~~~~~~~~~~~~~~~~~~~~^~~~~~~~~~~~~~~~~~~~~~~~~~~~~
Analyzing: 2440 targets (399 packages loaded, 23168 targets configured)
[4,955 / 6,273] 1 / 43 tests, 1 failed; Compiling src/google/protobuf/compiler/cpp/file.cc [for tool]; 13s processwrapper-sandbox ... (9 actions, 8 running)
Analyzing: 2440 targets (399 packages loaded, 23168 targets configured)
[4,960 / 6,275] 1 / 43 tests, 1 failed; Compiling src/google/protobuf/compiler/cpp/file.cc [for tool]; 15s processwrapper-sandbox ... (8 actions, 7 running)
Analyzing: 2440 targets (399 packages loaded, 23168 targets configured)
[4,966 / 6,279] 1 / 43 tests, 1 failed; Compiling src/google/protobuf/compiler/cpp/file.cc [for tool]; 16s processwrapper-sandbox ... (9 actions, 8 running)
INFO: From Compiling src/google/protobuf/compiler/java/full/message.cc [for tool]:
external/com_google_protobuf/src/google/protobuf/compiler/java/full/message.cc: In member function 'void google::protobuf::compiler::java::ImmutableMessageGenerator::GenerateDescriptorMethods(google::protobuf::io::Printer*)':
external/com_google_protobuf/src/google/protobuf/compiler/java/full/message.cc:807:23: warning: comparison of integer expressions of different signedness: 'int' and 'std::vector<const google::protobuf::FieldDescriptor*>::size_type' {aka 'long unsigned int'} [-Wsign-compare]
  807 |     for (int i = 0; i < map_fields.size(); ++i) {
      |                     ~~^~~~~~~~~~~~~~~~~~~
Analyzing: 2440 targets (399 packages loaded, 23168 targets configured)
[4,973 / 6,281] 1 / 43 tests, 1 failed; Compiling src/V3VariableOrder.cpp [for tool]; 6s processwrapper-sandbox ... (8 actions, 7 running)
Analyzing: 2440 targets (399 packages loaded, 23168 targets configured)
[4,976 / 6,283] 1 / 43 tests, 1 failed; Compiling src/google/protobuf/compiler/java/full/string_field.cc [for tool]; 5s processwrapper-sandbox ... (9 actions, 8 running)
Analyzing: 2440 targets (399 packages loaded, 23168 targets configured)
[4,978 / 6,283] 1 / 43 tests, 1 failed; Compiling src/google/protobuf/compiler/java/full/string_field.cc [for tool]; 7s processwrapper-sandbox ... (8 actions running)
Analyzing: 2440 targets (399 packages loaded, 23168 targets configured)
[4,985 / 6,291] 1 / 43 tests, 1 failed; Compiling src/V3Width.cpp; 5s processwrapper-sandbox ... (8 actions, 7 running)
Analyzing: 2440 targets (399 packages loaded, 23168 targets configured)
[5,004 / 6,291] 1 / 43 tests, 1 failed; Compiling src/V3Width.cpp; 7s processwrapper-sandbox ... (8 actions running)
Analyzing: 2440 targets (399 packages loaded, 23168 targets configured)
[5,005 / 6,291] 1 / 43 tests, 1 failed; Compiling src/google/protobuf/compiler/cpp/field_generators/string_view_field.cc [for tool]; 8s processwrapper-sandbox ... (8 actions, 7 running)
Analyzing: 2440 targets (399 packages loaded, 23168 targets configured)
[5,013 / 6,301] 1 / 43 tests, 1 failed; Compiling src/google/protobuf/compiler/java/lite/message_builder.cc [for tool]; 5s processwrapper-sandbox ... (9 actions, 8 running)
Analyzing: 2440 targets (399 packages loaded, 23168 targets configured)
[5,015 / 6,301] 1 / 43 tests, 1 failed; Compiling src/google/protobuf/compiler/java/lite/message_builder.cc [for tool]; 6s processwrapper-sandbox ... (8 actions, 7 running)
Analyzing: 2440 targets (399 packages loaded, 23168 targets configured)
[5,020 / 6,303] 1 / 43 tests, 1 failed; Compiling src/google/protobuf/compiler/java/full/primitive_field.cc [for tool]; 7s processwrapper-sandbox ... (8 actions running)
Analyzing: 2440 targets (399 packages loaded, 23168 targets configured)
[5,023 / 6,305] 1 / 43 tests, 1 failed; Compiling src/V3Coverage.cpp; 4s processwrapper-sandbox ... (9 actions, 8 running)
Analyzing: 2440 targets (399 packages loaded, 23168 targets configured)
[5,026 / 6,305] 1 / 43 tests, 1 failed; Compiling src/V3Unknown.cpp [for tool]; 5s processwrapper-sandbox ... (8 actions, 7 running)
Analyzing: 2440 targets (399 packages loaded, 23168 targets configured)
[5,031 / 6,307] 1 / 43 tests, 1 failed; Compiling src/google/protobuf/compiler/java/lite/string_field.cc [for tool]; 6s processwrapper-sandbox ... (8 actions, 7 running)
Analyzing: 2440 targets (399 packages loaded, 23168 targets configured)
[5,035 / 6,309] 1 / 43 tests, 1 failed; Compiling src/google/protobuf/compiler/java/lite/string_field.cc [for tool]; 8s processwrapper-sandbox ... (8 actions running)
Analyzing: 2440 targets (399 packages loaded, 23168 targets configured)
[5,039 / 6,312] 1 / 43 tests, 1 failed; Compiling src/google/protobuf/compiler/java/full/message_field.cc [for tool]; 5s processwrapper-sandbox ... (9 actions, 8 running)
Analyzing: 2440 targets (399 packages loaded, 23168 targets configured)
[5,041 / 6,312] 1 / 43 tests, 1 failed; Compiling src/google/protobuf/compiler/java/full/message_field.cc [for tool]; 6s processwrapper-sandbox ... (8 actions, 7 running)
Analyzing: 2440 targets (399 packages loaded, 23168 targets configured)
[5,044 / 6,312] 1 / 43 tests, 1 failed; Compiling src/google/protobuf/compiler/java/full/message_field.cc [for tool]; 7s processwrapper-sandbox ... (8 actions, 7 running)
Analyzing: 2440 targets (399 packages loaded, 23168 targets configured)
[5,053 / 6,316] 1 / 43 tests, 1 failed; Compiling src/google/protobuf/compiler/java/lite/primitive_field.cc [for tool]; 4s processwrapper-sandbox ... (8 actions, 7 running)
Analyzing: 2440 targets (399 packages loaded, 23168 targets configured)
[5,053 / 6,316] 1 / 43 tests, 1 failed; Compiling src/google/protobuf/compiler/java/lite/primitive_field.cc [for tool]; 5s processwrapper-sandbox ... (9 actions, 8 running)
Analyzing: 2440 targets (399 packages loaded, 23168 targets configured)
[5,058 / 6,318] 1 / 43 tests, 1 failed; Compiling src/google/protobuf/compiler/java/lite/primitive_field.cc [for tool]; 6s processwrapper-sandbox ... (8 actions running)
Analyzing: 2440 targets (399 packages loaded, 23168 targets configured)
[5,059 / 6,318] 1 / 43 tests, 1 failed; Compiling src/google/protobuf/compiler/java/lite/primitive_field.cc [for tool]; 7s processwrapper-sandbox ... (8 actions, 7 running)
Analyzing: 2440 targets (399 packages loaded, 23168 targets configured)
[5,065 / 6,320] 1 / 43 tests, 1 failed; Compiling src/google/protobuf/compiler/java/full/service.cc [for tool]; 6s processwrapper-sandbox ... (8 actions, 7 running)
Analyzing: 2440 targets (399 packages loaded, 23168 targets configured)
[5,069 / 6,322] 1 / 43 tests, 1 failed; Compiling src/google/protobuf/compiler/java/full/map_field.cc [for tool]; 6s processwrapper-sandbox ... (9 actions, 8 running)
Analyzing: 2440 targets (399 packages loaded, 23168 targets configured)
[5,074 / 6,324] 1 / 43 tests, 1 failed; Compiling src/google/protobuf/compiler/java/full/map_field.cc [for tool]; 7s processwrapper-sandbox ... (9 actions, 8 running)
Analyzing: 2440 targets (399 packages loaded, 23168 targets configured)
[5,077 / 6,324] 1 / 43 tests, 1 failed; Compiling src/V3Tristate.cpp [for tool]; 8s processwrapper-sandbox ... (8 actions, 7 running)
Analyzing: 2440 targets (399 packages loaded, 23168 targets configured)
[5,082 / 6,326] 1 / 43 tests, 1 failed; Compiling src/google/protobuf/compiler/java/lite/message_field.cc [for tool]; 6s processwrapper-sandbox ... (9 actions, 8 running)
Analyzing: 2440 targets (399 packages loaded, 23168 targets configured)
[5,084 / 6,326] 1 / 43 tests, 1 failed; Compiling src/google/protobuf/compiler/java/lite/message_field.cc [for tool]; 7s processwrapper-sandbox ... (8 actions, 7 running)
Analyzing: 2440 targets (399 packages loaded, 23168 targets configured)
[5,088 / 6,328] 1 / 43 tests, 1 failed; Compiling src/google/protobuf/compiler/java/field_common.cc [for tool]; 5s processwrapper-sandbox ... (8 actions, 7 running)
INFO: From Compiling src/google/protobuf/compiler/java/lite/enum.cc [for tool]:
external/com_google_protobuf/src/google/protobuf/compiler/java/lite/enum.cc: In member function 'virtual void google::protobuf::compiler::java::EnumLiteGenerator::Generate(google::protobuf::io::Printer*)':
external/com_google_protobuf/src/google/protobuf/compiler/java/lite/enum.cc:70:21: warning: comparison of integer expressions of different signedness: 'int' and 'std::vector<const google::protobuf::EnumValueDescriptor*>::size_type' {aka 'long unsigned int'} [-Wsign-compare]
   70 |   for (int i = 0; i < canonical_values_.size(); i++) {
      |                   ~~^~~~~~~~~~~~~~~~~~~~~~~~~~
external/com_google_protobuf/src/google/protobuf/compiler/java/lite/enum.cc:94:21: warning: comparison of integer expressions of different signedness: 'int' and 'std::vector<google::protobuf::compiler::java::EnumLiteGenerator::Alias>::size_type' {aka 'long unsigned int'} [-Wsign-compare]
   94 |   for (int i = 0; i < aliases_.size(); i++) {
      |                   ~~^~~~~~~~~~~~~~~~~
external/com_google_protobuf/src/google/protobuf/compiler/java/lite/enum.cc:165:21: warning: comparison of integer expressions of different signedness: 'int' and 'std::vector<const google::protobuf::EnumValueDescriptor*>::size_type' {aka 'long unsigned int'} [-Wsign-compare]
  165 |   for (int i = 0; i < canonical_values_.size(); i++) {
      |                   ~~^~~~~~~~~~~~~~~~~~~~~~~~~~
Analyzing: 2440 targets (399 packages loaded, 23168 targets configured)
[5,094 / 6,333] 1 / 43 tests, 1 failed; Compiling src/google/protobuf/compiler/java/full/enum_field.cc [for tool]; 6s processwrapper-sandbox ... (8 actions, 7 running)
Analyzing: 2440 targets (399 packages loaded, 23168 targets configured)
[5,097 / 6,353] 1 / 43 tests, 1 failed; Compiling src/google/protobuf/compiler/java/full/enum_field.cc [for tool]; 7s processwrapper-sandbox ... (9 actions, 8 running)
Analyzing: 2440 targets (399 packages loaded, 23168 targets configured)
[5,101 / 6,353] 1 / 43 tests, 1 failed; Compiling src/V3TraceDecl.cpp [for tool]; 5s processwrapper-sandbox ... (8 actions, 7 running)
Analyzing: 2440 targets (399 packages loaded, 23168 targets configured)
[5,105 / 6,355] 1 / 43 tests, 1 failed; Compiling src/V3TraceDecl.cpp [for tool]; 6s processwrapper-sandbox ... (8 actions, 7 running)
Analyzing: 2440 targets (399 packages loaded, 23168 targets configured)
[5,106 / 6,355] 1 / 43 tests, 1 failed; Compiling src/V3TraceDecl.cpp [for tool]; 8s processwrapper-sandbox ... (9 actions, 8 running)
Analyzing: 2440 targets (399 packages loaded, 23168 targets configured)
[5,109 / 6,355] 1 / 43 tests, 1 failed; Compiling src/google/protobuf/compiler/java/lite/map_field.cc [for tool]; 7s processwrapper-sandbox ... (9 actions, 8 running)
Analyzing: 2440 targets (399 packages loaded, 23168 targets configured)
[5,112 / 6,355] 1 / 43 tests, 1 failed; Compiling src/google/protobuf/compiler/objectivec/names.cc [for tool]; 4s processwrapper-sandbox ... (8 actions, 7 running)
Analyzing: 2440 targets (399 packages loaded, 23168 targets configured)
[5,113 / 6,355] 1 / 43 tests, 1 failed; Compiling src/google/protobuf/compiler/objectivec/names.cc [for tool]; 6s processwrapper-sandbox ... (8 actions, 7 running)
Analyzing: 2440 targets (399 packages loaded, 23168 targets configured)
[5,113 / 6,355] 1 / 43 tests, 1 failed; Compiling src/google/protobuf/compiler/objectivec/names.cc [for tool]; 7s processwrapper-sandbox ... (9 actions, 8 running)
Analyzing: 2440 targets (399 packages loaded, 23168 targets configured)
[5,114 / 6,355] 1 / 43 tests, 1 failed; Compiling src/idl_parser.cpp [for tool]; 6s processwrapper-sandbox ... (8 actions running)
Analyzing: 2440 targets (399 packages loaded, 23168 targets configured)
[5,122 / 6,357] 1 / 43 tests, 1 failed; Compiling src/idl_parser.cpp [for tool]; 7s processwrapper-sandbox ... (8 actions, 7 running)
Analyzing: 2440 targets (399 packages loaded, 23168 targets configured)
[5,126 / 6,359] 1 / 43 tests, 1 failed; Compiling src/idl_parser.cpp [for tool]; 9s processwrapper-sandbox ... (8 actions, 7 running)
Analyzing: 2440 targets (399 packages loaded, 23168 targets configured)
[5,131 / 6,363] 1 / 43 tests, 1 failed; Compiling src/idl_parser.cpp [for tool]; 10s processwrapper-sandbox ... (9 actions, 8 running)
Analyzing: 2440 targets (399 packages loaded, 23168 targets configured)
[5,132 / 6,363] 1 / 43 tests, 1 failed; Compiling src/idl_parser.cpp [for tool]; 12s processwrapper-sandbox ... (8 actions, 7 running)
Analyzing: 2440 targets (399 packages loaded, 23168 targets configured)
[5,132 / 6,363] 1 / 43 tests, 1 failed; Compiling src/idl_parser.cpp [for tool]; 13s processwrapper-sandbox ... (9 actions, 8 running)
Analyzing: 2440 targets (399 packages loaded, 23168 targets configured)
[5,135 / 6,363] 1 / 43 tests, 1 failed; Compiling src/idl_parser.cpp [for tool]; 15s processwrapper-sandbox ... (8 actions, 7 running)
Analyzing: 2440 targets (399 packages loaded, 23168 targets configured)
[5,136 / 6,363] 1 / 43 tests, 1 failed; Compiling src/idl_parser.cpp [for tool]; 16s processwrapper-sandbox ... (9 actions, 8 running)
Analyzing: 2440 targets (399 packages loaded, 23168 targets configured)
[5,137 / 6,363] 1 / 43 tests, 1 failed; Compiling src/idl_parser.cpp [for tool]; 17s processwrapper-sandbox ... (9 actions, 8 running)
Analyzing: 2440 targets (399 packages loaded, 23168 targets configured)
[5,138 / 6,363] 1 / 43 tests, 1 failed; Compiling src/idl_parser.cpp [for tool]; 19s processwrapper-sandbox ... (8 actions, 7 running)
Analyzing: 2440 targets (399 packages loaded, 23168 targets configured)
[5,149 / 6,369] 1 / 43 tests, 1 failed; Compiling src/idl_parser.cpp [for tool]; 20s processwrapper-sandbox ... (9 actions, 8 running)
Analyzing: 2440 targets (399 packages loaded, 23168 targets configured)
[5,155 / 6,376] 1 / 43 tests, 1 failed; Compiling src/idl_parser.cpp [for tool]; 21s processwrapper-sandbox ... (8 actions, 7 running)
Analyzing: 2440 targets (399 packages loaded, 23168 targets configured)
[5,158 / 6,376] 1 / 43 tests, 1 failed; Compiling src/V3Task.cpp; 4s processwrapper-sandbox ... (8 actions running)
Analyzing: 2440 targets (399 packages loaded, 23168 targets configured)
[5,164 / 6,380] 1 / 43 tests, 1 failed; Compiling src/V3Task.cpp; 6s processwrapper-sandbox ... (9 actions, 8 running)
Analyzing: 2440 targets (399 packages loaded, 23168 targets configured)
[5,167 / 6,380] 1 / 43 tests, 1 failed; Compiling src/google/protobuf/compiler/objectivec/message.cc [for tool]; 7s processwrapper-sandbox ... (8 actions, 7 running)
Analyzing: 2440 targets (399 packages loaded, 23168 targets configured)
[5,168 / 6,380] 1 / 43 tests, 1 failed; Compiling src/google/protobuf/compiler/objectivec/message.cc [for tool]; 8s processwrapper-sandbox ... (8 actions, 7 running)
Analyzing: 2440 targets (399 packages loaded, 23168 targets configured)
[5,178 / 6,398] 1 / 43 tests, 1 failed; Compiling src/google/protobuf/compiler/objectivec/message.cc [for tool]; 9s processwrapper-sandbox ... (8 actions, 7 running)
Analyzing: 2440 targets (399 packages loaded, 23168 targets configured)
[5,180 / 6,398] 1 / 43 tests, 1 failed; Compiling src/V3Task.cpp [for tool]; 8s processwrapper-sandbox ... (9 actions, 8 running)
Analyzing: 2440 targets (399 packages loaded, 23168 targets configured)
[5,186 / 6,400] 1 / 43 tests, 1 failed; Compiling src/V3Task.cpp [for tool]; 10s processwrapper-sandbox ... (8 actions, 7 running)
Analyzing: 2440 targets (399 packages loaded, 23168 targets configured)
[5,191 / 6,400] 1 / 43 tests, 1 failed; Compiling src/V3DfgDfgToAst.cpp; 5s processwrapper-sandbox ... (8 actions, 7 running)
Analyzing: 2440 targets (399 packages loaded, 23168 targets configured)
[5,194 / 6,400] 1 / 43 tests, 1 failed; Compiling src/google/protobuf/compiler/rust/generator.cc [for tool]; 5s processwrapper-sandbox ... (8 actions, 7 running)
Analyzing: 2440 targets (399 packages loaded, 23168 targets configured)
[5,195 / 6,400] 1 / 43 tests, 1 failed; Compiling src/google/protobuf/compiler/rust/generator.cc [for tool]; 6s processwrapper-sandbox ... (9 actions, 8 running)
Analyzing: 2440 targets (399 packages loaded, 23168 targets configured)
[5,202 / 6,402] 1 / 43 tests, 1 failed; Compiling src/google/protobuf/compiler/rust/generator.cc [for tool]; 7s processwrapper-sandbox ... (9 actions, 8 running)
Analyzing: 2440 targets (399 packages loaded, 23168 targets configured)
[5,209 / 6,404] 1 / 43 tests, 1 failed; Compiling src/V3Table.cpp [for tool]; 5s processwrapper-sandbox ... (9 actions, 8 running)
Analyzing: 2440 targets (399 packages loaded, 23168 targets configured)
[5,216 / 6,408] 1 / 43 tests, 1 failed; Compiling src/V3Table.cpp [for tool]; 6s processwrapper-sandbox ... (9 actions, 8 running)
Analyzing: 2440 targets (399 packages loaded, 23168 targets configured)
[5,218 / 6,408] 1 / 43 tests, 1 failed; Compiling src/V3Table.cpp [for tool]; 7s processwrapper-sandbox ... (8 actions, 7 running)
Analyzing: 2440 targets (399 packages loaded, 23168 targets configured)
[5,221 / 6,408] 1 / 43 tests, 1 failed; Compiling src/google/protobuf/compiler/python/generator.cc [for tool]; 8s processwrapper-sandbox ... (8 actions, 7 running)
Analyzing: 2440 targets (399 packages loaded, 23168 targets configured)
[5,222 / 6,408] 1 / 43 tests, 1 failed; Compiling src/google/protobuf/compiler/python/generator.cc [for tool]; 9s processwrapper-sandbox ... (8 actions running)
Analyzing: 2440 targets (399 packages loaded, 23168 targets configured)
[5,225 / 6,425] 1 / 43 tests, 1 failed; Compiling src/google/protobuf/compiler/python/generator.cc [for tool]; 11s processwrapper-sandbox ... (8 actions, 7 running)
Analyzing: 2440 targets (399 packages loaded, 23168 targets configured)
[5,231 / 6,439] 1 / 43 tests, 1 failed; Compiling src/V3DfgPasses.cpp; 5s processwrapper-sandbox ... (8 actions running)
Analyzing: 2440 targets (399 packages loaded, 23168 targets configured)
[5,236 / 6,441] 1 / 43 tests, 1 failed; Compiling src/V3TSP.cpp [for tool]; 6s processwrapper-sandbox ... (8 actions, 7 running)
Analyzing: 2440 targets (399 packages loaded, 23168 targets configured)
[5,239 / 6,441] 1 / 43 tests, 1 failed; Compiling src/google/protobuf/compiler/rust/oneof.cc [for tool]; 3s processwrapper-sandbox ... (9 actions, 8 running)
Analyzing: 2440 targets (399 packages loaded, 23168 targets configured)
[5,241 / 6,441] 1 / 43 tests, 1 failed; Compiling src/google/protobuf/compiler/rust/oneof.cc [for tool]; 5s processwrapper-sandbox ... (8 actions, 7 running)
Analyzing: 2440 targets (399 packages loaded, 23168 targets configured)
[5,245 / 6,443] 1 / 43 tests, 1 failed; Compiling src/google/protobuf/compiler/objectivec/generator.cc [for tool]; 5s processwrapper-sandbox ... (8 actions, 7 running)
Analyzing: 2440 targets (399 packages loaded, 23168 targets configured)
[5,253 / 6,447] 1 / 43 tests, 1 failed; Compiling src/google/protobuf/compiler/objectivec/generator.cc [for tool]; 6s processwrapper-sandbox ... (8 actions, 7 running)
Analyzing: 2440 targets (399 packages loaded, 23168 targets configured)
[5,258 / 6,450] 1 / 43 tests, 1 failed; Compiling src/V3DfgPeephole.cpp; 6s processwrapper-sandbox ... (8 actions, 7 running)
Analyzing: 2440 targets (399 packages loaded, 23168 targets configured)
[5,261 / 6,452] 1 / 43 tests, 1 failed; Compiling src/binary_annotator.cpp [for tool]; 5s processwrapper-sandbox ... (9 actions, 8 running)
Analyzing: 2440 targets (399 packages loaded, 23168 targets configured)
[5,263 / 6,452] 1 / 43 tests, 1 failed; Compiling src/binary_annotator.cpp [for tool]; 6s processwrapper-sandbox ... (8 actions, 7 running)
Analyzing: 2440 targets (399 packages loaded, 23168 targets configured)
[5,267 / 6,452] 1 / 43 tests, 1 failed; Compiling src/google/protobuf/compiler/objectivec/file.cc [for tool]; 5s processwrapper-sandbox ... (9 actions, 8 running)
Analyzing: 2440 targets (399 packages loaded, 23168 targets configured)
[5,268 / 6,452] 1 / 43 tests, 1 failed; Compiling src/google/protobuf/compiler/objectivec/file.cc [for tool]; 6s processwrapper-sandbox ... (8 actions running)
Analyzing: 2440 targets (399 packages loaded, 23168 targets configured)
[5,269 / 6,452] 1 / 43 tests, 1 failed; Compiling src/google/protobuf/compiler/objectivec/file.cc [for tool]; 8s processwrapper-sandbox ... (8 actions, 7 running)
Analyzing: 2440 targets (399 packages loaded, 23168 targets configured)
[5,274 / 6,454] 1 / 43 tests, 1 failed; Compiling src/google/protobuf/compiler/objectivec/file.cc [for tool]; 9s processwrapper-sandbox ... (8 actions running)
Analyzing: 2440 targets (399 packages loaded, 23168 targets configured)
[5,278 / 6,456] 1 / 43 tests, 1 failed; Compiling src/google/protobuf/compiler/objectivec/file.cc [for tool]; 10s processwrapper-sandbox ... (9 actions, 8 running)
Analyzing: 2440 targets (399 packages loaded, 23168 targets configured)
[5,281 / 6,456] 1 / 43 tests, 1 failed; Compiling src/V3StatsReport.cpp [for tool]; 5s processwrapper-sandbox ... (8 actions, 7 running)
INFO: From Compiling src/google/protobuf/compiler/rust/relative_path.cc [for tool]:
external/com_google_protobuf/src/google/protobuf/compiler/rust/relative_path.cc: In member function 'std::string google::protobuf::compiler::rust::RelativePath::Relative(const google::protobuf::compiler::rust::RelativePath&) const':
external/com_google_protobuf/src/google/protobuf/compiler/rust/relative_path.cc:65:21: warning: comparison of integer expressions of different signedness: 'int' and 'std::vector<std::basic_string_view<char> >::size_type' {aka 'long unsigned int'} [-Wsign-compare]
   65 |   for (int i = 0; i < current_segments.size(); ++i) {
      |                   ~~^~~~~~~~~~~~~~~~~~~~~~~~~
Analyzing: 2440 targets (399 packages loaded, 23168 targets configured)
[5,288 / 6,458] 1 / 43 tests, 1 failed; Compiling src/google/protobuf/compiler/rust/accessors/singular_scalar.cc [for tool]; 3s processwrapper-sandbox ... (8 actions, 7 running)
Analyzing: 2440 targets (399 packages loaded, 23168 targets configured)
[5,290 / 6,462] 1 / 43 tests, 1 failed; Compiling src/google/protobuf/compiler/rust/accessors/singular_scalar.cc [for tool]; 4s processwrapper-sandbox ... (9 actions, 8 running)
Analyzing: 2440 targets (399 packages loaded, 23168 targets configured)
[5,292 / 6,462] 1 / 43 tests, 1 failed; Compiling src/google/protobuf/compiler/objectivec/field.cc [for tool]; 4s processwrapper-sandbox ... (8 actions, 7 running)
Analyzing: 2440 targets (399 packages loaded, 23168 targets configured)
[5,293 / 6,462] 1 / 43 tests, 1 failed; Compiling src/google/protobuf/compiler/objectivec/field.cc [for tool]; 5s processwrapper-sandbox ... (8 actions, 7 running)
Analyzing: 2440 targets (399 packages loaded, 23168 targets configured)
[5,296 / 6,462] 1 / 43 tests, 1 failed; Compiling src/google/protobuf/compiler/objectivec/field.cc [for tool]; 6s processwrapper-sandbox ... (8 actions, 7 running)
Analyzing: 2440 targets (399 packages loaded, 23168 targets configured)
[5,298 / 6,462] 1 / 43 tests, 1 failed; Compiling src/google/protobuf/compiler/cpp/helpers.cc [for tool]; 7s processwrapper-sandbox ... (8 actions, 7 running)
Analyzing: 2440 targets (399 packages loaded, 23168 targets configured)
[5,299 / 6,462] 1 / 43 tests, 1 failed; Compiling src/google/protobuf/compiler/cpp/helpers.cc [for tool]; 8s processwrapper-sandbox ... (9 actions, 8 running)
Analyzing: 2440 targets (399 packages loaded, 23168 targets configured)
[5,301 / 6,462] 1 / 43 tests, 1 failed; Compiling src/google/protobuf/compiler/cpp/helpers.cc [for tool]; 10s processwrapper-sandbox ... (8 actions, 7 running)
Analyzing: 2440 targets (399 packages loaded, 23168 targets configured)
[5,303 / 6,462] 1 / 43 tests, 1 failed; Compiling src/google/protobuf/compiler/cpp/helpers.cc [for tool]; 11s processwrapper-sandbox ... (8 actions, 7 running)
Analyzing: 2440 targets (399 packages loaded, 23168 targets configured)
[5,304 / 6,462] 1 / 43 tests, 1 failed; Compiling src/google/protobuf/compiler/cpp/helpers.cc [for tool]; 12s processwrapper-sandbox ... (9 actions, 8 running)
Analyzing: 2440 targets (399 packages loaded, 23168 targets configured)
[5,309 / 6,464] 1 / 43 tests, 1 failed; Compiling src/google/protobuf/generated_message_tctable_lite.cc [for tool]; 5s processwrapper-sandbox ... (9 actions, 8 running)
Analyzing: 2440 targets (399 packages loaded, 23168 targets configured)
[5,312 / 6,464] 1 / 43 tests, 1 failed; Compiling src/google/protobuf/generated_message_tctable_lite.cc [for tool]; 6s processwrapper-sandbox ... (8 actions, 7 running)
Analyzing: 2440 targets (399 packages loaded, 23168 targets configured)
[5,315 / 6,466] 1 / 43 tests, 1 failed; Compiling src/google/protobuf/generated_message_tctable_lite.cc [for tool]; 8s processwrapper-sandbox ... (8 actions, 7 running)
Analyzing: 2440 targets (399 packages loaded, 23168 targets configured)
[5,319 / 6,487] 1 / 43 tests, 1 failed; Compiling src/google/protobuf/generated_message_tctable_lite.cc [for tool]; 9s processwrapper-sandbox ... (9 actions, 8 running)
Analyzing: 2440 targets (399 packages loaded, 23168 targets configured)
[5,321 / 6,487] 1 / 43 tests, 1 failed; Compiling src/google/protobuf/generated_message_tctable_lite.cc [for tool]; 10s processwrapper-sandbox ... (8 actions, 7 running)
Analyzing: 2440 targets (399 packages loaded, 23168 targets configured)
[5,324 / 6,487] 1 / 43 tests, 1 failed; Compiling src/google/protobuf/compiler/retention.cc [for tool]; 3s processwrapper-sandbox ... (8 actions, 7 running)
Analyzing: 2440 targets (399 packages loaded, 23168 targets configured)
[5,325 / 6,487] 1 / 43 tests, 1 failed; Compiling src/google/protobuf/compiler/retention.cc [for tool]; 5s processwrapper-sandbox ... (9 actions, 8 running)
Analyzing: 2440 targets (399 packages loaded, 23168 targets configured)
[5,328 / 6,487] 1 / 43 tests, 1 failed; Compiling src/google/protobuf/wire_format.cc [for tool]; 5s processwrapper-sandbox ... (8 actions, 7 running)
Analyzing: 2440 targets (399 packages loaded, 23168 targets configured)
[5,331 / 6,487] 1 / 43 tests, 1 failed; Compiling src/google/protobuf/wire_format.cc [for tool]; 6s processwrapper-sandbox ... (8 actions, 7 running)
Analyzing: 2440 targets (399 packages loaded, 23168 targets configured)
[5,333 / 6,487] 1 / 43 tests, 1 failed; Compiling src/google/protobuf/compiler/objectivec/enum.cc [for tool]; 6s processwrapper-sandbox ... (8 actions, 7 running)
Analyzing: 2440 targets (399 packages loaded, 23168 targets configured)
[5,335 / 6,487] 1 / 43 tests, 1 failed; Compiling src/V3EmitCImp.cpp; 5s processwrapper-sandbox ... (8 actions running)
Analyzing: 2440 targets (399 packages loaded, 23168 targets configured)
[5,340 / 6,487] 1 / 43 tests, 1 failed; Compiling src/idl_gen_ts.cpp [for tool]; 6s processwrapper-sandbox ... (8 actions, 7 running)
Analyzing: 2440 targets (399 packages loaded, 23168 targets configured)
[5,342 / 6,487] 1 / 43 tests, 1 failed; Compiling src/idl_gen_ts.cpp [for tool]; 7s processwrapper-sandbox ... (9 actions, 7 running)
Analyzing: 2440 targets (399 packages loaded, 23168 targets configured)
[5,344 / 6,487] 2 / 43 tests, 1 failed; Compiling src/idl_gen_ts.cpp [for tool]; 8s processwrapper-sandbox ... (9 actions, 8 running)
Analyzing: 2440 targets (399 packages loaded, 23168 targets configured)
[5,348 / 6,487] 2 / 43 tests, 1 failed; Compiling src/idl_gen_ts.cpp [for tool]; 9s processwrapper-sandbox ... (9 actions, 8 running)
Analyzing: 2440 targets (399 packages loaded, 23168 targets configured)
[5,351 / 6,487] 2 / 43 tests, 1 failed; Compiling src/idl_gen_ts.cpp [for tool]; 11s processwrapper-sandbox ... (8 actions, 7 running)
Analyzing: 2440 targets (399 packages loaded, 23168 targets configured)
[5,352 / 6,487] 2 / 43 tests, 1 failed; Compiling external/verilator/V3Const__gen.cpp [for tool]; 4s processwrapper-sandbox ... (8 actions, 7 running)
Analyzing: 2440 targets (399 packages loaded, 23168 targets configured)
[5,352 / 6,487] 2 / 43 tests, 1 failed; Compiling external/verilator/V3Const__gen.cpp [for tool]; 6s processwrapper-sandbox ... (9 actions, 8 running)
Analyzing: 2440 targets (399 packages loaded, 23168 targets configured)
[5,354 / 6,487] 2 / 43 tests, 1 failed; Compiling external/verilator/V3Const__gen.cpp [for tool]; 7s processwrapper-sandbox ... (9 actions, 8 running)
Analyzing: 2440 targets (399 packages loaded, 23168 targets configured)
[5,358 / 6,487] 2 / 43 tests, 1 failed; Compiling external/verilator/V3Const__gen.cpp [for tool]; 8s processwrapper-sandbox ... (8 actions, 7 running)
Analyzing: 2440 targets (399 packages loaded, 23168 targets configured)
[5,359 / 6,487] 2 / 43 tests, 1 failed; Compiling external/verilator/V3Const__gen.cpp [for tool]; 10s processwrapper-sandbox ... (9 actions, 8 running)
Analyzing: 2440 targets (399 packages loaded, 23168 targets configured)
[5,361 / 6,487] 2 / 43 tests, 1 failed; Compiling external/verilator/V3Const__gen.cpp [for tool]; 11s processwrapper-sandbox ... (8 actions, 7 running)
Analyzing: 2440 targets (399 packages loaded, 23168 targets configured)
[5,365 / 6,487] 2 / 43 tests, 1 failed; Compiling external/verilator/V3Const__gen.cpp [for tool]; 12s processwrapper-sandbox ... (8 actions, 7 running)
Analyzing: 2440 targets (399 packages loaded, 23168 targets configured)
[5,365 / 6,487] 2 / 43 tests, 1 failed; Compiling external/verilator/V3Const__gen.cpp [for tool]; 14s processwrapper-sandbox ... (9 actions, 8 running)
Analyzing: 2440 targets (399 packages loaded, 23168 targets configured)
[5,367 / 6,487] 2 / 43 tests, 1 failed; Compiling external/verilator/V3Const__gen.cpp [for tool]; 15s processwrapper-sandbox ... (8 actions, 7 running)
Analyzing: 2440 targets (399 packages loaded, 23168 targets configured)
[5,369 / 6,487] 2 / 43 tests, 1 failed; Compiling external/verilator/V3Const__gen.cpp [for tool]; 16s processwrapper-sandbox ... (8 actions, 7 running)
Analyzing: 2440 targets (399 packages loaded, 23168 targets configured)
[5,372 / 6,487] 2 / 43 tests, 1 failed; Compiling external/verilator/V3Const__gen.cpp [for tool]; 17s processwrapper-sandbox ... (8 actions, 7 running)
Analyzing: 2440 targets (399 packages loaded, 23168 targets configured)
[5,374 / 6,487] 2 / 43 tests, 1 failed; Compiling external/verilator/V3Const__gen.cpp [for tool]; 18s processwrapper-sandbox ... (8 actions, 7 running)
Analyzing: 2440 targets (399 packages loaded, 23168 targets configured)
[5,375 / 6,487] 2 / 43 tests, 1 failed; Compiling external/verilator/V3Const__gen.cpp [for tool]; 20s processwrapper-sandbox ... (9 actions, 8 running)
Analyzing: 2440 targets (399 packages loaded, 23168 targets configured)
[5,376 / 6,487] 2 / 43 tests, 1 failed; Compiling src/V3EmitCModel.cpp; 5s processwrapper-sandbox ... (8 actions, 7 running)
Analyzing: 2440 targets (399 packages loaded, 23168 targets configured)
[5,377 / 6,487] 2 / 43 tests, 1 failed; Compiling src/idl_gen_rust.cpp [for tool]; 6s processwrapper-sandbox ... (9 actions, 8 running)
Analyzing: 2440 targets (399 packages loaded, 23168 targets configured)
[5,381 / 6,487] 2 / 43 tests, 1 failed; Compiling src/idl_gen_rust.cpp [for tool]; 8s processwrapper-sandbox ... (8 actions, 7 running)
Analyzing: 2440 targets (399 packages loaded, 23168 targets configured)
[5,381 / 6,487] 2 / 43 tests, 1 failed; Compiling src/idl_gen_rust.cpp [for tool]; 9s processwrapper-sandbox ... (9 actions, 8 running)
Analyzing: 2440 targets (399 packages loaded, 23168 targets configured)
[5,384 / 6,487] 2 / 43 tests, 1 failed; Compiling src/idl_gen_rust.cpp [for tool]; 10s processwrapper-sandbox ... (9 actions, 8 running)
Analyzing: 2440 targets (399 packages loaded, 23168 targets configured)
[5,385 / 6,487] 2 / 43 tests, 1 failed; Compiling src/idl_gen_rust.cpp [for tool]; 11s processwrapper-sandbox ... (8 actions, 7 running)
Analyzing: 2440 targets (399 packages loaded, 23168 targets configured)
[5,386 / 6,487] 2 / 43 tests, 1 failed; Compiling src/idl_gen_rust.cpp [for tool]; 13s processwrapper-sandbox ... (8 actions, 7 running)
Analyzing: 2440 targets (399 packages loaded, 23168 targets configured)
[5,388 / 6,487] 2 / 43 tests, 1 failed; Compiling src/idl_gen_rust.cpp [for tool]; 14s processwrapper-sandbox ... (9 actions, 8 running)
Analyzing: 2440 targets (399 packages loaded, 23168 targets configured)
[5,390 / 6,487] 2 / 43 tests, 1 failed; Compiling src/V3ParseGrammar.cpp; 10s processwrapper-sandbox ... (9 actions, 8 running)
Analyzing: 2440 targets (399 packages loaded, 23168 targets configured)
[5,392 / 6,487] 2 / 43 tests, 1 failed; Compiling src/V3EmitCSyms.cpp; 5s processwrapper-sandbox ... (9 actions, 8 running)
Analyzing: 2440 targets (399 packages loaded, 23168 targets configured)
[5,394 / 6,487] 2 / 43 tests, 1 failed; Compiling src/V3Active.cpp [for tool]; 5s processwrapper-sandbox ... (8 actions, 7 running)
Analyzing: 2440 targets (399 packages loaded, 23168 targets configured)
[5,397 / 6,487] 2 / 43 tests, 1 failed; Compiling src/V3OrderParallel.cpp; 5s processwrapper-sandbox ... (8 actions, 7 running)
Analyzing: 2440 targets (399 packages loaded, 23168 targets configured)
[5,399 / 6,487] 2 / 43 tests, 1 failed; Compiling src/idl_gen_python.cpp [for tool]; 5s processwrapper-sandbox ... (8 actions, 7 running)
Analyzing: 2440 targets (399 packages loaded, 23168 targets configured)
[5,399 / 6,487] 2 / 43 tests, 1 failed; Compiling src/idl_gen_python.cpp [for tool]; 6s processwrapper-sandbox ... (9 actions, 8 running)
Analyzing: 2440 targets (399 packages loaded, 23168 targets configured)
[5,402 / 6,487] 2 / 43 tests, 1 failed; Compiling src/idl_gen_python.cpp [for tool]; 8s processwrapper-sandbox ... (8 actions, 7 running)
Analyzing: 2440 targets (399 packages loaded, 23168 targets configured)
[5,404 / 6,487] 2 / 43 tests, 1 failed; Compiling src/idl_gen_python.cpp [for tool]; 9s processwrapper-sandbox ... (8 actions, 7 running)
Analyzing: 2440 targets (399 packages loaded, 23168 targets configured)
[5,405 / 6,487] 2 / 43 tests, 1 failed; Compiling src/idl_gen_python.cpp [for tool]; 10s processwrapper-sandbox ... (8 actions, 7 running)
Analyzing: 2440 targets (399 packages loaded, 23168 targets configured)
[5,408 / 6,487] 2 / 43 tests, 1 failed; Compiling src/V3Options.cpp; 7s processwrapper-sandbox ... (9 actions, 8 running)
Analyzing: 2440 targets (399 packages loaded, 23168 targets configured)
[5,410 / 6,487] 2 / 43 tests, 1 failed; Compiling src/V3Assert.cpp [for tool]; 4s processwrapper-sandbox ... (8 actions, 7 running)
Analyzing: 2440 targets (399 packages loaded, 23168 targets configured)
[5,412 / 6,487] 2 / 43 tests, 1 failed; Compiling src/V3SchedAcyclic.cpp [for tool]; 3s processwrapper-sandbox ... (8 actions, 7 running)
Analyzing: 2440 targets (399 packages loaded, 23168 targets configured)
[5,413 / 6,487] 2 / 43 tests, 1 failed; Compiling src/V3SchedAcyclic.cpp [for tool]; 5s processwrapper-sandbox ... (8 actions, 7 running)
Analyzing: 2440 targets (399 packages loaded, 23168 targets configured)
[5,415 / 6,487] 2 / 43 tests, 1 failed; Compiling src/V3SchedAcyclic.cpp [for tool]; 6s processwrapper-sandbox ... (9 actions, 8 running)
Analyzing: 2440 targets (399 packages loaded, 23168 targets configured)
[5,416 / 6,487] 2 / 43 tests, 1 failed; Compiling src/google/protobuf/generated_message_reflection.cc [for tool]; 5s processwrapper-sandbox ... (9 actions, 8 running)
Analyzing: 2440 targets (399 packages loaded, 23168 targets configured)
[5,419 / 6,487] 2 / 43 tests, 1 failed; Compiling src/google/protobuf/generated_message_reflection.cc [for tool]; 6s processwrapper-sandbox ... (8 actions, 7 running)
Analyzing: 2440 targets (399 packages loaded, 23168 targets configured)
[5,420 / 6,487] 2 / 43 tests, 1 failed; Compiling src/google/protobuf/generated_message_reflection.cc [for tool]; 8s processwrapper-sandbox ... (8 actions, 7 running)
Analyzing: 2440 targets (399 packages loaded, 23168 targets configured)
[5,422 / 6,487] 2 / 43 tests, 1 failed; Compiling src/google/protobuf/generated_message_reflection.cc [for tool]; 9s processwrapper-sandbox ... (8 actions, 7 running)
Analyzing: 2440 targets (399 packages loaded, 23168 targets configured)
[5,425 / 6,487] 2 / 43 tests, 1 failed; Compiling src/V3Sched.cpp [for tool]; 4s processwrapper-sandbox ... (8 actions, 7 running)
Analyzing: 2440 targets (399 packages loaded, 23168 targets configured)
[5,425 / 6,487] 2 / 43 tests, 1 failed; Compiling src/V3Sched.cpp [for tool]; 5s processwrapper-sandbox ... (9 actions, 8 running)
Analyzing: 2440 targets (399 packages loaded, 23168 targets configured)
[5,426 / 6,487] 2 / 43 tests, 1 failed; Compiling src/V3Sched.cpp [for tool]; 6s processwrapper-sandbox ... (9 actions, 8 running)
Analyzing: 2440 targets (399 packages loaded, 23168 targets configured)
[5,428 / 6,487] 2 / 43 tests, 1 failed; Compiling src/V3Sched.cpp [for tool]; 8s processwrapper-sandbox ... (8 actions, 7 running)
Analyzing: 2440 targets (399 packages loaded, 23168 targets configured)
[5,430 / 6,487] 2 / 43 tests, 1 failed; Compiling src/V3Sched.cpp [for tool]; 9s processwrapper-sandbox ... (8 actions, 7 running)
Analyzing: 2440 targets (399 packages loaded, 23168 targets configured)
[5,431 / 6,487] 2 / 43 tests, 1 failed; Compiling src/V3Sched.cpp [for tool]; 10s processwrapper-sandbox ... (8 actions, 7 running)
Analyzing: 2440 targets (399 packages loaded, 23168 targets configured)
[5,433 / 6,487] 2 / 43 tests, 1 failed; Compiling src/V3Ast.cpp [for tool]; 7s processwrapper-sandbox ... (8 actions, 7 running)
Analyzing: 2440 targets (399 packages loaded, 23168 targets configured)
[5,435 / 6,487] 2 / 43 tests, 1 failed; Compiling src/idl_gen_kotlin.cpp [for tool]; 8s processwrapper-sandbox ... (9 actions, 8 running)
Analyzing: 2440 targets (399 packages loaded, 23168 targets configured)
[5,438 / 6,487] 2 / 43 tests, 1 failed; Compiling src/V3Inline.cpp; 4s processwrapper-sandbox ... (9 actions, 8 running)
Analyzing: 2440 targets (399 packages loaded, 23168 targets configured)
[5,439 / 6,487] 2 / 43 tests, 1 failed; Compiling src/google/protobuf/feature_resolver.cc [for tool]; 5s processwrapper-sandbox ... (8 actions, 7 running)
Analyzing: 2440 targets (399 packages loaded, 23168 targets configured)
[5,442 / 6,487] 2 / 43 tests, 1 failed; Compiling src/V3HierBlock.cpp; 4s processwrapper-sandbox ... (8 actions, 7 running)
Analyzing: 2440 targets (399 packages loaded, 23168 targets configured)
[5,446 / 6,487] 2 / 43 tests, 1 failed; Compiling src/V3Hasher.cpp; 5s processwrapper-sandbox ... (8 actions, 7 running)
Analyzing: 2440 targets (399 packages loaded, 23168 targets configured)
[5,448 / 6,487] 2 / 43 tests, 1 failed; Compiling src/V3AstNodes.cpp [for tool]; 6s processwrapper-sandbox ... (9 actions, 8 running)
Analyzing: 2440 targets (399 packages loaded, 23168 targets configured)
[5,451 / 6,487] 2 / 43 tests, 1 failed; Compiling src/V3AstNodes.cpp [for tool]; 8s processwrapper-sandbox ... (8 actions, 7 running)
Analyzing: 2440 targets (399 packages loaded, 23168 targets configured)
[5,453 / 6,487] 2 / 43 tests, 1 failed; Compiling src/V3AstNodes.cpp [for tool]; 9s processwrapper-sandbox ... (8 actions, 7 running)
Analyzing: 2440 targets (399 packages loaded, 23168 targets configured)
[5,454 / 6,487] 2 / 43 tests, 1 failed; Compiling src/V3AstNodes.cpp [for tool]; 10s processwrapper-sandbox ... (9 actions, 8 running)
Analyzing: 2440 targets (399 packages loaded, 23168 targets configured)
[5,455 / 6,487] 2 / 43 tests, 1 failed; Compiling src/V3AstNodes.cpp [for tool]; 11s processwrapper-sandbox ... (9 actions, 8 running)
Analyzing: 2440 targets (399 packages loaded, 23168 targets configured)
[5,458 / 6,487] 2 / 43 tests, 1 failed; Compiling src/V3AstNodes.cpp [for tool]; 13s processwrapper-sandbox ... (9 actions, 8 running)
Analyzing: 2440 targets (399 packages loaded, 23168 targets configured)
[5,460 / 6,487] 2 / 43 tests, 1 failed; Compiling src/V3AstNodes.cpp [for tool]; 14s processwrapper-sandbox ... (8 actions, 7 running)
Analyzing: 2440 targets (399 packages loaded, 23168 targets configured)
[5,461 / 6,487] 2 / 43 tests, 1 failed; Compiling src/V3AstNodes.cpp [for tool]; 16s processwrapper-sandbox ... (8 actions, 7 running)
Analyzing: 2440 targets (399 packages loaded, 23168 targets configured)
[5,463 / 6,487] 2 / 43 tests, 1 failed; Compiling src/V3AstNodes.cpp [for tool]; 17s processwrapper-sandbox ... (8 actions running)
Analyzing: 2440 targets (399 packages loaded, 23168 targets configured)
[5,465 / 6,487] 2 / 43 tests, 1 failed; Compiling src/V3AstNodes.cpp [for tool]; 19s processwrapper-sandbox ... (8 actions, 7 running)
Analyzing: 2440 targets (399 packages loaded, 23168 targets configured)
[5,466 / 6,487] 2 / 43 tests, 1 failed; Compiling src/V3AstNodes.cpp [for tool]; 20s processwrapper-sandbox ... (8 actions, 7 running)
Analyzing: 2440 targets (399 packages loaded, 23168 targets configured)
[5,469 / 6,487] 2 / 43 tests, 1 failed; Compiling src/V3AstNodes.cpp [for tool]; 21s processwrapper-sandbox ... (8 actions, 7 running)
Analyzing: 2440 targets (399 packages loaded, 23168 targets configured)
[5,470 / 6,487] 2 / 43 tests, 1 failed; Compiling src/V3AstNodes.cpp [for tool]; 22s processwrapper-sandbox ... (8 actions, 7 running)
Analyzing: 2440 targets (399 packages loaded, 23168 targets configured)
[5,470 / 6,487] 2 / 43 tests, 1 failed; Compiling src/V3AstNodes.cpp [for tool]; 23s processwrapper-sandbox ... (9 actions, 8 running)
Analyzing: 2440 targets (399 packages loaded, 23168 targets configured)
[5,471 / 6,487] 2 / 43 tests, 1 failed; Compiling src/V3AstNodes.cpp [for tool]; 24s processwrapper-sandbox ... (9 actions, 8 running)
Analyzing: 2440 targets (399 packages loaded, 23168 targets configured)
[5,472 / 6,487] 2 / 43 tests, 1 failed; Compiling src/V3AstNodes.cpp [for tool]; 26s processwrapper-sandbox ... (8 actions, 7 running)
Analyzing: 2440 targets (399 packages loaded, 23168 targets configured)
[5,474 / 6,487] 2 / 43 tests, 1 failed; Compiling src/V3AstNodes.cpp [for tool]; 27s processwrapper-sandbox ... (9 actions, 8 running)
Analyzing: 2440 targets (399 packages loaded, 23168 targets configured)
[5,476 / 6,487] 2 / 43 tests, 1 failed; Compiling src/V3AstNodes.cpp [for tool]; 29s processwrapper-sandbox ... (8 actions, 7 running)
Analyzing: 2440 targets (399 packages loaded, 23168 targets configured)
[5,476 / 6,487] 2 / 43 tests, 1 failed; Compiling src/V3AstNodes.cpp [for tool]; 30s processwrapper-sandbox ... (9 actions, 8 running)
Analyzing: 2440 targets (399 packages loaded, 23168 targets configured)
[5,478 / 6,487] 2 / 43 tests, 1 failed; Compiling src/V3AstNodes.cpp [for tool]; 32s processwrapper-sandbox ... (8 actions, 7 running)
Analyzing: 2440 targets (399 packages loaded, 23168 targets configured)
[5,481 / 6,487] 2 / 43 tests, 1 failed; Compiling src/V3AstNodes.cpp [for tool]; 33s processwrapper-sandbox ... (8 actions, 7 running)
Analyzing: 2440 targets (399 packages loaded, 23168 targets configured)
[5,484 / 6,487] 2 / 43 tests, 1 failed; Compiling src/google/protobuf/descriptor.cc [for tool]; 13s processwrapper-sandbox ... (9 actions, 8 running)
Analyzing: 2440 targets (399 packages loaded, 23168 targets configured)
[5,485 / 6,487] 2 / 43 tests, 1 failed; Compiling src/google/protobuf/descriptor.cc [for tool]; 14s processwrapper-sandbox ... (8 actions running)
Analyzing: 2440 targets (399 packages loaded, 23168 targets configured)
[5,486 / 6,487] 2 / 43 tests, 1 failed; Compiling src/google/protobuf/descriptor.cc [for tool]; 16s processwrapper-sandbox ... (8 actions, 7 running)
Analyzing: 2440 targets (399 packages loaded, 23168 targets configured)
[5,493 / 6,487] 2 / 43 tests, 1 failed; Compiling src/google/protobuf/descriptor.cc [for tool]; 17s processwrapper-sandbox ... (8 actions, 7 running)
Analyzing: 2440 targets (399 packages loaded, 23168 targets configured)
[5,498 / 6,487] 2 / 43 tests, 1 failed; Compiling src/google/protobuf/descriptor.cc [for tool]; 18s processwrapper-sandbox ... (9 actions, 8 running)
Analyzing: 2440 targets (399 packages loaded, 23168 targets configured)
[5,502 / 6,487] 2 / 43 tests, 1 failed; Compiling src/google/protobuf/descriptor.cc [for tool]; 19s processwrapper-sandbox ... (9 actions, 8 running)
Analyzing: 2440 targets (399 packages loaded, 23168 targets configured)
[5,504 / 6,487] 2 / 43 tests, 1 failed; Compiling src/google/protobuf/descriptor.cc [for tool]; 21s processwrapper-sandbox ... (8 actions, 7 running)
ERROR: /app/sw/utils/nexus_loader/BUILD.bazel:23:10: Compiling sw/utils/nexus_loader/main.cc failed: missing input file '//sw/utils/nexus_loader:main.cc'
ERROR: /app/sw/utils/nexus_loader/BUILD.bazel:23:10: Compiling sw/utils/nexus_loader/main.cc failed: missing input file '//sw/utils/nexus_loader:spi_master.h'
ERROR: /app/sw/utils/nexus_loader/BUILD.bazel:23:10: Compiling sw/utils/nexus_loader/main.cc failed: missing input file '//sw/utils/nexus_loader:spi_master.h'
ERROR: /app/sw/utils/nexus_loader/BUILD.bazel:23:10: Compiling sw/utils/nexus_loader/main.cc failed: 3 input file(s) do not exist
Analyzing: 2440 targets (399 packages loaded, 23168 targets configured)
[5,509 / 6,487] 2 / 43 tests, 1 failed; Compiling src/google/protobuf/descriptor.cc [for tool]; 22s processwrapper-sandbox ... (8 actions, 7 running)
Analyzing: 2440 targets (399 packages loaded, 23168 targets configured)
[5,515 / 6,487] 2 / 43 tests, 1 failed; Compiling src/google/protobuf/descriptor.cc [for tool]; 23s processwrapper-sandbox ... (8 actions, 7 running)
Analyzing: 2440 targets (399 packages loaded, 23168 targets configured)
[5,515 / 6,487] 2 / 43 tests, 1 failed; Compiling src/google/protobuf/descriptor.cc [for tool]; 24s processwrapper-sandbox ... (9 actions, 8 running)
Analyzing: 2440 targets (399 packages loaded, 23168 targets configured)
[5,516 / 6,487] 2 / 43 tests, 1 failed; Compiling src/google/protobuf/descriptor.cc [for tool]; 25s processwrapper-sandbox ... (9 actions, 8 running)
Analyzing: 2440 targets (399 packages loaded, 23168 targets configured)
[5,523 / 6,487] 2 / 43 tests, 1 failed; Compiling src/V3PreProc.cpp [for tool]; 11s processwrapper-sandbox ... (8 actions, 7 running)
Analyzing: 2440 targets (399 packages loaded, 23168 targets configured)
[5,528 / 6,487] 2 / 43 tests, 1 failed; Compiling src/V3PreProc.cpp [for tool]; 12s processwrapper-sandbox ... (8 actions running)
Analyzing: 2440 targets (399 packages loaded, 23168 targets configured)
[5,540 / 6,486] 2 / 43 tests, 1 failed; Compiling src/V3PreProc.cpp [for tool]; 13s processwrapper-sandbox ... (8 actions, 7 running)
Analyzing: 2440 targets (399 packages loaded, 23168 targets configured)
[5,552 / 6,486] 2 / 43 tests, 1 failed; Compiling src/V3Combine.cpp [for tool]; 5s processwrapper-sandbox ... (8 actions, 7 running)
Analyzing: 2440 targets (399 packages loaded, 23168 targets configured)
[5,561 / 6,486] 2 / 43 tests, 1 failed; Compiling src/V3Common.cpp [for tool]; 3s processwrapper-sandbox ... (8 actions, 7 running)
Analyzing: 2440 targets (399 packages loaded, 23168 targets configured)
[5,564 / 6,486] 2 / 43 tests, 1 failed; Compiling src/V3Common.cpp [for tool]; 5s processwrapper-sandbox ... (8 actions, 7 running)
Analyzing: 2440 targets (399 packages loaded, 23168 targets configured)
[5,568 / 6,486] 2 / 43 tests, 1 failed; Compiling src/V3Config.cpp [for tool]; 5s processwrapper-sandbox ... (9 actions, 8 running)
Analyzing: 2440 targets (399 packages loaded, 23168 targets configured)
[5,571 / 6,486] 2 / 43 tests, 1 failed; Compiling src/V3Config.cpp [for tool]; 7s processwrapper-sandbox ... (8 actions, 7 running)
Analyzing: 2440 targets (399 packages loaded, 23168 targets configured)
[5,574 / 6,486] 2 / 43 tests, 1 failed; Compiling src/V3Config.cpp [for tool]; 8s processwrapper-sandbox ... (8 actions, 7 running)
Analyzing: 2440 targets (399 packages loaded, 23168 targets configured)
[5,575 / 6,486] 2 / 43 tests, 1 failed; Compiling src/V3Config.cpp [for tool]; 9s processwrapper-sandbox ... (9 actions, 8 running)
Analyzing: 2440 targets (399 packages loaded, 23168 targets configured)
[5,576 / 6,486] 2 / 43 tests, 1 failed; Compiling src/V3ParseLex.cpp [for tool]; 9s processwrapper-sandbox ... (9 actions, 8 running)
Analyzing: 2440 targets (399 packages loaded, 23168 targets configured)
[5,580 / 6,486] 2 / 43 tests, 1 failed; Compiling src/V3ParseLex.cpp [for tool]; 11s processwrapper-sandbox ... (8 actions, 7 running)
INFO: From Building external/com_google_protobuf/java/core/libcore.jar (43 source files, 1 source jar) [for tool]:
warning: [options] source value 8 is obsolete and will be removed in a future release
warning: [options] target value 8 is obsolete and will be removed in a future release
warning: [options] To suppress warnings about obsolete options, use -Xlint:-options.
Analyzing: 2440 targets (399 packages loaded, 23168 targets configured)
[5,583 / 6,486] 2 / 43 tests, 1 failed; Compiling tensorflow/lite/micro/arena_allocator/persistent_arena_buffer_allocator.cc; 5s processwrapper-sandbox ... (8 actions running)
Analyzing: 2440 targets (399 packages loaded, 23168 targets configured)
[5,585 / 6,486] 2 / 43 tests, 1 failed; Compiling src/V3Dead.cpp [for tool]; 4s processwrapper-sandbox ... (8 actions, 7 running)
Analyzing: 2440 targets (399 packages loaded, 23168 targets configured)
[5,590 / 6,486] 2 / 43 tests, 1 failed; Compiling src/V3Dead.cpp [for tool]; 5s processwrapper-sandbox ... (9 actions, 8 running)
Analyzing: 2440 targets (399 packages loaded, 23168 targets configured)
[5,594 / 6,486] 2 / 43 tests, 1 failed; Compiling src/V3Delayed.cpp [for tool]; 6s processwrapper-sandbox ... (8 actions, 7 running)
Analyzing: 2440 targets (399 packages loaded, 23168 targets configured)
[5,595 / 6,486] 2 / 43 tests, 1 failed; Compiling src/V3ParseImp.cpp [for tool]; 5s processwrapper-sandbox ... (8 actions, 7 running)
Analyzing: 2440 targets (399 packages loaded, 23168 targets configured)
[5,597 / 6,486] 2 / 43 tests, 1 failed; Compiling src/V3ParseImp.cpp [for tool]; 7s processwrapper-sandbox ... (8 actions running)
INFO: From Compiling re2/prefilter_tree.cc:
In file included from external/com_googlesource_code_re2/re2/prefilter_tree.cc:5:
In file included from external/com_googlesource_code_re2/re2/prefilter_tree.h:22:
In file included from external/com_google_absl/absl/container/flat_hash_set.h:36:
In file included from /usr/lib/gcc/x86_64-linux-gnu/12/../../../../include/c++/12/memory:67:
/usr/lib/gcc/x86_64-linux-gnu/12/../../../../include/c++/12/bits/stl_tempbuf.h:263:8: warning: 'get_temporary_buffer<std::pair<unsigned long, int>>' is deprecated [-Wdeprecated-declarations]
  263 |                 std::get_temporary_buffer<value_type>(_M_original_len));
      |                      ^
/usr/lib/gcc/x86_64-linux-gnu/12/../../../../include/c++/12/bits/stl_algo.h:4996:15: note: in instantiation of member function 'std::_Temporary_buffer<__gnu_cxx::__normal_iterator<std::pair<unsigned long, int> *, std::vector<std::pair<unsigned long, int>>>, std::pair<unsigned long, int>>::_Temporary_buffer' requested here
 4996 |       _TmpBuf __buf(__first, (__last - __first + 1) / 2);
      |               ^
/usr/lib/gcc/x86_64-linux-gnu/12/../../../../include/c++/12/bits/stl_algo.h:5034:23: note: in instantiation of function template specialization 'std::__stable_sort<__gnu_cxx::__normal_iterator<std::pair<unsigned long, int> *, std::vector<std::pair<unsigned long, int>>>, __gnu_cxx::__ops::_Iter_less_iter>' requested here
 5034 |       _GLIBCXX_STD_A::__stable_sort(__first, __last,
      |                       ^
external/com_googlesource_code_re2/re2/prefilter_tree.cc:242:10: note: in instantiation of function template specialization 'std::stable_sort<__gnu_cxx::__normal_iterator<std::pair<unsigned long, int> *, std::vector<std::pair<unsigned long, int>>>>' requested here
  242 |     std::stable_sort(entries_by_num_edges.begin(), entries_by_num_edges.end());
      |          ^
/usr/lib/gcc/x86_64-linux-gnu/12/../../../../include/c++/12/bits/stl_tempbuf.h:99:5: note: 'get_temporary_buffer<std::pair<unsigned long, int>>' has been explicitly marked deprecated here
   99 |     _GLIBCXX17_DEPRECATED
      |     ^
/usr/lib/gcc/x86_64-linux-gnu/12/../../../../include/x86_64-linux-gnu/c++/12/bits/c++config.h:119:34: note: expanded from macro '_GLIBCXX17_DEPRECATED'
  119 | # define _GLIBCXX17_DEPRECATED [[__deprecated__]]
      |                                  ^
1 warning generated.
Analyzing: 2440 targets (399 packages loaded, 23168 targets configured)
[5,598 / 6,486] 2 / 43 tests, 1 failed; Compiling src/V3ParseImp.cpp [for tool]; 8s processwrapper-sandbox ... (8 actions, 7 running)
INFO: From Building external/bazel_tools/src/main/protobuf/libworker_protocol_proto-speed.jar (1 source jar) [for tool]:
warning: [options] source value 8 is obsolete and will be removed in a future release
warning: [options] target value 8 is obsolete and will be removed in a future release
warning: [options] To suppress warnings about obsolete options, use -Xlint:-options.
Analyzing: 2440 targets (399 packages loaded, 23168 targets configured)
[5,603 / 6,486] 2 / 43 tests, 1 failed; Compiling external/com_google_mpact-sim/mpact/sim/decoder/BinFormatParser.cpp [for tool]; 7s processwrapper-sandbox ... (8 actions, 7 running)
INFO: From Building external/io_bazel_rules_scala/src/java/io/bazel/rulesscala/worker/libworker.jar (1 source file) [for tool]:
warning: [options] source value 8 is obsolete and will be removed in a future release
warning: [options] target value 8 is obsolete and will be removed in a future release
warning: [options] To suppress warnings about obsolete options, use -Xlint:-options.
Analyzing: 2440 targets (399 packages loaded, 23168 targets configured)
[5,610 / 6,486] 2 / 43 tests, 1 failed; Compiling src/V3Dfg.cpp [for tool]; 4s processwrapper-sandbox ... (8 actions, 7 running)
Analyzing: 2440 targets (399 packages loaded, 23168 targets configured)
[5,612 / 6,486] 2 / 43 tests, 1 failed; Compiling src/V3Dfg.cpp [for tool]; 6s processwrapper-sandbox ... (8 actions running)
INFO: From Building external/io_bazel_rules_scala/src/protobuf/io/bazel/rules_scala/libdiagnostics_proto-speed.jar (1 source jar) [for tool]:
warning: [options] source value 8 is obsolete and will be removed in a future release
warning: [options] target value 8 is obsolete and will be removed in a future release
warning: [options] To suppress warnings about obsolete options, use -Xlint:-options.
Analyzing: 2440 targets (399 packages loaded, 23168 targets configured)
[5,618 / 6,486] 2 / 43 tests, 1 failed; Compiling src/V3DfgAstToDfg.cpp [for tool]; 4s processwrapper-sandbox ... (8 actions, 7 running)
Analyzing: 2440 targets (399 packages loaded, 23168 targets configured)
[5,623 / 6,486] 2 / 43 tests, 1 failed; Compiling src/V3DfgAstToDfg.cpp [for tool]; 6s processwrapper-sandbox ... (8 actions, 7 running)
INFO: From Building external/io_bazel_rules_scala/src/java/io/bazel/rulesscala/scalac/scalac.jar (4 source files) [for tool]:
warning: [path] bad path element "/home/builder/.cache/bazel/_bazel_builder/8c069df52082beee3c95ca17836fb8e2/execroot/coralnpu_hw/bazel-out/k8-opt-exec-ST-a828a81199fe/bin/external/io_bazel_rules_scala_scala_compiler_2_13_12/io_bazel_rules_scala_scala_compiler_2_13_12.stamp/scala-reflect.jar": no such file or directory
warning: [path] bad path element "/home/builder/.cache/bazel/_bazel_builder/8c069df52082beee3c95ca17836fb8e2/execroot/coralnpu_hw/bazel-out/k8-opt-exec-ST-a828a81199fe/bin/external/io_bazel_rules_scala_scala_compiler_2_13_12/io_bazel_rules_scala_scala_compiler_2_13_12.stamp/scala-library.jar": no such file or directory
warning: [options] source value 8 is obsolete and will be removed in a future release
warning: [options] target value 8 is obsolete and will be removed in a future release
warning: [options] To suppress warnings about obsolete options, use -Xlint:-options.
Analyzing: 2440 targets (399 packages loaded, 23168 targets configured)
[5,629 / 6,486] 2 / 43 tests, 1 failed; Compiling src/V3DfgAstToDfg.cpp [for tool]; 7s processwrapper-sandbox ... (8 actions, 7 running)
INFO: From Building external/io_bazel_rules_scala/src/java/io/bazel/rulesscala/scalac/reporter/libreporter.jar (2 source files) [for tool]:
warning: [path] bad path element "/home/builder/.cache/bazel/_bazel_builder/8c069df52082beee3c95ca17836fb8e2/execroot/coralnpu_hw/bazel-out/k8-opt-exec-ST-a828a81199fe/bin/external/io_bazel_rules_scala_scala_compiler_2_13_12/io_bazel_rules_scala_scala_compiler_2_13_12.stamp/scala-reflect.jar": no such file or directory
warning: [path] bad path element "/home/builder/.cache/bazel/_bazel_builder/8c069df52082beee3c95ca17836fb8e2/execroot/coralnpu_hw/bazel-out/k8-opt-exec-ST-a828a81199fe/bin/external/io_bazel_rules_scala_scala_compiler_2_13_12/io_bazel_rules_scala_scala_compiler_2_13_12.stamp/scala-library.jar": no such file or directory
warning: [options] source value 8 is obsolete and will be removed in a future release
warning: [options] target value 8 is obsolete and will be removed in a future release
warning: [options] To suppress warnings about obsolete options, use -Xlint:-options.
Analyzing: 2440 targets (399 packages loaded, 23168 targets configured)
[5,630 / 6,486] 2 / 43 tests, 1 failed; Compiling src/V3DfgAstToDfg.cpp [for tool]; 8s processwrapper-sandbox ... (8 actions running)
INFO: From Building external/io_bazel_rules_scala/src/java/io/bazel/rulesscala/scalac/reporter/libscala_deps_proto-speed.jar (1 source jar) [for tool]:
warning: [options] source value 8 is obsolete and will be removed in a future release
warning: [options] target value 8 is obsolete and will be removed in a future release
warning: [options] To suppress warnings about obsolete options, use -Xlint:-options.
Analyzing: 2440 targets (399 packages loaded, 23168 targets configured)
[5,647 / 6,486] 2 / 43 tests, 1 failed; Compiling src/V3DfgAstToDfg.cpp [for tool]; 10s processwrapper-sandbox ... (8 actions, 7 running)
Analyzing: 2440 targets (399 packages loaded, 23168 targets configured)
[5,652 / 6,486] 2 / 43 tests, 1 failed; Compiling src/V3DfgAstToDfg.cpp [for tool]; 11s processwrapper-sandbox ... (8 actions, 7 running)
Analyzing: 2440 targets (399 packages loaded, 23168 targets configured)
[5,655 / 6,486] 2 / 43 tests, 1 failed; Compiling src/V3DfgAstToDfg.cpp [for tool]; 12s processwrapper-sandbox ... (8 actions, 7 running)
Analyzing: 2440 targets (399 packages loaded, 23168 targets configured)
[5,656 / 6,486] 2 / 43 tests, 1 failed; Compiling src/V3DfgAstToDfg.cpp [for tool]; 13s processwrapper-sandbox ... (9 actions, 8 running)
Analyzing: 2440 targets (399 packages loaded, 23168 targets configured)
[5,661 / 6,486] 2 / 43 tests, 1 failed; Compiling src/V3ParseGrammar.cpp [for tool]; 13s processwrapper-sandbox ... (8 actions running)
Analyzing: 2440 targets (399 packages loaded, 23168 targets configured)
[5,664 / 6,486] 2 / 43 tests, 1 failed; Compiling src/V3ParseGrammar.cpp [for tool]; 15s processwrapper-sandbox ... (8 actions, 7 running)
Analyzing: 2440 targets (399 packages loaded, 23168 targets configured)
[5,667 / 6,486] 2 / 43 tests, 1 failed; Compiling src/V3ParseGrammar.cpp [for tool]; 16s processwrapper-sandbox ... (8 actions, 7 running)
Analyzing: 2440 targets (399 packages loaded, 23168 targets configured)
[5,669 / 6,486] 2 / 43 tests, 1 failed; Compiling src/V3ParseGrammar.cpp [for tool]; 17s processwrapper-sandbox ... (8 actions, 7 running)
Analyzing: 2440 targets (399 packages loaded, 23168 targets configured)
[5,672 / 6,486] 2 / 43 tests, 1 failed; Compiling src/V3ParseGrammar.cpp [for tool]; 18s processwrapper-sandbox ... (8 actions, 7 running)
Analyzing: 2440 targets (399 packages loaded, 23168 targets configured)
[5,673 / 6,486] 2 / 43 tests, 1 failed; Compiling src/V3ParseGrammar.cpp [for tool]; 19s processwrapper-sandbox ... (9 actions, 8 running)
Analyzing: 2440 targets (399 packages loaded, 23168 targets configured)
[5,674 / 6,486] 2 / 43 tests, 1 failed; Compiling src/V3ParseGrammar.cpp [for tool]; 20s processwrapper-sandbox ... (8 actions running)
Analyzing: 2440 targets (399 packages loaded, 23168 targets configured)
[5,679 / 6,486] 2 / 43 tests, 1 failed; Compiling src/V3ParseGrammar.cpp [for tool]; 22s processwrapper-sandbox ... (8 actions, 7 running)
Analyzing: 2440 targets (399 packages loaded, 23168 targets configured)
[5,682 / 6,486] 2 / 43 tests, 1 failed; Compiling src/V3ParseGrammar.cpp [for tool]; 23s processwrapper-sandbox ... (9 actions, 8 running)
Analyzing: 2440 targets (399 packages loaded, 23168 targets configured)
[5,683 / 6,486] 2 / 43 tests, 1 failed; Compiling src/V3ParseGrammar.cpp [for tool]; 24s processwrapper-sandbox ... (8 actions, 7 running)
Analyzing: 2440 targets (399 packages loaded, 23168 targets configured)
[5,686 / 6,486] 2 / 43 tests, 1 failed; Compiling src/V3ParseGrammar.cpp [for tool]; 25s processwrapper-sandbox ... (8 actions, 7 running)
Analyzing: 2440 targets (399 packages loaded, 23168 targets configured)
[5,691 / 6,486] 2 / 43 tests, 1 failed; Compiling src/V3ParseGrammar.cpp [for tool]; 27s processwrapper-sandbox ... (8 actions, 7 running)
Analyzing: 2440 targets (399 packages loaded, 23168 targets configured)
[5,696 / 6,486] 2 / 43 tests, 1 failed; Compiling src/V3ParseGrammar.cpp [for tool]; 28s processwrapper-sandbox ... (8 actions, 7 running)
Analyzing: 2440 targets (399 packages loaded, 23168 targets configured)
[5,701 / 6,486] 2 / 43 tests, 1 failed; Compiling src/V3ParseGrammar.cpp [for tool]; 29s processwrapper-sandbox ... (8 actions, 7 running)
Analyzing: 2440 targets (399 packages loaded, 23168 targets configured)
[5,702 / 6,486] 2 / 43 tests, 1 failed; Compiling src/V3ParseGrammar.cpp [for tool]; 30s processwrapper-sandbox ... (8 actions running)
ERROR: /app/sw/opt/litert-micro/BUILD:52:11: Compiling sw/opt/litert-micro/conv.cc failed: missing input file '//sw/opt/litert-micro:conv.cc'
ERROR: /app/sw/opt/litert-micro/BUILD:52:11: Compiling sw/opt/litert-micro/conv.cc failed: missing input file '//sw/opt/litert-micro:conv.h'
ERROR: /app/sw/opt/litert-micro/BUILD:52:11: Compiling sw/opt/litert-micro/conv.cc failed: missing input file '//sw/opt/litert-micro:memory_util.h'
ERROR: /app/sw/opt/litert-micro/BUILD:52:11: Compiling sw/opt/litert-micro/conv.cc failed: missing input file '//sw/opt/litert-micro:accumulator_util.h'
ERROR: /app/sw/opt/litert-micro/BUILD:52:11: Compiling sw/opt/litert-micro/conv.cc failed: missing input file '//sw/opt:rvv_opt.h'
ERROR: /app/sw/opt/litert-micro/BUILD:52:11: Compiling sw/opt/litert-micro/conv.cc failed: missing input file '//sw/opt:rvv_opt.h'
ERROR: /app/sw/opt/litert-micro/BUILD:52:11: Compiling sw/opt/litert-micro/conv.cc failed: missing input file '//sw/opt/litert-micro:conv.h'
ERROR: /app/sw/opt/litert-micro/BUILD:52:11: Compiling sw/opt/litert-micro/conv.cc failed: missing input file '//sw/opt/litert-micro:accumulator_util.h'
ERROR: /app/sw/opt/litert-micro/BUILD:52:11: Compiling sw/opt/litert-micro/conv.cc failed: missing input file '//sw/opt/litert-micro:memory_util.h'
ERROR: /app/sw/opt/litert-micro/BUILD:52:11: Compiling sw/opt/litert-micro/conv.cc failed: 9 input file(s) do not exist
ERROR: /app/sw/opt/litert-micro/BUILD:37:11: Compiling sw/opt/litert-micro/depthwise_conv.cc failed: missing input file '//sw/opt/litert-micro:depthwise_conv.cc'
ERROR: /app/sw/opt/litert-micro/BUILD:37:11: Compiling sw/opt/litert-micro/depthwise_conv.cc failed: missing input file '//sw/opt/litert-micro:depthwise_conv.h'
ERROR: /app/sw/opt/litert-micro/BUILD:37:11: Compiling sw/opt/litert-micro/depthwise_conv.cc failed: missing input file '//sw/opt/litert-micro:accumulator_util.h'
ERROR: /app/sw/opt/litert-micro/BUILD:37:11: Compiling sw/opt/litert-micro/depthwise_conv.cc failed: missing input file '//sw/opt/litert-micro:memory_util.h'
ERROR: /app/sw/opt/litert-micro/BUILD:37:11: Compiling sw/opt/litert-micro/depthwise_conv.cc failed: missing input file '//sw/opt:rvv_opt.h'
ERROR: /app/sw/opt/litert-micro/BUILD:37:11: Compiling sw/opt/litert-micro/depthwise_conv.cc failed: missing input file '//sw/opt:rvv_opt.h'
ERROR: /app/sw/opt/litert-micro/BUILD:37:11: Compiling sw/opt/litert-micro/depthwise_conv.cc failed: missing input file '//sw/opt/litert-micro:depthwise_conv.h'
ERROR: /app/sw/opt/litert-micro/BUILD:37:11: Compiling sw/opt/litert-micro/depthwise_conv.cc failed: missing input file '//sw/opt/litert-micro:memory_util.h'
ERROR: /app/sw/opt/litert-micro/BUILD:37:11: Compiling sw/opt/litert-micro/depthwise_conv.cc failed: missing input file '//sw/opt/litert-micro:accumulator_util.h'
ERROR: /app/sw/opt/litert-micro/BUILD:37:11: Compiling sw/opt/litert-micro/depthwise_conv.cc failed: 9 input file(s) do not exist
Analyzing: 2440 targets (399 packages loaded, 23168 targets configured)
[5,710 / 6,486] 2 / 43 tests, 1 failed; Compiling src/V3ParseGrammar.cpp [for tool]; 32s processwrapper-sandbox ... (8 actions, 7 running)
INFO: From Compiling mpact/sim/decoder/bin_format_gen_main.cc [for tool]:
external/com_google_mpact-sim/mpact/sim/decoder/bin_format_gen_main.cc: In function 'int main(int, char**)':
external/com_google_mpact-sim/mpact/sim/decoder/bin_format_gen_main.cc:44:21: warning: comparison of integer expressions of different signedness: 'int' and 'std::vector<char*>::size_type' {aka 'long unsigned int'} [-Wsign-compare]
   44 |   for (int i = 1; i < arg_vec.size(); ++i) {
      |                   ~~^~~~~~~~~~~~~~~~
Analyzing: 2440 targets (399 packages loaded, 23168 targets configured)
[5,713 / 6,486] 2 / 43 tests, 1 failed; Compiling src/V3ParseGrammar.cpp [for tool]; 33s processwrapper-sandbox ... (8 actions, 7 running)
ERROR: /app/hdl/chisel/src/bus/BUILD:71:18: Executing genrule //hdl/chisel/src/bus:tlul2axi_cc_library_emit_verilog failed: (Exit 1): bash failed: error executing Genrule command (from target //hdl/chisel/src/bus:tlul2axi_cc_library_emit_verilog) /bin/bash -c ... (remaining 1 argument skipped)

Use --sandbox_debug to see verbose messages from the sandbox and retain the sandbox build root for debugging
Error: Could not find or load main class bus.EmitTLUL2Axi
Caused by: java.lang.ClassNotFoundException: bus.EmitTLUL2Axi
Analyzing: 2440 targets (399 packages loaded, 23168 targets configured)
[5,715 / 6,486] 2 / 43 tests, 1 failed; Compiling src/V3EmitCFunc.cpp [for tool]; 8s processwrapper-sandbox ... (8 actions running)
ERROR: /app/hdl/chisel/src/bus/BUILD:71:18: Executing genrule //hdl/chisel/src/bus:tlul2axi_cc_library_emit_verilog [for tool] failed: (Exit 1): bash failed: error executing Genrule command (from target //hdl/chisel/src/bus:tlul2axi_cc_library_emit_verilog) /bin/bash -c ... (remaining 1 argument skipped)

Use --sandbox_debug to see verbose messages from the sandbox and retain the sandbox build root for debugging
Error: Could not find or load main class bus.EmitTLUL2Axi
Caused by: java.lang.ClassNotFoundException: bus.EmitTLUL2Axi
Analyzing: 2440 targets (399 packages loaded, 23168 targets configured)
[5,718 / 6,486] 2 / 43 tests, 1 failed; Compiling mpact/sim/generic/component.cc; 6s processwrapper-sandbox ... (8 actions running)
Analyzing: 2440 targets (399 packages loaded, 23168 targets configured)
[5,722 / 6,486] 2 / 43 tests, 1 failed; Compiling src/V3EmitCHeaders.cpp [for tool]; 6s processwrapper-sandbox ... (9 actions, 8 running)
Analyzing: 2440 targets (399 packages loaded, 23168 targets configured)
[5,726 / 6,486] 2 / 43 tests, 1 failed; Compiling src/V3EmitCImp.cpp [for tool]; 6s processwrapper-sandbox ... (7 actions, 6 running)
Analyzing: 2440 targets (399 packages loaded, 23168 targets configured)
[5,729 / 6,486] 2 / 43 tests, 1 failed; Compiling src/V3EmitCImp.cpp [for tool]; 8s processwrapper-sandbox ... (8 actions, 7 running)
ERROR: /app/hdl/chisel/src/bus/BUILD:64:18: Executing genrule //hdl/chisel/src/bus:axi2tlul_cc_library_emit_verilog failed: (Exit 1): bash failed: error executing Genrule command (from target //hdl/chisel/src/bus:axi2tlul_cc_library_emit_verilog) /bin/bash -c ... (remaining 1 argument skipped)

Use --sandbox_debug to see verbose messages from the sandbox and retain the sandbox build root for debugging
Error: Could not find or load main class bus.EmitAxi2TLUL
Caused by: java.lang.ClassNotFoundException: bus.EmitAxi2TLUL
ERROR: /app/hdl/chisel/src/bus/BUILD:64:18: Executing genrule //hdl/chisel/src/bus:axi2tlul_cc_library_emit_verilog [for tool] failed: (Exit 1): bash failed: error executing Genrule command (from target //hdl/chisel/src/bus:axi2tlul_cc_library_emit_verilog) /bin/bash -c ... (remaining 1 argument skipped)

Use --sandbox_debug to see verbose messages from the sandbox and retain the sandbox build root for debugging
Error: Could not find or load main class bus.EmitAxi2TLUL
Caused by: java.lang.ClassNotFoundException: bus.EmitAxi2TLUL
Analyzing: 2440 targets (399 packages loaded, 23168 targets configured)
[5,733 / 6,486] 2 / 43 tests, 1 failed; Compiling src/V3EmitCImp.cpp [for tool]; 9s processwrapper-sandbox ... (8 actions running)
Analyzing: 2440 targets (399 packages loaded, 23168 targets configured)
[5,734 / 6,486] 2 / 43 tests, 1 failed; Compiling src/V3EmitCImp.cpp [for tool]; 10s processwrapper-sandbox ... (9 actions, 8 running)
Analyzing: 2440 targets (399 packages loaded, 23168 targets configured)
[5,736 / 6,486] 2 / 43 tests, 1 failed; Compiling src/V3EmitCImp.cpp [for tool]; 11s processwrapper-sandbox ... (8 actions, 7 running)
Analyzing: 2440 targets (399 packages loaded, 23168 targets configured)
[5,738 / 6,486] 2 / 43 tests, 1 failed; Compiling src/V3EmitCImp.cpp [for tool]; 12s processwrapper-sandbox ... (8 actions, 7 running)
Analyzing: 2440 targets (399 packages loaded, 23168 targets configured)
[5,751 / 6,486] 2 / 43 tests, 1 failed; Compiling src/V3EmitCImp.cpp [for tool]; 13s processwrapper-sandbox ... (8 actions, 7 running)
ERROR: /app/hdl/chisel/src/bus/BUILD:248:12: scala @//hdl/chisel/src/bus:dma_engine_test_scalatest failed: (Exit 1): scalac failed: error executing Scalac command (from target //hdl/chisel/src/bus:dma_engine_test_scalatest) bazel-out/k8-opt-exec-ST-a828a81199fe/bin/external/io_bazel_rules_scala/src/java/io/bazel/rulesscala/scalac/scalac @bazel-out/k8-fastbuild/bin/hdl/chisel/src/bus/dma_engine_test_scalatest.jar-0.params
hdl/chisel/src/bus/DmaEngineTest.scala:28: error: value axi2IdBits is not a member of coralnpu.Parameters
  deviceP.axi2IdBits = 10
          ^
hdl/chisel/src/bus/DmaEngineTest.scala:118: error: not found: type DmaEngine
      dut: DmaEngine,
           ^
hdl/chisel/src/bus/DmaEngineTest.scala:194: error: not found: type DmaEngine
    simulate(new DmaEngine(hostP, deviceP)) { dut =>
                 ^
hdl/chisel/src/bus/DmaEngineTest.scala:212: error: not found: type DmaEngine
    simulate(new DmaEngine(hostP, deviceP)) { dut =>
                 ^
hdl/chisel/src/bus/DmaEngineTest.scala:223: error: not found: type DmaEngine
    simulate(new DmaEngine(hostP, deviceP)) { dut =>
                 ^
hdl/chisel/src/bus/DmaEngineTest.scala:242: error: not found: type DmaEngine
    simulate(new DmaEngine(hostP, deviceP)) { dut =>
                 ^
hdl/chisel/src/bus/DmaEngineTest.scala:279: error: not found: type DmaEngine
    simulate(new DmaEngine(hostP, deviceP)) { dut =>
                 ^
hdl/chisel/src/bus/DmaEngineTest.scala:324: error: not found: type DmaEngine
    simulate(new DmaEngine(hostP, deviceP)) { dut =>
                 ^
hdl/chisel/src/bus/DmaEngineTest.scala:353: error: not found: type DmaEngine
    simulate(new DmaEngine(hostP, deviceP)) { dut =>
                 ^
hdl/chisel/src/bus/DmaEngineTest.scala:155: warning: local val busBytes in value $anonfun is never used
          val busBytes   = 16 // 128-bit bus
              ^
hdl/chisel/src/bus/DmaEngineTest.scala:156: warning: local val byteOffset in value $anonfun is never used
          val byteOffset = (address % busBytes).toInt
              ^
hdl/chisel/src/bus/DmaEngineTest.scala:165: warning: local val busBytes in value $anonfun is never used
          val busBytes   = 16 // 128-bit bus
              ^
hdl/chisel/src/bus/DmaEngineTest.scala:166: warning: local val byteOffset in value $anonfun is never used
          val byteOffset = (address % busBytes).toInt
              ^
4 warnings
9 errors
Build failed
java.lang.RuntimeException: Build failed
	at io.bazel.rulesscala.scalac.ScalacInvoker.invokeCompiler(ScalacInvoker.java:55)
	at io.bazel.rulesscala.scalac.ScalacWorker.compileScalaSources(ScalacWorker.java:257)
	at io.bazel.rulesscala.scalac.ScalacWorker.work(ScalacWorker.java:73)
	at io.bazel.rulesscala.worker.Worker.persistentWorkerMain(Worker.java:86)
	at io.bazel.rulesscala.worker.Worker.workerMain(Worker.java:39)
	at io.bazel.rulesscala.scalac.ScalacWorker.main(ScalacWorker.java:33)
Analyzing: 2440 targets (399 packages loaded, 23168 targets configured)
[5,759 / 6,486] 2 / 43 tests, 1 failed; Compiling mpact/sim/decoder/bin_format_visitor.cc [for tool]; 6s processwrapper-sandbox ... (8 actions running)
ERROR: /app/hdl/chisel/src/bus/BUILD:222:12: scala @//hdl/chisel/src/bus:spi_master_test_scalatest failed: (Exit 1): scalac failed: error executing Scalac command (from target //hdl/chisel/src/bus:spi_master_test_scalatest) bazel-out/k8-opt-exec-ST-a828a81199fe/bin/external/io_bazel_rules_scala/src/java/io/bazel/rulesscala/scalac/scalac @bazel-out/k8-fastbuild/bin/hdl/chisel/src/bus/spi_master_test_scalatest.jar-0.params
hdl/chisel/src/bus/SpiMasterTest.scala:31: error: not found: type SpiMasterCtrl
    simulate(new SpiMasterCtrl(p)) { dut =>
                 ^
hdl/chisel/src/bus/SpiMasterTest.scala:43: error: not found: type SpiMasterCtrl
    simulate(new SpiMasterCtrl(p)) { dut =>
                 ^
hdl/chisel/src/bus/SpiMasterTest.scala:69: error: not found: type SpiMasterCtrl
    simulate(new SpiMasterCtrl(p)) { dut =>
                 ^
hdl/chisel/src/bus/SpiMasterTest.scala:97: error: not found: type SpiMasterCtrl
    simulate(new SpiMasterCtrl(p)) { dut =>
                 ^
hdl/chisel/src/bus/SpiMasterTest.scala:121: error: not found: type SpiIO
        val spi        = new SpiIO
                             ^
hdl/chisel/src/bus/SpiMasterTest.scala:124: error: not found: type SpiMaster
      val dut = Module(new SpiMaster(p))
                           ^
hdl/chisel/src/bus/SpiMasterTest.scala:178: error: not found: type SpiMasterCtrl
    simulate(new SpiMasterCtrl(p)) { dut =>
                 ^
hdl/chisel/src/bus/SpiMasterTest.scala:197: error: not found: type SpiMasterCtrl
    simulate(new SpiMasterCtrl(p)) { dut =>
                 ^
hdl/chisel/src/bus/SpiMasterTest.scala:215: error: not found: type SpiMasterCtrl
    simulate(new SpiMasterCtrl(p)) { dut =>
                 ^
hdl/chisel/src/bus/SpiMasterTest.scala:255: error: not found: type SpiMasterCtrl
    simulate(new SpiMasterCtrl(p)) { dut =>
                 ^
hdl/chisel/src/bus/SpiMasterTest.scala:281: error: not found: type SpiMasterCtrl
    simulate(new SpiMasterCtrl(p)) { dut =>
                 ^
hdl/chisel/src/bus/SpiMasterTest.scala:313: error: not found: type SpiMasterCtrl
      simulate(new SpiMasterCtrl(p)) { dut =>
                   ^
hdl/chisel/src/bus/SpiMasterTest.scala:339: error: not found: type SpiMasterCtrl
    simulate(new SpiMasterCtrl(p)) { dut =>
                 ^
hdl/chisel/src/bus/SpiMasterTest.scala:374: error: not found: type SpiMasterCtrl
    simulate(new SpiMasterCtrl(p)) { dut =>
                 ^
hdl/chisel/src/bus/SpiMasterTest.scala:240: warning: local val sclk2 in value $anonfun is never used
      val sclk2 = dut.io.spi.sclk.peek().litValue
          ^
hdl/chisel/src/bus/SpiMasterTest.scala:81: warning: local var steps in value $anonfun is never updated: consider using immutable val
      var steps = 0
          ^
hdl/chisel/src/bus/SpiMasterTest.scala:168: warning: local var seen in value $anonfun is never updated: consider using immutable val
      var seen = 0
          ^
hdl/chisel/src/bus/SpiMasterTest.scala:350: warning: local var sclk_edges in value $anonfun is never updated: consider using immutable val
      var sclk_edges = 0
          ^
4 warnings
14 errors
Build failed
java.lang.RuntimeException: Build failed
	at io.bazel.rulesscala.scalac.ScalacInvoker.invokeCompiler(ScalacInvoker.java:55)
	at io.bazel.rulesscala.scalac.ScalacWorker.compileScalaSources(ScalacWorker.java:257)
	at io.bazel.rulesscala.scalac.ScalacWorker.work(ScalacWorker.java:73)
	at io.bazel.rulesscala.worker.Worker.persistentWorkerMain(Worker.java:86)
	at io.bazel.rulesscala.worker.Worker.workerMain(Worker.java:39)
	at io.bazel.rulesscala.scalac.ScalacWorker.main(ScalacWorker.java:33)
ERROR: /app/hdl/chisel/src/bus/BUILD:258:12: scala @//hdl/chisel/src/bus:spi2tlulv2_test_scalatest failed: (Exit 1): scalac failed: error executing Scalac command (from target //hdl/chisel/src/bus:spi2tlulv2_test_scalatest) bazel-out/k8-opt-exec-ST-a828a81199fe/bin/external/io_bazel_rules_scala/src/java/io/bazel/rulesscala/scalac/scalac @bazel-out/k8-fastbuild/bin/hdl/chisel/src/bus/spi2tlulv2_test_scalatest.jar-0.params
hdl/chisel/src/bus/Spi2TLULV2Test.scala:50: error: not found: type Spi2TLULV2
  val v2     = Module(new Spi2TLULV2(p))
                          ^
hdl/chisel/src/bus/Spi2TLULV2Test.scala:656: warning: local val captured in value $anonfun is never used
      val captured = dc.waitTlACapture(2, 1000)
          ^
1 warning
1 error
Build failed
java.lang.RuntimeException: Build failed
	at io.bazel.rulesscala.scalac.ScalacInvoker.invokeCompiler(ScalacInvoker.java:55)
	at io.bazel.rulesscala.scalac.ScalacWorker.compileScalaSources(ScalacWorker.java:257)
	at io.bazel.rulesscala.scalac.ScalacWorker.work(ScalacWorker.java:73)
	at io.bazel.rulesscala.worker.Worker.persistentWorkerMain(Worker.java:86)
	at io.bazel.rulesscala.worker.Worker.workerMain(Worker.java:39)
	at io.bazel.rulesscala.scalac.ScalacWorker.main(ScalacWorker.java:33)
Analyzing: 2440 targets (399 packages loaded, 23168 targets configured)
[5,763 / 6,486] 2 / 43 tests, 1 failed; Compiling mpact/sim/decoder/bin_format_visitor.cc [for tool]; 7s processwrapper-sandbox ... (8 actions, 7 running)
ERROR: /app/hdl/chisel/src/coralnpu/BUILD:266:15: scala @//hdl/chisel/src/coralnpu:RstSync failed: missing input file '//hdl/chisel/src/coralnpu:RstSync.scala'
ERROR: /app/hdl/chisel/src/coralnpu/BUILD:266:15: scala @//hdl/chisel/src/coralnpu:RstSync failed: missing input file '//hdl/verilog:RstSync.sv'
ERROR: /app/hdl/chisel/src/coralnpu/BUILD:266:15: scala @//hdl/chisel/src/coralnpu:RstSync failed: 2 input file(s) do not exist
Analyzing: 2440 targets (399 packages loaded, 23168 targets configured)
[5,766 / 6,486] 2 / 43 tests, 1 failed; Compiling mpact/sim/decoder/bin_format_visitor.cc [for tool]; 8s processwrapper-sandbox ... (8 actions, 7 running)
Analyzing: 2440 targets (399 packages loaded, 23168 targets configured)
[5,775 / 6,492] 5 / 43 tests, 4 failed; Compiling mpact/sim/decoder/bin_format_visitor.cc [for tool]; 10s processwrapper-sandbox ... (8 actions running)
Analyzing: 2440 targets (399 packages loaded, 23168 targets configured)
[5,779 / 6,492] 5 / 43 tests, 4 failed; Compiling mpact/sim/decoder/bin_format_visitor.cc [for tool]; 11s processwrapper-sandbox ... (8 actions, 7 running)
INFO: From Compiling mpact/sim/decoder/bin_format_visitor.cc [for tool]:
external/com_google_mpact-sim/mpact/sim/decoder/bin_format_visitor.cc: In member function 'absl::lts_20250127::Status mpact::sim::decoder::bin_format::BinFormatVisitor::Process(const std::vector<std::__cxx11::basic_string<char> >&, const std::string&, absl::lts_20250127::string_view, const std::vector<std::__cxx11::basic_string<char> >&, absl::lts_20250127::string_view)':
external/com_google_mpact-sim/mpact/sim/decoder/bin_format_visitor.cc:197:21: warning: comparison of integer expressions of different signedness: 'int' and 'std::vector<std::__cxx11::basic_string<char> >::size_type' {aka 'long unsigned int'} [-Wsign-compare]
  197 |   for (int i = 1; i < file_names.size(); ++i) {
      |                   ~~^~~~~~~~~~~~~~~~~~~
external/com_google_mpact-sim/mpact/sim/decoder/bin_format_visitor.cc: In member function 'void mpact::sim::decoder::bin_format::BinFormatVisitor::ProcessInstructionDefGenerator(mpact::sim::decoder::bin_format::InstructionDefCtx*, mpact::sim::decoder::bin_format::InstructionGroup*)':
external/com_google_mpact-sim/mpact/sim/decoder/bin_format_visitor.cc:1119:25: warning: comparison of integer expressions of different signedness: 'int' and 'std::vector<mpact::sim::decoder::bin_format::generated::BinFormatParser::Gen_valueContext*>::size_type' {aka 'long unsigned int'} [-Wsign-compare]
 1119 |       for (int i = 0; i < tuple_ctx->gen_value().size(); ++i) {
      |                       ~~^~~~~~~~~~~~~~~~~~~~~~~~~~~~~~~
external/com_google_mpact-sim/mpact/sim/decoder/bin_format_visitor.cc: In member function 'std::string mpact::sim::decoder::bin_format::BinFormatVisitor::GenerateInstructionDefList(const std::vector<mpact::sim::decoder::bin_format::RangeAssignmentInfo*>&, int, const std::string&) const':
external/com_google_mpact-sim/mpact/sim/decoder/bin_format_visitor.cc:1183:21: warning: comparison of integer expressions of different signedness: 'int' and 'std::vector<std::__cxx11::basic_string<char> >::size_type' {aka 'long unsigned int'} [-Wsign-compare]
 1183 |   for (int i = 0; i < range_info_vec[index]->range_values[0].size(); ++i) {
      |                   ~~^~~~~~~~~~~~~~~~~~~~~~~~~~~~~~~~~~~~~~~~~~~~~~~
external/com_google_mpact-sim/mpact/sim/decoder/bin_format_visitor.cc:1198:31: warning: comparison of integer expressions of different signedness: 'std::vector<mpact::sim::decoder::bin_format::RangeAssignmentInfo*>::size_type' {aka 'long unsigned int'} and 'int' [-Wsign-compare]
 1198 |     if (range_info_vec.size() > index + 1) {
      |         ~~~~~~~~~~~~~~~~~~~~~~^~~~~~~~~~~
Analyzing: 2440 targets (399 packages loaded, 23168 targets configured)
[5,796 / 6,492] 5 / 43 tests, 4 failed; Compiling src/V3EmitCModel.cpp [for tool]; 10s processwrapper-sandbox ... (8 actions, 7 running)
ERROR: /app/hdl/chisel/src/coralnpu/BUILD:279:15: scala @//hdl/chisel/src/coralnpu:coralnpu_base failed: missing input file '//hdl/chisel/src/coralnpu:DBus2Axi.scala'
ERROR: /app/hdl/chisel/src/coralnpu/BUILD:279:15: scala @//hdl/chisel/src/coralnpu:coralnpu_base failed: missing input file '//hdl/chisel/src/coralnpu:IBus2Axi.scala'
ERROR: /app/hdl/chisel/src/coralnpu/BUILD:279:15: scala @//hdl/chisel/src/coralnpu:coralnpu_base failed: missing input file '//hdl/chisel/src/coralnpu:Interfaces.scala'
ERROR: /app/hdl/chisel/src/coralnpu/BUILD:279:15: scala @//hdl/chisel/src/coralnpu:coralnpu_base failed: missing input file '//hdl/chisel/src/coralnpu:L1DCache.scala'
ERROR: /app/hdl/chisel/src/coralnpu/BUILD:279:15: scala @//hdl/chisel/src/coralnpu:coralnpu_base failed: missing input file '//hdl/chisel/src/coralnpu:L1ICache.scala'
ERROR: /app/hdl/chisel/src/coralnpu/BUILD:279:15: scala @//hdl/chisel/src/coralnpu:coralnpu_base failed: missing input file '//hdl/chisel/src/coralnpu:Library.scala'
ERROR: /app/hdl/chisel/src/coralnpu/BUILD:279:15: scala @//hdl/chisel/src/coralnpu:coralnpu_base failed: 6 input file(s) do not exist
Analyzing: 2440 targets (399 packages loaded, 23168 targets configured)
[5,810 / 6,492] 5 / 43 tests, 4 failed; Compiling src/V3EmitCModel.cpp [for tool]; 11s processwrapper-sandbox ... (8 actions running)
Analyzing: 2440 targets (399 packages loaded, 23168 targets configured)
[5,811 / 6,492] 5 / 43 tests, 4 failed; Compiling src/V3EmitCModel.cpp [for tool]; 13s processwrapper-sandbox ... (8 actions, 7 running)
Analyzing: 2440 targets (399 packages loaded, 23168 targets configured)
[5,819 / 6,502] 5 / 43 tests, 4 failed; Compiling src/V3EmitCSyms.cpp [for tool]; 11s processwrapper-sandbox ... (9 actions, 8 running)
Analyzing: 2440 targets (399 packages loaded, 23168 targets configured)
[5,822 / 6,502] 5 / 43 tests, 4 failed; Compiling src/V3EmitCSyms.cpp [for tool]; 12s processwrapper-sandbox ... (9 actions, 8 running)
Analyzing: 2440 targets (399 packages loaded, 23168 targets configured)
[5,824 / 6,502] 5 / 43 tests, 4 failed; Compiling antlr4-runtime/Parser.cpp [for tool]; 3s processwrapper-sandbox ... (8 actions, 7 running)
Analyzing: 2440 targets (399 packages loaded, 23168 targets configured)
[5,826 / 6,502] 5 / 43 tests, 4 failed; Compiling src/V3EmitV.cpp [for tool]; 4s processwrapper-sandbox ... (8 actions, 7 running)
Analyzing: 2440 targets (399 packages loaded, 23168 targets configured)
[5,826 / 6,502] 5 / 43 tests, 4 failed; Compiling src/V3EmitV.cpp [for tool]; 6s processwrapper-sandbox ... (9 actions, 8 running)
Analyzing: 2440 targets (399 packages loaded, 23168 targets configured)
[5,831 / 6,502] 5 / 43 tests, 4 failed; Compiling tensorflow/lite/micro/kernels/add.cc; 5s processwrapper-sandbox ... (8 actions, 7 running)
Analyzing: 2440 targets (399 packages loaded, 23168 targets configured)
[5,832 / 6,502] 5 / 43 tests, 4 failed; Compiling src/V3OrderParallel.cpp [for tool]; 5s processwrapper-sandbox ... (8 actions, 7 running)
Analyzing: 2440 targets (399 packages loaded, 23168 targets configured)
[5,832 / 6,502] 5 / 43 tests, 4 failed; Compiling src/V3OrderParallel.cpp [for tool]; 7s processwrapper-sandbox ... (9 actions, 8 running)
Analyzing: 2440 targets (399 packages loaded, 23168 targets configured)
[5,834 / 6,502] 5 / 43 tests, 4 failed; Compiling src/V3OrderParallel.cpp [for tool]; 8s processwrapper-sandbox ... (8 actions, 7 running)
Analyzing: 2440 targets (399 packages loaded, 23168 targets configured)
[5,836 / 6,502] 5 / 43 tests, 4 failed; Compiling src/V3OrderParallel.cpp [for tool]; 9s processwrapper-sandbox ... (8 actions, 7 running)
Analyzing: 2440 targets (399 packages loaded, 23168 targets configured)
[5,839 / 6,502] 5 / 43 tests, 4 failed; Compiling src/V3File.cpp [for tool]; 6s processwrapper-sandbox ... (8 actions, 7 running)
Analyzing: 2440 targets (399 packages loaded, 23168 targets configured)
[5,843 / 6,502] 5 / 43 tests, 4 failed; Compiling tensorflow/lite/micro/kernels/add_common.cc; 4s processwrapper-sandbox ... (9 actions, 8 running)
Analyzing: 2440 targets (399 packages loaded, 23168 targets configured)
[5,844 / 6,502] 5 / 43 tests, 4 failed; Compiling tensorflow/lite/micro/kernels/add_common.cc; 5s processwrapper-sandbox ... (9 actions, 8 running)
Analyzing: 2440 targets (399 packages loaded, 23168 targets configured)
[5,846 / 6,502] 5 / 43 tests, 4 failed; Compiling src/V3Force.cpp [for tool]; 4s processwrapper-sandbox ... (8 actions, 7 running)
Analyzing: 2440 targets (399 packages loaded, 23168 targets configured)
[5,847 / 6,502] 5 / 43 tests, 4 failed; Compiling src/V3Force.cpp [for tool]; 6s processwrapper-sandbox ... (8 actions, 7 running)
Analyzing: 2440 targets (399 packages loaded, 23168 targets configured)
[5,850 / 6,502] 5 / 43 tests, 4 failed; Compiling src/V3Gate.cpp [for tool]; 5s processwrapper-sandbox ... (8 actions, 7 running)
INFO: From Compiling mpact/sim/decoder/instruction_encoding.cc [for tool]:
external/com_google_mpact-sim/mpact/sim/decoder/instruction_encoding.cc: In member function 'absl::lts_20250127::StatusOr<mpact::sim::decoder::bin_format::Constraint*> mpact::sim::decoder::bin_format::InstructionEncoding::CreateConstraint(mpact::sim::decoder::bin_format::ConstraintType, std::string, int64_t)':
external/com_google_mpact-sim/mpact/sim/decoder/instruction_encoding.cc:138:33: warning: comparison of integer expressions of different signedness: 'int64_t' {aka 'long int'} and 'long long unsigned int' [-Wsign-compare]
  138 |       if ((value < 0) || (value >= (1ULL << field->width))) {
      |                           ~~~~~~^~~~~~~~~~~~~~~~~~~~~~~~~
Analyzing: 2440 targets (399 packages loaded, 23168 targets configured)
[5,853 / 6,502] 5 / 43 tests, 4 failed; Compiling src/V3Gate.cpp [for tool]; 6s processwrapper-sandbox ... (8 actions, 7 running)
Analyzing: 2440 targets (399 packages loaded, 23168 targets configured)
[5,853 / 6,502] 5 / 43 tests, 4 failed; Compiling src/V3Gate.cpp [for tool]; 7s processwrapper-sandbox ... (8 actions running)
Analyzing: 2440 targets (399 packages loaded, 23168 targets configured)
[5,859 / 6,502] 5 / 43 tests, 4 failed; Compiling tensorflow/lite/micro/kernels/add_n.cc; 6s processwrapper-sandbox ... (8 actions, 7 running)
Analyzing: 2440 targets (399 packages loaded, 23168 targets configured)
[5,862 / 6,502] 5 / 43 tests, 4 failed; Compiling src/V3Global.cpp [for tool]; 5s processwrapper-sandbox ... (8 actions, 7 running)
Analyzing: 2440 targets (399 packages loaded, 23168 targets configured)
[5,865 / 6,502] 5 / 43 tests, 4 failed; Compiling mpact/sim/decoder/instruction_group.cc [for tool]; 5s processwrapper-sandbox ... (8 actions, 7 running)
Analyzing: 2440 targets (399 packages loaded, 23168 targets configured)
[5,869 / 6,502] 5 / 43 tests, 4 failed; Compiling mpact/sim/generic/decode_cache.cc; 3s processwrapper-sandbox ... (8 actions, 7 running)
Analyzing: 2440 targets (399 packages loaded, 23168 targets configured)
[5,872 / 6,502] 5 / 43 tests, 4 failed; Compiling tensorflow/lite/micro/kernels/arg_min_max.cc; 3s processwrapper-sandbox ... (9 actions, 8 running)
Analyzing: 2440 targets (399 packages loaded, 23168 targets configured)
[5,874 / 6,502] 5 / 43 tests, 4 failed; Compiling tensorflow/lite/micro/kernels/arg_min_max.cc; 5s processwrapper-sandbox ... (8 actions, 7 running)
Analyzing: 2440 targets (399 packages loaded, 23168 targets configured)
[5,877 / 6,502] 5 / 43 tests, 4 failed; Compiling src/V3Hasher.cpp [for tool]; 5s processwrapper-sandbox ... (8 actions, 7 running)
Analyzing: 2440 targets (399 packages loaded, 23168 targets configured)
[5,878 / 6,502] 5 / 43 tests, 4 failed; Compiling src/V3Hasher.cpp [for tool]; 6s processwrapper-sandbox ... (8 actions, 7 running)
Analyzing: 2440 targets (399 packages loaded, 23168 targets configured)
[5,881 / 6,502] 5 / 43 tests, 4 failed; Compiling src/V3Inst.cpp [for tool]; 5s processwrapper-sandbox ... (8 actions, 7 running)
Analyzing: 2440 targets (399 packages loaded, 23168 targets configured)
[5,884 / 6,502] 5 / 43 tests, 4 failed; Compiling src/V3Options.cpp [for tool]; 4s processwrapper-sandbox ... (9 actions, 8 running)
Analyzing: 2440 targets (399 packages loaded, 23168 targets configured)
[5,886 / 6,502] 5 / 43 tests, 4 failed; Compiling src/V3Options.cpp [for tool]; 5s processwrapper-sandbox ... (8 actions, 7 running)
INFO: From Compiling antlr4-runtime/Vocabulary.cpp [for tool]:
external/org_antlr4_cpp_runtime/antlr4-runtime/Vocabulary.cpp: In static member function 'static void antlr4::dfa::Vocabulary::__static_initialization_and_destruction_0(int, int)':
external/org_antlr4_cpp_runtime/antlr4-runtime/Vocabulary.cpp:12:18: warning: 'antlr4::dfa::Vocabulary::EMPTY_VOCABULARY' is deprecated: Use the default constructor of Vocabulary instead. [-Wdeprecated-declarations]
   12 | const Vocabulary Vocabulary::EMPTY_VOCABULARY;
      |                  ^~~~~~~~~~
external/org_antlr4_cpp_runtime/antlr4-runtime/Vocabulary.cpp:12:18: note: declared here
Analyzing: 2440 targets (399 packages loaded, 23168 targets configured)
[5,887 / 6,502] 5 / 43 tests, 4 failed; Compiling src/V3Options.cpp [for tool]; 6s processwrapper-sandbox ... (8 actions, 7 running)
Analyzing: 2440 targets (399 packages loaded, 23168 targets configured)
[5,889 / 6,502] 5 / 43 tests, 4 failed; Compiling src/V3Options.cpp [for tool]; 8s processwrapper-sandbox ... (9 actions, 8 running)
Analyzing: 2440 targets (399 packages loaded, 23168 targets configured)
[5,894 / 6,502] 5 / 43 tests, 4 failed; Compiling src/V3Options.cpp [for tool]; 9s processwrapper-sandbox ... (8 actions, 7 running)
Analyzing: 2440 targets (399 packages loaded, 23168 targets configured)
[5,899 / 6,502] 5 / 43 tests, 4 failed; Compiling src/V3Options.cpp [for tool]; 10s processwrapper-sandbox ... (8 actions, 7 running)
Analyzing: 2440 targets (399 packages loaded, 23168 targets configured)
[5,899 / 6,502] 5 / 43 tests, 4 failed; Compiling src/V3Options.cpp [for tool]; 12s processwrapper-sandbox ... (8 actions running)
Analyzing: 2440 targets (399 packages loaded, 23168 targets configured)
[5,901 / 6,502] 5 / 43 tests, 4 failed; Compiling src/V3Options.cpp [for tool]; 13s processwrapper-sandbox ... (8 actions, 7 running)
Analyzing: 2440 targets (399 packages loaded, 23168 targets configured)
[5,904 / 6,502] 5 / 43 tests, 4 failed; Compiling src/V3LinkCells.cpp [for tool]; 7s processwrapper-sandbox ... (8 actions, 7 running)
ERROR: /app/tests/npusim_examples/BUILD:31:19: Compiling tests/npusim_examples/run_full_mobilenet_v1.cc failed: missing input file '//sw/opt/litert-micro:conv.h'
ERROR: /app/tests/npusim_examples/BUILD:31:19: Compiling tests/npusim_examples/run_full_mobilenet_v1.cc failed: missing input file '//sw/opt/litert-micro:memory_util.h'
ERROR: /app/tests/npusim_examples/BUILD:31:19: Compiling tests/npusim_examples/run_full_mobilenet_v1.cc failed: missing input file '//sw/opt/litert-micro:depthwise_conv.h'
ERROR: /app/tests/npusim_examples/BUILD:31:19: Compiling tests/npusim_examples/run_full_mobilenet_v1.cc failed: missing input file '//sw/opt:rvv_opt.h'
ERROR: /app/tests/npusim_examples/BUILD:31:19: Compiling tests/npusim_examples/run_full_mobilenet_v1.cc failed: missing input file '//sw/opt:rvv_opt.h'
ERROR: /app/tests/npusim_examples/BUILD:31:19: Compiling tests/npusim_examples/run_full_mobilenet_v1.cc failed: missing input file '//sw/opt/litert-micro:accumulator_util.h'
ERROR: /app/tests/npusim_examples/BUILD:31:19: Compiling tests/npusim_examples/run_full_mobilenet_v1.cc failed: missing input file '//sw/opt/litert-micro:memory_util.h'
ERROR: /app/tests/npusim_examples/BUILD:31:19: Compiling tests/npusim_examples/run_full_mobilenet_v1.cc failed: missing input file '//sw/opt/litert-micro:conv.h'
ERROR: /app/tests/npusim_examples/BUILD:31:19: Compiling tests/npusim_examples/run_full_mobilenet_v1.cc failed: missing input file '//sw/opt/litert-micro:depthwise_conv.h'
ERROR: /app/tests/npusim_examples/BUILD:31:19: Compiling tests/npusim_examples/run_full_mobilenet_v1.cc failed: 9 input file(s) do not exist
Analyzing: 2440 targets (399 packages loaded, 23168 targets configured)
[5,911 / 6,502] 5 / 43 tests, 4 failed; Compiling src/V3LinkDot.cpp [for tool]; 7s processwrapper-sandbox ... (8 actions, 7 running)
Analyzing: 2440 targets (399 packages loaded, 23168 targets configured)
[5,913 / 6,502] 5 / 43 tests, 4 failed; Compiling src/V3LinkDot.cpp [for tool]; 8s processwrapper-sandbox ... (8 actions, 7 running)
Analyzing: 2440 targets (399 packages loaded, 23168 targets configured)
[5,915 / 6,502] 5 / 43 tests, 4 failed; Compiling src/V3LinkDot.cpp [for tool]; 9s processwrapper-sandbox ... (8 actions, 7 running)
Analyzing: 2440 targets (399 packages loaded, 23168 targets configured)
[5,916 / 6,502] 5 / 43 tests, 4 failed; Compiling src/V3LinkDot.cpp [for tool]; 10s processwrapper-sandbox ... (8 actions running)
Analyzing: 2440 targets (399 packages loaded, 23168 targets configured)
[5,918 / 6,502] 5 / 43 tests, 4 failed; Compiling src/V3LinkDot.cpp [for tool]; 12s processwrapper-sandbox ... (8 actions, 7 running)
Analyzing: 2440 targets (399 packages loaded, 23168 targets configured)
[5,920 / 6,502] 5 / 43 tests, 4 failed; Compiling src/V3LinkDot.cpp [for tool]; 13s processwrapper-sandbox ... (8 actions, 7 running)
Analyzing: 2440 targets (399 packages loaded, 23168 targets configured)
[5,924 / 6,502] 5 / 43 tests, 4 failed; Compiling src/V3LinkDot.cpp [for tool]; 14s processwrapper-sandbox ... (8 actions running)
Analyzing: 2440 targets (399 packages loaded, 23168 targets configured)
[5,926 / 6,502] 5 / 43 tests, 4 failed; Compiling src/V3LinkDot.cpp [for tool]; 15s processwrapper-sandbox ... (9 actions, 8 running)
Analyzing: 2440 targets (399 packages loaded, 23168 targets configured)
[5,929 / 6,502] 5 / 43 tests, 4 failed; Compiling src/V3LinkDot.cpp [for tool]; 17s processwrapper-sandbox ... (8 actions, 7 running)
Analyzing: 2440 targets (399 packages loaded, 23168 targets configured)
[5,930 / 6,502] 5 / 43 tests, 4 failed; Compiling src/V3LinkDot.cpp [for tool]; 18s processwrapper-sandbox ... (9 actions, 8 running)
Analyzing: 2440 targets (399 packages loaded, 23168 targets configured)
[5,936 / 6,502] 5 / 43 tests, 4 failed; Compiling src/V3MergeCond.cpp [for tool]; 6s processwrapper-sandbox ... (8 actions, 7 running)
Analyzing: 2440 targets (399 packages loaded, 23168 targets configured)
[5,940 / 6,502] 5 / 43 tests, 4 failed; Compiling mpact/sim/util/program_loader/elf_program_loader.cc; 5s processwrapper-sandbox ... (8 actions, 7 running)
Analyzing: 2440 targets (399 packages loaded, 23168 targets configured)
[5,943 / 6,502] 5 / 43 tests, 4 failed; Compiling src/V3Name.cpp [for tool]; 3s processwrapper-sandbox ... (8 actions, 7 running)
Analyzing: 2440 targets (399 packages loaded, 23168 targets configured)
[5,947 / 6,502] 5 / 43 tests, 4 failed; Compiling src/V3Name.cpp [for tool]; 4s processwrapper-sandbox ... (9 actions, 8 running)
Analyzing: 2440 targets (399 packages loaded, 23168 targets configured)
[5,952 / 6,502] 5 / 43 tests, 4 failed; Compiling src/V3Name.cpp [for tool]; 6s processwrapper-sandbox ... (8 actions, 7 running)
Analyzing: 2440 targets (399 packages loaded, 23168 targets configured)
[5,954 / 6,502] 5 / 43 tests, 4 failed; Compiling riscv/debug_command_shell.cc; 6s processwrapper-sandbox ... (8 actions running)
Analyzing: 2440 targets (399 packages loaded, 23168 targets configured)
[5,959 / 6,502] 5 / 43 tests, 4 failed; Compiling riscv/debug_command_shell.cc; 8s processwrapper-sandbox ... (8 actions, 7 running)
INFO: From Compiling mpact/sim/decoder/decoder_gen_main.cc [for tool]:
external/com_google_mpact-sim/mpact/sim/decoder/decoder_gen_main.cc: In function 'int main(int, char**)':
external/com_google_mpact-sim/mpact/sim/decoder/decoder_gen_main.cc:62:21: warning: comparison of integer expressions of different signedness: 'int' and 'std::vector<char*>::size_type' {aka 'long unsigned int'} [-Wsign-compare]
   62 |   for (int i = 1; i < arg_vec.size(); ++i) {
      |                   ~~^~~~~~~~~~~~~~~~
Analyzing: 2440 targets (399 packages loaded, 23168 targets configured)
[5,962 / 6,502] 5 / 43 tests, 4 failed; Compiling riscv/debug_command_shell.cc; 9s processwrapper-sandbox ... (8 actions, 7 running)
Analyzing: 2440 targets (399 packages loaded, 23168 targets configured)
[5,986 / 6,514] 12 / 43 tests, 11 failed; Compiling tensorflow/lite/micro/kernels/broadcast_to.cc; 3s processwrapper-sandbox ... (8 actions running)
Analyzing: 2440 targets (399 packages loaded, 23168 targets configured)
[5,989 / 6,514] 12 / 43 tests, 11 failed; Compiling tensorflow/lite/micro/kernels/broadcast_to.cc; 4s processwrapper-sandbox ... (8 actions, 7 running)
Analyzing: 2440 targets (399 packages loaded, 23168 targets configured)
[5,991 / 6,514] 12 / 43 tests, 11 failed; Compiling tensorflow/lite/micro/kernels/broadcast_to.cc; 6s processwrapper-sandbox ... (9 actions, 8 running)
Analyzing: 2440 targets (399 packages loaded, 23168 targets configured)
[5,994 / 6,514] 12 / 43 tests, 11 failed; Compiling riscv/riscv_state.cc; 5s processwrapper-sandbox ... (8 actions, 7 running)
Analyzing: 2440 targets (399 packages loaded, 23168 targets configured)
[5,996 / 6,514] 12 / 43 tests, 11 failed; Compiling riscv/riscv_state.cc; 7s processwrapper-sandbox ... (9 actions, 8 running)
Analyzing: 2440 targets (399 packages loaded, 23168 targets configured)
[5,997 / 6,514] 12 / 43 tests, 11 failed; Compiling riscv/riscv_top.cc; 5s processwrapper-sandbox ... (8 actions running)
Analyzing: 2440 targets (399 packages loaded, 23168 targets configured)
[5,998 / 6,514] 12 / 43 tests, 11 failed; Compiling riscv/riscv_top.cc; 6s processwrapper-sandbox ... (8 actions, 7 running)
Analyzing: 2440 targets (399 packages loaded, 23168 targets configured)
[6,002 / 6,514] 12 / 43 tests, 11 failed; Compiling tensorflow/lite/micro/kernels/call_once.cc; 6s processwrapper-sandbox ... (8 actions, 7 running)
Analyzing: 2440 targets (399 packages loaded, 23168 targets configured)
[6,003 / 6,514] 12 / 43 tests, 11 failed; Compiling tensorflow/lite/micro/kernels/call_once.cc; 7s processwrapper-sandbox ... (8 actions, 7 running)
Analyzing: 2440 targets (399 packages loaded, 23168 targets configured)
[6,007 / 6,514] 12 / 43 tests, 11 failed; Testing //hdl/chisel/src/bus:gpio_test; 7s processwrapper-sandbox ... (9 actions, 8 running)
Analyzing: 2440 targets (399 packages loaded, 23168 targets configured)
[6,008 / 6,514] 12 / 43 tests, 11 failed; Testing //hdl/chisel/src/bus:gpio_test; 11s processwrapper-sandbox ... (8 actions, 7 running)
Analyzing: 2440 targets (399 packages loaded, 23168 targets configured)
[6,009 / 6,514] 12 / 43 tests, 11 failed; Testing //hdl/chisel/src/bus:gpio_test; 12s processwrapper-sandbox ... (8 actions, 7 running)
Analyzing: 2440 targets (399 packages loaded, 23168 targets configured)
[6,011 / 6,514] 12 / 43 tests, 11 failed; Testing //hdl/chisel/src/bus:gpio_test; 14s processwrapper-sandbox ... (8 actions, 7 running)
Analyzing: 2440 targets (399 packages loaded, 23168 targets configured)
[6,013 / 6,514] 12 / 43 tests, 11 failed; Testing //hdl/chisel/src/bus:gpio_test; 15s processwrapper-sandbox ... (9 actions, 8 running)
Analyzing: 2440 targets (399 packages loaded, 23168 targets configured)
[6,014 / 6,514] 12 / 43 tests, 11 failed; Testing //hdl/chisel/src/bus:gpio_test; 16s processwrapper-sandbox ... (8 actions, 7 running)
Analyzing: 2440 targets (399 packages loaded, 23168 targets configured)
[6,016 / 6,514] 13 / 43 tests, 11 failed; Testing //hdl/chisel/src/bus:tlul_to_sram_test; 14s processwrapper-sandbox ... (8 actions running)
Analyzing: 2440 targets (399 packages loaded, 23168 targets configured)
[6,017 / 6,514] 13 / 43 tests, 11 failed; Testing //hdl/chisel/src/bus:tlul_to_sram_test; 15s processwrapper-sandbox ... (9 actions, 8 running)
Analyzing: 2440 targets (399 packages loaded, 23168 targets configured)
[6,019 / 6,514] 13 / 43 tests, 11 failed; Testing //hdl/chisel/src/bus:tlul_to_sram_test; 16s processwrapper-sandbox ... (8 actions, 7 running)
Analyzing: 2440 targets (399 packages loaded, 23168 targets configured)
[6,022 / 6,514] 13 / 43 tests, 11 failed; Testing //hdl/chisel/src/bus:tlul_to_sram_test; 17s processwrapper-sandbox ... (8 actions, 7 running)
Analyzing: 2440 targets (399 packages loaded, 23168 targets configured)
[6,023 / 6,514] 13 / 43 tests, 11 failed; Testing //hdl/chisel/src/bus:tlul_to_sram_test; 19s processwrapper-sandbox ... (9 actions, 8 running)
Analyzing: 2440 targets (399 packages loaded, 23168 targets configured)
[6,024 / 6,514] 14 / 43 tests, 11 failed; Compiling mpact/sim/util/memory/single_initiator_router.cc; 9s processwrapper-sandbox ... (8 actions running)
Analyzing: 2440 targets (399 packages loaded, 23168 targets configured)
[6,027 / 6,514] 14 / 43 tests, 11 failed; Compiling mpact/sim/decoder/instruction_set_visitor.cc [for tool]; 8s processwrapper-sandbox ... (8 actions, 7 running)
Analyzing: 2440 targets (399 packages loaded, 23168 targets configured)
[6,028 / 6,514] 14 / 43 tests, 11 failed; Compiling mpact/sim/decoder/instruction_set_visitor.cc [for tool]; 10s processwrapper-sandbox ... (9 actions, 8 running)
Analyzing: 2440 targets (399 packages loaded, 23168 targets configured)
[6,029 / 6,514] 14 / 43 tests, 11 failed; Compiling mpact/sim/decoder/instruction_set_visitor.cc [for tool]; 12s processwrapper-sandbox ... (9 actions, 8 running)
Analyzing: 2440 targets (399 packages loaded, 23168 targets configured)
[6,033 / 6,514] 14 / 43 tests, 11 failed; Compiling mpact/sim/decoder/instruction_set_visitor.cc [for tool]; 14s processwrapper-sandbox ... (9 actions, 8 running)
Analyzing: 2440 targets (399 packages loaded, 23168 targets configured)
[6,036 / 6,514] 14 / 43 tests, 11 failed; Compiling mpact/sim/decoder/instruction_set_visitor.cc [for tool]; 15s processwrapper-sandbox ... (8 actions, 7 running)
Analyzing: 2440 targets (399 packages loaded, 23168 targets configured)
[6,037 / 6,514] 14 / 43 tests, 11 failed; Compiling mpact/sim/decoder/instruction_set_visitor.cc [for tool]; 16s processwrapper-sandbox ... (8 actions, 7 running)
Analyzing: 2440 targets (399 packages loaded, 23168 targets configured)
[6,040 / 6,514] 14 / 43 tests, 11 failed; Compiling mpact/sim/decoder/instruction_set_visitor.cc [for tool]; 18s processwrapper-sandbox ... (9 actions, 8 running)
Analyzing: 2440 targets (399 packages loaded, 23168 targets configured)
[6,043 / 6,514] 15 / 43 tests, 11 failed; Compiling mpact/sim/decoder/instruction_set_visitor.cc [for tool]; 19s processwrapper-sandbox ... (8 actions, 7 running)
Analyzing: 2440 targets (399 packages loaded, 23168 targets configured)
[6,044 / 6,514] 15 / 43 tests, 11 failed; Compiling mpact/sim/decoder/instruction_set_visitor.cc [for tool]; 20s processwrapper-sandbox ... (8 actions, 7 running)
Analyzing: 2440 targets (399 packages loaded, 23168 targets configured)
[6,045 / 6,514] 15 / 43 tests, 11 failed; Compiling mpact/sim/decoder/instruction_set_visitor.cc [for tool]; 21s processwrapper-sandbox ... (8 actions, 7 running)
Analyzing: 2440 targets (399 packages loaded, 23168 targets configured)
[6,045 / 6,514] 15 / 43 tests, 11 failed; Compiling mpact/sim/decoder/instruction_set_visitor.cc [for tool]; 23s processwrapper-sandbox ... (8 actions running)
INFO: From Compiling mpact/sim/decoder/instruction_set_visitor.cc [for tool]:
external/com_google_mpact-sim/mpact/sim/decoder/instruction_set_visitor.cc: In member function 'absl::lts_20250127::Status mpact::sim::machine_description::instruction_set::InstructionSetVisitor::Process(const std::vector<std::__cxx11::basic_string<char> >&, const std::string&, const std::string&, const std::vector<std::__cxx11::basic_string<char> >&, absl::lts_20250127::string_view)':
external/com_google_mpact-sim/mpact/sim/decoder/instruction_set_visitor.cc:150:21: warning: comparison of integer expressions of different signedness: 'int' and 'std::vector<std::__cxx11::basic_string<char> >::size_type' {aka 'long unsigned int'} [-Wsign-compare]
  150 |   for (int i = 1; i < file_names.size(); ++i) {
      |                   ~~^~~~~~~~~~~~~~~~~~~
external/com_google_mpact-sim/mpact/sim/decoder/instruction_set_visitor.cc: In member function 'absl::lts_20250127::Status mpact::sim::machine_description::instruction_set::InstructionSetVisitor::ProcessOpcodeGenerator(mpact::sim::machine_description::instruction_set::OpcodeSpecCtx*, mpact::sim::machine_description::instruction_set::Slot*, std::vector<mpact::sim::machine_description::instruction_set::Instruction*>&, absl::lts_20250127::flat_hash_set<std::__cxx11::basic_string<char> >&, absl::lts_20250127::flat_hash_set<sim::machine_description::instruction_set::generated::InstructionSetParser::Opcode_specContext*>&)':
external/com_google_mpact-sim/mpact/sim/decoder/instruction_set_visitor.cc:1845:25: warning: comparison of integer expressions of different signedness: 'int' and 'std::vector<sim::machine_description::instruction_set::generated::InstructionSetParser::Gen_valueContext*>::size_type' {aka 'long unsigned int'} [-Wsign-compare]
 1845 |       for (int i = 0; i < tuple_ctx->gen_value().size(); ++i) {
      |                       ~~^~~~~~~~~~~~~~~~~~~~~~~~~~~~~~~
external/com_google_mpact-sim/mpact/sim/decoder/instruction_set_visitor.cc: In member function 'std::string mpact::sim::machine_description::instruction_set::InstructionSetVisitor::GenerateOpcodeSpec(const std::vector<mpact::sim::machine_description::instruction_set::RangeAssignmentInfo*>&, int, const std::string&) const':
external/com_google_mpact-sim/mpact/sim/decoder/instruction_set_visitor.cc:1907:21: warning: comparison of integer expressions of different signedness: 'int' and 'std::vector<std::__cxx11::basic_string<char> >::size_type' {aka 'long unsigned int'} [-Wsign-compare]
 1907 |   for (int i = 0; i < range_info_vec[index]->range_values[0].size(); ++i) {
      |                   ~~^~~~~~~~~~~~~~~~~~~~~~~~~~~~~~~~~~~~~~~~~~~~~~~
external/com_google_mpact-sim/mpact/sim/decoder/instruction_set_visitor.cc:1922:31: warning: comparison of integer expressions of different signedness: 'std::vector<mpact::sim::machine_description::instruction_set::RangeAssignmentInfo*>::size_type' {aka 'long unsigned int'} and 'int' [-Wsign-compare]
 1922 |     if (range_info_vec.size() > index + 1) {
      |         ~~~~~~~~~~~~~~~~~~~~~~^~~~~~~~~~~
Analyzing: 2440 targets (399 packages loaded, 23168 targets configured)
[6,050 / 6,514] 15 / 43 tests, 11 failed; Testing //hdl/chisel/src/common:scatter_gather_test; 23s processwrapper-sandbox ... (8 actions, 7 running)
Analyzing: 2440 targets (399 packages loaded, 23168 targets configured)
[6,051 / 6,514] 15 / 43 tests, 11 failed; Testing //hdl/chisel/src/common:scatter_gather_test; 24s processwrapper-sandbox ... (9 actions, 8 running)
Analyzing: 2440 targets (399 packages loaded, 23168 targets configured)
[6,054 / 6,514] 16 / 43 tests, 11 failed; Testing //hdl/chisel/src/common:aligner_test; 8s processwrapper-sandbox ... (8 actions, 7 running)
Analyzing: 2440 targets (399 packages loaded, 23168 targets configured)
[6,055 / 6,514] 16 / 43 tests, 11 failed; Testing //hdl/chisel/src/common:aligner_test; 10s processwrapper-sandbox ... (8 actions, 7 running)
Analyzing: 2440 targets (399 packages loaded, 23168 targets configured)
[6,058 / 6,514] 16 / 43 tests, 11 failed; Testing //hdl/chisel/src/common:aligner_test; 11s processwrapper-sandbox ... (8 actions, 7 running)
Analyzing: 2440 targets (399 packages loaded, 23168 targets configured)
[6,064 / 6,514] 16 / 43 tests, 11 failed; Testing //hdl/chisel/src/common:aligner_test; 12s processwrapper-sandbox ... (9 actions, 8 running)
Analyzing: 2440 targets (399 packages loaded, 23168 targets configured)
[6,067 / 6,514] 16 / 43 tests, 11 failed; Testing //hdl/chisel/src/common:aligner_test; 13s processwrapper-sandbox ... (8 actions, 7 running)
Analyzing: 2440 targets (399 packages loaded, 23168 targets configured)
[6,069 / 6,514] 16 / 43 tests, 11 failed; Testing //hdl/chisel/src/common:aligner_test; 14s processwrapper-sandbox ... (8 actions, 7 running)
Analyzing: 2440 targets (399 packages loaded, 23168 targets configured)
[6,072 / 6,514] 16 / 43 tests, 11 failed; Testing //hdl/chisel/src/common:aligner_test; 16s processwrapper-sandbox ... (8 actions, 7 running)
Analyzing: 2440 targets (399 packages loaded, 23168 targets configured)
[6,074 / 6,514] 16 / 43 tests, 11 failed; Testing //hdl/chisel/src/common:aligner_test; 17s processwrapper-sandbox ... (8 actions, 7 running)
Analyzing: 2440 targets (399 packages loaded, 23168 targets configured)
[6,074 / 6,514] 16 / 43 tests, 11 failed; Testing //hdl/chisel/src/common:aligner_test; 18s processwrapper-sandbox ... (9 actions, 8 running)
Analyzing: 2440 targets (399 packages loaded, 23168 targets configured)
[6,075 / 6,514] 16 / 43 tests, 11 failed; Testing //hdl/chisel/src/common:aligner_test; 20s processwrapper-sandbox ... (9 actions, 8 running)
Analyzing: 2440 targets (399 packages loaded, 23168 targets configured)
[6,076 / 6,514] 16 / 43 tests, 11 failed; Testing //hdl/chisel/src/common:aligner_test; 21s processwrapper-sandbox ... (9 actions, 8 running)
Analyzing: 2440 targets (399 packages loaded, 23168 targets configured)
[6,077 / 6,514] 17 / 43 tests, 11 failed; Testing //hdl/chisel/src/common:aligner_test; 23s processwrapper-sandbox ... (8 actions running)
Analyzing: 2440 targets (399 packages loaded, 23168 targets configured)
[6,080 / 6,514] 17 / 43 tests, 11 failed; Testing //hdl/chisel/src/common:sv_generation_utils_test; 16s processwrapper-sandbox ... (9 actions, 8 running)
Analyzing: 2440 targets (399 packages loaded, 23168 targets configured)
[6,081 / 6,514] 17 / 43 tests, 11 failed; Testing //hdl/chisel/src/common:sv_generation_utils_test; 18s processwrapper-sandbox ... (9 actions, 8 running)
Analyzing: 2440 targets (399 packages loaded, 23168 targets configured)
[6,082 / 6,514] 17 / 43 tests, 11 failed; Testing //hdl/chisel/src/common:sv_generation_utils_test; 19s processwrapper-sandbox ... (8 actions running)
Analyzing: 2440 targets (399 packages loaded, 23168 targets configured)
[6,085 / 6,514] 17 / 43 tests, 11 failed; Testing //hdl/chisel/src/common:sv_generation_utils_test; 20s processwrapper-sandbox ... (8 actions, 7 running)
INFO: From Compiling mpact/sim/decoder/slot.cc [for tool]:
external/com_google_mpact-sim/mpact/sim/decoder/slot.cc: In function 'std::string mpact::sim::machine_description::instruction_set::GetExtractor(const std::string&)':
external/com_google_mpact-sim/mpact/sim/decoder/slot.cc:92:21: warning: comparison of integer expressions of different signedness: 'int' and 'std::__cxx11::basic_string<char>::size_type' {aka 'long unsigned int'} [-Wsign-compare]
   92 |   for (int i = 0; i < format.size(); i++) {
      |                   ~~^~~~~~~~~~~~~~~
external/com_google_mpact-sim/mpact/sim/decoder/slot.cc: In member function 'std::tuple<std::__cxx11::basic_string<char, std::char_traits<char>, std::allocator<char> >, std::__cxx11::basic_string<char, std::char_traits<char>, std::allocator<char> > > mpact::sim::machine_description::instruction_set::Slot::GenerateAsmRegexMatcher() const':
external/com_google_mpact-sim/mpact/sim/decoder/slot.cc:548:21: warning: comparison of integer expressions of different signedness: 'int' and 'size_t' {aka 'long unsigned int'} [-Wsign-compare]
  548 |   for (int i = 0; i < max_args; ++i) absl::StrAppend(&h_output, "nullptr, ");
      |                   ~~^~~~~~~~~~
external/com_google_mpact-sim/mpact/sim/decoder/slot.cc: In member function 'std::string mpact::sim::machine_description::instruction_set::Slot::GenerateAssemblerFcn(const mpact::sim::machine_description::instruction_set::Instruction*, absl::lts_20250127::string_view) const':
external/com_google_mpact-sim/mpact/sim/decoder/slot.cc:784:21: warning: comparison of integer expressions of different signedness: 'int' and 'std::vector<mpact::sim::machine_description::instruction_set::SourceOperand>::size_type' {aka 'long unsigned int'} [-Wsign-compare]
  784 |   for (int i = 0; i < source_op_vec.size(); ++i) {
      |                   ~~^~~~~~~~~~~~~~~~~~~~~~
external/com_google_mpact-sim/mpact/sim/decoder/slot.cc:794:21: warning: comparison of integer expressions of different signedness: 'int' and 'std::vector<mpact::sim::machine_description::instruction_set::DestinationOperand*>::size_type' {aka 'long unsigned int'} [-Wsign-compare]
  794 |   for (int i = 0; i < dest_op_vec.size(); ++i) {
      |                   ~~^~~~~~~~~~~~~~~~~~~~
Analyzing: 2440 targets (399 packages loaded, 23168 targets configured)
[6,087 / 6,514] 17 / 43 tests, 11 failed; Testing //hdl/chisel/src/common:sv_generation_utils_test; 22s processwrapper-sandbox ... (8 actions, 7 running)
Analyzing: 2440 targets (399 packages loaded, 23168 targets configured)
[6,087 / 6,514] 17 / 43 tests, 11 failed; Testing //hdl/chisel/src/common:sv_generation_utils_test; 23s processwrapper-sandbox ... (9 actions, 8 running)
Analyzing: 2440 targets (399 packages loaded, 23168 targets configured)
[6,092 / 6,514] 17 / 43 tests, 11 failed; Testing //hdl/chisel/src/common:sv_generation_utils_test; 24s processwrapper-sandbox ... (8 actions, 7 running)
Analyzing: 2440 targets (399 packages loaded, 23168 targets configured)
[6,095 / 6,514] 17 / 43 tests, 11 failed; Testing //hdl/chisel/src/common:sv_generation_utils_test; 25s processwrapper-sandbox ... (8 actions, 7 running)
Analyzing: 2440 targets (399 packages loaded, 23168 targets configured)
[6,095 / 6,514] 17 / 43 tests, 11 failed; Testing //hdl/chisel/src/common:sv_generation_utils_test; 27s processwrapper-sandbox ... (8 actions running)
Analyzing: 2440 targets (399 packages loaded, 23168 targets configured)
[6,100 / 6,514] 17 / 43 tests, 11 failed; Testing //hdl/chisel/src/common:sv_generation_utils_test; 28s processwrapper-sandbox ... (8 actions, 7 running)
Analyzing: 2440 targets (399 packages loaded, 23168 targets configured)
[6,101 / 6,514] 17 / 43 tests, 11 failed; Testing //hdl/chisel/src/common:sv_generation_utils_test; 30s processwrapper-sandbox ... (9 actions, 8 running)
Analyzing: 2440 targets (399 packages loaded, 23168 targets configured)
[6,102 / 6,514] 17 / 43 tests, 11 failed; Testing //hdl/chisel/src/common:sv_generation_utils_test; 32s processwrapper-sandbox ... (8 actions, 7 running)
Analyzing: 2440 targets (399 packages loaded, 23168 targets configured)
[6,102 / 6,514] 17 / 43 tests, 11 failed; Testing //hdl/chisel/src/common:sv_generation_utils_test; 34s processwrapper-sandbox ... (9 actions, 8 running)
Analyzing: 2440 targets (399 packages loaded, 23168 targets configured)
[6,104 / 6,514] 17 / 43 tests, 11 failed; Testing //hdl/chisel/src/common:sv_generation_utils_test; 35s processwrapper-sandbox ... (8 actions, 7 running)
Analyzing: 2440 targets (399 packages loaded, 23168 targets configured)
[6,106 / 6,514] 17 / 43 tests, 11 failed; Testing //hdl/chisel/src/common:sv_generation_utils_test; 37s processwrapper-sandbox ... (9 actions, 8 running)
Analyzing: 2440 targets (399 packages loaded, 23168 targets configured)
[6,109 / 6,514] 17 / 43 tests, 11 failed; Testing //hdl/chisel/src/common:sv_generation_utils_test; 39s processwrapper-sandbox ... (8 actions, 7 running)
Analyzing: 2440 targets (399 packages loaded, 23168 targets configured)
[6,111 / 6,514] 17 / 43 tests, 11 failed; Testing //hdl/chisel/src/common:sv_generation_utils_test; 40s processwrapper-sandbox ... (9 actions, 8 running)
Analyzing: 2440 targets (399 packages loaded, 23168 targets configured)
[6,112 / 6,514] 17 / 43 tests, 11 failed; Testing //hdl/chisel/src/common:sv_generation_utils_test; 41s processwrapper-sandbox ... (8 actions, 7 running)
Analyzing: 2440 targets (399 packages loaded, 23168 targets configured)
[6,113 / 6,514] 17 / 43 tests, 11 failed; Testing //hdl/chisel/src/common:sv_generation_utils_test; 42s processwrapper-sandbox ... (8 actions, 7 running)
Analyzing: 2440 targets (399 packages loaded, 23168 targets configured)
[6,114 / 6,514] 17 / 43 tests, 11 failed; Testing //hdl/chisel/src/common:sv_generation_utils_test; 44s processwrapper-sandbox ... (9 actions, 8 running)
Analyzing: 2440 targets (399 packages loaded, 23168 targets configured)
[6,115 / 6,514] 17 / 43 tests, 11 failed; Testing //hdl/chisel/src/common:sv_generation_utils_test; 45s processwrapper-sandbox ... (8 actions, 7 running)
Analyzing: 2440 targets (399 packages loaded, 23168 targets configured)
[6,117 / 6,514] 17 / 43 tests, 11 failed; Testing //hdl/chisel/src/common:sv_generation_utils_test; 46s processwrapper-sandbox ... (8 actions, 7 running)
Analyzing: 2440 targets (399 packages loaded, 23168 targets configured)
[6,120 / 6,514] 17 / 43 tests, 11 failed; Testing //hdl/chisel/src/common:sv_generation_utils_test; 47s processwrapper-sandbox ... (8 actions, 7 running)
Analyzing: 2440 targets (399 packages loaded, 23168 targets configured)
[6,120 / 6,514] 17 / 43 tests, 11 failed; Testing //hdl/chisel/src/common:sv_generation_utils_test; 49s processwrapper-sandbox ... (9 actions, 8 running)
Analyzing: 2440 targets (399 packages loaded, 23168 targets configured)
[6,125 / 6,514] 18 / 43 tests, 11 failed; Testing //hdl/chisel/src/common:fp_test; 35s processwrapper-sandbox ... (8 actions, 7 running)
Analyzing: 2440 targets (399 packages loaded, 23168 targets configured)
[6,125 / 6,514] 18 / 43 tests, 11 failed; Testing //hdl/chisel/src/common:fp_test; 37s processwrapper-sandbox ... (9 actions, 8 running)
Analyzing: 2440 targets (399 packages loaded, 23168 targets configured)
[6,128 / 6,514] 18 / 43 tests, 11 failed; Testing //hdl/chisel/src/common:fp_test; 38s processwrapper-sandbox ... (8 actions, 7 running)
Analyzing: 2440 targets (399 packages loaded, 23168 targets configured)
[6,129 / 6,514] 18 / 43 tests, 11 failed; Testing //hdl/chisel/src/common:fp_test; 40s processwrapper-sandbox ... (8 actions, 7 running)
Analyzing: 2440 targets (399 packages loaded, 23168 targets configured)
[6,129 / 6,514] 18 / 43 tests, 11 failed; Testing //hdl/chisel/src/common:fp_test; 41s processwrapper-sandbox ... (8 actions running)
Analyzing: 2440 targets (399 packages loaded, 23168 targets configured)
[6,130 / 6,514] 18 / 43 tests, 11 failed; Testing //hdl/chisel/src/common:fp_test; 42s processwrapper-sandbox ... (8 actions, 7 running)
Analyzing: 2440 targets (399 packages loaded, 23168 targets configured)
[6,134 / 6,514] 18 / 43 tests, 11 failed; Testing //hdl/chisel/src/common:fp_test; 44s processwrapper-sandbox ... (8 actions running)
Analyzing: 2440 targets (399 packages loaded, 23168 targets configured)
[6,138 / 6,514] 18 / 43 tests, 11 failed; Testing //hdl/chisel/src/common:fp_test; 46s processwrapper-sandbox ... (8 actions, 7 running)
Analyzing: 2440 targets (399 packages loaded, 23168 targets configured)
[6,140 / 6,514] 18 / 43 tests, 11 failed; Testing //hdl/chisel/src/common:fp_test; 47s processwrapper-sandbox ... (9 actions, 8 running)
Analyzing: 2440 targets (399 packages loaded, 23168 targets configured)
[6,142 / 6,514] 18 / 43 tests, 11 failed; Testing //hdl/chisel/src/common:fp_test; 48s processwrapper-sandbox ... (8 actions, 7 running)
Analyzing: 2440 targets (399 packages loaded, 23168 targets configured)
[6,144 / 6,514] 18 / 43 tests, 11 failed; Testing //hdl/chisel/src/common:fp_test; 49s processwrapper-sandbox ... (8 actions, 7 running)
Analyzing: 2440 targets (399 packages loaded, 23168 targets configured)
[6,147 / 6,514] 19 / 43 tests, 11 failed; Testing //hdl/chisel/src/common:fp_test; 50s processwrapper-sandbox ... (8 actions running)
Analyzing: 2440 targets (399 packages loaded, 23168 targets configured)
[6,149 / 6,514] 19 / 43 tests, 11 failed; Testing //hdl/chisel/src/common:fifo_state_test; 39s processwrapper-sandbox ... (9 actions, 8 running)
Analyzing: 2440 targets (399 packages loaded, 23168 targets configured)
[6,151 / 6,514] 19 / 43 tests, 11 failed; Testing //hdl/chisel/src/common:fifo_state_test; 40s processwrapper-sandbox ... (9 actions, 8 running)
Analyzing: 2440 targets (399 packages loaded, 23168 targets configured)
[6,153 / 6,514] 19 / 43 tests, 11 failed; Testing //hdl/chisel/src/common:fifo_state_test; 41s processwrapper-sandbox ... (8 actions, 7 running)
Analyzing: 2440 targets (399 packages loaded, 23168 targets configured)
[6,155 / 6,514] 19 / 43 tests, 11 failed; Testing //hdl/chisel/src/common:fifo_state_test; 43s processwrapper-sandbox ... (9 actions, 8 running)
Analyzing: 2440 targets (399 packages loaded, 23168 targets configured)
[6,156 / 6,514] 19 / 43 tests, 11 failed; Testing //hdl/chisel/src/common:fifo_state_test; 45s processwrapper-sandbox ... (8 actions, 7 running)
Analyzing: 2440 targets (399 packages loaded, 23168 targets configured)
[6,160 / 6,514] 19 / 43 tests, 11 failed; Testing //hdl/chisel/src/common:fifo_state_test; 47s processwrapper-sandbox ... (8 actions, 7 running)
Analyzing: 2440 targets (399 packages loaded, 23168 targets configured)
[6,161 / 6,514] 19 / 43 tests, 11 failed; Testing //hdl/chisel/src/common:fifo_state_test; 48s processwrapper-sandbox ... (9 actions, 8 running)
Analyzing: 2440 targets (399 packages loaded, 23168 targets configured)
[6,164 / 6,514] 19 / 43 tests, 11 failed; Testing //hdl/chisel/src/common:fifo_state_test; 50s processwrapper-sandbox ... (8 actions, 7 running)
Analyzing: 2440 targets (399 packages loaded, 23168 targets configured)
[6,166 / 6,514] 19 / 43 tests, 11 failed; Testing //hdl/chisel/src/common:fifo_state_test; 51s processwrapper-sandbox ... (9 actions, 8 running)
Analyzing: 2440 targets (399 packages loaded, 23168 targets configured)
[6,167 / 6,514] 19 / 43 tests, 11 failed; Testing //hdl/chisel/src/common:fifo_state_test; 52s processwrapper-sandbox ... (8 actions, 7 running)
Analyzing: 2440 targets (399 packages loaded, 23168 targets configured)
[6,169 / 6,514] 19 / 43 tests, 11 failed; Testing //hdl/chisel/src/common:fifo_state_test; 54s processwrapper-sandbox ... (9 actions, 8 running)
Analyzing: 2440 targets (399 packages loaded, 23168 targets configured)
[6,172 / 6,514] 19 / 43 tests, 11 failed; Testing //hdl/chisel/src/common:fifo_state_test; 55s processwrapper-sandbox ... (8 actions, 7 running)
Analyzing: 2440 targets (399 packages loaded, 23168 targets configured)
[6,174 / 6,514] 19 / 43 tests, 11 failed; Testing //hdl/chisel/src/common:fifo_state_test; 56s processwrapper-sandbox ... (8 actions, 7 running)
Analyzing: 2440 targets (399 packages loaded, 23168 targets configured)
[6,176 / 6,514] 19 / 43 tests, 11 failed; Testing //hdl/chisel/src/common:fifo_state_test; 58s processwrapper-sandbox ... (9 actions, 8 running)
Analyzing: 2440 targets (399 packages loaded, 23168 targets configured)
[6,177 / 6,514] 19 / 43 tests, 11 failed; Testing //hdl/chisel/src/common:fifo_state_test; 59s processwrapper-sandbox ... (8 actions, 7 running)
Analyzing: 2440 targets (399 packages loaded, 23168 targets configured)
[6,179 / 6,514] 19 / 43 tests, 11 failed; Testing //hdl/chisel/src/common:fifo_state_test; 61s processwrapper-sandbox ... (9 actions, 8 running)
Analyzing: 2440 targets (399 packages loaded, 23168 targets configured)
[6,180 / 6,514] 19 / 43 tests, 11 failed; Testing //hdl/chisel/src/common:fifo_state_test; 63s processwrapper-sandbox ... (8 actions running)
Analyzing: 2440 targets (399 packages loaded, 23168 targets configured)
[6,181 / 6,514] 19 / 43 tests, 11 failed; Testing //hdl/chisel/src/common:fifo_state_test; 64s processwrapper-sandbox ... (8 actions, 7 running)
Analyzing: 2440 targets (399 packages loaded, 23168 targets configured)
[6,187 / 6,514] 19 / 43 tests, 11 failed; Testing //hdl/chisel/src/common:fifo_state_test; 65s processwrapper-sandbox ... (8 actions, 7 running)
Analyzing: 2440 targets (399 packages loaded, 23168 targets configured)
[6,187 / 6,514] 19 / 43 tests, 11 failed; Testing //hdl/chisel/src/common:fifo_state_test; 67s processwrapper-sandbox ... (9 actions, 8 running)
Analyzing: 2440 targets (399 packages loaded, 23168 targets configured)
[6,188 / 6,514] 19 / 43 tests, 11 failed; Testing //hdl/chisel/src/common:fifo_state_test; 69s processwrapper-sandbox ... (8 actions, 7 running)
Analyzing: 2440 targets (399 packages loaded, 23168 targets configured)
[6,189 / 6,514] 19 / 43 tests, 11 failed; Testing //hdl/chisel/src/common:fifo_state_test; 71s processwrapper-sandbox ... (9 actions, 8 running)
Analyzing: 2440 targets (399 packages loaded, 23168 targets configured)
[6,190 / 6,514] 19 / 43 tests, 11 failed; Testing //hdl/chisel/src/common:fifo_state_test; 72s processwrapper-sandbox ... (9 actions, 8 running)
Analyzing: 2440 targets (399 packages loaded, 23168 targets configured)
[6,191 / 6,514] 19 / 43 tests, 11 failed; Testing //hdl/chisel/src/common:fifo_state_test; 73s processwrapper-sandbox ... (8 actions, 7 running)
Analyzing: 2440 targets (399 packages loaded, 23168 targets configured)
[6,192 / 6,514] 19 / 43 tests, 11 failed; Testing //hdl/chisel/src/common:fifo_state_test; 75s processwrapper-sandbox ... (9 actions, 8 running)
Analyzing: 2440 targets (399 packages loaded, 23168 targets configured)
[6,193 / 6,514] 19 / 43 tests, 11 failed; Testing //hdl/chisel/src/common:fifo_state_test; 78s processwrapper-sandbox ... (8 actions, 7 running)
Analyzing: 2440 targets (399 packages loaded, 23168 targets configured)
[6,194 / 6,514] 19 / 43 tests, 11 failed; Testing //hdl/chisel/src/common:fifo_state_test; 79s processwrapper-sandbox ... (8 actions running)
Analyzing: 2440 targets (399 packages loaded, 23168 targets configured)
[6,196 / 6,514] 19 / 43 tests, 11 failed; Testing //hdl/chisel/src/common:fifo_state_test; 80s processwrapper-sandbox ... (8 actions, 7 running)
Analyzing: 2440 targets (399 packages loaded, 23168 targets configured)
[6,199 / 6,514] 19 / 43 tests, 11 failed; Testing //hdl/chisel/src/common:fifo_state_test; 82s processwrapper-sandbox ... (8 actions, 7 running)
Analyzing: 2440 targets (399 packages loaded, 23168 targets configured)
[6,199 / 6,514] 19 / 43 tests, 11 failed; Testing //hdl/chisel/src/common:fifo_state_test; 83s processwrapper-sandbox ... (9 actions, 8 running)
Analyzing: 2440 targets (399 packages loaded, 23168 targets configured)
[6,200 / 6,514] 19 / 43 tests, 11 failed; Testing //hdl/chisel/src/common:fifo_state_test; 84s processwrapper-sandbox ... (9 actions, 8 running)
Analyzing: 2440 targets (399 packages loaded, 23168 targets configured)
[6,201 / 6,514] 20 / 43 tests, 11 failed; Testing //hdl/chisel/src/common:library_test; 48s processwrapper-sandbox ... (8 actions running)
Analyzing: 2440 targets (399 packages loaded, 23168 targets configured)
[6,202 / 6,514] 20 / 43 tests, 11 failed; Testing //hdl/chisel/src/common:library_test; 49s processwrapper-sandbox ... (8 actions, 7 running)
Analyzing: 2440 targets (399 packages loaded, 23168 targets configured)
[6,204 / 6,514] 20 / 43 tests, 11 failed; Testing //hdl/chisel/src/common:library_test; 51s processwrapper-sandbox ... (8 actions, 7 running)
Analyzing: 2440 targets (399 packages loaded, 23168 targets configured)
[6,204 / 6,514] 20 / 43 tests, 11 failed; Testing //hdl/chisel/src/common:library_test; 52s processwrapper-sandbox ... (8 actions running)
Analyzing: 2440 targets (399 packages loaded, 23168 targets configured)
[6,205 / 6,514] 20 / 43 tests, 11 failed; Testing //hdl/chisel/src/common:library_test; 54s processwrapper-sandbox ... (8 actions, 7 running)
Analyzing: 2440 targets (399 packages loaded, 23168 targets configured)
[6,208 / 6,514] 20 / 43 tests, 11 failed; Testing //hdl/chisel/src/common:library_test; 55s processwrapper-sandbox ... (8 actions, 7 running)
Analyzing: 2440 targets (399 packages loaded, 23168 targets configured)
[6,209 / 6,514] 20 / 43 tests, 11 failed; Testing //hdl/chisel/src/common:library_test; 57s processwrapper-sandbox ... (9 actions, 8 running)
Analyzing: 2440 targets (399 packages loaded, 23168 targets configured)
[6,210 / 6,514] 20 / 43 tests, 11 failed; Testing //hdl/chisel/src/common:library_test; 58s processwrapper-sandbox ... (8 actions, 7 running)
Analyzing: 2440 targets (399 packages loaded, 23168 targets configured)
[6,211 / 6,514] 20 / 43 tests, 11 failed; Testing //hdl/chisel/src/common:library_test; 59s processwrapper-sandbox ... (8 actions, 7 running)
Analyzing: 2440 targets (399 packages loaded, 23168 targets configured)
[6,211 / 6,514] 20 / 43 tests, 11 failed; Testing //hdl/chisel/src/common:library_test; 61s processwrapper-sandbox ... (9 actions, 8 running)
Analyzing: 2440 targets (399 packages loaded, 23168 targets configured)
[6,212 / 6,514] 20 / 43 tests, 11 failed; Testing //hdl/chisel/src/common:library_test; 67s processwrapper-sandbox ... (8 actions, 7 running)
Analyzing: 2440 targets (399 packages loaded, 23168 targets configured)
[6,214 / 6,514] 20 / 43 tests, 11 failed; Testing //hdl/chisel/src/common:library_test; 69s processwrapper-sandbox ... (8 actions running)
Analyzing: 2440 targets (399 packages loaded, 23168 targets configured)
[6,215 / 6,514] 20 / 43 tests, 11 failed; Testing //hdl/chisel/src/common:library_test; 70s processwrapper-sandbox ... (8 actions, 7 running)
Analyzing: 2440 targets (399 packages loaded, 23168 targets configured)
[6,216 / 6,514] 20 / 43 tests, 11 failed; Testing //hdl/chisel/src/common:library_test; 72s processwrapper-sandbox ... (8 actions running)
Analyzing: 2440 targets (399 packages loaded, 23168 targets configured)
[6,217 / 6,514] 20 / 43 tests, 11 failed; Testing //hdl/chisel/src/common:library_test; 73s processwrapper-sandbox ... (8 actions, 7 running)
Analyzing: 2440 targets (399 packages loaded, 23168 targets configured)
[6,218 / 6,514] 20 / 43 tests, 11 failed; Testing //hdl/chisel/src/common:library_test; 75s processwrapper-sandbox ... (9 actions, 8 running)
Analyzing: 2440 targets (399 packages loaded, 23168 targets configured)
[6,219 / 6,514] 20 / 43 tests, 11 failed; Testing //hdl/chisel/src/common:library_test; 76s processwrapper-sandbox ... (8 actions, 7 running)
Analyzing: 2440 targets (399 packages loaded, 23168 targets configured)
[6,219 / 6,514] 20 / 43 tests, 11 failed; Testing //hdl/chisel/src/common:library_test; 78s processwrapper-sandbox ... (8 actions running)
Analyzing: 2440 targets (399 packages loaded, 23168 targets configured)
[6,221 / 6,514] 20 / 43 tests, 11 failed; Testing //hdl/chisel/src/common:library_test; 80s processwrapper-sandbox ... (9 actions, 8 running)
Analyzing: 2440 targets (399 packages loaded, 23168 targets configured)
[6,222 / 6,514] 20 / 43 tests, 11 failed; Testing //hdl/chisel/src/common:library_test; 82s processwrapper-sandbox ... (8 actions, 7 running)
Analyzing: 2440 targets (399 packages loaded, 23168 targets configured)
[6,222 / 6,514] 20 / 43 tests, 11 failed; Testing //hdl/chisel/src/common:library_test; 83s processwrapper-sandbox ... (9 actions, 8 running)
Analyzing: 2440 targets (399 packages loaded, 23168 targets configured)
[6,223 / 6,514] 20 / 43 tests, 11 failed; Testing //hdl/chisel/src/common:library_test; 85s processwrapper-sandbox ... (8 actions running)
ERROR: /app/tests/cocotb/tutorial/tfmicro/BUILD:283:19: Compiling tests/cocotb/tutorial/tfmicro/fully_connected_test.cc failed: missing input file '//sw/opt/litert-micro:fully_connected.h'
ERROR: /app/tests/cocotb/tutorial/tfmicro/BUILD:283:19: Compiling tests/cocotb/tutorial/tfmicro/fully_connected_test.cc failed: missing input file '//sw/utils:utils.h'
ERROR: /app/tests/cocotb/tutorial/tfmicro/BUILD:283:19: Compiling tests/cocotb/tutorial/tfmicro/fully_connected_test.cc failed: missing input file '//sw/utils:utils.h'
ERROR: /app/tests/cocotb/tutorial/tfmicro/BUILD:283:19: Compiling tests/cocotb/tutorial/tfmicro/fully_connected_test.cc failed: missing input file '//sw/opt/litert-micro:accumulator_util.h'
ERROR: /app/tests/cocotb/tutorial/tfmicro/BUILD:283:19: Compiling tests/cocotb/tutorial/tfmicro/fully_connected_test.cc failed: missing input file '//sw/opt/litert-micro:fully_connected.h'
ERROR: /app/tests/cocotb/tutorial/tfmicro/BUILD:283:19: Compiling tests/cocotb/tutorial/tfmicro/fully_connected_test.cc failed: 5 input file(s) do not exist
ERROR: /app/sw/opt/litert-micro/BUILD:80:11: Compiling sw/opt/litert-micro/fully_connected.cc failed: missing input file '//sw/opt/litert-micro:fully_connected.cc'
ERROR: /app/sw/opt/litert-micro/BUILD:80:11: Compiling sw/opt/litert-micro/fully_connected.cc failed: missing input file '//sw/opt/litert-micro:fully_connected.h'
ERROR: /app/sw/opt/litert-micro/BUILD:80:11: Compiling sw/opt/litert-micro/fully_connected.cc failed: missing input file '//sw/opt/litert-micro:accumulator_util.h'
ERROR: /app/sw/opt/litert-micro/BUILD:80:11: Compiling sw/opt/litert-micro/fully_connected.cc failed: missing input file '//sw/opt/litert-micro:fully_connected.h'
ERROR: /app/sw/opt/litert-micro/BUILD:80:11: Compiling sw/opt/litert-micro/fully_connected.cc failed: missing input file '//sw/opt/litert-micro:accumulator_util.h'
ERROR: /app/sw/opt/litert-micro/BUILD:80:11: Compiling sw/opt/litert-micro/fully_connected.cc failed: 5 input file(s) do not exist
ERROR: /app/tests/cocotb/tutorial/tfmicro/BUILD:318:19: Compiling tests/cocotb/tutorial/tfmicro/logistic_test.cc failed: missing input file '//sw/opt/litert-micro:logistic.h'
ERROR: /app/tests/cocotb/tutorial/tfmicro/BUILD:318:19: Compiling tests/cocotb/tutorial/tfmicro/logistic_test.cc failed: missing input file '//sw/utils:utils.h'
ERROR: /app/tests/cocotb/tutorial/tfmicro/BUILD:318:19: Compiling tests/cocotb/tutorial/tfmicro/logistic_test.cc failed: missing input file '//sw/utils:utils.h'
ERROR: /app/tests/cocotb/tutorial/tfmicro/BUILD:318:19: Compiling tests/cocotb/tutorial/tfmicro/logistic_test.cc failed: missing input file '//sw/opt/litert-micro:logistic.h'
ERROR: /app/tests/cocotb/tutorial/tfmicro/BUILD:318:19: Compiling tests/cocotb/tutorial/tfmicro/logistic_test.cc failed: 4 input file(s) do not exist
ERROR: /app/sw/opt/litert-micro/BUILD:93:11: Compiling sw/opt/litert-micro/logistic.cc failed: missing input file '//sw/opt/litert-micro:logistic.cc'
ERROR: /app/sw/opt/litert-micro/BUILD:93:11: Compiling sw/opt/litert-micro/logistic.cc failed: missing input file '//sw/opt/litert-micro:logistic.h'
ERROR: /app/sw/opt/litert-micro/BUILD:93:11: Compiling sw/opt/litert-micro/logistic.cc failed: missing input file '//sw/opt/litert-micro:logistic.h'
ERROR: /app/sw/opt/litert-micro/BUILD:93:11: Compiling sw/opt/litert-micro/logistic.cc failed: 3 input file(s) do not exist
ERROR: /app/tests/cocotb/tutorial/tfmicro/BUILD:32:19: Compiling tests/cocotb/tutorial/tfmicro/mobilenet_v1_025_partial_layers.cc failed: missing input file '//sw/opt/litert-micro:memory_util.h'
ERROR: /app/tests/cocotb/tutorial/tfmicro/BUILD:32:19: Compiling tests/cocotb/tutorial/tfmicro/mobilenet_v1_025_partial_layers.cc failed: missing input file '//sw/opt/litert-micro:accumulator_util.h'
ERROR: /app/tests/cocotb/tutorial/tfmicro/BUILD:32:19: Compiling tests/cocotb/tutorial/tfmicro/mobilenet_v1_025_partial_layers.cc failed: missing input file '//sw/opt:rvv_opt.h'
ERROR: /app/tests/cocotb/tutorial/tfmicro/BUILD:32:19: Compiling tests/cocotb/tutorial/tfmicro/mobilenet_v1_025_partial_layers.cc failed: missing input file '//sw/opt/litert-micro:depthwise_conv.h'
ERROR: /app/tests/cocotb/tutorial/tfmicro/BUILD:32:19: Compiling tests/cocotb/tutorial/tfmicro/mobilenet_v1_025_partial_layers.cc failed: 4 input file(s) do not exist
ERROR: /app/tests/cocotb/tutorial/tfmicro/BUILD:32:19: Compiling tests/cocotb/tutorial/tfmicro/run_partial_mobilenet.cc failed: missing input file '//sw/opt/litert-micro:depthwise_conv.h'
ERROR: /app/tests/cocotb/tutorial/tfmicro/BUILD:32:19: Compiling tests/cocotb/tutorial/tfmicro/run_partial_mobilenet.cc failed: missing input file '//sw/opt/litert-micro:memory_util.h'
ERROR: /app/tests/cocotb/tutorial/tfmicro/BUILD:32:19: Compiling tests/cocotb/tutorial/tfmicro/run_partial_mobilenet.cc failed: missing input file '//sw/opt/litert-micro:accumulator_util.h'
ERROR: /app/tests/cocotb/tutorial/tfmicro/BUILD:32:19: Compiling tests/cocotb/tutorial/tfmicro/run_partial_mobilenet.cc failed: missing input file '//sw/opt:rvv_opt.h'
ERROR: /app/tests/cocotb/tutorial/tfmicro/BUILD:32:19: Compiling tests/cocotb/tutorial/tfmicro/run_partial_mobilenet.cc failed: missing input file '//sw/opt/litert-micro:depthwise_conv.h'
ERROR: /app/tests/cocotb/tutorial/tfmicro/BUILD:32:19: Compiling tests/cocotb/tutorial/tfmicro/run_partial_mobilenet.cc failed: 5 input file(s) do not exist
ERROR: /app/tests/cocotb/tutorial/tfmicro/BUILD:119:19: Compiling tests/cocotb/tutorial/tfmicro/depthwise_conv_test.cc failed: missing input file '//sw/opt/litert-micro:depthwise_conv.h'
ERROR: /app/tests/cocotb/tutorial/tfmicro/BUILD:119:19: Compiling tests/cocotb/tutorial/tfmicro/depthwise_conv_test.cc failed: missing input file '//sw/opt/litert-micro:memory_util.h'
ERROR: /app/tests/cocotb/tutorial/tfmicro/BUILD:119:19: Compiling tests/cocotb/tutorial/tfmicro/depthwise_conv_test.cc failed: missing input file '//sw/opt/litert-micro:accumulator_util.h'
ERROR: /app/tests/cocotb/tutorial/tfmicro/BUILD:119:19: Compiling tests/cocotb/tutorial/tfmicro/depthwise_conv_test.cc failed: missing input file '//sw/opt:rvv_opt.h'
ERROR: /app/tests/cocotb/tutorial/tfmicro/BUILD:119:19: Compiling tests/cocotb/tutorial/tfmicro/depthwise_conv_test.cc failed: missing input file '//sw/opt/litert-micro:depthwise_conv.h'
ERROR: /app/tests/cocotb/tutorial/tfmicro/BUILD:119:19: Compiling tests/cocotb/tutorial/tfmicro/depthwise_conv_test.cc failed: 5 input file(s) do not exist
ERROR: /app/sw/opt/litert-micro/BUILD:37:11: Compiling sw/opt/litert-micro/depthwise_conv.cc failed: missing input file '//sw/opt/litert-micro:depthwise_conv.cc'
ERROR: /app/sw/opt/litert-micro/BUILD:37:11: Compiling sw/opt/litert-micro/depthwise_conv.cc failed: missing input file '//sw/opt/litert-micro:depthwise_conv.h'
ERROR: /app/sw/opt/litert-micro/BUILD:37:11: Compiling sw/opt/litert-micro/depthwise_conv.cc failed: missing input file '//sw/opt/litert-micro:accumulator_util.h'
ERROR: /app/sw/opt/litert-micro/BUILD:37:11: Compiling sw/opt/litert-micro/depthwise_conv.cc failed: missing input file '//sw/opt/litert-micro:memory_util.h'
ERROR: /app/sw/opt/litert-micro/BUILD:37:11: Compiling sw/opt/litert-micro/depthwise_conv.cc failed: missing input file '//sw/opt:rvv_opt.h'
ERROR: /app/sw/opt/litert-micro/BUILD:37:11: Compiling sw/opt/litert-micro/depthwise_conv.cc failed: missing input file '//sw/opt:rvv_opt.h'
ERROR: /app/sw/opt/litert-micro/BUILD:37:11: Compiling sw/opt/litert-micro/depthwise_conv.cc failed: missing input file '//sw/opt/litert-micro:depthwise_conv.h'
ERROR: /app/sw/opt/litert-micro/BUILD:37:11: Compiling sw/opt/litert-micro/depthwise_conv.cc failed: missing input file '//sw/opt/litert-micro:memory_util.h'
ERROR: /app/sw/opt/litert-micro/BUILD:37:11: Compiling sw/opt/litert-micro/depthwise_conv.cc failed: missing input file '//sw/opt/litert-micro:accumulator_util.h'
ERROR: /app/sw/opt/litert-micro/BUILD:37:11: Compiling sw/opt/litert-micro/depthwise_conv.cc failed: 9 input file(s) do not exist
ERROR: /app/tests/cocotb/tutorial/tfmicro/BUILD:240:19: Compiling tests/cocotb/tutorial/tfmicro/pooling_test.cc failed: missing input file '//sw/opt/litert-micro:pooling.h'
ERROR: /app/tests/cocotb/tutorial/tfmicro/BUILD:240:19: Compiling tests/cocotb/tutorial/tfmicro/pooling_test.cc failed: missing input file '//sw/utils:utils.h'
ERROR: /app/tests/cocotb/tutorial/tfmicro/BUILD:240:19: Compiling tests/cocotb/tutorial/tfmicro/pooling_test.cc failed: missing input file '//sw/utils:utils.h'
ERROR: /app/tests/cocotb/tutorial/tfmicro/BUILD:240:19: Compiling tests/cocotb/tutorial/tfmicro/pooling_test.cc failed: missing input file '//sw/opt/litert-micro:pooling.h'
ERROR: /app/tests/cocotb/tutorial/tfmicro/BUILD:240:19: Compiling tests/cocotb/tutorial/tfmicro/pooling_test.cc failed: 4 input file(s) do not exist
ERROR: /app/sw/opt/litert-micro/test/BUILD:20:19: Compiling sw/opt/litert-micro/test/max_pool_test.cc failed: missing input file '//sw/opt/litert-micro:pooling.h'
ERROR: /app/sw/opt/litert-micro/test/BUILD:20:19: Compiling sw/opt/litert-micro/test/max_pool_test.cc failed: missing input file '//sw/utils:utils.h'
ERROR: /app/sw/opt/litert-micro/test/BUILD:20:19: Compiling sw/opt/litert-micro/test/max_pool_test.cc failed: missing input file '//sw/utils:utils.h'
ERROR: /app/sw/opt/litert-micro/test/BUILD:20:19: Compiling sw/opt/litert-micro/test/max_pool_test.cc failed: missing input file '//sw/opt/litert-micro:pooling.h'
ERROR: /app/sw/opt/litert-micro/test/BUILD:20:19: Compiling sw/opt/litert-micro/test/max_pool_test.cc failed: 4 input file(s) do not exist
ERROR: /app/sw/opt/litert-micro/BUILD:68:11: Compiling sw/opt/litert-micro/pooling.cc failed: missing input file '//sw/opt/litert-micro:pooling.cc'
ERROR: /app/sw/opt/litert-micro/BUILD:68:11: Compiling sw/opt/litert-micro/pooling.cc failed: missing input file '//sw/opt/litert-micro:pooling.h'
ERROR: /app/sw/opt/litert-micro/BUILD:68:11: Compiling sw/opt/litert-micro/pooling.cc failed: missing input file '//sw/opt/litert-micro:pooling.h'
ERROR: /app/sw/opt/litert-micro/BUILD:68:11: Compiling sw/opt/litert-micro/pooling.cc failed: 3 input file(s) do not exist
ERROR: /app/sw/opt/litert-micro/test/BUILD:32:19: Compiling sw/opt/litert-micro/test/conv_test.cc failed: missing input file '//sw/opt/litert-micro:conv.h'
ERROR: /app/sw/opt/litert-micro/test/BUILD:32:19: Compiling sw/opt/litert-micro/test/conv_test.cc failed: missing input file '//sw/opt/litert-micro:memory_util.h'
ERROR: /app/sw/opt/litert-micro/test/BUILD:32:19: Compiling sw/opt/litert-micro/test/conv_test.cc failed: missing input file '//sw/utils:utils.h'
ERROR: /app/sw/opt/litert-micro/test/BUILD:32:19: Compiling sw/opt/litert-micro/test/conv_test.cc failed: missing input file '//sw/utils:utils.h'
ERROR: /app/sw/opt/litert-micro/test/BUILD:32:19: Compiling sw/opt/litert-micro/test/conv_test.cc failed: missing input file '//sw/opt/litert-micro:accumulator_util.h'
ERROR: /app/sw/opt/litert-micro/test/BUILD:32:19: Compiling sw/opt/litert-micro/test/conv_test.cc failed: missing input file '//sw/opt/litert-micro:memory_util.h'
ERROR: /app/sw/opt/litert-micro/test/BUILD:32:19: Compiling sw/opt/litert-micro/test/conv_test.cc failed: missing input file '//sw/opt:rvv_opt.h'
ERROR: /app/sw/opt/litert-micro/test/BUILD:32:19: Compiling sw/opt/litert-micro/test/conv_test.cc failed: missing input file '//sw/opt/litert-micro:conv.h'
ERROR: /app/sw/opt/litert-micro/test/BUILD:32:19: Compiling sw/opt/litert-micro/test/conv_test.cc failed: 8 input file(s) do not exist
ERROR: /app/sw/opt/litert-micro/BUILD:52:11: Compiling sw/opt/litert-micro/conv.cc failed: missing input file '//sw/opt/litert-micro:conv.cc'
ERROR: /app/sw/opt/litert-micro/BUILD:52:11: Compiling sw/opt/litert-micro/conv.cc failed: missing input file '//sw/opt/litert-micro:conv.h'
ERROR: /app/sw/opt/litert-micro/BUILD:52:11: Compiling sw/opt/litert-micro/conv.cc failed: missing input file '//sw/opt/litert-micro:memory_util.h'
ERROR: /app/sw/opt/litert-micro/BUILD:52:11: Compiling sw/opt/litert-micro/conv.cc failed: missing input file '//sw/opt/litert-micro:accumulator_util.h'
ERROR: /app/sw/opt/litert-micro/BUILD:52:11: Compiling sw/opt/litert-micro/conv.cc failed: missing input file '//sw/opt:rvv_opt.h'
ERROR: /app/sw/opt/litert-micro/BUILD:52:11: Compiling sw/opt/litert-micro/conv.cc failed: missing input file '//sw/opt:rvv_opt.h'
ERROR: /app/sw/opt/litert-micro/BUILD:52:11: Compiling sw/opt/litert-micro/conv.cc failed: missing input file '//sw/opt/litert-micro:conv.h'
ERROR: /app/sw/opt/litert-micro/BUILD:52:11: Compiling sw/opt/litert-micro/conv.cc failed: missing input file '//sw/opt/litert-micro:accumulator_util.h'
ERROR: /app/sw/opt/litert-micro/BUILD:52:11: Compiling sw/opt/litert-micro/conv.cc failed: missing input file '//sw/opt/litert-micro:memory_util.h'
ERROR: /app/sw/opt/litert-micro/BUILD:52:11: Compiling sw/opt/litert-micro/conv.cc failed: 9 input file(s) do not exist
ERROR: /app/tests/cocotb/tutorial/tfmicro/BUILD:190:19: Compiling tests/cocotb/tutorial/tfmicro/conv2d_test.cc failed: missing input file '//sw/opt/litert-micro:conv.h'
ERROR: /app/tests/cocotb/tutorial/tfmicro/BUILD:190:19: Compiling tests/cocotb/tutorial/tfmicro/conv2d_test.cc failed: missing input file '//sw/opt/litert-micro:memory_util.h'
ERROR: /app/tests/cocotb/tutorial/tfmicro/BUILD:190:19: Compiling tests/cocotb/tutorial/tfmicro/conv2d_test.cc failed: missing input file '//sw/opt/litert-micro:accumulator_util.h'
ERROR: /app/tests/cocotb/tutorial/tfmicro/BUILD:190:19: Compiling tests/cocotb/tutorial/tfmicro/conv2d_test.cc failed: missing input file '//sw/opt/litert-micro:memory_util.h'
ERROR: /app/tests/cocotb/tutorial/tfmicro/BUILD:190:19: Compiling tests/cocotb/tutorial/tfmicro/conv2d_test.cc failed: missing input file '//sw/opt:rvv_opt.h'
ERROR: /app/tests/cocotb/tutorial/tfmicro/BUILD:190:19: Compiling tests/cocotb/tutorial/tfmicro/conv2d_test.cc failed: missing input file '//sw/opt/litert-micro:conv.h'
ERROR: /app/tests/cocotb/tutorial/tfmicro/BUILD:190:19: Compiling tests/cocotb/tutorial/tfmicro/conv2d_test.cc failed: 6 input file(s) do not exist
Analyzing: 2440 targets (399 packages loaded, 23168 targets configured)
[6,245 / 6,514] 20 / 43 tests, 11 failed; Testing //hdl/chisel/src/common:library_test; 86s processwrapper-sandbox ... (8 actions, 7 running)
Analyzing: 2440 targets (399 packages loaded, 23168 targets configured)
[6,245 / 6,514] 20 / 43 tests, 11 failed; Testing //hdl/chisel/src/common:library_test; 88s processwrapper-sandbox ... (9 actions, 8 running)
Analyzing: 2440 targets (399 packages loaded, 23168 targets configured)
[6,245 / 6,514] 21 / 43 tests, 11 failed; Testing //hdl/chisel/src/common:library_test; 91s processwrapper-sandbox ... (9 actions, 8 running)
Analyzing: 2440 targets (399 packages loaded, 23168 targets configured)
[6,246 / 6,514] 21 / 43 tests, 11 failed; Testing //hdl/chisel/src/common:instruction_buffer_test; 42s processwrapper-sandbox ... (8 actions running)
Analyzing: 2440 targets (399 packages loaded, 23168 targets configured)
[6,248 / 6,514] 21 / 43 tests, 11 failed; Testing //hdl/chisel/src/common:instruction_buffer_test; 43s processwrapper-sandbox ... (8 actions, 7 running)
Analyzing: 2440 targets (399 packages loaded, 23168 targets configured)
[6,249 / 6,514] 21 / 43 tests, 11 failed; Testing //hdl/chisel/src/common:instruction_buffer_test; 45s processwrapper-sandbox ... (8 actions, 7 running)
Analyzing: 2440 targets (399 packages loaded, 23168 targets configured)
[6,249 / 6,514] 21 / 43 tests, 11 failed; Testing //hdl/chisel/src/common:instruction_buffer_test; 46s processwrapper-sandbox ... (9 actions, 8 running)
Analyzing: 2440 targets (399 packages loaded, 23168 targets configured)
[6,251 / 6,514] 21 / 43 tests, 11 failed; Testing //hdl/chisel/src/common:instruction_buffer_test; 48s processwrapper-sandbox ... (8 actions, 7 running)
Analyzing: 2440 targets (399 packages loaded, 23168 targets configured)
[6,251 / 6,514] 21 / 43 tests, 11 failed; Testing //hdl/chisel/src/common:instruction_buffer_test; 49s processwrapper-sandbox ... (9 actions, 8 running)
Analyzing: 2440 targets (399 packages loaded, 23168 targets configured)
[6,252 / 6,514] 22 / 43 tests, 11 failed; Testing //hdl/chisel/src/common:instruction_buffer_test; 51s processwrapper-sandbox ... (8 actions running)
Analyzing: 2440 targets (399 packages loaded, 23168 targets configured)
[6,254 / 6,514] 22 / 43 tests, 11 failed; Testing //hdl/chisel/src/common:circular_buffer_multi_test; 46s processwrapper-sandbox ... (9 actions, 8 running)
Analyzing: 2440 targets (399 packages loaded, 23168 targets configured)
[6,255 / 6,514] 22 / 43 tests, 11 failed; Testing //hdl/chisel/src/common:circular_buffer_multi_test; 48s processwrapper-sandbox ... (9 actions, 8 running)
Analyzing: 2440 targets (399 packages loaded, 23168 targets configured)
[6,256 / 6,514] 22 / 43 tests, 11 failed; Testing //hdl/chisel/src/common:circular_buffer_multi_test; 50s processwrapper-sandbox ... (8 actions, 7 running)
Analyzing: 2440 targets (399 packages loaded, 23168 targets configured)
[6,256 / 6,514] 22 / 43 tests, 11 failed; Testing //hdl/chisel/src/common:circular_buffer_multi_test; 51s processwrapper-sandbox ... (9 actions, 8 running)
Analyzing: 2440 targets (399 packages loaded, 23168 targets configured)
[6,256 / 6,514] 23 / 43 tests, 11 failed; Testing //hdl/chisel/src/common:circular_buffer_multi_test; 52s processwrapper-sandbox ... (9 actions, 8 running)
Analyzing: 2440 targets (399 packages loaded, 23168 targets configured)
[6,259 / 6,514] 23 / 43 tests, 11 failed; Testing //hdl/chisel/src/common:circular_buffer_multi_test; 54s processwrapper-sandbox ... (9 actions, 8 running)
Analyzing: 2440 targets (399 packages loaded, 23168 targets configured)
[6,261 / 6,514] 23 / 43 tests, 11 failed; Testing //hdl/chisel/src/common:circular_buffer_multi_test; 55s processwrapper-sandbox ... (9 actions, 8 running)
Analyzing: 2440 targets (399 packages loaded, 23168 targets configured)
[6,261 / 6,514] 24 / 43 tests, 11 failed; Testing //hdl/chisel/src/common:circular_buffer_multi_test; 59s processwrapper-sandbox ... (9 actions, 8 running)
Analyzing: 2440 targets (399 packages loaded, 23168 targets configured)
[6,262 / 6,514] 24 / 43 tests, 11 failed; Testing //hdl/chisel/src/common:circular_buffer_multi_test; 61s processwrapper-sandbox ... (8 actions running)
Analyzing: 2440 targets (399 packages loaded, 23168 targets configured)
[6,265 / 6,514] 24 / 43 tests, 11 failed; Testing //hdl/chisel/src/common:circular_buffer_multi_test; 63s processwrapper-sandbox ... (8 actions, 7 running)
Analyzing: 2440 targets (399 packages loaded, 23168 targets configured)
[6,265 / 6,514] 24 / 43 tests, 11 failed; Testing //hdl/chisel/src/common:circular_buffer_multi_test; 64s processwrapper-sandbox ... (9 actions, 8 running)
INFO: From Compiling sim/coralnpu_v2_encoding.cc:
In file included from external/coralnpu_mpact/sim/coralnpu_v2_encoding.cc:20:
external/coralnpu_mpact/sim/coralnpu_v2_getters.h:100:19: warning: use of function template name with no prior declaration in function call with explicit template arguments is a C++20 extension [-Wc++20-extensions]
  100 |            return GetRegisterSourceOp<RVFpRegister>(
      |                   ^
external/coralnpu_mpact/sim/coralnpu_v2_getters.h:107:19: warning: use of function template name with no prior declaration in function call with explicit template arguments is a C++20 extension [-Wc++20-extensions]
  107 |            return GetRegisterSourceOp<RVFpRegister>(
      |                   ^
external/coralnpu_mpact/sim/coralnpu_v2_getters.h:114:19: warning: use of function template name with no prior declaration in function call with explicit template arguments is a C++20 extension [-Wc++20-extensions]
  114 |            return GetRegisterSourceOp<RVFpRegister>(
      |                   ^
external/coralnpu_mpact/sim/coralnpu_v2_getters.h:180:19: warning: use of function template name with no prior declaration in function call with explicit template arguments is a C++20 extension [-Wc++20-extensions]
  180 |            return GetRegisterSourceOp<RV32Register>(
      |                   ^
external/coralnpu_mpact/sim/coralnpu_v2_getters.h:188:19: warning: use of function template name with no prior declaration in function call with explicit template arguments is a C++20 extension [-Wc++20-extensions]
  188 |            return GetRegisterSourceOp<RV32Register>(
      |                   ^
external/coralnpu_mpact/sim/coralnpu_v2_getters.h:233:19: warning: use of function template name with no prior declaration in function call with explicit template arguments is a C++20 extension [-Wc++20-extensions]
  233 |            return GetVectorMaskRegisterSourceOp<RVVectorRegister>(
      |                   ^
external/coralnpu_mpact/sim/coralnpu_v2_getters.h:276:19: warning: use of function template name with no prior declaration in function call with explicit template arguments is a C++20 extension [-Wc++20-extensions]
  276 |            return GetRegisterDestinationOp<RV32Register>(
      |                   ^
external/coralnpu_mpact/sim/coralnpu_v2_getters.h:281:19: warning: use of function template name with no prior declaration in function call with explicit template arguments is a C++20 extension [-Wc++20-extensions]
  281 |            return GetCSRSetBitsDestinationOp<uint32_t>(common->state(),
      |                   ^
external/coralnpu_mpact/sim/coralnpu_v2_getters.h:287:19: warning: use of function template name with no prior declaration in function call with explicit template arguments is a C++20 extension [-Wc++20-extensions]
  287 |            return GetRegisterDestinationOp<RVFpRegister>(
      |                   ^
external/coralnpu_mpact/sim/coralnpu_v2_getters.h:293:19: warning: use of function template name with no prior declaration in function call with explicit template arguments is a C++20 extension [-Wc++20-extensions]
  293 |            return GetRegisterDestinationOp<RV32Register>(
      |                   ^
external/coralnpu_mpact/sim/coralnpu_v2_getters.h:300:21: warning: use of function template name with no prior declaration in function call with explicit template arguments is a C++20 extension [-Wc++20-extensions]
  300 |              return GetRegisterDestinationOp<RV32Register>(common->state(),
      |                     ^
external/coralnpu_mpact/sim/coralnpu_v2_getters.h:303:21: warning: use of function template name with no prior declaration in function call with explicit template arguments is a C++20 extension [-Wc++20-extensions]
  303 |              return GetRegisterDestinationOp<RV32Register>(
      |                     ^
external/coralnpu_mpact/sim/coralnpu_v2_getters.h:311:19: warning: use of function template name with no prior declaration in function call with explicit template arguments is a C++20 extension [-Wc++20-extensions]
  311 |            return GetVectorRegisterDestinationOp<RVVectorRegister>(
      |                   ^
13 warnings generated.
Analyzing: 2440 targets (399 packages loaded, 23168 targets configured)
[6,266 / 6,514] 24 / 43 tests, 11 failed; Testing //hdl/chisel/src/common:circular_buffer_multi_test; 67s processwrapper-sandbox ... (8 actions, 7 running)
ERROR: /app/sw/coralnpu_sim/BUILD:21:17: Compiling sw/coralnpu_sim/coralnpu_v2_sim_pybind.cc failed: missing input file '//sw/coralnpu_sim:coralnpu_v2_sim_pybind.cc'
ERROR: /app/sw/coralnpu_sim/BUILD:21:17: Compiling sw/coralnpu_sim/coralnpu_v2_sim_pybind.cc failed: 1 input file(s) do not exist
Analyzing: 2440 targets (399 packages loaded, 23168 targets configured)
[6,268 / 6,514] 24 / 43 tests, 11 failed; Testing //hdl/chisel/src/common:circular_buffer_multi_test; 68s processwrapper-sandbox ... (8 actions, 7 running)
Analyzing: 2440 targets (399 packages loaded, 23168 targets configured)
[6,268 / 6,514] 24 / 43 tests, 11 failed; Testing //hdl/chisel/src/common:circular_buffer_multi_test; 69s processwrapper-sandbox ... (9 actions, 8 running)
Analyzing: 2440 targets (399 packages loaded, 23168 targets configured)
[6,269 / 6,514] 24 / 43 tests, 11 failed; Testing //hdl/chisel/src/common:circular_buffer_multi_test; 71s processwrapper-sandbox ... (8 actions, 7 running)
Analyzing: 2440 targets (399 packages loaded, 23168 targets configured)
[6,270 / 6,514] 24 / 43 tests, 11 failed; Testing //hdl/chisel/src/common:circular_buffer_multi_test; 72s processwrapper-sandbox ... (8 actions, 7 running)
Analyzing: 2440 targets (399 packages loaded, 23168 targets configured)
[6,270 / 6,514] 24 / 43 tests, 11 failed; Testing //hdl/chisel/src/common:circular_buffer_multi_test; 74s processwrapper-sandbox ... (9 actions, 8 running)
Analyzing: 2440 targets (399 packages loaded, 23168 targets configured)
[6,271 / 6,514] 24 / 43 tests, 11 failed; Testing //hdl/chisel/src/common:circular_buffer_multi_test; 76s processwrapper-sandbox ... (9 actions, 8 running)
Analyzing: 2440 targets (399 packages loaded, 23168 targets configured)
[6,271 / 6,514] 25 / 43 tests, 11 failed; Testing //hdl/chisel/src/common:circular_buffer_multi_test; 77s processwrapper-sandbox ... (9 actions, 8 running)
Analyzing: 2440 targets (399 packages loaded, 23168 targets configured)
[6,273 / 6,514] 25 / 43 tests, 11 failed; Testing //hdl/chisel/src/common:fma_test; 26s processwrapper-sandbox ... (8 actions, 7 running)
Analyzing: 2440 targets (399 packages loaded, 23168 targets configured)
[6,274 / 6,514] 25 / 43 tests, 11 failed; Testing //hdl/chisel/src/common:fma_test; 27s processwrapper-sandbox ... (8 actions running)
Analyzing: 2440 targets (399 packages loaded, 23168 targets configured)
[6,277 / 6,514] 25 / 43 tests, 11 failed; Testing //hdl/chisel/src/common:fma_test; 28s processwrapper-sandbox ... (8 actions, 7 running)
Analyzing: 2440 targets (399 packages loaded, 23168 targets configured)
[6,277 / 6,514] 25 / 43 tests, 11 failed; Testing //hdl/chisel/src/common:fma_test; 30s processwrapper-sandbox ... (9 actions, 8 running)
Analyzing: 2440 targets (399 packages loaded, 23168 targets configured)
[6,278 / 6,514] 25 / 43 tests, 11 failed; Testing //hdl/chisel/src/common:fma_test; 33s processwrapper-sandbox ... (8 actions, 7 running)
Analyzing: 2440 targets (399 packages loaded, 23168 targets configured)
[6,278 / 6,514] 25 / 43 tests, 11 failed; Testing //hdl/chisel/src/common:fma_test; 34s processwrapper-sandbox ... (9 actions, 8 running)
Analyzing: 2440 targets (399 packages loaded, 23168 targets configured)
[6,279 / 6,514] 25 / 43 tests, 11 failed; Testing //hdl/chisel/src/common:fma_test; 36s processwrapper-sandbox ... (8 actions, 7 running)
INFO: From Compiling sim/coralnpu_v2_user_decoder.cc:
In file included from external/coralnpu_mpact/sim/coralnpu_v2_user_decoder.cc:15:
external/coralnpu_mpact/sim/coralnpu_v2_user_decoder.h:82:20: warning: private field 'memory_' is not used [-Wunused-private-field]
   82 |   MemoryInterface* memory_;
      |                    ^
1 warning generated.
Analyzing: 2440 targets (399 packages loaded, 23168 targets configured)
[6,280 / 6,514] 25 / 43 tests, 11 failed; Testing //hdl/chisel/src/common:fma_test; 37s processwrapper-sandbox ... (8 actions running)
Analyzing: 2440 targets (399 packages loaded, 23168 targets configured)
[6,284 / 6,514] 26 / 43 tests, 12 failed; Testing //hdl/chisel/src/common:fma_test; 38s processwrapper-sandbox ... (8 actions running)
Analyzing: 2440 targets (399 packages loaded, 23168 targets configured)
[6,285 / 6,514] 26 / 43 tests, 12 failed; Testing //hdl/chisel/src/common:fma_test; 39s processwrapper-sandbox ... (8 actions, 7 running)
Analyzing: 2440 targets (399 packages loaded, 23168 targets configured)
[6,285 / 6,514] 26 / 43 tests, 12 failed; Testing //hdl/chisel/src/common:fma_test; 41s processwrapper-sandbox ... (9 actions, 7 running)
Analyzing: 2440 targets (399 packages loaded, 23168 targets configured)
[6,285 / 6,514] 26 / 43 tests, 12 failed; Testing //hdl/chisel/src/common:fma_test; 43s processwrapper-sandbox ... (9 actions, 8 running)
Analyzing: 2440 targets (399 packages loaded, 23168 targets configured)
[6,286 / 6,514] 26 / 43 tests, 12 failed; Testing //hdl/chisel/src/common:fma_test; 44s processwrapper-sandbox ... (9 actions, 7 running)
Analyzing: 2440 targets (399 packages loaded, 23168 targets configured)
[6,286 / 6,514] 26 / 43 tests, 12 failed; Testing //hdl/chisel/src/common:fma_test; 46s processwrapper-sandbox ... (9 actions, 8 running)
Analyzing: 2440 targets (399 packages loaded, 23168 targets configured)
[6,290 / 6,514] 27 / 43 tests, 12 failed; Testing //hdl/chisel/src/common:fma_test; 47s processwrapper-sandbox ... (8 actions, 7 running)
Analyzing: 2440 targets (399 packages loaded, 23168 targets configured)
[6,291 / 6,514] 28 / 43 tests, 12 failed; Testing //hdl/chisel/src/common:fma_test; 48s processwrapper-sandbox ... (9 actions, 8 running)
Analyzing: 2440 targets (399 packages loaded, 23168 targets configured)
[6,292 / 6,514] 28 / 43 tests, 12 failed; Testing //hdl/chisel/src/common:fma_test; 50s processwrapper-sandbox ... (8 actions running)
Analyzing: 2440 targets (399 packages loaded, 23168 targets configured)
[6,293 / 6,514] 28 / 43 tests, 12 failed; Testing //hdl/chisel/src/common:fma_test; 55s processwrapper-sandbox ... (8 actions, 7 running)
Analyzing: 2440 targets (399 packages loaded, 23168 targets configured)
[6,295 / 6,514] 28 / 43 tests, 12 failed; Testing //hdl/chisel/src/common:fma_test; 56s processwrapper-sandbox ... (9 actions, 7 running)
Analyzing: 2440 targets (399 packages loaded, 23168 targets configured)
[6,296 / 6,514] 28 / 43 tests, 12 failed; Testing //hdl/chisel/src/common:fma_test; 58s processwrapper-sandbox ... (9 actions, 7 running)
Analyzing: 2440 targets (399 packages loaded, 23168 targets configured)
[6,299 / 6,514] 29 / 43 tests, 12 failed; Testing //hdl/chisel/src/common:fma_test; 60s processwrapper-sandbox ... (8 actions, 7 running)
Analyzing: 2440 targets (399 packages loaded, 23168 targets configured)
[6,299 / 6,514] 29 / 43 tests, 12 failed; Testing //hdl/chisel/src/common:fma_test; 61s processwrapper-sandbox ... (9 actions, 7 running)
Analyzing: 2440 targets (399 packages loaded, 23168 targets configured)
[6,299 / 6,514] 29 / 43 tests, 12 failed; Testing //hdl/chisel/src/common:fma_test; 64s processwrapper-sandbox ... (9 actions, 8 running)
Analyzing: 2440 targets (399 packages loaded, 23168 targets configured)
[6,301 / 6,514] 29 / 43 tests, 12 failed; Testing //hdl/chisel/src/common:fma_test; 66s processwrapper-sandbox ... (9 actions, 7 running)
Analyzing: 2440 targets (399 packages loaded, 23168 targets configured)
[6,301 / 6,514] 29 / 43 tests, 12 failed; Testing //hdl/chisel/src/common:fma_test; 67s processwrapper-sandbox ... (9 actions, 8 running)
Analyzing: 2440 targets (399 packages loaded, 23168 targets configured)
[6,305 / 6,514] 30 / 43 tests, 12 failed; Testing //hdl/chisel/src/common:fma_test; 69s processwrapper-sandbox ... (8 actions, 7 running)
Analyzing: 2440 targets (399 packages loaded, 23168 targets configured)
[6,305 / 6,514] 30 / 43 tests, 12 failed; Testing //hdl/chisel/src/common:fma_test; 70s processwrapper-sandbox ... (9 actions, 7 running)
Analyzing: 2440 targets (399 packages loaded, 23168 targets configured)
[6,305 / 6,514] 30 / 43 tests, 12 failed; Testing //hdl/chisel/src/common:fma_test; 75s processwrapper-sandbox ... (9 actions, 8 running)
Analyzing: 2440 targets (399 packages loaded, 23168 targets configured)
[6,307 / 6,514] 30 / 43 tests, 12 failed; Testing //hdl/chisel/src/common:fma_test; 77s processwrapper-sandbox ... (9 actions, 7 running)
Analyzing: 2440 targets (399 packages loaded, 23168 targets configured)
[6,309 / 6,514] 30 / 43 tests, 12 failed; Testing //hdl/chisel/src/common:fma_test; 79s processwrapper-sandbox ... (9 actions, 8 running)
Analyzing: 2440 targets (399 packages loaded, 23168 targets configured)
[6,311 / 6,514] 31 / 43 tests, 12 failed; Testing //hdl/chisel/src/common:fma_test; 80s processwrapper-sandbox ... (8 actions running)
Analyzing: 2440 targets (399 packages loaded, 23168 targets configured)
[6,311 / 6,514] 32 / 43 tests, 12 failed; Testing //hdl/chisel/src/common:fma_test; 82s processwrapper-sandbox ... (8 actions running)
Analyzing: 2440 targets (399 packages loaded, 23168 targets configured)
[6,312 / 6,514] 32 / 43 tests, 12 failed; Testing //hdl/chisel/src/common:fma_test; 84s processwrapper-sandbox ... (8 actions running)
Analyzing: 2440 targets (399 packages loaded, 23168 targets configured)
[6,314 / 6,514] 32 / 43 tests, 12 failed; Testing //hdl/chisel/src/common:fma_test; 85s processwrapper-sandbox ... (9 actions, 7 running)
Analyzing: 2440 targets (399 packages loaded, 23168 targets configured)
[6,317 / 6,514] 32 / 43 tests, 12 failed; Testing //hdl/chisel/src/common:fma_test; 86s processwrapper-sandbox ... (8 actions, 6 running)
Analyzing: 2440 targets (399 packages loaded, 23168 targets configured)
[6,320 / 6,514] 33 / 43 tests, 12 failed; Testing //hdl/chisel/src/common:fma_test; 88s processwrapper-sandbox ... (9 actions, 7 running)
Analyzing: 2440 targets (399 packages loaded, 23168 targets configured)
[6,320 / 6,514] 33 / 43 tests, 12 failed; Testing //hdl/chisel/src/common:fma_test; 90s processwrapper-sandbox ... (9 actions, 8 running)
Analyzing: 2440 targets (399 packages loaded, 23168 targets configured)
[6,320 / 6,514] 33 / 43 tests, 12 failed; Testing //hdl/chisel/src/common:fma_test; 91s processwrapper-sandbox ... (9 actions, 8 running)
Analyzing: 2440 targets (399 packages loaded, 23168 targets configured)
[6,322 / 6,514] 34 / 43 tests, 12 failed; Testing //hdl/chisel/src/common:fma_test; 93s processwrapper-sandbox ... (9 actions, 8 running)
Analyzing: 2440 targets (399 packages loaded, 23168 targets configured)
[6,326 / 6,514] 35 / 43 tests, 12 failed; Testing //hdl/chisel/src/common:fma_test; 94s processwrapper-sandbox ... (9 actions, 8 running)
Analyzing: 2440 targets (399 packages loaded, 23168 targets configured)
[6,328 / 6,514] 36 / 43 tests, 12 failed; Testing //hdl/chisel/src/common:fma_test; 95s processwrapper-sandbox ... (8 actions, 7 running)
Analyzing: 2440 targets (399 packages loaded, 23168 targets configured)
[6,328 / 6,514] 36 / 43 tests, 12 failed; Testing //hdl/chisel/src/common:fma_test; 97s processwrapper-sandbox ... (8 actions running)
Analyzing: 2440 targets (399 packages loaded, 23168 targets configured)
[6,329 / 6,514] 37 / 43 tests, 12 failed; Testing //hdl/chisel/src/common:fma_test; 98s processwrapper-sandbox ... (8 actions, 7 running)
Analyzing: 2440 targets (399 packages loaded, 23168 targets configured)
[6,329 / 6,514] 37 / 43 tests, 12 failed; Testing //hdl/chisel/src/common:fma_test; 99s processwrapper-sandbox ... (8 actions running)
Analyzing: 2440 targets (399 packages loaded, 23168 targets configured)
[6,333 / 6,514] 37 / 43 tests, 12 failed; Testing //hdl/chisel/src/common:fma_test; 100s processwrapper-sandbox ... (8 actions, 6 running)
Analyzing: 2440 targets (399 packages loaded, 23168 targets configured)
[6,333 / 6,514] 37 / 43 tests, 12 failed; Testing //hdl/chisel/src/common:fma_test; 102s processwrapper-sandbox ... (9 actions, 8 running)
Analyzing: 2440 targets (399 packages loaded, 23168 targets configured)
[6,335 / 6,514] 38 / 43 tests, 12 failed; Testing //hdl/chisel/src/common:fma_test; 103s processwrapper-sandbox ... (8 actions, 7 running)
Analyzing: 2440 targets (399 packages loaded, 23168 targets configured)
[6,336 / 6,514] 39 / 43 tests, 12 failed; Testing //hdl/chisel/src/common:fma_test; 104s processwrapper-sandbox ... (9 actions, 7 running)
Analyzing: 2440 targets (399 packages loaded, 23168 targets configured)
[6,336 / 6,514] 39 / 43 tests, 12 failed; Testing //hdl/chisel/src/common:fma_test; 105s processwrapper-sandbox ... (9 actions, 8 running)
Analyzing: 2440 targets (399 packages loaded, 23168 targets configured)
[6,337 / 6,514] 39 / 43 tests, 12 failed; Testing //hdl/chisel/src/common:fma_test; 107s processwrapper-sandbox ... (9 actions, 7 running)
Analyzing: 2440 targets (399 packages loaded, 23168 targets configured)
[6,342 / 6,514] 40 / 43 tests, 12 failed; Testing //hdl/chisel/src/common:fma_test; 109s processwrapper-sandbox ... (8 actions, 7 running)
Analyzing: 2440 targets (399 packages loaded, 23168 targets configured)
[6,342 / 6,514] 40 / 43 tests, 12 failed; Testing //hdl/chisel/src/common:fma_test; 110s processwrapper-sandbox ... (9 actions, 8 running)
Analyzing: 2440 targets (399 packages loaded, 23168 targets configured)
[6,343 / 6,514] 40 / 43 tests, 12 failed; Testing //hdl/chisel/src/common:fma_test; 111s processwrapper-sandbox ... (8 actions, 7 running)
Analyzing: 2440 targets (399 packages loaded, 23168 targets configured)
[6,343 / 6,514] 40 / 43 tests, 12 failed; Testing //hdl/chisel/src/common:fma_test; 113s processwrapper-sandbox ... (9 actions, 8 running)
Analyzing: 2440 targets (399 packages loaded, 23168 targets configured)
[6,344 / 6,514] 40 / 43 tests, 12 failed; Testing //hdl/chisel/src/common:fma_test; 115s processwrapper-sandbox ... (8 actions, 7 running)
Analyzing: 2440 targets (399 packages loaded, 23168 targets configured)
[6,348 / 6,514] 40 / 43 tests, 12 failed; Testing //hdl/chisel/src/common:fma_test; 116s processwrapper-sandbox ... (9 actions, 8 running)
Analyzing: 2440 targets (399 packages loaded, 23168 targets configured)
[6,351 / 6,514] 41 / 43 tests, 12 failed; Compiling tensorflow/lite/micro/kernels/tanh.cc; 2s processwrapper-sandbox ... (8 actions, 7 running)
Analyzing: 2440 targets (399 packages loaded, 23168 targets configured)
[6,351 / 6,514] 41 / 43 tests, 12 failed; Compiling tensorflow/lite/micro/kernels/tanh.cc; 4s processwrapper-sandbox ... (9 actions, 8 running)
Analyzing: 2440 targets (399 packages loaded, 23168 targets configured)
[6,352 / 6,514] 41 / 43 tests, 12 failed; Compiling tensorflow/lite/micro/kernels/tanh.cc; 6s processwrapper-sandbox ... (8 actions, 7 running)
Analyzing: 2440 targets (399 packages loaded, 23168 targets configured)
[6,357 / 6,514] 41 / 43 tests, 12 failed; Compiling tensorflow/lite/micro/kernels/space_to_batch_nd.cc; 6s processwrapper-sandbox ... (8 actions, 7 running)
Analyzing: 2440 targets (399 packages loaded, 23168 targets configured)
[6,359 / 6,514] 41 / 43 tests, 12 failed; Compiling tensorflow/lite/micro/kernels/hard_swish_common.cc; 2s processwrapper-sandbox ... (8 actions, 7 running)
Analyzing: 2440 targets (399 packages loaded, 23168 targets configured)
[6,359 / 6,514] 41 / 43 tests, 12 failed; Compiling tensorflow/lite/micro/kernels/hard_swish_common.cc; 3s processwrapper-sandbox ... (9 actions, 8 running)
Analyzing: 2440 targets (399 packages loaded, 23168 targets configured)
[6,360 / 6,514] 41 / 43 tests, 12 failed; Compiling tensorflow/lite/micro/kernels/softmax.cc; 5s processwrapper-sandbox ... (8 actions, 7 running)
Analyzing: 2440 targets (399 packages loaded, 23168 targets configured)
[6,364 / 6,514] 41 / 43 tests, 12 failed; Compiling tensorflow/lite/micro/kernels/shape.cc; 6s processwrapper-sandbox ... (8 actions, 7 running)
Analyzing: 2440 targets (399 packages loaded, 23168 targets configured)
[6,366 / 6,514] 41 / 43 tests, 12 failed; Compiling tensorflow/lite/micro/kernels/select.cc; 6s processwrapper-sandbox ... (9 actions, 8 running)
Analyzing: 2440 targets (399 packages loaded, 23168 targets configured)
[6,367 / 6,514] 41 / 43 tests, 12 failed; Compiling tensorflow/lite/micro/kernels/round.cc; 3s processwrapper-sandbox ... (9 actions, 8 running)
Analyzing: 2440 targets (399 packages loaded, 23168 targets configured)
[6,368 / 6,514] 41 / 43 tests, 12 failed; Compiling tensorflow/lite/micro/kernels/if.cc; 5s processwrapper-sandbox ... (8 actions, 7 running)
Analyzing: 2440 targets (399 packages loaded, 23168 targets configured)
[6,371 / 6,514] 41 / 43 tests, 12 failed; Compiling tensorflow/lite/micro/kernels/sub.cc; 6s processwrapper-sandbox ... (8 actions, 7 running)
Analyzing: 2440 targets (399 packages loaded, 23168 targets configured)
[6,374 / 6,514] 41 / 43 tests, 12 failed; Compiling tensorflow/lite/micro/kernels/strided_slice_common.cc; 5s processwrapper-sandbox ... (9 actions, 8 running)
Analyzing: 2440 targets (399 packages loaded, 23168 targets configured)
[6,375 / 6,514] 41 / 43 tests, 12 failed; Compiling tensorflow/lite/micro/kernels/reshape_common.cc; 4s processwrapper-sandbox ... (9 actions, 8 running)
Analyzing: 2440 targets (399 packages loaded, 23168 targets configured)
[6,376 / 6,514] 41 / 43 tests, 12 failed; Compiling tensorflow/lite/micro/kernels/reshape.cc; 5s processwrapper-sandbox ... (8 actions, 7 running)
Analyzing: 2440 targets (399 packages loaded, 23168 targets configured)
[6,378 / 6,514] 41 / 43 tests, 12 failed; Compiling tensorflow/lite/micro/kernels/reduce_common.cc; 5s processwrapper-sandbox ... (8 actions, 7 running)
Analyzing: 2440 targets (399 packages loaded, 23168 targets configured)
[6,382 / 6,514] 41 / 43 tests, 12 failed; Compiling tensorflow/lite/micro/kernels/read_variable.cc; 5s processwrapper-sandbox ... (8 actions, 7 running)
Analyzing: 2440 targets (399 packages loaded, 23168 targets configured)
[6,383 / 6,514] 41 / 43 tests, 12 failed; Compiling tensorflow/lite/micro/kernels/squeeze.cc; 3s processwrapper-sandbox ... (9 actions, 8 running)
Analyzing: 2440 targets (399 packages loaded, 23168 targets configured)
[6,384 / 6,514] 41 / 43 tests, 12 failed; Compiling tensorflow/lite/micro/kernels/quantize_common.cc; 5s processwrapper-sandbox ... (8 actions, 7 running)
Analyzing: 2440 targets (399 packages loaded, 23168 targets configured)
[6,386 / 6,514] 41 / 43 tests, 12 failed; Compiling tensorflow/lite/micro/kernels/l2norm.cc; 5s processwrapper-sandbox ... (8 actions, 7 running)
Analyzing: 2440 targets (399 packages loaded, 23168 targets configured)
[6,389 / 6,514] 41 / 43 tests, 12 failed; Compiling tensorflow/lite/micro/kernels/prelu.cc; 6s processwrapper-sandbox ... (9 actions, 8 running)
Analyzing: 2440 targets (399 packages loaded, 23168 targets configured)
[6,390 / 6,514] 41 / 43 tests, 12 failed; Compiling tensorflow/lite/micro/kernels/squared_difference.cc; 6s processwrapper-sandbox ... (9 actions, 8 running)
Analyzing: 2440 targets (399 packages loaded, 23168 targets configured)
[6,391 / 6,514] 41 / 43 tests, 12 failed; Compiling tensorflow/lite/micro/kernels/pooling_common.cc; 5s processwrapper-sandbox ... (9 actions, 8 running)
Analyzing: 2440 targets (399 packages loaded, 23168 targets configured)
[6,393 / 6,514] 41 / 43 tests, 12 failed; Compiling tensorflow/lite/micro/kernels/pooling.cc; 6s processwrapper-sandbox ... (8 actions, 7 running)
Analyzing: 2440 targets (399 packages loaded, 23168 targets configured)
[6,396 / 6,514] 41 / 43 tests, 12 failed; Compiling tensorflow/lite/micro/kernels/comparisons.cc; 6s processwrapper-sandbox ... (9 actions, 8 running)
Analyzing: 2440 targets (399 packages loaded, 23168 targets configured)
[6,399 / 6,514] 41 / 43 tests, 12 failed; Compiling tensorflow/lite/micro/kernels/split.cc; 3s processwrapper-sandbox ... (8 actions, 7 running)
Analyzing: 2440 targets (399 packages loaded, 23168 targets configured)
[6,399 / 6,514] 41 / 43 tests, 12 failed; Compiling tensorflow/lite/micro/kernels/split.cc; 5s processwrapper-sandbox ... (9 actions, 8 running)
Analyzing: 2440 targets (399 packages loaded, 23168 targets configured)
[6,401 / 6,514] 41 / 43 tests, 12 failed; Compiling tensorflow/lite/micro/kernels/space_to_depth.cc; 5s processwrapper-sandbox ... (8 actions, 7 running)
Analyzing: 2440 targets (399 packages loaded, 23168 targets configured)
[6,404 / 6,514] 41 / 43 tests, 12 failed; Compiling tensorflow/lite/micro/kernels/leaky_relu_common.cc; 5s processwrapper-sandbox ... (8 actions, 7 running)
Analyzing: 2440 targets (399 packages loaded, 23168 targets configured)
[6,406 / 6,514] 41 / 43 tests, 12 failed; Compiling tensorflow/lite/micro/kernels/concatenation.cc; 5s processwrapper-sandbox ... (9 actions, 8 running)
Analyzing: 2440 targets (399 packages loaded, 23168 targets configured)
[6,407 / 6,514] 41 / 43 tests, 12 failed; Compiling tensorflow/lite/micro/kernels/maximum_minimum.cc; 5s processwrapper-sandbox ... (9 actions, 8 running)
Analyzing: 2440 targets (399 packages loaded, 23168 targets configured)
[6,408 / 6,514] 41 / 43 tests, 12 failed; Compiling tensorflow/lite/micro/kernels/space_to_batch_nd.cc; 5s processwrapper-sandbox ... (8 actions, 7 running)
Analyzing: 2440 targets (399 packages loaded, 23168 targets configured)
[6,411 / 6,514] 41 / 43 tests, 12 failed; Compiling tensorflow/lite/micro/kernels/lstm_eval.cc; 5s processwrapper-sandbox ... (8 actions, 7 running)
Analyzing: 2440 targets (399 packages loaded, 23168 targets configured)
[6,413 / 6,514] 41 / 43 tests, 12 failed; Compiling tensorflow/lite/micro/kernels/logistic.cc; 6s processwrapper-sandbox ... (8 actions, 7 running)
Analyzing: 2440 targets (399 packages loaded, 23168 targets configured)
[6,414 / 6,514] 41 / 43 tests, 12 failed; Compiling tensorflow/lite/micro/kernels/log_softmax.cc; 6s processwrapper-sandbox ... (9 actions, 8 running)
Analyzing: 2440 targets (399 packages loaded, 23168 targets configured)
[6,415 / 6,514] 41 / 43 tests, 12 failed; Compiling tensorflow/lite/micro/kernels/conv.cc; 4s processwrapper-sandbox ... (9 actions, 8 running)
Analyzing: 2440 targets (399 packages loaded, 23168 targets configured)
[6,416 / 6,514] 41 / 43 tests, 12 failed; Compiling tensorflow/lite/micro/kernels/logical_common.cc; 5s processwrapper-sandbox ... (8 actions, 7 running)
Analyzing: 2440 targets (399 packages loaded, 23168 targets configured)
[6,419 / 6,514] 41 / 43 tests, 12 failed; Compiling tensorflow/lite/micro/kernels/slice.cc; 5s processwrapper-sandbox ... (8 actions running)
Analyzing: 2440 targets (399 packages loaded, 23168 targets configured)
[6,421 / 6,514] 41 / 43 tests, 12 failed; Compiling tensorflow/lite/micro/kernels/select.cc; 5s processwrapper-sandbox ... (9 actions, 8 running)
Analyzing: 2440 targets (399 packages loaded, 23168 targets configured)
[6,427 / 6,514] 41 / 43 tests, 12 failed; Compiling tensorflow/lite/micro/kernels/reverse.cc; 3s processwrapper-sandbox ... (8 actions, 7 running)
Analyzing: 2440 targets (399 packages loaded, 23168 targets configured)
[6,427 / 6,514] 41 / 43 tests, 12 failed; Compiling tensorflow/lite/micro/kernels/reverse.cc; 5s processwrapper-sandbox ... (9 actions, 8 running)
Analyzing: 2440 targets (399 packages loaded, 23168 targets configured)
[6,428 / 6,514] 41 / 43 tests, 12 failed; Compiling tensorflow/lite/micro/kernels/conv_common.cc; 5s processwrapper-sandbox ... (8 actions, 7 running)
Analyzing: 2440 targets (399 packages loaded, 23168 targets configured)
[6,431 / 6,514] 41 / 43 tests, 12 failed; Compiling tensorflow/lite/micro/kernels/reshape_common.cc; 6s processwrapper-sandbox ... (9 actions, 8 running)
Analyzing: 2440 targets (399 packages loaded, 23168 targets configured)
[6,433 / 6,514] 41 / 43 tests, 12 failed; Compiling tensorflow/lite/micro/kernels/reduce_common.cc; 6s processwrapper-sandbox ... (9 actions, 8 running)
Analyzing: 2440 targets (399 packages loaded, 23168 targets configured)
[6,435 / 6,514] 41 / 43 tests, 12 failed; Compiling tensorflow/lite/micro/kernels/read_variable.cc; 4s processwrapper-sandbox ... (9 actions, 8 running)
Analyzing: 2440 targets (399 packages loaded, 23168 targets configured)
[6,436 / 6,514] 41 / 43 tests, 12 failed; Compiling tensorflow/lite/micro/kernels/quantize_common.cc; 5s processwrapper-sandbox ... (8 actions, 7 running)
Analyzing: 2440 targets (399 packages loaded, 23168 targets configured)
[6,439 / 6,514] 41 / 43 tests, 12 failed; Compiling tensorflow/lite/micro/kernels/prelu_common.cc; 5s processwrapper-sandbox ... (9 actions, 8 running)
Analyzing: 2440 targets (399 packages loaded, 23168 targets configured)
[6,441 / 6,514] 41 / 43 tests, 12 failed; Compiling tensorflow/lite/micro/kernels/pooling_common.cc; 5s processwrapper-sandbox ... (9 actions, 8 running)
Analyzing: 2440 targets (399 packages loaded, 23168 targets configured)
[6,443 / 6,514] 41 / 43 tests, 12 failed; Compiling tensorflow/lite/micro/kernels/pad_common.cc; 4s processwrapper-sandbox ... (9 actions, 8 running)
Analyzing: 2440 targets (399 packages loaded, 23168 targets configured)
[6,444 / 6,514] 41 / 43 tests, 12 failed; Compiling tensorflow/lite/micro/kernels/pad.cc; 5s processwrapper-sandbox ... (8 actions, 7 running)
Analyzing: 2440 targets (399 packages loaded, 23168 targets configured)
[6,447 / 6,514] 41 / 43 tests, 12 failed; Compiling tensorflow/lite/micro/kernels/depth_to_space.cc; 5s processwrapper-sandbox ... (9 actions, 8 running)
Analyzing: 2440 targets (399 packages loaded, 23168 targets configured)
[6,448 / 6,514] 41 / 43 tests, 12 failed; Compiling tensorflow/lite/micro/kernels/mul_common.cc; 6s processwrapper-sandbox ... (9 actions, 8 running)
Analyzing: 2440 targets (399 packages loaded, 23168 targets configured)
[6,451 / 6,514] 41 / 43 tests, 12 failed; Compiling tensorflow/lite/micro/kernels/maximum_minimum.cc; 4s processwrapper-sandbox ... (9 actions, 8 running)
Analyzing: 2440 targets (399 packages loaded, 23168 targets configured)
[6,452 / 6,514] 41 / 43 tests, 12 failed; Compiling tensorflow/lite/micro/kernels/lstm_eval_common.cc; 6s processwrapper-sandbox ... (8 actions, 7 running)
Analyzing: 2440 targets (399 packages loaded, 23168 targets configured)
[6,455 / 6,514] 41 / 43 tests, 12 failed; Compiling tensorflow/lite/micro/kernels/logistic.cc; 5s processwrapper-sandbox ... (9 actions, 8 running)
Analyzing: 2440 targets (399 packages loaded, 23168 targets configured)
[6,457 / 6,514] 41 / 43 tests, 12 failed; Compiling tensorflow/lite/micro/kernels/logical_common.cc; 6s processwrapper-sandbox ... (8 actions, 7 running)
Analyzing: 2440 targets (399 packages loaded, 23168 targets configured)
[6,459 / 6,514] 41 / 43 tests, 12 failed; Compiling tensorflow/lite/micro/kernels/log_softmax.cc; 4s processwrapper-sandbox ... (9 actions, 8 running)
Analyzing: 2440 targets (399 packages loaded, 23168 targets configured)
[6,460 / 6,514] 41 / 43 tests, 12 failed; Compiling tensorflow/lite/micro/kernels/log_softmax.cc; 6s processwrapper-sandbox ... (8 actions, 7 running)
Analyzing: 2440 targets (399 packages loaded, 23168 targets configured)
[6,464 / 6,514] 41 / 43 tests, 12 failed; Compiling tensorflow/lite/micro/kernels/if.cc; 5s processwrapper-sandbox ... (8 actions, 7 running)
Analyzing: 2440 targets (399 packages loaded, 23168 targets configured)
[6,467 / 6,514] 41 / 43 tests, 12 failed; Compiling tensorflow/lite/micro/kernels/hard_swish.cc; 2s processwrapper-sandbox ... (8 actions, 7 running)
Analyzing: 2440 targets (399 packages loaded, 23168 targets configured)
[6,467 / 6,514] 41 / 43 tests, 12 failed; Compiling tensorflow/lite/micro/kernels/hard_swish.cc; 3s processwrapper-sandbox ... (9 actions, 8 running)
Analyzing: 2440 targets (399 packages loaded, 23168 targets configured)
[6,469 / 6,514] 41 / 43 tests, 12 failed; Compiling tensorflow/lite/micro/kernels/gather.cc; 6s processwrapper-sandbox ... (7 actions, 6 running)
Analyzing: 2440 targets (399 packages loaded, 23168 targets configured)
[6,471 / 6,514] 41 / 43 tests, 12 failed; Compiling tensorflow/lite/micro/kernels/fully_connected.cc; 6s processwrapper-sandbox ... (9 actions, 8 running)
Analyzing: 2440 targets (399 packages loaded, 23168 targets configured)
[6,475 / 6,514] 41 / 43 tests, 12 failed; Compiling tensorflow/lite/micro/kernels/dequantize.cc; 6s processwrapper-sandbox ... (9 actions, 8 running)
Analyzing: 2440 targets (399 packages loaded, 23168 targets configured)
[6,476 / 6,514] 41 / 43 tests, 12 failed; Compiling tensorflow/lite/micro/kernels/floor.cc; 4s processwrapper-sandbox ... (9 actions, 8 running)
Analyzing: 2440 targets (399 packages loaded, 23168 targets configured)
[6,477 / 6,514] 41 / 43 tests, 12 failed; Compiling tensorflow/lite/micro/kernels/expand_dims.cc; 5s processwrapper-sandbox ... (8 actions, 7 running)
Analyzing: 2440 targets (399 packages loaded, 23168 targets configured)
[6,480 / 6,514] 41 / 43 tests, 12 failed; Compiling tensorflow/lite/micro/kernels/embedding_lookup.cc; 5s processwrapper-sandbox ... (6 actions running)
Analyzing: 2440 targets (399 packages loaded, 23168 targets configured)
[6,482 / 6,514] 41 / 43 tests, 12 failed; Compiling tensorflow/lite/micro/kernels/elementwise.cc; 6s processwrapper-sandbox ... (4 actions running)
Analyzing: 2440 targets (399 packages loaded, 23168 targets configured)
[6,484 / 6,514] 41 / 43 tests, 12 failed; Compiling tensorflow/lite/micro/kernels/dequantize_common.cc; 4s processwrapper-sandbox ... (2 actions running)
Analyzing: 2440 targets (399 packages loaded, 23168 targets configured)
[6,485 / 6,514] 41 / 43 tests, 12 failed; Compiling tensorflow/lite/micro/kernels/detection_postprocess.cc; 6s processwrapper-sandbox
Analyzing: 2440 targets (399 packages loaded, 23168 targets configured)
[6,486 / 6,514] 41 / 43 tests, 12 failed; Linking external/tflite_micro/tensorflow/lite/micro/kernels/libmicro_ops.a; 0s processwrapper-sandbox
WARNING: errors encountered while analyzing target '//hdl/chisel/src/soc:coralnpu_xbar_cc_library_emit_verilog', it will not be built.
Analysis failed
WARNING: errors encountered while analyzing target '//fpga/ip/i2c_master:i2c_master_sim', it will not be built.
Analysis failed
WARNING: errors encountered while analyzing target '//hdl/chisel/src/coralnpu:core_scalar_cc_library_emit_verilog_binary', it will not be built.
Analysis failed
WARNING: errors encountered while analyzing target '//hdl/chisel/src/coralnpu:alu_cc_library_cc', it will not be built.
Analysis failed
WARNING: errors encountered while analyzing target '//fpga:check_pins_test', it will not be built.
Analysis failed
WARNING: errors encountered while analyzing target '//fpga/ip/coralnpu_chisel_subsystem_highmem:coralnpu_chisel_subsystem_highmem_verilog', it will not be built.
Analysis failed
WARNING: errors encountered while analyzing target '//tests/verilator_sim:core_mini_verification_axi_sim', it will not be built.
Analysis failed
WARNING: errors encountered while analyzing target '//tests/cocotb:rvv_itcm512kb_dtcm512kb_tests_core_mini_axi_basic_write_read_memory', it will not be built.
Analysis failed
WARNING: errors encountered while analyzing target '//tests/cocotb/tutorial/tfmicro:cocotb_conv2d_test_conv2d_9x2', it will not be built.
Analysis failed
WARNING: errors encountered while analyzing target '//hdl/chisel/src/coralnpu:core_mini_cc_library_verilog', it will not be built.
Analysis failed
WARNING: errors encountered while analyzing target '//hdl/chisel/src/coralnpu:dvu_cc_library_verilog', it will not be built.
Analysis failed
WARNING: errors encountered while analyzing target '//tests/cocotb:rvv_arithmetic_cocotb_test_arithmetic_m1_vanilla_ops', it will not be built.
Analysis failed
WARNING: errors encountered while analyzing target '//tests/cocotb:rvv_core_mini_axi_sim_cocotb_slow_core_mini_axi_float_csr_test', it will not be built.
Analysis failed
WARNING: errors encountered while analyzing target '//tests/cocotb:core_mini_axi_sim_cocotb_slow_core_mini_axi_coralnpu_isa_test', it will not be built.
Analysis failed
WARNING: errors encountered while analyzing target '//tests/verilator_sim:core_mini_axi_tb', it will not be built.
Analysis failed
WARNING: errors encountered while analyzing target '//tests/cocotb:core_mini_axi_sim_cocotb_core_mini_axi_burst_types_test', it will not be built.
Analysis failed
WARNING: errors encountered while analyzing target '//tests/cocotb:core_mini_axi_debug_cocotb_core_mini_axi_debug_hartsel', it will not be built.
Analysis failed
WARNING: errors encountered while analyzing target '//utils/coralnpu_soc_loader:run_isp_cam_sim', it will not be built.
Analysis failed
WARNING: errors encountered while analyzing target '//tests/verilator_sim:core_mini_sim', it will not be built.
Analysis failed
WARNING: errors encountered while analyzing target '//tests/cocotb:core_mini_axi_sim_cocotb_core_mini_axi_rand_instr_test', it will not be built.
Analysis failed
WARNING: errors encountered while analyzing target '//tests/cocotb:rvv_core_mini_axi_sim_cocotb_core_mini_axi_burst_types_test', it will not be built.
Analysis failed
WARNING: errors encountered while analyzing target '//tests/cocotb:rvv_core_mini_axi_sim_cocotb_slow_unreachable_prefetch_fault', it will not be built.
Analysis failed
WARNING: errors encountered while analyzing target '//fpga:chip_verilator_binary', it will not be built.
Analysis failed
WARNING: errors encountered while analyzing target '//tests/cocotb:core_mini_axi_sim_cocotb_slow_core_mini_axi_exceptions_test', it will not be built.
Analysis failed
WARNING: errors encountered while analyzing target '//tests/cocotb:rvv_core_mini_axi_sim_cocotb_core_mini_axi_csr_test', it will not be built.
Analysis failed
WARNING: errors encountered while analyzing target '//hdl/chisel/src/soc:coralnpu_chisel_subsystem_highmem_cc_library_emit_verilog', it will not be built.
Analysis failed
WARNING: errors encountered while analyzing target '//tests/cocotb/tlul:coralnpu_xbar_cocotb_test_16bit_writes_to_sram', it will not be built.
Analysis failed
WARNING: errors encountered while analyzing target '//tests/cocotb:core_mini_axi_sim_cocotb_slow_core_mini_axi_riscv_dv', it will not be built.
Analysis failed
WARNING: errors encountered while analyzing target '//hdl/chisel/src/coralnpu:core_mini_highmem_axi_cc_library', it will not be built.
Analysis failed
WARNING: errors encountered while analyzing target '//hdl/chisel/src/coralnpu:coralnpu_rvv', it will not be built.
Analysis failed
WARNING: errors encountered while analyzing target '//hdl/chisel/src/coralnpu:core_mini_highmem_axi_cc_library_verilog', it will not be built.
Analysis failed
WARNING: errors encountered while analyzing target '//hdl/chisel/src/coralnpu:core_mini_axi_cc_library_cc', it will not be built.
Analysis failed
WARNING: errors encountered while analyzing target '//tests/cocotb/tutorial/tfmicro:cocotb_conv2d_test_conv2d_16x1', it will not be built.
Analysis failed
WARNING: errors encountered while analyzing target '//tests/cocotb:rvv_load_store_test_load32_index8', it will not be built.
Analysis failed
WARNING: errors encountered while analyzing target '//tests/cocotb:core_mini_axi_sim_cocotb_slow_core_mini_axi_csr_test', it will not be built.
Analysis failed
WARNING: errors encountered while analyzing target '//tests/cocotb:rvv_arithmetic_cocotb_test_reduction_m1_failure_ops', it will not be built.
Analysis failed
WARNING: errors encountered while analyzing target '//tests/cocotb/rvv/rvv_opt:cocotb_rvv_opt_test_rvv_memcpy_test', it will not be built.
Analysis failed
WARNING: errors encountered while analyzing target '//tests/verilator_sim:rvv_core_mini_verification_axi_sim', it will not be built.
Analysis failed
WARNING: errors encountered while analyzing target '//hdl/chisel/src/coralnpu:rvv_core_mini_highmem_axi_cc_library_emit_verilog', it will not be built.
Analysis failed
WARNING: errors encountered while analyzing target '//tests/cocotb:rvv_load_store_test_store_strided_all_vtypes_test', it will not be built.
Analysis failed
WARNING: errors encountered while analyzing target '//tests/cocotb:rvv_assembly_cocotb_test_core_mini_vmsof_test', it will not be built.
Analysis failed
WARNING: errors encountered while analyzing target '//tests/cocotb:rvv_load_store_test_load16_segment2_stride6_m1', it will not be built.
Analysis failed
WARNING: errors encountered while analyzing target '//hdl/chisel/src/coralnpu:rvv_core_mini_verification_axi_cc_library', it will not be built.
Analysis failed
WARNING: errors encountered while analyzing target '//tests/cocotb:rvv_core_mini_axi_sim_cocotb_core_mini_axi_write_read_memory_stress_test', it will not be built.
Analysis failed
WARNING: errors encountered while analyzing target '//tests/cocotb:rvv_core_mini_axi_sim_cocotb_slow_core_mini_axi_slow_bready', it will not be built.
Analysis failed
WARNING: errors encountered while analyzing target '//hdl/chisel/src/soc:coralnpu_chisel_subsystem_highmem_testharness_cc_library_cc', it will not be built.
Analysis failed
WARNING: errors encountered while analyzing target '//tests/cocotb:rvv_load_store_test_load32_index32_seg', it will not be built.
Analysis failed
WARNING: errors encountered while analyzing target '//fpga/ip/ispyocto:isp_wrapper_sim_test', it will not be built.
Analysis failed
WARNING: errors encountered while analyzing target '//hdl/chisel/src/soc:coralnpu_chisel_subsystem_itcm512kb_dtcm512kb_cc_library_emit_verilog', it will not be built.
Analysis failed
WARNING: errors encountered while analyzing target '//tests/cocotb:rvv_load_store_test_load_unit_all_vtypes_test', it will not be built.
Analysis failed
WARNING: errors encountered while analyzing target '//fpga/ip/coralnpu_chisel_subsystem_highmem:generate_core_file', it will not be built.
Analysis failed
WARNING: errors encountered while analyzing target '//hdl/chisel/src/coralnpu:coralnpu', it will not be built.
Analysis failed
WARNING: errors encountered while analyzing target '//hdl/chisel/src/coralnpu:dvu_cc_library_emit_verilog', it will not be built.
Analysis failed
WARNING: errors encountered while analyzing target '//tests/cocotb:core_mini_axi_sim_cocotb_core_mini_axi_frm_test', it will not be built.
Analysis failed
WARNING: errors encountered while analyzing target '//tests/cocotb:rvv_load_store_test_load_store8_unit_m2', it will not be built.
Analysis failed
WARNING: errors encountered while analyzing target '//hdl/chisel/src/coralnpu:coralnpu_float_tests', it will not be built.
Analysis failed
WARNING: errors encountered while analyzing target '//tests/cocotb:rvv_assembly_cocotb_test_core_mini_vcpop_exception_test', it will not be built.
Analysis failed
WARNING: errors encountered while analyzing target '//hdl/chisel/src/soc:coralnpu_xbar_testharness_cc_library_cc', it will not be built.
Analysis failed
WARNING: errors encountered while analyzing target '//tests/verilator_sim:rvv_core_mini_axi_sim', it will not be built.
Analysis failed
WARNING: errors encountered while analyzing target '//tests/cocotb:rvv_core_mini_axi_model', it will not be built.
Analysis failed
WARNING: errors encountered while analyzing target '//tests/verilator_sim:core_sim', it will not be built.
Analysis failed
WARNING: errors encountered while analyzing target '//fpga/ip/coralnpu_chisel_subsystem_highmem:rtl_files', it will not be built.
Analysis failed
WARNING: errors encountered while analyzing target '//hdl/chisel/src/coralnpu:mlu_cc_library_cc', it will not be built.
Analysis failed
WARNING: errors encountered while analyzing target '//tests/cocotb:rvv_core_mini_axi_sim_cocotb_unreachable_prefetch_fault', it will not be built.
Analysis failed
WARNING: errors encountered while analyzing target '//tests/cocotb:rvv_assembly_cocotb_test_core_mini_vill_test', it will not be built.
Analysis failed
WARNING: errors encountered while analyzing target '//tests/cocotb:core_mini_axi_sim_cocotb_slow_core_mini_axi_master_write_alignment', it will not be built.
Analysis failed
WARNING: errors encountered while analyzing target '//hdl/chisel/src/coralnpu:l1icache_cc_library_cc', it will not be built.
Analysis failed
WARNING: errors encountered while analyzing target '//tests/cocotb/tlul:coralnpu_chisel_subsystem_cocotb_test_boot_addr_override', it will not be built.
Analysis failed
WARNING: errors encountered while analyzing target '//tests/cocotb:rvv_assembly_cocotb_test_vslide1up_test', it will not be built.
Analysis failed
WARNING: errors encountered while analyzing target '//tests/cocotb:rvv_highmem_tests_core_mini_axi_basic_write_read_memory', it will not be built.
Analysis failed
WARNING: errors encountered while analyzing target '//tests/cocotb:core_mini_axi_model', it will not be built.
Analysis failed
WARNING: errors encountered while analyzing target '//tests/cocotb:core_mini_axi_sim_cocotb_core_mini_axi_finish_txn_before_halt_test', it will not be built.
Analysis failed
WARNING: errors encountered while analyzing target '//tests/verilator_sim:core_mini_verification_axi_tb', it will not be built.
Analysis failed
WARNING: errors encountered while analyzing target '//hdl/chisel/src/soc:coralnpu_xbar_cc_library_verilog', it will not be built.
Analysis failed
WARNING: errors encountered while analyzing target '//tests/cocotb:rvv_assembly_cocotb_test_core_mini_vmsbf_test', it will not be built.
Analysis failed
WARNING: errors encountered while analyzing target '//hdl/chisel/src/coralnpu:rvv_core_mini_verification_axi_cc_library_emit_verilog', it will not be built.
Analysis failed
WARNING: errors encountered while analyzing target '//hdl/chisel/src/soc:coralnpu_chisel_subsystem_testharness_cc_library', it will not be built.
Analysis failed
WARNING: errors encountered while analyzing target '//tests/cocotb:rvv_core_mini_axi_sim_cocotb_core_mini_axi_riscv_dv', it will not be built.
Analysis failed
WARNING: errors encountered while analyzing target '//tests/cocotb:rvv_load_store_test_load16_stride4_m1', it will not be built.
Analysis failed
WARNING: errors encountered while analyzing target '//tests/cocotb/tutorial/tfmicro:cocotb_depthwise_conv_test_dwconv64to64stride1', it will not be built.
Analysis failed
WARNING: errors encountered while analyzing target '//tests/cocotb/tutorial/tfmicro:cocotb_pooling_test_maxpool16stride2', it will not be built.
Analysis failed
WARNING: errors encountered while analyzing target '//tests/cocotb/tlul:coralnpu_chisel_subsystem_cocotb_test_software_interrupt', it will not be built.
Analysis failed
WARNING: errors encountered while analyzing target '//tests/cocotb:rvv_core_mini_axi_sim_cocotb_core_mini_axi_run_wfi_in_all_slots', it will not be built.
Analysis failed
WARNING: errors encountered while analyzing target '//tests/cocotb:core_mini_axi_debug_cocotb_core_mini_axi_debug_breakpoint', it will not be built.
Analysis failed
WARNING: errors encountered while analyzing target '//tests/cocotb/tutorial/tfmicro:cocotb_logistic_test_logistic_1024', it will not be built.
Analysis failed
WARNING: errors encountered while analyzing target '//fpga/ip/coralnpu_chisel_subsystem_default:rtl_files', it will not be built.
Analysis failed
WARNING: errors encountered while analyzing target '//tests/cocotb/tlul:coralnpu_chisel_subsystem_cocotb_test_timer_interrupt', it will not be built.
Analysis failed
WARNING: errors encountered while analyzing target '//tests/cocotb:rvv_arithmetic_cocotb_test_vnclip_test', it will not be built.
Analysis failed
WARNING: errors encountered while analyzing target '//fpga:chip_verilator_highmem_binary', it will not be built.
Analysis failed
WARNING: errors encountered while analyzing target '//hdl/chisel/src/coralnpu:core_mini_verification_axi_cc_library_emit_verilog', it will not be built.
Analysis failed
WARNING: errors encountered while analyzing target '//hdl/chisel/src/coralnpu:rvv_core_mini_tlul_cc_library_emit_verilog_binary', it will not be built.
Analysis failed
WARNING: errors encountered while analyzing target '//tests/cocotb:rvv_load_store_test_store8_index16', it will not be built.
Analysis failed
WARNING: errors encountered while analyzing target '//tests/cocotb/tlul:dma_integration_cocotb_test_dma_csr_access', it will not be built.
Analysis failed
WARNING: errors encountered while analyzing target '//tests/cocotb/rvv/rvv_opt:cocotb_rvv_opt_test_rvv_memset_test', it will not be built.
Analysis failed
WARNING: errors encountered while analyzing target '//tests/cocotb/tlul:coralnpu_chisel_subsystem_highmem_cocotb_test_freertos_test_freertos', it will not be built.
Analysis failed
WARNING: errors encountered while analyzing target '//tests/cocotb:core_mini_axi_sim_cocotb_slow_core_mini_axi_slow_bready', it will not be built.
Analysis failed
WARNING: errors encountered while analyzing target '//tests/cocotb/tutorial/tfmicro:cocotb_depthwise_conv_test_dwconv64to64stride2', it will not be built.
Analysis failed
WARNING: errors encountered while analyzing target '//hdl/chisel/src/soc:coralnpu_chisel_subsystem_testharness_cc_library_cc', it will not be built.
Analysis failed
WARNING: errors encountered while analyzing target '//tests/cocotb:rvv_core_mini_axi_sim_cocotb_core_mini_axi_rand_instr_test', it will not be built.
Analysis failed
WARNING: errors encountered while analyzing target '//hdl/chisel/src/soc:coralnpu_chisel_subsystem_itcm512kb_dtcm512kb_cc_library_emit_verilog_binary', it will not be built.
Analysis failed
WARNING: errors encountered while analyzing target '//tests/cocotb/tlul:coralnpu_chisel_subsystem_cocotb_test_ddr_access_via_spi', it will not be built.
Analysis failed
WARNING: errors encountered while analyzing target '//hdl/chisel/src/soc:coralnpu_xbar_testharness_cc_library_verilog', it will not be built.
Analysis failed
WARNING: errors encountered while analyzing target '//hdl/chisel/src/coralnpu:core_mini_cc_library_emit_verilog_binary', it will not be built.
Analysis failed
WARNING: errors encountered while analyzing target '//hdl/chisel/src/soc:coralnpu_xbar_testharness_cc_library_emit_verilog', it will not be built.
Analysis failed
WARNING: errors encountered while analyzing target '//tests/cocotb:core_mini_axi_sim_cocotb_core_mini_axi_riscv_tests', it will not be built.
Analysis failed
WARNING: errors encountered while analyzing target '//fpga:copy_chip_verilator_binary', it will not be built.
Analysis failed
WARNING: errors encountered while analyzing target '//hdl/chisel/src/soc:coralnpu_chisel_subsystem_itcm512kb_dtcm512kb_cc_library_cc', it will not be built.
Analysis failed
WARNING: errors encountered while analyzing target '//hdl/chisel/src/coralnpu:mlu_cc_library_emit_verilog', it will not be built.
Analysis failed
WARNING: errors encountered while analyzing target '//hdl/chisel/src/coralnpu:rvv_core_mini_tlul_cc_library_emit_verilog', it will not be built.
Analysis failed
WARNING: errors encountered while analyzing target '//hdl/chisel/src/soc:coralnpu_chisel_subsystem_highmem_cc_library_cc', it will not be built.
Analysis failed
WARNING: errors encountered while analyzing target '//tests/cocotb/tutorial/tfmicro:cocotb_depthwise_conv_test_dwconv16to32stride2', it will not be built.
Analysis failed
WARNING: errors encountered while analyzing target '//hdl/chisel/src/coralnpu:rvv_core_mini_tlul_cc_library_cc', it will not be built.
Analysis failed
WARNING: errors encountered while analyzing target '//tests/cocotb:rvv_core_mini_axi_debug_cocotb_core_mini_axi_debug_breakpoint', it will not be built.
Analysis failed
WARNING: errors encountered while analyzing target '//tests/verilator_sim:core_mini_axi_non_incr_tests', it will not be built.
Analysis failed
WARNING: errors encountered while analyzing target '//tests/cocotb:rvv_core_mini_axi_sim_cocotb_core_mini_axi_coralnpu_isa_test', it will not be built.
Analysis failed
WARNING: errors encountered while analyzing target '//tests/cocotb:core_mini_axi_sim_cocotb_slow_unreachable_prefetch_fault', it will not be built.
Analysis failed
WARNING: errors encountered while analyzing target '//tests/cocotb:core_mini_axi_sim_cocotb_slow_core_mini_axi_rand_instr_test', it will not be built.
Analysis failed
WARNING: errors encountered while analyzing target '//tests/cocotb:core_mini_axi_sim_cocotb_slow_core_mini_axi_finish_txn_before_halt_test', it will not be built.
Analysis failed
WARNING: errors encountered while analyzing target '//tests/cocotb/tlul:coralnpu_chisel_subsystem_cocotb_test_tlul_passthrough', it will not be built.
Analysis failed
WARNING: errors encountered while analyzing target '//hdl/chisel/src/coralnpu:rvv_core_mini_highmem_axi_cc_library_emit_verilog_binary', it will not be built.
Analysis failed
WARNING: errors encountered while analyzing target '//tests/cocotb:rvv_ml_ops_cocotb_test_core_mini_rvv_float_matmul_test', it will not be built.
Analysis failed
WARNING: errors encountered while analyzing target '//tests/cocotb:rvv_core_mini_axi_sim_cocotb_core_mini_axi_finish_txn_before_halt_test', it will not be built.
Analysis failed
WARNING: errors encountered while analyzing target '//tests/cocotb:rvv_load_store_test_store32_seg_unit', it will not be built.
Analysis failed
WARNING: errors encountered while analyzing target '//tests/cocotb:rvv_core_mini_axi_sim_cocotb_slow_core_mini_axi_master_write_alignment', it will not be built.
Analysis failed
WARNING: errors encountered while analyzing target '//hdl/chisel/src/coralnpu:mlu_cc_library_emit_verilog_binary', it will not be built.
Analysis failed
WARNING: errors encountered while analyzing target '//tests/cocotb/tlul:coralnpu_xbar_model', it will not be built.
Analysis failed
WARNING: errors encountered while analyzing target '//tests/cocotb:rvv_load_store_test_load8_index32', it will not be built.
Analysis failed
WARNING: errors encountered while analyzing target '//tests/cocotb:rvv_load_store_test_store32_index8', it will not be built.
Analysis failed
WARNING: errors encountered while analyzing target '//tests/cocotb:rvv_load_store_test_load8_segment2_stride6_m1', it will not be built.
Analysis failed
WARNING: errors encountered while analyzing target '//tests/cocotb/tutorial:tutorial_core_mini_axi_tutorial', it will not be built.
Analysis failed
WARNING: errors encountered while analyzing target '//fpga:spi_flash_sim_test', it will not be built.
Analysis failed
WARNING: errors encountered while analyzing target '//hdl/chisel/src/coralnpu:rvv_core_mini_itcm512kb_dtcm512kb_axi_cc_library_verilog', it will not be built.
Analysis failed
WARNING: errors encountered while analyzing target '//tests/verilator_sim:core_mini_itcm512kb_dtcm512kb_axi_sim', it will not be built.
Analysis failed
WARNING: errors encountered while analyzing target '//hw_sim:libcoralnpu_simulator_rvv.so', it will not be built.
Analysis failed
WARNING: errors encountered while analyzing target '//hdl/chisel/src/coralnpu:coralnpu_scalar_tests', it will not be built.
Analysis failed
WARNING: errors encountered while analyzing target '//tests/cocotb/tutorial/tfmicro:cocotb_fully_connected_test_fc_256_256', it will not be built.
Analysis failed
WARNING: errors encountered while analyzing target '//tests/cocotb/tutorial/tfmicro:cocotb_pooling_test_maxpool64stride2', it will not be built.
Analysis failed
WARNING: errors encountered while analyzing target '//hdl/chisel/src/coralnpu:coralnpu_rvv_tests', it will not be built.
Analysis failed
WARNING: errors encountered while analyzing target '//hdl/chisel/src/coralnpu:dbus2axi_cc_library_verilog', it will not be built.
Analysis failed
WARNING: errors encountered while analyzing target '//hdl/chisel/src/coralnpu:core_mini_axi_cc_library', it will not be built.
Analysis failed
WARNING: errors encountered while analyzing target '//tests/cocotb/tutorial/tfmicro:cocotb_conv2d_test_conv2d_4x1_h2w2', it will not be built.
Analysis failed
WARNING: errors encountered while analyzing target '//tests/cocotb/tlul:coralnpu_xbar_cocotb_test_wide_to_narrow_integrity', it will not be built.
Analysis failed
WARNING: errors encountered while analyzing target '//tests/cocotb:rvv_assembly_cocotb_test_core_mini_vfirst_test', it will not be built.
Analysis failed
WARNING: errors encountered while analyzing target '//tests/cocotb:rvv_core_mini_axi_debug_cocotb_core_mini_axi_debug_hartsel', it will not be built.
Analysis failed
WARNING: errors encountered while analyzing target '//tests/cocotb:core_mini_axi_debug_cocotb_core_mini_axi_debug_single_step', it will not be built.
Analysis failed
WARNING: errors encountered while analyzing target '//hdl/chisel/src/coralnpu:rvv_core_mini_axi_cc_library_cc', it will not be built.
Analysis failed
WARNING: errors encountered while analyzing target '//fpga:trivial_pass_sim_test', it will not be built.
Analysis failed
WARNING: errors encountered while analyzing target '//tests/cocotb:rvv_core_mini_axi_sim_cocotb_slow_core_mini_axi_riscv_dv', it will not be built.
Analysis failed
WARNING: errors encountered while analyzing target '//tests/cocotb:rvv_core_mini_axi_sim_cocotb_slow_core_mini_axi_riscv_tests', it will not be built.
Analysis failed
WARNING: errors encountered while analyzing target '//hdl/chisel/src/coralnpu:core_scalar_cc_library_verilog', it will not be built.
Analysis failed
WARNING: errors encountered while analyzing target '//tests/cocotb/tlul:coralnpu_chisel_subsystem_cocotb_test_ddr_access', it will not be built.
Analysis failed
WARNING: errors encountered while analyzing target '//hdl/chisel/src/coralnpu:core_mini_cc_library_cc', it will not be built.
Analysis failed
WARNING: errors encountered while analyzing target '//hdl/chisel/src/coralnpu:core_mini_itcm512kb_dtcm512kb_axi_cc_library_emit_verilog', it will not be built.
Analysis failed
WARNING: errors encountered while analyzing target '//tests/verilator_sim:l1icache_tb', it will not be built.
Analysis failed
WARNING: errors encountered while analyzing target '//hdl/chisel/src/soc:coralnpu_xbar_cc_library_emit_verilog_binary', it will not be built.
Analysis failed
WARNING: errors encountered while analyzing target '//tests/verilator_sim:rvv_core_mini_itcm512kb_dtcm512kb_axi_sim', it will not be built.
Analysis failed
WARNING: errors encountered while analyzing target '//tests/cocotb:rvv_assembly_cocotb_test_core_mini_rvv_load', it will not be built.
Analysis failed
WARNING: errors encountered while analyzing target '//tests/cocotb/tlul:coralnpu_chisel_subsystem_cocotb_test_program_execution_via_spi', it will not be built.
Analysis failed
WARNING: errors encountered while analyzing target '//tests/cocotb/tlul:coralnpu_xbar_cocotb_test_test_host_32_to_coralnpu_device', it will not be built.
Analysis failed
WARNING: errors encountered while analyzing target '//tests/cocotb:rvv_load_store_test_load16_stride4_m1_partial', it will not be built.
Analysis failed
WARNING: errors encountered while analyzing target '//tests/verilator_sim:rvv_core_mini_highmem_axi_sim', it will not be built.
Analysis failed
WARNING: errors encountered while analyzing target '//tests/cocotb:core_mini_axi_sim_cocotb_slow_core_mini_axi_frm_test', it will not be built.
Analysis failed
WARNING: errors encountered while analyzing target '//tests/cocotb/tlul:coralnpu_xbar_cocotb_test_coralnpu_core_to_uart1', it will not be built.
Analysis failed
WARNING: errors encountered while analyzing target '//tests/cocotb:rvv_core_mini_axi_debug_cocotb_core_mini_axi_debug_single_step', it will not be built.
Analysis failed
WARNING: errors encountered while analyzing target '//tests/cocotb/tutorial/tfmicro:cocotb_conv2d_test_conv2d_16x16_h2w8', it will not be built.
Analysis failed
WARNING: errors encountered while analyzing target '//hdl/chisel/src/coralnpu:core_cc_library_cc', it will not be built.
Analysis failed
WARNING: errors encountered while analyzing target '//tests/cocotb:rvv_assembly_cocotb_test_core_mini_vstart_store', it will not be built.
Analysis failed
WARNING: errors encountered while analyzing target '//tests/cocotb:rvv_core_mini_axi_debug_cocotb_core_mini_axi_debug_ndmreset', it will not be built.
Analysis failed
WARNING: errors encountered while analyzing target '//tests/cocotb:rvv_arithmetic_cocotb_test_reduction_m1_vanilla_ops', it will not be built.
Analysis failed
WARNING: errors encountered while analyzing target '//tests/cocotb:core_mini_axi_sim_cocotb_core_mini_axi_master_write_alignment', it will not be built.
Analysis failed
WARNING: errors encountered while analyzing target '//tests/cocotb:core_mini_axi_sim_cocotb_slow_core_mini_axi_write_read_memory_stress_test', it will not be built.
Analysis failed
WARNING: errors encountered while analyzing target '//tests/verilator_sim:core_scalar_sim', it will not be built.
Analysis failed
WARNING: errors encountered while analyzing target '//tests/cocotb:rvv_load_store_test_store_unit_all_vtypes_test', it will not be built.
Analysis failed
WARNING: errors encountered while analyzing target '//tests/cocotb/tlul:dma_integration_cocotb_test_dma_descriptor_chain', it will not be built.
Analysis failed
WARNING: errors encountered while analyzing target '//hdl/chisel/src/coralnpu:core_mini_itcm512kb_dtcm512kb_axi_cc_library_emit_verilog_binary', it will not be built.
Analysis failed
WARNING: errors encountered while analyzing target '//tests/cocotb:rvv_assembly_cocotb_test_core_mini_vmsif_test', it will not be built.
Analysis failed
WARNING: errors encountered while analyzing target '//tests/verilator_sim:l1dcachebank_tb', it will not be built.
Analysis failed
WARNING: errors encountered while analyzing target '//hdl/chisel/src/coralnpu:core_mini_verification_axi_cc_library_verilog', it will not be built.
Analysis failed
WARNING: errors encountered while analyzing target '//tests/cocotb:rvv_load_store_test_load_store16_unit_m2', it will not be built.
Analysis failed
WARNING: errors encountered while analyzing target '//tests/cocotb:rvv_arithmetic_cocotb_test_vnclipu_test', it will not be built.
Analysis failed
WARNING: errors encountered while analyzing target '//tests/cocotb:rvv_assembly_cocotb_test_vslide1down_test', it will not be built.
Analysis failed
WARNING: errors encountered while analyzing target '//tests/cocotb:core_mini_axi_debug_cocotb_core_mini_axi_debug_abstract_access_nonexistent_register', it will not be built.
Analysis failed
WARNING: errors encountered while analyzing target '//tests/cocotb:rvv_load_store_test_load8_stride2_mf4', it will not be built.
Analysis failed
WARNING: errors encountered while analyzing target '//tests/cocotb:rvv_core_mini_axi_sim_cocotb_slow_core_mini_axi_run_wfi_in_all_slots', it will not be built.
Analysis failed
WARNING: errors encountered while analyzing target '//tests/cocotb:core_mini_axi_sim_cocotb_unreachable_prefetch_fault', it will not be built.
Analysis failed
WARNING: errors encountered while analyzing target '//tests/cocotb:rvv_assembly_cocotb_test_core_mini_viota_test', it will not be built.
Analysis failed
WARNING: errors encountered while analyzing target '//hdl/chisel/src/coralnpu:core_scalar_cc_library_cc', it will not be built.
Analysis failed
WARNING: errors encountered while analyzing target '//hdl/chisel/src/coralnpu:core_mini_highmem_axi_cc_library_emit_verilog_binary', it will not be built.
Analysis failed
WARNING: errors encountered while analyzing target '//tests/cocotb:core_mini_axi_debug_cocotb_core_mini_axi_debug_gdbserver', it will not be built.
Analysis failed
WARNING: errors encountered while analyzing target '//tests/cocotb:core_mini_axi_sim_cocotb_slow_core_mini_axi_run_wfi_in_all_slots', it will not be built.
Analysis failed
WARNING: errors encountered while analyzing target '//hdl/chisel/src/soc:coralnpu_chisel_subsystem_testharness_model', it will not be built.
Analysis failed
WARNING: errors encountered while analyzing target '//hdl/chisel/src/coralnpu:rvv_core_mini_itcm512kb_dtcm512kb_axi_cc_library_cc', it will not be built.
Analysis failed
WARNING: errors encountered while analyzing target '//tests/cocotb:rvv_assembly_cocotb_test_core_mini_rvv_add', it will not be built.
Analysis failed
WARNING: errors encountered while analyzing target '//hdl/chisel/src/coralnpu:core_mini_highmem_axi_cc_library_cc', it will not be built.
Analysis failed
WARNING: errors encountered while analyzing target '//tests/cocotb:rvv_load_store_test_store16_index16', it will not be built.
Analysis failed
WARNING: errors encountered while analyzing target '//tests/cocotb:rvv_load_store_test_load32_index16_seg', it will not be built.
Analysis failed
WARNING: errors encountered while analyzing target '//tests/cocotb:rvv_arithmetic_cocotb_test_vnsrl_test', it will not be built.
Analysis failed
WARNING: errors encountered while analyzing target '//hdl/chisel/src/coralnpu:dbus2axi_cc_library', it will not be built.
Analysis failed
WARNING: errors encountered while analyzing target '//hw_sim:libcoralnpu_simulator.so', it will not be built.
Analysis failed
WARNING: errors encountered while analyzing target '//tests/cocotb:rvv_load_store_test_load8_seg_unit', it will not be built.
Analysis failed
WARNING: errors encountered while analyzing target '//tests/cocotb/tutorial/tfmicro:cocotb_conv2d_test_conv2d_18x1', it will not be built.
Analysis failed
WARNING: errors encountered while analyzing target '//tests/cocotb:rvv_core_mini_axi_sim_cocotb_slow_rvv_exceptions_test', it will not be built.
Analysis failed
WARNING: errors encountered while analyzing target '//hdl/chisel/src/coralnpu:core_mini_verification_axi_cc_library_cc', it will not be built.
Analysis failed
WARNING: errors encountered while analyzing target '//tests/cocotb/tutorial/tfmicro:cocotb_depthwise_conv_test_dwconv32to32stride1', it will not be built.
Analysis failed
WARNING: errors encountered while analyzing target '//hdl/chisel/src/coralnpu:core_cc_library_emit_verilog', it will not be built.
Analysis failed
WARNING: errors encountered while analyzing target '//tests/verilator_sim:backdoor_load_test', it will not be built.
Analysis failed
WARNING: errors encountered while analyzing target '//tests/verilator_sim:core_mini_axi_sim', it will not be built.
Analysis failed
WARNING: errors encountered while analyzing target '//tests/cocotb:rvv_load_store_test_store8_index32', it will not be built.
Analysis failed
WARNING: errors encountered while analyzing target '//tests/cocotb/tlul:coralnpu_chisel_subsystem_cocotb_test_ibus_fetch_from_sram', it will not be built.
Analysis failed
WARNING: errors encountered while analyzing target '//tests/cocotb:rvv_assembly_cocotb_test_core_mini_vcompress_test', it will not be built.
Analysis failed
WARNING: errors encountered while analyzing target '//tests/cocotb:rvv_highmem_tests_slow_core_mini_axi_basic_write_read_memory', it will not be built.
Analysis failed
WARNING: errors encountered while analyzing target '//hdl/chisel/src/coralnpu:core_mini_highmem_axi_cc_library_emit_verilog', it will not be built.
Analysis failed
WARNING: errors encountered while analyzing target '//hdl/chisel/src/coralnpu:rvv_core_mini_verification_axi_cc_library_verilog', it will not be built.
Analysis failed
WARNING: errors encountered while analyzing target '//tests/cocotb:rvv_assembly_cocotb_test_vslidedown_test', it will not be built.
Analysis failed
WARNING: errors encountered while analyzing target '//tests/cocotb/tlul:coralnpu_xbar_cocotb_test_test_host_32_to_coralnpu_device_csr_read', it will not be built.
Analysis failed
WARNING: errors encountered while analyzing target '//tests/cocotb/tutorial/tfmicro:cocotb_conv2d_test_conv2d_37x1_h2w2', it will not be built.
Analysis failed
WARNING: errors encountered while analyzing target '//tests/cocotb:core_mini_axi_sim_cocotb_slow_core_mini_axi_backdoor_load_test', it will not be built.
Analysis failed
WARNING: errors encountered while analyzing target '//hdl/chisel/src/coralnpu:l1dcache_cc_library_emit_verilog_binary', it will not be built.
Analysis failed
WARNING: errors encountered while analyzing target '//hdl/chisel/src/coralnpu:l1icache_cc_library_emit_verilog_binary', it will not be built.
Analysis failed
WARNING: errors encountered while analyzing target '//tests/verilator_sim:core_mini_itcm512kb_dtcm512kb_axi_tb', it will not be built.
Analysis failed
WARNING: errors encountered while analyzing target '//hdl/chisel/src/coralnpu:rvv_core_mini_verification_axi_cc_library_cc', it will not be built.
Analysis failed
WARNING: errors encountered while analyzing target '//tests/cocotb/tutorial/tfmicro:cocotb_depthwise_conv_test_dwconv32to32stride2', it will not be built.
Analysis failed
WARNING: errors encountered while analyzing target '//hdl/chisel/src/coralnpu:rvv_core_mini_itcm512kb_dtcm512kb_axi_cc_library_emit_verilog_binary', it will not be built.
Analysis failed
WARNING: errors encountered while analyzing target '//hdl/chisel/src/coralnpu:l1dcachebank_cc_library_emit_verilog_binary', it will not be built.
Analysis failed
WARNING: errors encountered while analyzing target '//hdl/chisel/src/coralnpu:core_mini_cc_library', it will not be built.
Analysis failed
WARNING: errors encountered while analyzing target '//hdl/chisel/src/coralnpu:core_mini_axi_cc_library_emit_verilog_binary', it will not be built.
Analysis failed
WARNING: errors encountered while analyzing target '//tests/cocotb:rvv_core_mini_axi_debug_cocotb_core_mini_axi_debug_scalar_registers', it will not be built.
Analysis failed
WARNING: errors encountered while analyzing target '//tests/cocotb/tlul:gpio_integration_cocotb_test_gpio_integration', it will not be built.
Analysis failed
WARNING: errors encountered while analyzing target '//hdl/chisel/src/coralnpu:core_cc_library', it will not be built.
Analysis failed
WARNING: errors encountered while analyzing target '//hdl/chisel/src/coralnpu:alu_cc_library_verilog', it will not be built.
Analysis failed
WARNING: errors encountered while analyzing target '//tests/cocotb:core_mini_axi_debug_cocotb_core_mini_axi_debug_probe_impl', it will not be built.
Analysis failed
WARNING: errors encountered while analyzing target '//tests/verilator_sim:rvv_core_mini_highmem_axi_tb', it will not be built.
Analysis failed
WARNING: errors encountered while analyzing target '//hdl/chisel/src/coralnpu:core_cc_library_verilog', it will not be built.
Analysis failed
WARNING: errors encountered while analyzing target '//tests/cocotb:rvv_core_mini_axi_sim_cocotb_rvv_exceptions_test', it will not be built.
Analysis failed
WARNING: errors encountered while analyzing target '//tests/cocotb:rvv_highmem_tests_slow_core_mini_rvv_matmul_test', it will not be built.
Analysis failed
WARNING: errors encountered while analyzing target '//hdl/chisel/src/coralnpu:l1icache_cc_library', it will not be built.
Analysis failed
WARNING: errors encountered while analyzing target '//fpga:dma_sim_test', it will not be built.
Analysis failed
WARNING: errors encountered while analyzing target '//hdl/chisel/src/soc:coralnpu_chisel_subsystem_cc_library_cc', it will not be built.
Analysis failed
WARNING: errors encountered while analyzing target '//tests/cocotb:rvv_load_store_test_load_strided_all_vtypes_test', it will not be built.
Analysis failed
WARNING: errors encountered while analyzing target '//tests/cocotb:rvv_core_mini_axi_sim_cocotb_slow_core_mini_axi_csr_test', it will not be built.
Analysis failed
WARNING: errors encountered while analyzing target '//hdl/chisel/src/soc:coralnpu_chisel_subsystem_model', it will not be built.
Analysis failed
WARNING: errors encountered while analyzing target '//tests/cocotb:rvv_arithmetic_cocotb_test_binary_op_vx', it will not be built.
Analysis failed
WARNING: errors encountered while analyzing target '//tests/cocotb:rvv_load_store_test_store8_index8_seg', it will not be built.
Analysis failed
WARNING: errors encountered while analyzing target '//tests/cocotb:core_mini_axi_sim_cocotb_core_mini_axi_backdoor_load_test', it will not be built.
Analysis failed
WARNING: errors encountered while analyzing target '//fpga/ip/ispyocto:isp_wrapper_sim_binary', it will not be built.
Analysis failed
WARNING: errors encountered while analyzing target '//fpga:rtl_files', it will not be built.
Analysis failed
WARNING: errors encountered while analyzing target '//tests/cocotb:rvv_load_store_test_store8_index8', it will not be built.
Analysis failed
WARNING: errors encountered while analyzing target '//hdl/chisel/src/soc:coralnpu_chisel_subsystem_highmem_testharness_cc_library_emit_verilog', it will not be built.
Analysis failed
WARNING: errors encountered while analyzing target '//tests/cocotb:core_mini_axi_sim_cocotb_core_mini_axi_write_read_memory_stress_test', it will not be built.
Analysis failed
WARNING: errors encountered while analyzing target '//tests/verilator_sim:rvv_core_mini_axi_tb', it will not be built.
Analysis failed
WARNING: errors encountered while analyzing target '//tests/cocotb:rvv_arithmetic_cocotb_test_vnsra_test', it will not be built.
Analysis failed
WARNING: errors encountered while analyzing target '//hw_sim:core_mini_axi_simulator_rvv', it will not be built.
Analysis failed
WARNING: errors encountered while analyzing target '//tests/cocotb:rvv_highmem_tests_slow_core_mini_axi_run_wfi_in_all_slots_highmem', it will not be built.
Analysis failed
WARNING: errors encountered while analyzing target '//tests/cocotb/tlul:spi_master_cocotb_test_spi_master_basic_tx', it will not be built.
Analysis failed
WARNING: errors encountered while analyzing target '//tests/cocotb/tutorial/tfmicro:cocotb_fully_connected_test_fc_16_16', it will not be built.
Analysis failed
WARNING: errors encountered while analyzing target '//hdl/chisel/src/soc:coralnpu_chisel_subsystem_testharness_cc_library_verilog', it will not be built.
Analysis failed
WARNING: errors encountered while analyzing target '//tests/cocotb/tlul:coralnpu_xbar_cocotb_test_coralnpu_core_to_invalid_addr', it will not be built.
Analysis failed
WARNING: errors encountered while analyzing target '//hdl/chisel/src/coralnpu:rvv_core_mini_highmem_axi_cc_library_verilog', it will not be built.
Analysis failed
WARNING: errors encountered while analyzing target '//hdl/chisel/src/soc:coralnpu_chisel_subsystem_highmem_testharness_cc_library_emit_verilog_binary', it will not be built.
Analysis failed
WARNING: errors encountered while analyzing target '//hdl/chisel/src/coralnpu:alu_cc_library_emit_verilog_binary', it will not be built.
Analysis failed
WARNING: errors encountered while analyzing target '//hdl/chisel/src/coralnpu:core_mini_itcm512kb_dtcm512kb_axi_cc_library_verilog', it will not be built.
Analysis failed
WARNING: errors encountered while analyzing target '//tests/cocotb:rvv_load_store_test_store32_index32', it will not be built.
Analysis failed
WARNING: errors encountered while analyzing target '//tests/cocotb:rvv_core_mini_axi_debug_cocotb_core_mini_axi_debug_abstract_access_registers', it will not be built.
Analysis failed
WARNING: errors encountered while analyzing target '//hdl/chisel/src/soc:coralnpu_chisel_subsystem_highmem_testharness_cc_library', it will not be built.
Analysis failed
WARNING: errors encountered while analyzing target '//tests/cocotb:core_mini_axi_debug_cocotb_core_mini_axi_debug_dmactive', it will not be built.
Analysis failed
WARNING: errors encountered while analyzing target '//hdl/chisel/src/soc:coralnpu_xbar_lib', it will not be built.
Analysis failed
WARNING: errors encountered while analyzing target '//tests/cocotb:rvv_assembly_cocotb_test_core_mini_vcpop_test', it will not be built.
Analysis failed
WARNING: errors encountered while analyzing target '//tests/cocotb:rvv_core_mini_axi_debug_cocotb_core_mini_axi_debug_probe_impl', it will not be built.
Analysis failed
WARNING: errors encountered while analyzing target '//hdl/chisel/src/coralnpu:rvv_core_mini_highmem_axi_cc_library', it will not be built.
Analysis failed
WARNING: errors encountered while analyzing target '//tests/cocotb:core_mini_axi_sim_cocotb_core_mini_axi_csr_test', it will not be built.
Analysis failed
WARNING: errors encountered while analyzing target '//tests/cocotb:core_mini_axi_sim_cocotb_core_mini_axi_riscv_dv', it will not be built.
Analysis failed
WARNING: errors encountered while analyzing target '//tests/cocotb:rvv_load_store_test_load8_index8_seg', it will not be built.
Analysis failed
WARNING: errors encountered while analyzing target '//hdl/chisel/src/soc:coralnpu_chisel_subsystem_cc_library', it will not be built.
Analysis failed
WARNING: errors encountered while analyzing target '//tests/cocotb/tutorial/tfmicro:cocotb_conv2d_test_conv2d_48x48_h2w2', it will not be built.
Analysis failed
WARNING: errors encountered while analyzing target '//tests/cocotb:rvv_core_mini_axi_sim_cocotb_slow_core_mini_axi_write_read_memory_stress_test', it will not be built.
Analysis failed
WARNING: errors encountered while analyzing target '//hdl/chisel/src/soc:coralnpu_chisel_subsystem_highmem_cc_library_emit_verilog_binary', it will not be built.
Analysis failed
WARNING: errors encountered while analyzing target '//tests/cocotb:rvv_itcm512kb_dtcm512kb_tests_core_mini_axi_run_wfi_in_all_slots_itcm512kb_dtcm512kb', it will not be built.
Analysis failed
WARNING: errors encountered while analyzing target '//tests/cocotb/tlul:spi_master_cocotb_test_spi_master_half_duplex_rx', it will not be built.
Analysis failed
WARNING: errors encountered while analyzing target '//hdl/chisel/src/coralnpu:core_cc_library_emit_verilog_binary', it will not be built.
Analysis failed
WARNING: errors encountered while analyzing target '//tests/cocotb:rvv_load_store_test_load_store_whole_register_test', it will not be built.
Analysis failed
WARNING: errors encountered while analyzing target '//fpga/ip/ispyocto:isp_wrapper_sim', it will not be built.
Analysis failed
WARNING: errors encountered while analyzing target '//tests/cocotb:rvv_core_mini_axi_sim_cocotb_core_mini_axi_slow_bready', it will not be built.
Analysis failed
WARNING: errors encountered while analyzing target '//hdl/chisel/src/coralnpu:coralnpu_uncached_fetch_tests', it will not be built.
Analysis failed
WARNING: errors encountered while analyzing target '//tests/cocotb:rvv_load_store_test_load8_index16', it will not be built.
Analysis failed
WARNING: errors encountered while analyzing target '//hdl/chisel/src/soc:coralnpu_chisel_subsystem_lib', it will not be built.
Analysis failed
WARNING: errors encountered while analyzing target '//tests/cocotb:core_mini_axi_sim_cocotb_core_mini_axi_run_wfi_in_all_slots', it will not be built.
Analysis failed
WARNING: errors encountered while analyzing target '//tests/cocotb/tlul:coralnpu_chisel_subsystem_cocotb_test_boot_addr_sram', it will not be built.
Analysis failed
WARNING: errors encountered while analyzing target '//tests/cocotb/tutorial/tfmicro:cocotb_conv2d_test_conv2d_21x48_h8w8', it will not be built.
Analysis failed
WARNING: errors encountered while analyzing target '//tests/cocotb/tutorial:hello_world_float_core_mini_axi_core_mini_axi_tutorial', it will not be built.
Analysis failed
WARNING: errors encountered while analyzing target '//tests/cocotb:rvv_core_mini_axi_sim_cocotb_core_mini_axi_basic_write_read_memory', it will not be built.
Analysis failed
WARNING: errors encountered while analyzing target '//tests/cocotb:rvv_arithmetic_cocotb_test_widen_math_ops_test_impl', it will not be built.
Analysis failed
WARNING: errors encountered while analyzing target '//tests/cocotb:rvv_load_store_test_load8_index16_seg', it will not be built.
Analysis failed
WARNING: errors encountered while analyzing target '//tests/cocotb/tutorial/tfmicro:cocotb_pooling_test_maxpool32stride2', it will not be built.
Analysis failed
WARNING: errors encountered while analyzing target '//hdl/chisel/src/coralnpu:core_scalar_cc_library_emit_verilog', it will not be built.
Analysis failed
WARNING: errors encountered while analyzing target '//hdl/chisel/src/soc:coralnpu_chisel_subsystem_highmem_cc_library', it will not be built.
Analysis failed
WARNING: errors encountered while analyzing target '//fpga:copy_chip_verilator_highmem_binary', it will not be built.
Analysis failed
WARNING: errors encountered while analyzing target '//hdl/chisel/src/coralnpu:core_mini_cc_library_emit_verilog', it will not be built.
Analysis failed
WARNING: errors encountered while analyzing target '//hdl/chisel/src/coralnpu:rvv_core_mini_tlul_cc_library_verilog', it will not be built.
Analysis failed
WARNING: errors encountered while analyzing target '//hdl/chisel/src/coralnpu:dbus2axi_cc_library_emit_verilog_binary', it will not be built.
Analysis failed
WARNING: errors encountered while analyzing target '//tests/cocotb:rvv_core_mini_axi_sim_cocotb_core_mini_axi_frm_test', it will not be built.
Analysis failed
WARNING: errors encountered while analyzing target '//tests/cocotb/tlul:coralnpu_chisel_subsystem_cocotb_test_plic', it will not be built.
Analysis failed
WARNING: errors encountered while analyzing target '//tests/verilator_sim:l1dcache_tb', it will not be built.
Analysis failed
WARNING: errors encountered while analyzing target '//hdl/chisel/src/soc:coralnpu_xbar_testharness_model', it will not be built.
Analysis failed
WARNING: errors encountered while analyzing target '//tests/cocotb/tutorial/tfmicro:cocotb_fully_connected_test_fc_64_64', it will not be built.
Analysis failed
WARNING: errors encountered while analyzing target '//tests/cocotb:core_mini_axi_debug_cocotb_core_mini_axi_debug_halt_resume', it will not be built.
Analysis failed
WARNING: errors encountered while analyzing target '//tests/cocotb:rvv_load_store_test_load16_stride4_mf2', it will not be built.
Analysis failed
WARNING: errors encountered while analyzing target '//tests/cocotb/tlul:coralnpu_chisel_subsystem_cocotb_test_tlul_width_bridge_bug_reproduction', it will not be built.
Analysis failed
WARNING: errors encountered while analyzing target '//tests/cocotb:rvv_load_store_test_store16_seg_unit', it will not be built.
Analysis failed
WARNING: errors encountered while analyzing target '//hdl/chisel/src/soc:coralnpu_chisel_subsystem_cc_library_verilog', it will not be built.
Analysis failed
WARNING: errors encountered while analyzing target '//hdl/chisel/src/coralnpu:core_scalar_cc_library', it will not be built.
Analysis failed
WARNING: errors encountered while analyzing target '//hdl/chisel/src/soc:coralnpu_chisel_subsystem_cc_library_emit_verilog_binary', it will not be built.
Analysis failed
WARNING: errors encountered while analyzing target '//hdl/chisel/src/coralnpu:coralnpu_scalar', it will not be built.
Analysis failed
WARNING: errors encountered while analyzing target '//tests/cocotb:rvv_load_store_test_load_unit_masked', it will not be built.
Analysis failed
WARNING: errors encountered while analyzing target '//hdl/chisel/src/soc:coralnpu_xbar_cc_library_cc', it will not be built.
Analysis failed
WARNING: errors encountered while analyzing target '//hw_sim:core_mini_axi_wrapper_example', it will not be built.
Analysis failed
WARNING: errors encountered while analyzing target '//hdl/chisel/src/coralnpu:rvv_core_mini_axi_cc_library', it will not be built.
Analysis failed
WARNING: errors encountered while analyzing target '//tests/cocotb:rvv_core_mini_axi_sim_cocotb_slow_core_mini_axi_exceptions_test', it will not be built.
Analysis failed
WARNING: errors encountered while analyzing target '//hdl/chisel/src/coralnpu:l1dcache_cc_library_verilog', it will not be built.
Analysis failed
WARNING: errors encountered while analyzing target '//tests/cocotb/tutorial/tfmicro:cocotb_conv2d_test_conv2d_16x3_s2', it will not be built.
Analysis failed
WARNING: errors encountered while analyzing target '//tests/cocotb:core_mini_axi_sim_cocotb_core_mini_axi_slow_bready', it will not be built.
Analysis failed
WARNING: errors encountered while analyzing target '//tests/cocotb:rvv_load_store_test_load8_stride2_m1', it will not be built.
Analysis failed
WARNING: errors encountered while analyzing target '//hdl/chisel/src/coralnpu:core_mini_itcm512kb_dtcm512kb_axi_cc_library', it will not be built.
Analysis failed
WARNING: errors encountered while analyzing target '//tests/cocotb:rvv_load_store_test_load_store_bits', it will not be built.
Analysis failed
WARNING: errors encountered while analyzing target '//tests/cocotb:rvv_load_store_test_store16_index32', it will not be built.
Analysis failed
WARNING: errors encountered while analyzing target '//hdl/chisel/src/coralnpu:l1dcachebank_cc_library_verilog', it will not be built.
Analysis failed
WARNING: errors encountered while analyzing target '//hdl/chisel/src/coralnpu:l1dcache_cc_library', it will not be built.
Analysis failed
WARNING: errors encountered while analyzing target '//tests/cocotb:rvv_core_mini_axi_debug_cocotb_core_mini_axi_debug_halt_resume', it will not be built.
Analysis failed
WARNING: errors encountered while analyzing target '//tests/cocotb:rvv_highmem_tests_core_mini_rvv_matmul_test', it will not be built.
Analysis failed
WARNING: errors encountered while analyzing target '//tests/cocotb:rvv_load_store_test_load_store8_test', it will not be built.
Analysis failed
WARNING: errors encountered while analyzing target '//fpga/ip/coralnpu_chisel_subsystem_default:generate_core_file', it will not be built.
Analysis failed
WARNING: errors encountered while analyzing target '//hdl/chisel/src/coralnpu:l1dcachebank_cc_library', it will not be built.
Analysis failed
WARNING: errors encountered while analyzing target '//tests/cocotb:core_mini_axi_sim_cocotb_core_mini_axi_basic_write_read_memory', it will not be built.
Analysis failed
WARNING: errors encountered while analyzing target '//hdl/chisel/src/soc:coralnpu_chisel_subsystem_highmem_testharness_model', it will not be built.
Analysis failed
WARNING: errors encountered while analyzing target '//hdl/chisel/src/coralnpu:dvu_cc_library_cc', it will not be built.
Analysis failed
WARNING: errors encountered while analyzing target '//tests/cocotb:rvv_core_mini_axi_sim_cocotb_core_mini_axi_backdoor_load_test', it will not be built.
Analysis failed
WARNING: errors encountered while analyzing target '//tests/verilator_sim:rvv_core_mini_verification_axi_tb', it will not be built.
Analysis failed
WARNING: errors encountered while analyzing target '//tests/cocotb:rvv_assembly_cocotb_test_vslideup_test', it will not be built.
Analysis failed
WARNING: errors encountered while analyzing target '//tests/cocotb:rvv_itcm512kb_dtcm512kb_tests_core_mini_rvv_matmul_test', it will not be built.
Analysis failed
WARNING: errors encountered while analyzing target '//hdl/chisel/src/soc:coralnpu_xbar_cc_library', it will not be built.
Analysis failed
WARNING: errors encountered while analyzing target '//tests/verilator_sim:core_mini_highmem_axi_tb', it will not be built.
Analysis failed
WARNING: errors encountered while analyzing target '//hdl/chisel/src/coralnpu:rvv_core_mini_axi_cc_library_verilog', it will not be built.
Analysis failed
WARNING: errors encountered while analyzing target '//hdl/chisel/src/coralnpu:rvv_core_mini_itcm512kb_dtcm512kb_axi_cc_library_emit_verilog', it will not be built.
Analysis failed
WARNING: errors encountered while analyzing target '//tests/cocotb:rvv_core_mini_axi_sim_cocotb_slow_core_mini_axi_basic_write_read_memory', it will not be built.
Analysis failed
WARNING: errors encountered while analyzing target '//tests/cocotb:rvv_core_mini_axi_sim_cocotb_slow_core_mini_axi_rand_instr_test', it will not be built.
Analysis failed
WARNING: errors encountered while analyzing target '//hdl/chisel/src/coralnpu:core_mini_verification_axi_cc_library', it will not be built.
Analysis failed
WARNING: errors encountered while analyzing target '//hdl/chisel/src/coralnpu:rvv_core_mini_tlul_cc_library', it will not be built.
Analysis failed
WARNING: errors encountered while analyzing target '//tests/cocotb:rvv_core_mini_axi_sim_cocotb_slow_core_mini_axi_frm_test', it will not be built.
Analysis failed
WARNING: errors encountered while analyzing target '//tests/verilator_sim:core_mini_highmem_axi_sim', it will not be built.
Analysis failed
WARNING: errors encountered while analyzing target '//tests/cocotb:rvv_core_mini_axi_sim_cocotb_slow_core_mini_axi_burst_types_test', it will not be built.
Analysis failed
WARNING: errors encountered while analyzing target '//hdl/chisel/src/coralnpu:l1dcache_cc_library_emit_verilog', it will not be built.
Analysis failed
WARNING: errors encountered while analyzing target '//hdl/chisel/src/coralnpu:rvv_core_mini_axi_cc_library_emit_verilog', it will not be built.
Analysis failed
WARNING: errors encountered while analyzing target '//tests/cocotb:rvv_load_store_test_load16_index32_seg', it will not be built.
Analysis failed
WARNING: errors encountered while analyzing target '//tests/cocotb:core_mini_axi_sim_cocotb_core_mini_axi_float_csr_test', it will not be built.
Analysis failed
WARNING: errors encountered while analyzing target '//tests/cocotb:rvv_load_store_test_load16_seg_unit', it will not be built.
Analysis failed
WARNING: errors encountered while analyzing target '//hdl/chisel/src/coralnpu:core_mini_axi_cc_library_verilog', it will not be built.
Analysis failed
WARNING: errors encountered while analyzing target '//tests/cocotb:rvv_core_mini_axi_debug_cocotb_core_mini_axi_debug_abstract_access_nonexistent_register', it will not be built.
Analysis failed
WARNING: errors encountered while analyzing target '//hdl/chisel/src/soc:coralnpu_xbar_testharness_cc_library', it will not be built.
Analysis failed
WARNING: errors encountered while analyzing target '//hdl/chisel/src/coralnpu:rvv_core_mini_axi_cc_library_emit_verilog_binary', it will not be built.
Analysis failed
WARNING: errors encountered while analyzing target '//tests/verilator_sim:rvv_core_mini_itcm512kb_dtcm512kb_axi_tb', it will not be built.
Analysis failed
WARNING: errors encountered while analyzing target '//tests/cocotb:core_mini_axi_sim_cocotb_slow_core_mini_axi_basic_write_read_memory', it will not be built.
Analysis failed
WARNING: errors encountered while analyzing target '//hdl/chisel/src/coralnpu:alu_cc_library_emit_verilog', it will not be built.
Analysis failed
WARNING: errors encountered while analyzing target '//hdl/chisel/src/coralnpu:l1dcachebank_cc_library_cc', it will not be built.
Analysis failed
WARNING: errors encountered while analyzing target '//hdl/chisel/src/coralnpu:dbus2axi_cc_library_emit_verilog', it will not be built.
Analysis failed
WARNING: errors encountered while analyzing target '//hdl/chisel/src/coralnpu:rvv_core_mini_tlul_verilog', it will not be built.
Analysis failed
WARNING: errors encountered while analyzing target '//tests/cocotb:rvv_assembly_cocotb_test_vsetvl_test', it will not be built.
Analysis failed
WARNING: errors encountered while analyzing target '//tests/cocotb:core_mini_axi_sim_cocotb_core_mini_axi_exceptions_test', it will not be built.
Analysis failed
WARNING: errors encountered while analyzing target '//tests/cocotb:core_mini_axi_debug_cocotb_core_mini_axi_debug_scalar_registers', it will not be built.
Analysis failed
WARNING: errors encountered while analyzing target '//tests/cocotb:rvv_load_store_test_load8_index8', it will not be built.
Analysis failed
WARNING: errors encountered while analyzing target '//hdl/chisel/src/soc:coralnpu_chisel_subsystem_testharness_cc_library_emit_verilog_binary', it will not be built.
Analysis failed
WARNING: errors encountered while analyzing target '//tests/cocotb:rvv_load_store_test_store32_index16', it will not be built.
Analysis failed
WARNING: errors encountered while analyzing target '//fpga:trivial_pass_highmem_sim_test', it will not be built.
Analysis failed
WARNING: errors encountered while analyzing target '//hdl/chisel/src/soc:coralnpu_xbar_testharness_cc_library_emit_verilog_binary', it will not be built.
Analysis failed
WARNING: errors encountered while analyzing target '//tests/cocotb/tutorial/tfmicro:cocotb_depthwise_conv_test_dwconv8to8stride2', it will not be built.
Analysis failed
WARNING: errors encountered while analyzing target '//tests/cocotb:rvv_core_mini_axi_sim_cocotb_slow_core_mini_axi_backdoor_load_test', it will not be built.
Analysis failed
WARNING: errors encountered while analyzing target '//tests/cocotb:rvv_core_mini_axi_sim_cocotb_core_mini_axi_riscv_tests', it will not be built.
Analysis failed
WARNING: errors encountered while analyzing target '//hdl/chisel/src/coralnpu:l1icache_cc_library_verilog', it will not be built.
Analysis failed
WARNING: errors encountered while analyzing target '//tests/cocotb:rvv_load_store_test_load8_index32_seg', it will not be built.
Analysis failed
WARNING: errors encountered while analyzing target '//hdl/chisel/src/soc:coralnpu_chisel_subsystem_testharness_cc_library_emit_verilog', it will not be built.
Analysis failed
WARNING: errors encountered while analyzing target '//tests/cocotb:rvv_core_mini_axi_sim_cocotb_core_mini_axi_master_write_alignment', it will not be built.
Analysis failed
WARNING: errors encountered while analyzing target '//tests/cocotb:rvv_core_mini_highmem_axi_model', it will not be built.
Analysis failed
WARNING: errors encountered while analyzing target '//tests/cocotb:rvv_load_store_test_load8_stride2_m1_partial', it will not be built.
Analysis failed
WARNING: errors encountered while analyzing target '//tests/cocotb:rvv_load_store_test_load16_index16_seg', it will not be built.
Analysis failed
WARNING: errors encountered while analyzing target '//tests/cocotb/tlul:coralnpu_chisel_subsystem_cocotb_test_program_execution_via_host', it will not be built.
Analysis failed
WARNING: errors encountered while analyzing target '//tests/cocotb/tutorial/tfmicro:cocotb_conv2d_test_conv2d_16x16', it will not be built.
Analysis failed
WARNING: errors encountered while analyzing target '//tests/cocotb:core_mini_axi_sim_cocotb_slow_core_mini_axi_burst_types_test', it will not be built.
Analysis failed
WARNING: errors encountered while analyzing target '//hdl/chisel/src/coralnpu:rvv_core_mini_verification_axi_cc_library_emit_verilog_binary', it will not be built.
Analysis failed
WARNING: errors encountered while analyzing target '//tests/cocotb:rvv_load_store_test_store16_index8', it will not be built.
Analysis failed
WARNING: errors encountered while analyzing target '//fpga:build_chip_verilator', it will not be built.
Analysis failed
WARNING: errors encountered while analyzing target '//tests/cocotb:rvv_load_store_test_load32_stride8_m1', it will not be built.
Analysis failed
WARNING: errors encountered while analyzing target '//fpga:flash_tool_sim_test', it will not be built.
Analysis failed
WARNING: errors encountered while analyzing target '//tests/cocotb:rvv_load_store_test_load32_stride8_m1_partial', it will not be built.
Analysis failed
WARNING: errors encountered while analyzing target '//hdl/chisel/src/coralnpu:core_mini_axi_bundle', it will not be built.
Analysis failed
WARNING: errors encountered while analyzing target '//tests/cocotb/tlul:coralnpu_xbar_cocotb_test_coralnpu_core_to_coralnpu_device', it will not be built.
Analysis failed
WARNING: errors encountered while analyzing target '//hdl/chisel/src/coralnpu:core_mini_itcm512kb_dtcm512kb_axi_cc_library_cc', it will not be built.
Analysis failed
WARNING: errors encountered while analyzing target '//tests/cocotb/tlul:coralnpu_xbar_cocotb_test_test_host_32_to_coralnpu_device_specific_addr', it will not be built.
Analysis failed
WARNING: errors encountered while analyzing target '//tests/cocotb/tutorial/counters:cocotb_counter_test_inst_cycle_counter_test', it will not be built.
Analysis failed
WARNING: errors encountered while analyzing target '//tests/cocotb/tlul:spi_master_cocotb_test_spi_master_half_duplex_tx', it will not be built.
Analysis failed
WARNING: errors encountered while analyzing target '//hw_sim:core_mini_axi_wrapper', it will not be built.
Analysis failed
WARNING: errors encountered while analyzing target '//tests/cocotb:rvv_core_mini_axi_sim_cocotb_core_mini_axi_float_csr_test', it will not be built.
Analysis failed
WARNING: errors encountered while analyzing target '//fpga:build_chip_verilator_highmem', it will not be built.
Analysis failed
WARNING: errors encountered while analyzing target '//hdl/chisel/src/coralnpu:dvu_cc_library_emit_verilog_binary', it will not be built.
Analysis failed
WARNING: errors encountered while analyzing target '//tests/cocotb:rvv_core_mini_axi_sim_cocotb_slow_core_mini_axi_coralnpu_isa_test', it will not be built.
Analysis failed
WARNING: errors encountered while analyzing target '//tests/cocotb:rvv_core_mini_axi_sim_cocotb_core_mini_axi_exceptions_test', it will not be built.
Analysis failed
WARNING: errors encountered while analyzing target '//tests/cocotb/tlul:dma_integration_cocotb_test_dma_mem_to_mem', it will not be built.
Analysis failed
WARNING: errors encountered while analyzing target '//tests/cocotb:rvv_load_store_test_load32_seg_unit', it will not be built.
Analysis failed
WARNING: errors encountered while analyzing target '//tests/cocotb/tutorial/tfmicro:cocotb_depthwise_conv_test_dwconv8to8stride1', it will not be built.
Analysis failed
WARNING: errors encountered while analyzing target '//hdl/chisel/src/coralnpu:rvv_core_mini_itcm512kb_dtcm512kb_axi_cc_library', it will not be built.
Analysis failed
WARNING: errors encountered while analyzing target '//hdl/chisel/src/coralnpu:core_mini_axi_cc_library_emit_verilog', it will not be built.
Analysis failed
WARNING: errors encountered while analyzing target '//hdl/chisel/src/coralnpu:mlu_cc_library_verilog', it will not be built.
Analysis failed
WARNING: errors encountered while analyzing target '//tests/cocotb:core_mini_axi_debug_cocotb_core_mini_axi_debug_ndmreset', it will not be built.
Analysis failed
WARNING: errors encountered while analyzing target '//tests/cocotb:rvv_load_store_test_load16_index8_seg', it will not be built.
Analysis failed
WARNING: errors encountered while analyzing target '//tests/cocotb:rvv_assembly_cocotb_test_core_mini_vl_test', it will not be built.
Analysis failed
WARNING: errors encountered while analyzing target '//tests/cocotb:rvv_highmem_tests_core_mini_axi_run_wfi_in_all_slots_highmem', it will not be built.
Analysis failed
WARNING: errors encountered while analyzing target '//tests/cocotb:rvv_load_store_test_load32_index8_seg', it will not be built.
Analysis failed
WARNING: errors encountered while analyzing target '//hdl/chisel/src/coralnpu:dvu_cc_library', it will not be built.
Analysis failed
WARNING: errors encountered while analyzing target '//hw_sim:core_mini_axi_simulator_example', it will not be built.
Analysis failed
WARNING: errors encountered while analyzing target '//tests/cocotb:rvv_core_mini_itcm512kb_dtcm512kb_axi_model', it will not be built.
Analysis failed
WARNING: errors encountered while analyzing target '//tests/cocotb:rvv_load_store_test_load_store32_unit_m2', it will not be built.
Analysis failed
WARNING: errors encountered while analyzing target '//hdl/chisel/src/coralnpu:core_mini_verification_axi_cc_library_emit_verilog_binary', it will not be built.
Analysis failed
WARNING: errors encountered while analyzing target '//hdl/chisel/src/soc:coralnpu_chisel_subsystem_cc_library_emit_verilog', it will not be built.
Analysis failed
WARNING: errors encountered while analyzing target '//hdl/chisel/src/coralnpu:alu_cc_library', it will not be built.
Analysis failed
WARNING: errors encountered while analyzing target '//tests/cocotb:rvv_load_store_test_store_unit_masked', it will not be built.
Analysis failed
WARNING: errors encountered while analyzing target '//hdl/chisel/src/soc:coralnpu_chisel_subsystem_highmem_cc_library_verilog', it will not be built.
Analysis failed
WARNING: errors encountered while analyzing target '//tests/cocotb:rvv_core_mini_axi_debug_cocotb_core_mini_axi_debug_gdbserver', it will not be built.
Analysis failed
WARNING: errors encountered while analyzing target '//tests/cocotb:core_mini_axi_sim_cocotb_slow_core_mini_axi_float_csr_test', it will not be built.
Analysis failed
WARNING: errors encountered while analyzing target '//fpga/ip/coralnpu_chisel_subsystem_default:coralnpu_chisel_subsystem_default_verilog', it will not be built.
Analysis failed
WARNING: errors encountered while analyzing target '//hdl/chisel/src/soc:coralnpu_chisel_subsystem_itcm512kb_dtcm512kb_cc_library', it will not be built.
Analysis failed
WARNING: errors encountered while analyzing target '//tests/cocotb/tlul:coralnpu_chisel_subsystem_cocotb_test_ddr_burst_pattern_repro', it will not be built.
Analysis failed
WARNING: errors encountered while analyzing target '//hdl/chisel/src/soc:coralnpu_chisel_subsystem_itcm512kb_dtcm512kb_cc_library_verilog', it will not be built.
Analysis failed
WARNING: errors encountered while analyzing target '//tests/cocotb:core_mini_axi_debug_cocotb_core_mini_axi_debug_abstract_access_registers', it will not be built.
Analysis failed
WARNING: errors encountered while analyzing target '//hdl/chisel/src/coralnpu:rvv_core_mini_highmem_axi_cc_library_cc', it will not be built.
Analysis failed
WARNING: errors encountered while analyzing target '//hdl/chisel/src/coralnpu:coralnpu_core_axi_tests', it will not be built.
Analysis failed
WARNING: errors encountered while analyzing target '//hdl/chisel/src/coralnpu:l1dcache_cc_library_cc', it will not be built.
Analysis failed
WARNING: errors encountered while analyzing target '//tests/cocotb:rvv_core_mini_axi_sim_cocotb_slow_core_mini_axi_finish_txn_before_halt_test', it will not be built.
Analysis failed
WARNING: errors encountered while analyzing target '//tests/cocotb:rvv_assembly_cocotb_test_core_mini_vcsr_test', it will not be built.
Analysis failed
WARNING: errors encountered while analyzing target '//tests/cocotb:core_mini_axi_sim_cocotb_slow_core_mini_axi_riscv_tests', it will not be built.
Analysis failed
WARNING: errors encountered while analyzing target '//hw_sim:core_mini_axi_simulator', it will not be built.
Analysis failed
WARNING: errors encountered while analyzing target '//tests/verilator_sim:dbus2axi_tb', it will not be built.
Analysis failed
WARNING: errors encountered while analyzing target '//tests/cocotb:rvv_load_store_test_load16_index8', it will not be built.
Analysis failed
WARNING: errors encountered while analyzing target '//fpga:clk_sim_test', it will not be built.
Analysis failed
WARNING: errors encountered while analyzing target '//hdl/chisel/src/coralnpu:mlu_cc_library', it will not be built.
Analysis failed
WARNING: errors encountered while analyzing target '//tests/cocotb/tlul:coralnpu_xbar_cocotb_test_interleaved_hosts_to_sram', it will not be built.
Analysis failed
WARNING: errors encountered while analyzing target '//tests/cocotb/tlul:coralnpu_xbar_cocotb_test_coralnpu_core_to_sram', it will not be built.
Analysis failed
WARNING: errors encountered while analyzing target '//tests/cocotb:rvv_ml_ops_cocotb_test_core_mini_rvv_matmul_test', it will not be built.
Analysis failed
WARNING: errors encountered while analyzing target '//hdl/chisel/src/soc:coralnpu_chisel_subsystem_highmem_testharness_cc_library_verilog', it will not be built.
Analysis failed
WARNING: errors encountered while analyzing target '//tests/cocotb:rvv_core_mini_axi_debug_cocotb_core_mini_axi_debug_dmactive', it will not be built.
Analysis failed
WARNING: errors encountered while analyzing target '//tests/cocotb:core_mini_axi_sim_cocotb_core_mini_axi_coralnpu_isa_test', it will not be built.
Analysis failed
WARNING: errors encountered while analyzing target '//tests/cocotb/tutorial/tfmicro:cocotb_logistic_test_logistic_256', it will not be built.
Analysis failed
WARNING: errors encountered while analyzing target '//hdl/chisel/src/coralnpu:dbus2axi_cc_library_cc', it will not be built.
Analysis failed
WARNING: errors encountered while analyzing target '//hdl/chisel/src/coralnpu:l1icache_cc_library_emit_verilog', it will not be built.
Analysis failed
WARNING: errors encountered while analyzing target '//hdl/chisel/src/coralnpu:l1dcachebank_cc_library_emit_verilog', it will not be built.
Analysis failed
INFO: Analyzed 2440 targets (399 packages loaded, 23168 targets configured).
WARNING: errors encountered while analyzing target '//tests/cocotb:rvv_load_store_test_store8_seg_unit', it will not be built.
Analysis failed
INFO: Analysis succeeded for only 1794 of 2440 top-level targets
INFO: Found 1945 targets and 43 test targets...
Use --verbose_failures to see the command lines of failed build steps.
INFO: Elapsed time: 1091.252s, Critical Path: 166.99s
INFO: 3272 processes: 103 internal, 1 local, 3153 processwrapper-sandbox, 15 worker.
ERROR: Build did NOT complete successfully
FAILED: 
//hdl/chisel/src/bus:dma_engine_test                            FAILED TO BUILD
//hdl/chisel/src/bus:spi2tlulv2_test                            FAILED TO BUILD
//hdl/chisel/src/bus:spi_master_test                            FAILED TO BUILD
//sw/coralnpu_sim:coralnpu_v2_sim_test                          FAILED TO BUILD
//sw/opt/litert-micro/test:conv_sim_test                        FAILED TO BUILD
(Skipping other failed to build tests)
//fpga:flash_tool_test                                                   PASSED in 1.7s
//hdl/chisel/src/bus:gpio_test                                           PASSED in 17.7s
//hdl/chisel/src/bus:tlul_to_sram_test                                   PASSED in 20.0s
//hdl/chisel/src/common:aligner_test                                     PASSED in 23.2s
//hdl/chisel/src/common:async_queue_smoke_test                           PASSED in 14.5s
//hdl/chisel/src/common:circular_buffer_multi_test                       PASSED in 77.5s
//hdl/chisel/src/common:common_test                                      PASSED in 15.9s
//hdl/chisel/src/common:fifo_state_test                                  PASSED in 84.5s
//hdl/chisel/src/common:fma_test                                         PASSED in 116.4s
//hdl/chisel/src/common:fp_test                                          PASSED in 50.9s
//hdl/chisel/src/common:index_allocator_test                             PASSED in 56.2s
//hdl/chisel/src/common:instruction_buffer_test                          PASSED in 51.7s
//hdl/chisel/src/common:library_test                                     PASSED in 91.2s
//hdl/chisel/src/common:scatter_gather_test                              PASSED in 24.8s
//hdl/chisel/src/common:sv_generation_utils_test                         PASSED in 49.9s
//hdl/chisel/src/coralnpu:clock_gate_test                                PASSED in 10.8s
//hdl/chisel/src/peripherals:peripheral_tests                            PASSED in 40.2s
//tests/cocotb/tlul:secded_encoder_32_cocotb_test_test_secded_encoder    PASSED in 2.6s
//tests/cocotb/tlul:secded_encoder_57_cocotb_test_test_secded_encoder    PASSED in 2.8s
//tests/cocotb/tlul:secded_encoder_cocotb_test_test_secded_encoder       PASSED in 2.0s
//tests/cocotb/tlul:tlul_fifo_async_128_cocotb_test_test_async_crossing  PASSED in 2.1s
//tests/cocotb/tlul:tlul_fifo_sync_cocotb_test_test_passthrough_with_spare PASSED in 2.9s
//tests/cocotb/tlul:tlul_integrity_cocotb_test_test_request_integrity_check PASSED in 1.9s
//tests/cocotb/tlul:tlul_integrity_cocotb_test_test_request_integrity_gen PASSED in 2.8s
//tests/cocotb/tlul:tlul_integrity_cocotb_test_test_response_integrity_check PASSED in 2.0s
//tests/cocotb/tlul:tlul_integrity_cocotb_test_test_response_integrity_gen PASSED in 2.5s
//tests/cocotb/tlul:tlul_socket_1n_128_cocotb_test_test_error_response   PASSED in 1.9s
//tests/cocotb/tlul:tlul_socket_1n_128_cocotb_test_test_steering         PASSED in 2.2s
//tests/cocotb/tlul:tlul_socket_m1_2_128_cocotb_test_test_arbitration    PASSED in 3.9s

Executed 29 out of 43 tests: 29 tests pass and 14 fail to build.
There were tests whose specified size is too big. Use the --test_verbose_timeout_warnings command line option to see which ones these are.
INFO: Build Event Protocol files produced successfully.
