converting /app/verif/traces/traceplayer/googlenet_conv2_3x3_int16/input.txn to /app/outdir/nv_full/verilator/test/googlenet_conv2_3x3_int16/trace.bin
File 0 0x50064080 0xb480
okay, that's all the bytes I expected -- I'm stopping here
File 0 0x5002dfe0 0x36000
okay, that's all the bytes I expected -- I'm stopping here
File 0 0x500000e0 0x2da80
okay, that's all the bytes I expected -- I'm stopping here
File 0 0x500000e0 0x2da80
okay, that's all the bytes I expected -- I'm stopping here
CMD: load_mem 0000b480 bytes to 50064080
CMD: load_mem 00036000 bytes to 5002dfe0
CMD: load_mem 0002da80 bytes to 500000e0
CMD: write_reg ffff2c01 00000000
CMD: read_reg ffff2c01 00010001 00000000
CMD: write_reg ffff2c3a 00000000
CMD: read_reg ffff2c3a ffffffff 00000000
CMD: write_reg ffff2c35 00000000
CMD: read_reg ffff2c35 ffffffff 00000000
CMD: write_reg ffff2c33 00000000
CMD: read_reg ffff2c33 00000001 00000000
CMD: write_reg ffff2c1c 00000400
CMD: read_reg ffff2c1c 00003f01 00000400
CMD: write_reg ffff2c0f 00000012
CMD: read_reg ffff2c0f 00001fff 00000012
CMD: write_reg ffff2c26 00000000
CMD: read_reg ffff2c26 00000003 00000000
CMD: write_reg ffff2c23 00000001
CMD: read_reg ffff2c23 ffffffff 00000001
CMD: write_reg ffff2c2f 00000005
CMD: read_reg ffff2c2f 0000000f 00000005
CMD: write_reg ffff2c30 00005781
CMD: read_reg ffff2c30 ffffffff 00005781
CMD: write_reg ffff2c20 00000009
CMD: read_reg ffff2c20 0000007f 00000009
CMD: write_reg ffff2c15 00003ce0
CMD: read_reg ffff2c15 ffffffe0 00003ce0
CMD: write_reg ffff2c39 00000000
CMD: read_reg ffff2c39 ffffffff 00000000
CMD: write_reg ffff2c29 00000001
CMD: read_reg ffff2c29 0000ffff 00000001
CMD: write_reg ffff2c37 00000000
CMD: read_reg ffff2c37 0000000f 00000000
CMD: write_reg ffff2c22 00000000
CMD: read_reg ffff2c22 ffffffff 00000000
CMD: write_reg ffff2c24 00000001
CMD: read_reg ffff2c24 0000ffff 00000001
CMD: write_reg ffff2c3e 00000000
CMD: read_reg ffff2c3e ffffffff 00000000
CMD: write_reg ffff2c1d 0000bef0
CMD: read_reg ffff2c1d 0000ffff 0000bef0
CMD: write_reg ffff2c36 00000000
CMD: read_reg ffff2c36 ffffffff 00000000
CMD: write_reg ffff2c1a 00003b7b
CMD: read_reg ffff2c1a 0000ffff 00003b7b
CMD: write_reg ffff2c28 00000001
CMD: read_reg ffff2c28 ffffffff 00000001
CMD: write_reg ffff2c12 500000e0
CMD: read_reg ffff2c12 ffffffe0 500000e0
CMD: write_reg ffff2c10 00000012
CMD: read_reg ffff2c10 00001fff 00000012
CMD: write_reg ffff2c1e 00000000
CMD: read_reg ffff2c1e 0000ff01 00000000
CMD: write_reg ffff2c2e 00000000
CMD: read_reg ffff2c2e ffffffe0 00000000
CMD: write_reg ffff2c3d 00000000
CMD: read_reg ffff2c3d ffffffff 00000000
CMD: write_reg ffff2c14 00000320
CMD: read_reg ffff2c14 ffffffe0 00000320
CMD: write_reg ffff2c27 00000000
CMD: read_reg ffff2c27 ffffffff 00000000
CMD: write_reg ffff2c16 00000019
CMD: read_reg ffff2c16 0000007f 00000019
CMD: write_reg ffff2c19 00000000
CMD: read_reg ffff2c19 0000ff01 00000000
CMD: write_reg ffff2c25 0000002a
CMD: read_reg ffff2c25 0000003f 0000002a
CMD: write_reg ffff2c1f 0000a67e
CMD: read_reg ffff2c1f 0000ffff 0000a67e
CMD: write_reg ffff2c31 00005d94
CMD: read_reg ffff2c31 0000ffff 00005d94
CMD: write_reg ffff2c21 00000000
CMD: read_reg ffff2c21 00000003 00000000
CMD: write_reg ffff2c13 00000000
CMD: read_reg ffff2c13 ffffffff 00000000
CMD: write_reg ffff2c11 000000bf
CMD: read_reg ffff2c11 00001fff 000000bf
CMD: write_reg ffff2c18 00000500
CMD: read_reg ffff2c18 0000ffff 00000500
CMD: write_reg ffff2c2b 0000003a
CMD: read_reg ffff2c2b 000003ff 0000003a
CMD: write_reg ffff2c1b 00000019
CMD: read_reg ffff2c1b 0000007f 00000019
CMD: write_reg ffff2c3c 00000000
CMD: read_reg ffff2c3c ffffffff 00000000
CMD: write_reg ffff2c38 00000000
CMD: read_reg ffff2c38 ffffffff 00000000
CMD: write_reg ffff2c2a 0000002c
CMD: read_reg ffff2c2a 0000003f 0000002c
CMD: write_reg ffff2c2c 00000001
CMD: read_reg ffff2c2c 00001f0f 00000001
CMD: write_reg ffff2c34 00000000
CMD: read_reg ffff2c34 ffffffff 00000000
CMD: write_reg ffff2c17 00000400
CMD: read_reg ffff2c17 00003f01 00000400
CMD: write_reg ffff2c00 00000000
CMD: read_reg ffff2c00 00030003 00000000
CMD: write_reg ffff2c32 0000000e
CMD: read_reg ffff2c32 0000003f 0000000e
CMD: write_reg ffff2c2d 00000000
CMD: read_reg ffff2c2d 00000001 00000000
CMD: write_reg ffff2c3b 00000000
CMD: read_reg ffff2c3b ffffffff 00000000
CMD: write_reg ffff1401 00000000
CMD: read_reg ffff1401 00010001 00000000
CMD: write_reg ffff1415 001c0007
CMD: read_reg ffff1415 001f0007 001c0007
CMD: write_reg ffff141a 00000000
CMD: read_reg ffff141a 00000001 00000000
CMD: write_reg ffff140e 00000082
CMD: read_reg ffff140e ffffffff 00000082
CMD: write_reg ffff141c 000000bf
CMD: read_reg ffff141c 00001fff 000000bf
CMD: write_reg ffff1409 00120012
CMD: read_reg ffff1409 1fff1fff 00120012
CMD: write_reg ffff1432 00000000
CMD: read_reg ffff1432 ffffffff 00000000
CMD: write_reg ffff1438 00000000
CMD: read_reg ffff1438 ffffffff 00000000
CMD: write_reg ffff1405 01001100
CMD: read_reg ffff1405 11113301 01001100
CMD: write_reg ffff1416 00000000
CMD: read_reg ffff1416 0000001f 00000000
CMD: write_reg ffff1400 00000000
CMD: read_reg ffff1400 00030003 00000000
CMD: write_reg ffff140f 2074b980
CMD: read_reg ffff140f ffffffe0 2074b980
CMD: write_reg ffff141d 00000000
CMD: read_reg ffff141d 00000001 00000000
CMD: write_reg ffff1439 00000000
CMD: read_reg ffff1439 ffffffff 00000000
CMD: write_reg ffff1403 00000000
CMD: read_reg ffff1403 00000001 00000000
CMD: write_reg ffff1437 00000000
CMD: read_reg ffff1437 ffffffff 00000000
CMD: write_reg ffff1422 92eabbc0
CMD: read_reg ffff1422 ffffffe0 92eabbc0
CMD: write_reg ffff1430 00000000
CMD: read_reg ffff1430 00000001 00000000
CMD: write_reg ffff1421 0000003c
CMD: read_reg ffff1421 ffffffff 0000003c
CMD: write_reg ffff1433 00000000
CMD: read_reg ffff1433 ffffffff 00000000
CMD: write_reg ffff142d 01010101
CMD: read_reg ffff142d 3f1f3f1f 01010101
CMD: write_reg ffff1427 e413be74
CMD: read_reg ffff1427 ffffffff e413be74
CMD: write_reg ffff1426 00000000
CMD: read_reg ffff1426 00000001 00000000
CMD: write_reg ffff142f 0002000c
CMD: read_reg ffff142f 000f000f 0002000c
CMD: write_reg ffff1428 cd1931b6
CMD: read_reg ffff1428 ffffffff cd1931b6
CMD: write_reg ffff1406 00101800
CMD: read_reg ffff1406 00113f01 00101800
CMD: write_reg ffff1407 00120012
CMD: read_reg ffff1407 1fff1fff 00120012
CMD: write_reg ffff1431 00000000
CMD: read_reg ffff1431 ffffffff 00000000
CMD: write_reg ffff1435 00000000
CMD: read_reg ffff1435 00000001 00000000
CMD: write_reg ffff142a 00000000
CMD: read_reg ffff142a 0000ffff 00000000
CMD: write_reg ffff141f 5002dfe0
CMD: read_reg ffff141f ffffffe0 5002dfe0
CMD: write_reg ffff1408 0000003f
CMD: read_reg ffff1408 00001fff 0000003f
CMD: write_reg ffff142c 00000000
CMD: read_reg ffff142c 00070007 00000000
CMD: write_reg ffff1436 00000000
CMD: read_reg ffff1436 ffffffff 00000000
CMD: write_reg ffff142b 00000001
CMD: read_reg ffff142b 0000ffff 00000001
CMD: write_reg ffff1410 00000260
CMD: read_reg ffff1410 ffffffe0 00000260
CMD: write_reg ffff1425 0083e000
CMD: read_reg ffff1425 0fffff80 0083e000
CMD: write_reg ffff1402 0003000f
CMD: read_reg ffff1402 000f000f 0003000f
CMD: write_reg ffff1424 0645cb20
CMD: read_reg ffff1424 ffffffe0 0645cb20
CMD: write_reg ffff1434 00000000
CMD: read_reg ffff1434 ffffffff 00000000
CMD: write_reg ffff140b 00000000
CMD: read_reg ffff140b 00000001 00000000
CMD: write_reg ffff140c 00000000
CMD: read_reg ffff140c ffffffff 00000000
CMD: write_reg ffff1429 00000080
CMD: read_reg ffff1429 000003f1 00000080
CMD: write_reg ffff1412 00002d20
CMD: read_reg ffff1412 ffffffe0 00002d20
CMD: write_reg ffff1420 00036000
CMD: read_reg ffff1420 ffffff80 00036000
CMD: write_reg ffff141b 0000047f
CMD: read_reg ffff141b 0003ffff 0000047f
CMD: write_reg ffff140d 50064080
CMD: read_reg ffff140d ffffffe0 50064080
CMD: write_reg ffff140a 0001000b
CMD: read_reg ffff140a 0007001f 0001000b
CMD: write_reg ffff142e 00000000
CMD: read_reg ffff142e 0000ffff 00000000
CMD: write_reg ffff1414 028b0210
CMD: read_reg ffff1414 03ff03ff 028b0210
CMD: write_reg ffff1423 00000031
CMD: read_reg ffff1423 ffffffff 00000031
CMD: write_reg ffff1418 00000012
CMD: read_reg ffff1418 00000fff 00000012
CMD: write_reg ffff1411 c54d6ee0
CMD: read_reg ffff1411 ffffffe0 c54d6ee0
CMD: write_reg ffff143a a325e79a
CMD: read_reg ffff143a ffffffff a325e79a
CMD: write_reg ffff1413 00010001
CMD: read_reg ffff1413 00010001 00010001
CMD: write_reg ffff1419 00000000
CMD: read_reg ffff1419 00000fff 00000000
CMD: write_reg ffff1417 00000000
CMD: read_reg ffff1417 ffffffe0 00000000
CMD: write_reg ffff141e 00000000
CMD: read_reg ffff141e ffffffff 00000000
CMD: write_reg ffff1801 00000000
CMD: read_reg ffff1801 00010001 00000000
CMD: write_reg ffff180f 00120012
CMD: read_reg ffff180f 1fff1fff 00120012
CMD: write_reg ffff1819 a325e79a
CMD: read_reg ffff1819 ffffffff a325e79a
CMD: write_reg ffff1813 00000000
CMD: read_reg ffff1813 00070007 00000000
CMD: write_reg ffff1804 00000000
CMD: read_reg ffff1804 00000001 00000000
CMD: write_reg ffff1812 00000012
CMD: read_reg ffff1812 00000fff 00000012
CMD: write_reg ffff1805 00120012
CMD: read_reg ffff1805 1fff1fff 00120012
CMD: write_reg ffff1818 00000000
CMD: read_reg ffff1818 00000003 00000000
CMD: write_reg ffff1806 0000003f
CMD: read_reg ffff1806 00001fff 0000003f
CMD: write_reg ffff1814 00000000
CMD: read_reg ffff1814 001f001f 00000000
CMD: write_reg ffff1809 00000012
CMD: read_reg ffff1809 00000fff 00000012
CMD: write_reg ffff1803 01001100
CMD: read_reg ffff1803 11113301 01001100
CMD: write_reg ffff1816 00000000
CMD: read_reg ffff1816 0000ffff 00000000
CMD: write_reg ffff1807 00000000
CMD: read_reg ffff1807 0000001f 00000000
CMD: write_reg ffff1817 0002000c
CMD: read_reg ffff1817 000f000f 0002000c
CMD: write_reg ffff1815 00010001
CMD: read_reg ffff1815 001f001f 00010001
CMD: write_reg ffff1808 00000000
CMD: read_reg ffff1808 00000003 00000000
CMD: write_reg ffff180a 00000000
CMD: read_reg ffff180a 00000001 00000000
CMD: write_reg ffff1800 00000000
CMD: read_reg ffff1800 00030003 00000000
CMD: write_reg ffff180e 0083e000
CMD: read_reg ffff180e 0fffff80 0083e000
CMD: write_reg ffff180d 00036000
CMD: read_reg ffff180d ffffff80 00036000
CMD: write_reg ffff1811 00000168
CMD: read_reg ffff1811 001fffff 00000168
CMD: write_reg ffff180b 00020002
CMD: read_reg ffff180b 001f001f 00020002
CMD: write_reg ffff1810 000000bf
CMD: read_reg ffff1810 00001fff 000000bf
CMD: write_reg ffff180c 00bf003f
CMD: read_reg ffff180c 1fff1fff 00bf003f
CMD: write_reg ffff1c01 00000000
CMD: read_reg ffff1c01 00010001 00000000
CMD: write_reg ffff1c03 00001000
CMD: read_reg ffff1c03 00003001 00001000
CMD: write_reg ffff1c00 00000000
CMD: read_reg ffff1c00 00030003 00000000
CMD: write_reg ffff2001 00000000
CMD: read_reg ffff2001 00010001 00000000
CMD: write_reg ffff2003 00001000
CMD: read_reg ffff2003 00003001 00001000
CMD: write_reg ffff2000 00000000
CMD: read_reg ffff2000 00030003 00000000
CMD: write_reg ffff2401 00000000
CMD: read_reg ffff2401 00010001 00000000
CMD: write_reg ffff2400 00000000
CMD: read_reg ffff2400 00030003 00000000
CMD: write_reg ffff2404 00120012
CMD: read_reg ffff2404 1fff1fff 00120012
CMD: write_reg ffff2406 922792c0
CMD: read_reg ffff2406 ffffffe0 922792c0
CMD: write_reg ffff2408 00000340
CMD: read_reg ffff2408 00ffffe0 00000340
CMD: write_reg ffff240c 00000000
CMD: read_reg ffff240c ffffffff 00000000
CMD: write_reg ffff2407 00000000
CMD: read_reg ffff2407 0000001f 00000000
CMD: write_reg ffff2409 00003ea0
CMD: read_reg ffff2409 00ffffe0 00003ea0
CMD: write_reg ffff240b 00000010
CMD: read_reg ffff240b 0000001f 00000010
CMD: write_reg ffff240a 00000000
CMD: read_reg ffff240a 00010001 00000000
CMD: write_reg ffff2403 00001000
CMD: read_reg ffff2403 00003001 00001000
CMD: write_reg ffff240d a325e79a
CMD: read_reg ffff240d ffffffff a325e79a
CMD: write_reg ffff2405 000000bf
CMD: read_reg ffff2405 00001fff 000000bf
CMD: write_reg ffff2c0e 00000001
CMD: read_reg ffff2c0e 00000001 00000001
CMD: write_reg ffff2402 00000001
CMD: read_reg ffff2402 00000001 00000001
CMD: write_reg ffff1c02 00000001
CMD: read_reg ffff1c02 00000001 00000001
CMD: write_reg ffff2002 00000001
CMD: read_reg ffff2002 00000001 00000001
CMD: write_reg ffff1802 00000001
CMD: read_reg ffff1802 00000001 00000001
CMD: write_reg ffff1404 00000001
CMD: read_reg ffff1404 00000001 00000001
CMD: read_reg ffff0003 ffffffff 00000000
CMD: wait
CMD: write_reg ffff0003 ffffffff
CMD: read_reg ffff0003 ffffffff 00000000
CMD: wait
CMD: write_reg ffff0003 ffffffff
CMD: read_reg ffff0003 ffffffff 00000000
CMD: wait
CMD: write_reg ffff0003 ffffffff
CMD: read_reg ffff0003 ffffffff 00000000
CMD: wait
CMD: write_reg ffff0003 ffffffff
CMD: read_reg ffff0003 ffffffff 00000000
CMD: dump_mem 0002da80 bytes from 500000e0 -> output_feature_map.dat
CMD: done
reset...
letting buffers clear after reset...
running trace...
AXI: loading memory at 0x50064080
AXI: loading memory at 0x5002dfe0
AXI: loading memory at 0x500000e0
(8278) write to nvdla: addr ffff2c01, data 00000000
(8280) read from nvdla: addr ffff2c01
(8282) read response from nvdla: 00000000
(8284) write to nvdla: addr ffff2c3a, data 00000000
(8286) read from nvdla: addr ffff2c3a
(8288) read response from nvdla: 00000000
(8290) write to nvdla: addr ffff2c35, data 00000000
(8292) read from nvdla: addr ffff2c35
(8294) read response from nvdla: 00000000
(8296) write to nvdla: addr ffff2c33, data 00000000
(8298) read from nvdla: addr ffff2c33
(8300) read response from nvdla: 00000000
(8302) write to nvdla: addr ffff2c1c, data 00000400
(8304) read from nvdla: addr ffff2c1c
(8306) read response from nvdla: 00000400
(8308) write to nvdla: addr ffff2c0f, data 00000012
(8310) read from nvdla: addr ffff2c0f
(8312) read response from nvdla: 00000012
(8314) write to nvdla: addr ffff2c26, data 00000000
(8316) read from nvdla: addr ffff2c26
(8318) read response from nvdla: 00000000
(8320) write to nvdla: addr ffff2c23, data 00000001
(8322) read from nvdla: addr ffff2c23
(8324) read response from nvdla: 00000001
(8326) write to nvdla: addr ffff2c2f, data 00000005
(8328) read from nvdla: addr ffff2c2f
(8330) read response from nvdla: 00000005
(8332) write to nvdla: addr ffff2c30, data 00005781
(8334) read from nvdla: addr ffff2c30
(8336) read response from nvdla: 00005781
(8338) write to nvdla: addr ffff2c20, data 00000009
(8340) read from nvdla: addr ffff2c20
(8342) read response from nvdla: 00000009
(8344) write to nvdla: addr ffff2c15, data 00003ce0
(8346) read from nvdla: addr ffff2c15
(8348) read response from nvdla: 00003ce0
(8350) write to nvdla: addr ffff2c39, data 00000000
(8352) read from nvdla: addr ffff2c39
(8354) read response from nvdla: 00000000
(8356) write to nvdla: addr ffff2c29, data 00000001
(8358) read from nvdla: addr ffff2c29
(8360) read response from nvdla: 00000001
(8362) write to nvdla: addr ffff2c37, data 00000000
(8364) read from nvdla: addr ffff2c37
(8366) read response from nvdla: 00000000
(8368) write to nvdla: addr ffff2c22, data 00000000
(8370) read from nvdla: addr ffff2c22
(8372) read response from nvdla: 00000000
(8374) write to nvdla: addr ffff2c24, data 00000001
(8376) read from nvdla: addr ffff2c24
(8378) read response from nvdla: 00000001
(8380) write to nvdla: addr ffff2c3e, data 00000000
(8382) read from nvdla: addr ffff2c3e
(8384) read response from nvdla: 00000000
(8386) write to nvdla: addr ffff2c1d, data 0000bef0
(8388) read from nvdla: addr ffff2c1d
(8390) read response from nvdla: 0000bef0
(8392) write to nvdla: addr ffff2c36, data 00000000
(8394) read from nvdla: addr ffff2c36
(8396) read response from nvdla: 00000000
(8398) write to nvdla: addr ffff2c1a, data 00003b7b
(8400) read from nvdla: addr ffff2c1a
(8402) read response from nvdla: 00003b7b
(8404) write to nvdla: addr ffff2c28, data 00000001
(8406) read from nvdla: addr ffff2c28
(8408) read response from nvdla: 00000001
(8410) write to nvdla: addr ffff2c12, data 500000e0
(8412) read from nvdla: addr ffff2c12
(8414) read response from nvdla: 500000e0
(8416) write to nvdla: addr ffff2c10, data 00000012
(8418) read from nvdla: addr ffff2c10
(8420) read response from nvdla: 00000012
(8422) write to nvdla: addr ffff2c1e, data 00000000
(8424) read from nvdla: addr ffff2c1e
(8426) read response from nvdla: 00000000
(8428) write to nvdla: addr ffff2c2e, data 00000000
(8430) read from nvdla: addr ffff2c2e
(8432) read response from nvdla: 00000000
(8434) write to nvdla: addr ffff2c3d, data 00000000
(8436) read from nvdla: addr ffff2c3d
(8438) read response from nvdla: 00000000
(8440) write to nvdla: addr ffff2c14, data 00000320
(8442) read from nvdla: addr ffff2c14
(8444) read response from nvdla: 00000320
(8446) write to nvdla: addr ffff2c27, data 00000000
(8448) read from nvdla: addr ffff2c27
(8450) read response from nvdla: 00000000
(8452) write to nvdla: addr ffff2c16, data 00000019
(8454) read from nvdla: addr ffff2c16
(8456) read response from nvdla: 00000019
(8458) write to nvdla: addr ffff2c19, data 00000000
(8460) read from nvdla: addr ffff2c19
(8462) read response from nvdla: 00000000
(8464) write to nvdla: addr ffff2c25, data 0000002a
(8466) read from nvdla: addr ffff2c25
(8468) read response from nvdla: 0000002a
(8470) write to nvdla: addr ffff2c1f, data 0000a67e
(8472) read from nvdla: addr ffff2c1f
(8474) read response from nvdla: 0000a67e
(8476) write to nvdla: addr ffff2c31, data 00005d94
(8478) read from nvdla: addr ffff2c31
(8480) read response from nvdla: 00005d94
(8482) write to nvdla: addr ffff2c21, data 00000000
(8484) read from nvdla: addr ffff2c21
(8486) read response from nvdla: 00000000
(8488) write to nvdla: addr ffff2c13, data 00000000
(8490) read from nvdla: addr ffff2c13
(8492) read response from nvdla: 00000000
(8494) write to nvdla: addr ffff2c11, data 000000bf
(8496) read from nvdla: addr ffff2c11
(8498) read response from nvdla: 000000bf
(8500) write to nvdla: addr ffff2c18, data 00000500
(8502) read from nvdla: addr ffff2c18
(8504) read response from nvdla: 00000500
(8506) write to nvdla: addr ffff2c2b, data 0000003a
(8508) read from nvdla: addr ffff2c2b
(8510) read response from nvdla: 0000003a
(8512) write to nvdla: addr ffff2c1b, data 00000019
(8514) read from nvdla: addr ffff2c1b
(8516) read response from nvdla: 00000019
(8518) write to nvdla: addr ffff2c3c, data 00000000
(8520) read from nvdla: addr ffff2c3c
(8522) read response from nvdla: 00000000
(8524) write to nvdla: addr ffff2c38, data 00000000
(8526) read from nvdla: addr ffff2c38
(8528) read response from nvdla: 00000000
(8530) write to nvdla: addr ffff2c2a, data 0000002c
(8532) read from nvdla: addr ffff2c2a
(8534) read response from nvdla: 0000002c
(8536) write to nvdla: addr ffff2c2c, data 00000001
(8538) read from nvdla: addr ffff2c2c
(8540) read response from nvdla: 00000001
(8542) write to nvdla: addr ffff2c34, data 00000000
(8544) read from nvdla: addr ffff2c34
(8546) read response from nvdla: 00000000
(8548) write to nvdla: addr ffff2c17, data 00000400
(8550) read from nvdla: addr ffff2c17
(8552) read response from nvdla: 00000400
(8554) write to nvdla: addr ffff2c00, data 00000000
(8556) read from nvdla: addr ffff2c00
(8558) read response from nvdla: 00000000
(8560) write to nvdla: addr ffff2c32, data 0000000e
(8562) read from nvdla: addr ffff2c32
(8564) read response from nvdla: 0000000e
(8566) write to nvdla: addr ffff2c2d, data 00000000
(8568) read from nvdla: addr ffff2c2d
(8570) read response from nvdla: 00000000
(8572) write to nvdla: addr ffff2c3b, data 00000000
(8574) read from nvdla: addr ffff2c3b
(8576) read response from nvdla: 00000000
(8578) write to nvdla: addr ffff1401, data 00000000
(8580) read from nvdla: addr ffff1401
(8582) read response from nvdla: 00000000
(8584) write to nvdla: addr ffff1415, data 001c0007
(8586) read from nvdla: addr ffff1415
(8588) read response from nvdla: 001c0007
(8590) write to nvdla: addr ffff141a, data 00000000
(8592) read from nvdla: addr ffff141a
(8594) read response from nvdla: 00000000
(8596) write to nvdla: addr ffff140e, data 00000082
(8598) read from nvdla: addr ffff140e
(8600) read response from nvdla: 00000082
(8602) write to nvdla: addr ffff141c, data 000000bf
(8604) read from nvdla: addr ffff141c
(8606) read response from nvdla: 000000bf
(8608) write to nvdla: addr ffff1409, data 00120012
(8610) read from nvdla: addr ffff1409
(8612) read response from nvdla: 00120012
(8614) write to nvdla: addr ffff1432, data 00000000
(8616) read from nvdla: addr ffff1432
(8618) read response from nvdla: 00000000
(8620) write to nvdla: addr ffff1438, data 00000000
(8622) read from nvdla: addr ffff1438
(8624) read response from nvdla: 00000000
(8626) write to nvdla: addr ffff1405, data 01001100
(8628) read from nvdla: addr ffff1405
(8630) read response from nvdla: 01001100
(8632) write to nvdla: addr ffff1416, data 00000000
(8634) read from nvdla: addr ffff1416
(8636) read response from nvdla: 00000000
(8638) write to nvdla: addr ffff1400, data 00000000
(8640) read from nvdla: addr ffff1400
(8642) read response from nvdla: 00000000
(8644) write to nvdla: addr ffff140f, data 2074b980
(8646) read from nvdla: addr ffff140f
(8648) read response from nvdla: 2074b980
(8650) write to nvdla: addr ffff141d, data 00000000
(8652) read from nvdla: addr ffff141d
(8654) read response from nvdla: 00000000
(8656) write to nvdla: addr ffff1439, data 00000000
(8658) read from nvdla: addr ffff1439
(8660) read response from nvdla: 00000000
(8662) write to nvdla: addr ffff1403, data 00000000
(8664) read from nvdla: addr ffff1403
(8666) read response from nvdla: 00000000
(8668) write to nvdla: addr ffff1437, data 00000000
(8670) read from nvdla: addr ffff1437
(8672) read response from nvdla: 00000000
(8674) write to nvdla: addr ffff1422, data 92eabbc0
(8676) read from nvdla: addr ffff1422
(8678) read response from nvdla: 92eabbc0
(8680) write to nvdla: addr ffff1430, data 00000000
(8682) read from nvdla: addr ffff1430
(8684) read response from nvdla: 00000000
(8686) write to nvdla: addr ffff1421, data 0000003c
(8688) read from nvdla: addr ffff1421
(8690) read response from nvdla: 0000003c
(8692) write to nvdla: addr ffff1433, data 00000000
(8694) read from nvdla: addr ffff1433
(8696) read response from nvdla: 00000000
(8698) write to nvdla: addr ffff142d, data 01010101
(8700) read from nvdla: addr ffff142d
(8702) read response from nvdla: 01010101
(8704) write to nvdla: addr ffff1427, data e413be74
(8706) read from nvdla: addr ffff1427
(8708) read response from nvdla: e413be74
(8710) write to nvdla: addr ffff1426, data 00000000
(8712) read from nvdla: addr ffff1426
(8714) read response from nvdla: 00000000
(8716) write to nvdla: addr ffff142f, data 0002000c
(8718) read from nvdla: addr ffff142f
(8720) read response from nvdla: 0002000c
(8722) write to nvdla: addr ffff1428, data cd1931b6
(8724) read from nvdla: addr ffff1428
(8726) read response from nvdla: cd1931b6
(8728) write to nvdla: addr ffff1406, data 00101800
(8730) read from nvdla: addr ffff1406
(8732) read response from nvdla: 00101800
(8734) write to nvdla: addr ffff1407, data 00120012
(8736) read from nvdla: addr ffff1407
(8738) read response from nvdla: 00120012
(8740) write to nvdla: addr ffff1431, data 00000000
(8742) read from nvdla: addr ffff1431
(8744) read response from nvdla: 00000000
(8746) write to nvdla: addr ffff1435, data 00000000
(8748) read from nvdla: addr ffff1435
(8750) read response from nvdla: 00000000
(8752) write to nvdla: addr ffff142a, data 00000000
(8754) read from nvdla: addr ffff142a
(8756) read response from nvdla: 00000000
(8758) write to nvdla: addr ffff141f, data 5002dfe0
(8760) read from nvdla: addr ffff141f
(8762) read response from nvdla: 5002dfe0
(8764) write to nvdla: addr ffff1408, data 0000003f
(8766) read from nvdla: addr ffff1408
(8768) read response from nvdla: 0000003f
(8770) write to nvdla: addr ffff142c, data 00000000
(8772) read from nvdla: addr ffff142c
(8774) read response from nvdla: 00000000
(8776) write to nvdla: addr ffff1436, data 00000000
(8778) read from nvdla: addr ffff1436
(8780) read response from nvdla: 00000000
(8782) write to nvdla: addr ffff142b, data 00000001
(8784) read from nvdla: addr ffff142b
(8786) read response from nvdla: 00000001
(8788) write to nvdla: addr ffff1410, data 00000260
(8790) read from nvdla: addr ffff1410
(8792) read response from nvdla: 00000260
(8794) write to nvdla: addr ffff1425, data 0083e000
(8796) read from nvdla: addr ffff1425
(8798) read response from nvdla: 0083e000
(8800) write to nvdla: addr ffff1402, data 0003000f
(8802) read from nvdla: addr ffff1402
(8804) read response from nvdla: 0003000f
(8806) write to nvdla: addr ffff1424, data 0645cb20
(8808) read from nvdla: addr ffff1424
(8810) read response from nvdla: 0645cb20
(8812) write to nvdla: addr ffff1434, data 00000000
(8814) read from nvdla: addr ffff1434
(8816) read response from nvdla: 00000000
(8818) write to nvdla: addr ffff140b, data 00000000
(8820) read from nvdla: addr ffff140b
(8822) read response from nvdla: 00000000
(8824) write to nvdla: addr ffff140c, data 00000000
(8826) read from nvdla: addr ffff140c
(8828) read response from nvdla: 00000000
(8830) write to nvdla: addr ffff1429, data 00000080
(8832) read from nvdla: addr ffff1429
(8834) read response from nvdla: 00000080
(8836) write to nvdla: addr ffff1412, data 00002d20
(8838) read from nvdla: addr ffff1412
(8840) read response from nvdla: 00002d20
(8842) write to nvdla: addr ffff1420, data 00036000
(8844) read from nvdla: addr ffff1420
(8846) read response from nvdla: 00036000
(8848) write to nvdla: addr ffff141b, data 0000047f
(8850) read from nvdla: addr ffff141b
(8852) read response from nvdla: 0000047f
(8854) write to nvdla: addr ffff140d, data 50064080
(8856) read from nvdla: addr ffff140d
(8858) read response from nvdla: 50064080
(8860) write to nvdla: addr ffff140a, data 0001000b
(8862) read from nvdla: addr ffff140a
(8864) read response from nvdla: 0001000b
(8866) write to nvdla: addr ffff142e, data 00000000
(8868) read from nvdla: addr ffff142e
(8870) read response from nvdla: 00000000
(8872) write to nvdla: addr ffff1414, data 028b0210
(8874) read from nvdla: addr ffff1414
(8876) read response from nvdla: 028b0210
(8878) write to nvdla: addr ffff1423, data 00000031
(8880) read from nvdla: addr ffff1423
(8882) read response from nvdla: 00000031
(8884) write to nvdla: addr ffff1418, data 00000012
(8886) read from nvdla: addr ffff1418
(8888) read response from nvdla: 00000012
(8890) write to nvdla: addr ffff1411, data c54d6ee0
(8892) read from nvdla: addr ffff1411
(8894) read response from nvdla: c54d6ee0
(8896) write to nvdla: addr ffff143a, data a325e79a
(8898) read from nvdla: addr ffff143a
(8900) read response from nvdla: a325e79a
(8902) write to nvdla: addr ffff1413, data 00010001
(8904) read from nvdla: addr ffff1413
(8906) read response from nvdla: 00010001
(8908) write to nvdla: addr ffff1419, data 00000000
(8910) read from nvdla: addr ffff1419
(8912) read response from nvdla: 00000000
(8914) write to nvdla: addr ffff1417, data 00000000
(8916) read from nvdla: addr ffff1417
(8918) read response from nvdla: 00000000
(8920) write to nvdla: addr ffff141e, data 00000000
(8922) read from nvdla: addr ffff141e
(8924) read response from nvdla: 00000000
(8926) write to nvdla: addr ffff1801, data 00000000
(8928) read from nvdla: addr ffff1801
(8930) read response from nvdla: 00000000
(8932) write to nvdla: addr ffff180f, data 00120012
(8934) read from nvdla: addr ffff180f
(8936) read response from nvdla: 00120012
(8938) write to nvdla: addr ffff1819, data a325e79a
(8940) read from nvdla: addr ffff1819
(8942) read response from nvdla: a325e79a
(8944) write to nvdla: addr ffff1813, data 00000000
(8946) read from nvdla: addr ffff1813
(8948) read response from nvdla: 00000000
(8950) write to nvdla: addr ffff1804, data 00000000
(8952) read from nvdla: addr ffff1804
(8954) read response from nvdla: 00000000
(8956) write to nvdla: addr ffff1812, data 00000012
(8958) read from nvdla: addr ffff1812
(8960) read response from nvdla: 00000012
(8962) write to nvdla: addr ffff1805, data 00120012
(8964) read from nvdla: addr ffff1805
(8966) read response from nvdla: 00120012
(8968) write to nvdla: addr ffff1818, data 00000000
(8970) read from nvdla: addr ffff1818
(8972) read response from nvdla: 00000000
(8974) write to nvdla: addr ffff1806, data 0000003f
(8976) read from nvdla: addr ffff1806
(8978) read response from nvdla: 0000003f
(8980) write to nvdla: addr ffff1814, data 00000000
(8982) read from nvdla: addr ffff1814
(8984) read response from nvdla: 00000000
(8986) write to nvdla: addr ffff1809, data 00000012
(8988) read from nvdla: addr ffff1809
(8990) read response from nvdla: 00000012
(8992) write to nvdla: addr ffff1803, data 01001100
(8994) read from nvdla: addr ffff1803
(8996) read response from nvdla: 01001100
(8998) write to nvdla: addr ffff1816, data 00000000
(9000) read from nvdla: addr ffff1816
(9002) read response from nvdla: 00000000
(9004) write to nvdla: addr ffff1807, data 00000000
(9006) read from nvdla: addr ffff1807
(9008) read response from nvdla: 00000000
(9010) write to nvdla: addr ffff1817, data 0002000c
(9012) read from nvdla: addr ffff1817
(9014) read response from nvdla: 0002000c
(9016) write to nvdla: addr ffff1815, data 00010001
(9018) read from nvdla: addr ffff1815
(9020) read response from nvdla: 00010001
(9022) write to nvdla: addr ffff1808, data 00000000
(9024) read from nvdla: addr ffff1808
(9026) read response from nvdla: 00000000
(9028) write to nvdla: addr ffff180a, data 00000000
(9030) read from nvdla: addr ffff180a
(9032) read response from nvdla: 00000000
(9034) write to nvdla: addr ffff1800, data 00000000
(9036) read from nvdla: addr ffff1800
(9038) read response from nvdla: 00000000
(9040) write to nvdla: addr ffff180e, data 0083e000
(9042) read from nvdla: addr ffff180e
(9044) read response from nvdla: 0083e000
(9046) write to nvdla: addr ffff180d, data 00036000
(9048) read from nvdla: addr ffff180d
(9050) read response from nvdla: 00036000
(9052) write to nvdla: addr ffff1811, data 00000168
(9054) read from nvdla: addr ffff1811
(9056) read response from nvdla: 00000168
(9058) write to nvdla: addr ffff180b, data 00020002
(9060) read from nvdla: addr ffff180b
(9062) read response from nvdla: 00020002
(9064) write to nvdla: addr ffff1810, data 000000bf
(9066) read from nvdla: addr ffff1810
(9068) read response from nvdla: 000000bf
(9070) write to nvdla: addr ffff180c, data 00bf003f
(9072) read from nvdla: addr ffff180c
(9074) read response from nvdla: 00bf003f
(9076) write to nvdla: addr ffff1c01, data 00000000
(9078) read from nvdla: addr ffff1c01
(9080) read response from nvdla: 00000000
(9082) write to nvdla: addr ffff1c03, data 00001000
(9084) read from nvdla: addr ffff1c03
(9086) read response from nvdla: 00001000
(9088) write to nvdla: addr ffff1c00, data 00000000
(9090) read from nvdla: addr ffff1c00
(9092) read response from nvdla: 00000000
(9094) write to nvdla: addr ffff2001, data 00000000
(9096) read from nvdla: addr ffff2001
(9098) read response from nvdla: 00000000
(9100) write to nvdla: addr ffff2003, data 00001000
(9102) read from nvdla: addr ffff2003
(9104) read response from nvdla: 00001000
(9106) write to nvdla: addr ffff2000, data 00000000
(9108) read from nvdla: addr ffff2000
(9110) read response from nvdla: 00000000
(9112) write to nvdla: addr ffff2401, data 00000000
(9114) read from nvdla: addr ffff2401
(9116) read response from nvdla: 00000000
(9118) write to nvdla: addr ffff2400, data 00000000
(9120) read from nvdla: addr ffff2400
(9122) read response from nvdla: 00000000
(9124) write to nvdla: addr ffff2404, data 00120012
(9126) read from nvdla: addr ffff2404
(9128) read response from nvdla: 00120012
(9130) write to nvdla: addr ffff2406, data 922792c0
(9132) read from nvdla: addr ffff2406
(9134) read response from nvdla: 922792c0
(9136) write to nvdla: addr ffff2408, data 00000340
(9138) read from nvdla: addr ffff2408
(9140) read response from nvdla: 00000340
(9142) write to nvdla: addr ffff240c, data 00000000
(9144) read from nvdla: addr ffff240c
(9146) read response from nvdla: 00000000
(9148) write to nvdla: addr ffff2407, data 00000000
(9150) read from nvdla: addr ffff2407
(9152) read response from nvdla: 00000000
(9154) write to nvdla: addr ffff2409, data 00003ea0
(9156) read from nvdla: addr ffff2409
(9158) read response from nvdla: 00003ea0
(9160) write to nvdla: addr ffff240b, data 00000010
(9162) read from nvdla: addr ffff240b
(9164) read response from nvdla: 00000010
(9166) write to nvdla: addr ffff240a, data 00000000
(9168) read from nvdla: addr ffff240a
(9170) read response from nvdla: 00000000
(9172) write to nvdla: addr ffff2403, data 00001000
(9174) read from nvdla: addr ffff2403
(9176) read response from nvdla: 00001000
(9178) write to nvdla: addr ffff240d, data a325e79a
(9180) read from nvdla: addr ffff240d
(9182) read response from nvdla: a325e79a
(9184) write to nvdla: addr ffff2405, data 000000bf
(9186) read from nvdla: addr ffff2405
(9188) read response from nvdla: 000000bf
(9190) write to nvdla: addr ffff2c0e, data 00000001
(9000) DBG: write to 2c0e, state=0, flying=1
(9192) read from nvdla: addr ffff2c0e
(9194) read response from nvdla: 00000001
(9196) write to nvdla: addr ffff2402, data 00000001
(9198) read from nvdla: addr ffff2402
(9200) read response from nvdla: 00000001
(9202) write to nvdla: addr ffff1c02, data 00000001
(9204) read from nvdla: addr ffff1c02
(9206) read response from nvdla: 00000001
(9208) write to nvdla: addr ffff2002, data 00000001
(9210) read from nvdla: addr ffff2002
(9212) read response from nvdla: 00000001
(9214) write to nvdla: addr ffff1802, data 00000001
(9216) read from nvdla: addr ffff1802
(9218) read response from nvdla: 00000001
(9220) write to nvdla: addr ffff1404, data 00000001
(9222) read from nvdla: addr ffff1404
(9224) read response from nvdla: 00000001
(9224) CVSRAM: read request from dla, addr 50064080 burst 255 id 0
(9226) read from nvdla: addr ffff0003
(9228) read response from nvdla: 00000000
(9230) waiting for interrupt...
(9288) CVSRAM: read push: id 0, da 000001d1 06e30000 00000000 00000838
(9290) CVSRAM: read push: id 0, da 00000051 00b20000 044e0ac8 0eb30ca2
(9292) CVSRAM: read push: id 0, da 00000000 00000000 02760ae5 10eb0bbf
(9294) CVSRAM: read push: id 0, da 00000000 008f0000 017b0a45 0ff70d87
(9296) CVSRAM: read push: id 0, da 00000000 00000000 01970af2 127a0bd2
(9298) CVSRAM: read push: id 0, da 00000000 00000000 02240c26 10f90a5e
(9300) CVSRAM: read push: id 0, da 00000065 00000000 02140b1a 11070a46
(9302) CVSRAM: read push: id 0, da 00000030 00000000 039d0d14 12510cfe
(9304) CVSRAM: read push: id 0, da 0000007c 00000000 061c11fe 11a00b03
(9306) CVSRAM: read push: id 0, da 00000000 00000000 00000aa9 120c0d5c
(9308) CVSRAM: read push: id 0, da 00000000 00000000 040c0c9c 12f90b03
(9310) CVSRAM: read push: id 0, da 00000000 00000000 031a0aaa 133f0c15
(9312) CVSRAM: read push: id 0, da 000000cc 00000000 03490a7d 13490f7c
(9314) CVSRAM: read push: id 0, da 0000013f 00000000 06871021 15150b5f
(9316) CVSRAM: read push: id 0, da 000001fb 00000000 04a90cfe 14070cda
(9318) CVSRAM: read push: id 0, da 00000255 00000000 077e11a6 13910d11
(9320) CVSRAM: read push: id 0, da 0000026a 00000000 06430eb0 15c70eed
(9322) CVSRAM: read push: id 0, da 000002ce 00000000 06191089 16550d8e
(9324) CVSRAM: read push: id 0, da 00000447 00000000 07981152 14d40fc1
(9326) CVSRAM: read push: id 0, da 00000272 00000000 07d2134f 17430c17
(9328) CVSRAM: read push: id 0, da 00000395 00000000 084e124e 169d0c8a
(9330) CVSRAM: read push: id 0, da 000003f6 00000000 08981445 16f90ce9
(9332) CVSRAM: read push: id 0, da 000003cf 00000000 08ab12ca 166a0aff
(9334) CVSRAM: read push: id 0, da 0000038c 00000000 07d81081 16a40e57
(9336) CVSRAM: read push: id 0, da 000003a4 00000000 084d11f6 155d0d61
(9338) CVSRAM: read push: id 0, da 0000034a 00000000 08b31081 16a10df9
(9340) CVSRAM: read push: id 0, da 000003d5 00000000 065c0f16 15980e9d
(9342) CVSRAM: read push: id 0, da 00000280 00000000 07b10fbb 15b70e39
(9344) CVSRAM: read push: id 0, da 000008e3 00000000 17df0000 1a060000
(9346) CVSRAM: read push: id 0, da 00000000 03350000 00000ae1 093d0000
(9348) CVSRAM: read push: id 0, da 06940000 03b90000 0000126e 0aa402c2
(9350) CVSRAM: read push: id 0, da 00000000 00000000 00000eaa 0df10249
(9352) CVSRAM: read push: id 0, da 00000000 05f40000 0000129e 08690000
(9354) CVSRAM: read push: id 0, da 00000000 02dd0000 00001164 09330000
(9356) CVSRAM: read push: id 0, da 00000000 00000000 000010bf 0b330000
(9358) CVSRAM: read push: id 0, da 00000000 05290000 00000e66 09470000
(9360) CVSRAM: read push: id 0, da 00000000 00000000 000013b9 0b5b0198
(9362) CVSRAM: read push: id 0, da 00000000 02b20000 000010e8 0b740000
(9364) CVSRAM: read push: id 0, da 00260000 042e0000 00001419 088b0204
(9366) CVSRAM: read push: id 0, da 00000000 00000000 000015cb 0c3e0000
(9368) CVSRAM: read push: id 0, da 00000000 00680000 000014ab 0a780000
(9370) CVSRAM: read push: id 0, da 00000000 032a0000 000014cc 0a210259
(9372) CVSRAM: read push: id 0, da 00000000 00000000 00001028 0c530000
(9374) CVSRAM: read push: id 0, da 00000000 00000000 000019a6 0d5c0000
(9376) CVSRAM: read push: id 0, da 00000000 00fb0000 000017c9 0b3500f3
(9378) CVSRAM: read push: id 0, da 00000000 00000000 000018ad 0d4703d6
(9380) CVSRAM: read push: id 0, da 00000000 00000000 00001ac6 0d760000
(9382) CVSRAM: read push: id 0, da 00000000 015a0000 000013bf 09c001c8
(9384) CVSRAM: read push: id 0, da 00000000 00000000 00001815 0ddb0000
(9386) CVSRAM: read push: id 0, da 00000000 00000000 00001945 0db00000
(9388) CVSRAM: read push: id 0, da 00000000 00030000 000019ec 0c6b0000
(9390) CVSRAM: read push: id 0, da 00000000 00000000 0000186b 0c130000
(9392) CVSRAM: read push: id 0, da 00000000 00000000 000016f2 0f630000
(9394) CVSRAM: read push: id 0, da 00000000 00000000 0000177e 0e340000
(9396) CVSRAM: read push: id 0, da 00000000 00000000 00001472 0d7a0000
(9398) CVSRAM: read push: id 0, da 00000000 013e0000 0000155a 0ab50000
(9400) CVSRAM: read push: id 0, da 00000000 00000000 0000244f 178d0000
(9402) CVSRAM: read push: id 0, da 188b0000 05090000 0000149b 00000000
(9404) CVSRAM: read push: id 0, da 00d50000 072e0000 000014d2 07c104a2
(9406) CVSRAM: read push: id 0, da 001a0000 01940000 00000d99 0bb9033b
(9408) CVSRAM: read push: id 0, da 00000000 02c00000 00000e32 08f60113
(9410) CVSRAM: read push: id 0, da 00000000 04ad0000 00001287 08720000
(9412) CVSRAM: read push: id 0, da 00000000 00000000 00000e1a 0ce00000
(9414) CVSRAM: read push: id 0, da 00000000 01d60000 00001234 0b130000
(9416) CVSRAM: read push: id 0, da 00000000 04900000 00000e88 0a5300b0
(9418) CVSRAM: read push: id 0, da 00000000 00000000 0000147c 0ba101f0
(9420) CVSRAM: read push: id 0, da 00000000 00000000 00001727 0e3d0201
(9422) CVSRAM: read push: id 0, da 00520000 01d30000 00001448 0ae30224
(9424) CVSRAM: read push: id 0, da 00000000 01790000 00001647 0ae30000
(9426) CVSRAM: read push: id 0, da 00000000 03690000 00001211 09930000
(9428) CVSRAM: read push: id 0, da 00000000 00000000 0000168d 0d490373
(9430) CVSRAM: read push: id 0, da 00000000 01170000 000017b7 0ac00000
(9432) CVSRAM: read push: id 0, da 00000000 00000000 00001492 0be4022e
(9434) CVSRAM: read push: id 0, da 00000000 00000000 0000190f 0e0e0000
(9436) CVSRAM: read push: id 0, da 00000000 00000000 00001afb 10cc0077
(9438) CVSRAM: read push: id 0, da 00000000 00000000 0000196a 0c8f0000
(9440) CVSRAM: read push: id 0, da 00000000 00000000 00001a30 0af40000
(9442) CVSRAM: read push: id 0, da 00000000 00000000 00001a36 0e660000
(9444) CVSRAM: read push: id 0, da 00d10000 00000000 00001942 0c040000
(9446) CVSRAM: read push: id 0, da 00000000 00000000 0000186a 0d8f0000
(9448) CVSRAM: read push: id 0, da 00000000 00000000 000017db 0ead00f2
(9450) CVSRAM: read push: id 0, da 00000000 00ae0000 00001934 0b1d0000
(9452) CVSRAM: read push: id 0, da 00000000 00000000 00001600 0cdc004b
(9454) CVSRAM: read push: id 0, da 00000000 00000000 000014db 0d4700b7
(9456) CVSRAM: read push: id 0, da 00000000 02860000 0000158e 0a370000
(9458) CVSRAM: read push: id 0, da 00000000 00000000 1da30ec3 1b6d0000
(9460) CVSRAM: read push: id 0, da 00000000 01900000 0000104e 0a430256
(9462) CVSRAM: read push: id 0, da 04b40000 05680000 00001577 08140084
(9464) CVSRAM: read push: id 0, da 00000000 00560000 00000fe5 0c2005fd
(9466) CVSRAM: read push: id 0, da 00000000 01bb0000 00000e81 09c10000
(9468) CVSRAM: read push: id 0, da 00000000 02e80000 00000e39 09f70000
(9470) CVSRAM: read push: id 0, da 00000000 046c0000 00000c2a 0b080000
(9472) CVSRAM: read push: id 0, da 00000000 00000000 00000ebd 0cd50000
(9474) CVSRAM: read push: id 0, da 00000000 01700000 000012c5 0a0a006e
(9476) CVSRAM: read push: id 0, da 00000000 031b0000 00001273 0a6d0106
(9478) CVSRAM: read push: id 0, da 00ad0000 004a0000 00001768 0b210000
(9480) CVSRAM: read push: id 0, da 00000000 00000000 0000132a 0ed50014
(9482) CVSRAM: read push: id 0, da 00000000 02510000 00001995 0b180000
(9484) CVSRAM: read push: id 0, da 00000000 01e60000 00001a4a 08dd019a
(9486) CVSRAM: read push: id 0, da 00000000 00000000 00001759 0b68017a
(9488) CVSRAM: read push: id 0, da 00000000 00000000 00001983 0d350000
(9490) CVSRAM: read push: id 0, da 00000000 00000000 00001c08 0d6700ae
(9492) CVSRAM: read push: id 0, da 00000000 00000000 0000185c 0b5a0060
(9494) CVSRAM: read push: id 0, da 00000000 00f60000 00001b54 0a970000
(9496) CVSRAM: read push: id 0, da 00000000 00000000 00001a17 0c420000
(9498) CVSRAM: read push: id 0, da 00000000 00000000 00001557 0b7b0000
(9500) CVSRAM: read push: id 0, da 00000000 00000000 00001980 0c850010
(9502) CVSRAM: read push: id 0, da 00000000 00000000 00001b33 0c150000
(9504) CVSRAM: read push: id 0, da 00000000 01940000 00001836 0ab30000
(9506) CVSRAM: read push: id 0, da 00000000 00000000 0000191e 0d0f0051
(9508) CVSRAM: read push: id 0, da 00000000 00000000 00001872 0d100000
(9510) CVSRAM: read push: id 0, da 00000000 01030000 00001849 0abc0000
(9512) CVSRAM: read push: id 0, da 00000000 024a0000 0000133b 0a800000
(9514) CVSRAM: read push: id 0, da 00000000 00000000 00001f4e 175d0000
(9516) CVSRAM: read push: id 0, da 134a0000 04be0000 000014be 00000000
(9518) CVSRAM: read push: id 0, da 0be80000 00710000 00000c38 0ad301bb
(9520) CVSRAM: read push: id 0, da 00360000 03160000 00001068 0bd601e2
(9522) CVSRAM: read push: id 0, da 021f0000 00450000 00000f33 0ae6016b
(9524) CVSRAM: read push: id 0, da 00000000 00000000 00000936 0f70023e
(9526) CVSRAM: read push: id 0, da 00000000 031c0000 00001406 096c0000
(9528) CVSRAM: read push: id 0, da 00000000 03900000 00001098 0a5600e0
(9530) CVSRAM: read push: id 0, da 00000000 00000000 00001634 0da10000
(9532) CVSRAM: read push: id 0, da 00000000 01350000 000012da 0b420263
(9534) CVSRAM: read push: id 0, da 00000000 00830000 00001bbf 0b480000
(9536) CVSRAM: read push: id 0, da 00000000 01770000 0000144a 0a580000
(9538) CVSRAM: read push: id 0, da 00000000 00000000 00001571 0a4401d5
(9540) CVSRAM: read push: id 0, da 00000000 02ef0000 00001a35 08b00384
(9542) CVSRAM: read push: id 0, da 04660000 00000000 000019eb 0a260000
(9544) CVSRAM: read push: id 0, da 04460000 00000000 00001962 0a8e03c0
(9546) CVSRAM: read push: id 0, da 00000000 00000000 00001979 0ad60053
(9548) CVSRAM: read push: id 0, da 00000000 00000000 00001950 0e7e0000
(9550) CVSRAM: read push: id 0, da 00000000 00000000 00001977 0b1800de
(9552) CVSRAM: read push: id 0, da 011e0000 00000000 00001a2b 0bf60137
(9554) CVSRAM: read push: id 0, da 00000000 00000000 00001bb8 09e30000
(9556) CVSRAM: read push: id 0, da 00000000 00000000 00001ae8 0bbd00cf
(9558) CVSRAM: read push: id 0, da 00000000 00000000 00001a8e 0c1700d7
(9560) CVSRAM: read push: id 0, da 00000000 00950000 00001bce 0aa00000
(9562) CVSRAM: read push: id 0, da 00000000 00000000 000019f1 0ddc0000
(9564) CVSRAM: read push: id 0, da 00000000 00000000 000017c3 0bdf0000
(9566) CVSRAM: read push: id 0, da 00230000 00000000 00001761 0cdc0000
(9568) CVSRAM: read push: id 0, da 00000000 00000000 00001762 0c510000
(9570) CVSRAM: read push: id 0, da 00000000 00000000 000016c8 0b6d0000
(9572) CVSRAM: read push: id 0, da 00000000 00000000 1bc5113d 1bd50000
(9574) CVSRAM: read push: id 0, da 00000000 02050000 00000c7d 082b06c4
(9576) CVSRAM: read push: id 0, da 08f90000 039f0000 00001256 09eb0465
(9578) CVSRAM: read push: id 0, da 00000000 00000000 00001001 0cb20000
(9580) CVSRAM: read push: id 0, da 00000000 022d0000 00000d3d 0c6d02bc
(9582) CVSRAM: read push: id 0, da 00000000 00000000 0000164b 0e050000
(9584) CVSRAM: read push: id 0, da 00000000 03d10000 00001524 08d30000
(9586) CVSRAM: read push: id 0, da 00000000 00000000 00001326 0ddd0000
(9588) CVSRAM: read push: id 0, da 00000000 007e0000 00001516 0c750000
(9590) CVSRAM: read push: id 0, da 00000000 00000000 000017d7 0e540000
(9592) CVSRAM: read push: id 0, da 00c60000 00000000 000015d4 0c340000
(9594) CVSRAM: read push: id 0, da 00000000 00000000 00001578 0b6a0000
(9596) CVSRAM: read push: id 0, da 03e20000 019c0000 00001cb6 0823011e
(9598) CVSRAM: read push: id 0, da 00000000 01720000 000018ee 0910028f
(9600) CVSRAM: read push: id 0, da 04630000 00000000 00001c46 0c140507
(9602) CVSRAM: read push: id 0, da 00000000 00000000 00001a45 0a9a0000
(9604) CVSRAM: read push: id 0, da 00000000 00000000 00001eac 0a4f00e2
(9606) CVSRAM: read push: id 0, da 00000000 00000000 000017fa 0e7c0000
(9608) CVSRAM: read push: id 0, da 00000000 00000000 00001952 0ca301e4
(9610) CVSRAM: read push: id 0, da 00000000 00000000 00001ac4 0ae70000
(9612) CVSRAM: read push: id 0, da 00000000 00470000 00001a92 09850000
(9614) CVSRAM: read push: id 0, da 00000000 00000000 000017aa 0cae00cb
(9616) CVSRAM: read push: id 0, da 00000000 00000000 00001a15 0def0000
(9618) CVSRAM: read push: id 0, da 00000000 00000000 00001e56 0d510000
(9620) CVSRAM: read push: id 0, da 00000000 00000000 00001a2f 0d7b02c6
(9622) CVSRAM: read push: id 0, da 00000000 006e0000 00001781 0abe0000
(9624) CVSRAM: read push: id 0, da 00000000 00000000 000015c3 0ca30000
(9626) CVSRAM: read push: id 0, da 00000000 00000000 000018ea 0db70000
(9628) CVSRAM: read push: id 0, da 00000000 00000000 00002535 160b0000
(9630) CVSRAM: read push: id 0, da 12970000 085d0000 00001052 00000000
(9632) CVSRAM: read push: id 0, da 02860000 04b60000 00000e05 0911026f
(9634) CVSRAM: read push: id 0, da 0b250000 03d40000 00000f26 09bd095b
(9636) CVSRAM: read push: id 0, da 01180000 01fa0000 00001571 0b010000
(9638) CVSRAM: read push: id 0, da 00000000 00000000 00000f85 0eda02d5
(9640) CVSRAM: read push: id 0, da 00000000 005e0000 00001006 0c310000
(9642) CVSRAM: read push: id 0, da 02370000 02ef0000 00001093 0a640031
(9644) CVSRAM: read push: id 0, da 00000000 01ba0000 000012bf 0bb30037
(9646) CVSRAM: read push: id 0, da 00000000 00000000 0000195c 0dda0000
(9648) CVSRAM: read push: id 0, da 00000000 02600000 00001a71 099f03dd
(9650) CVSRAM: read push: id 0, da 00000000 00000000 00001498 0c550000
(9652) CVSRAM: read push: id 0, da 024f0000 00c10000 00001768 09840214
(9654) CVSRAM: read push: id 0, da 01230000 016f0000 00001e34 08e3031c
(9656) CVSRAM: read push: id 0, da 00000000 012a0000 00001a6b 0a6a01a3
(9658) CVSRAM: read push: id 0, da 037f0000 00000000 00001fc3 0ba703de
(9660) CVSRAM: read push: id 0, da 00000000 00000000 00001c8d 0d8b01ce
(9662) CVSRAM: read push: id 0, da 00000000 00000000 00001984 0d8f0000
(9664) CVSRAM: read push: id 0, da 00000000 00000000 000018c2 0d860000
(9666) CVSRAM: read push: id 0, da 00000000 00000000 00001c75 0c560000
(9668) CVSRAM: read push: id 0, da 00000000 00000000 00001bc0 0c620000
(9670) CVSRAM: read push: id 0, da 00000000 00000000 000018d6 0e4d0000
(9672) CVSRAM: read push: id 0, da 00000000 01020000 000019aa 0ba7013b
(9674) CVSRAM: read push: id 0, da 00000000 00000000 00001bc9 0b0c0000
(9676) CVSRAM: read push: id 0, da 00000000 00000000 00001a4a 0e250000
(9678) CVSRAM: read push: id 0, da 00000000 01d40000 00001983 09390330
(9680) CVSRAM: read push: id 0, da 00000000 00000000 000016cf 0d330000
(9682) CVSRAM: read push: id 0, da 00000000 00000000 000016dd 0dd60000
(9684) CVSRAM: read push: id 0, da 01370000 00000000 0000165c 0cba0000
(9686) CVSRAM: read push: id 0, da 00000000 00000000 1b05125a 1b540000
(9688) CVSRAM: read push: id 0, da 00000000 00000000 00000261 0b2e0000
(9690) CVSRAM: read push: id 0, da 01f40000 04590000 00001514 09ff0711
(9692) CVSRAM: read push: id 0, da 00000000 02950000 000011a3 0a330000
(9694) CVSRAM: read push: id 0, da 00000000 03300000 000010e1 090d0000
(9696) CVSRAM: read push: id 0, da 02450000 00000000 00000bc8 0ce6028e
(9698) CVSRAM: read push: id 0, da 00000000 04bd0000 000014d1 0a520000
(9700) CVSRAM: read push: id 0, da 00000000 00000000 00000f99 0c18037d
(9702) CVSRAM: read push: id 0, da 00000000 00000000 000016b0 0c280000
(9704) CVSRAM: read push: id 0, da 00000000 00000000 000013ee 0c8a01a7
(9706) CVSRAM: read push: id 0, da 02b50000 006d0000 000011a0 0ab90258
(9708) CVSRAM: read push: id 0, da 00000000 00000000 00001494 0bb50000
(9710) CVSRAM: read push: id 0, da 00000000 03df0000 00001acd 078601bf
(9712) CVSRAM: read push: id 0, da 01b80000 02740000 0000196a 08e20389
(9714) CVSRAM: read push: id 0, da 00000000 00000000 00001e42 0a8801c6
(9716) CVSRAM: read push: id 0, da 00000000 00000000 0000199f 0b010000
(9718) CVSRAM: read push: id 0, da 00d70000 00000000 00001f7b 0c0f0079
(9720) CVSRAM: read push: id 0, da 00000000 00000000 0000186d 0b3a008b
(9722) CVSRAM: read push: id 0, da 00fe0000 00000000 00001c6c 0d690042
(9724) CVSRAM: read push: id 0, da 00000000 00000000 00001e43 0ce20110
(9726) CVSRAM: read push: id 0, da 00000000 00470000 00001b57 0a8d0000
(9728) CVSRAM: read push: id 0, da 00000000 00000000 000017a2 0c8a01b2
(9730) CVSRAM: read push: id 0, da 00110000 00000000 000014de 0e140222
(9732) CVSRAM: read push: id 0, da 00000000 00c60000 00001af9 09bd0000
(9734) CVSRAM: read push: id 0, da 00000000 00000000 00001986 0e6a0000
(9736) CVSRAM: read push: id 0, da 00000000 004e0000 00001670 0c750000
(9738) CVSRAM: read push: id 0, da 00000000 00000000 00001805 0d9c0000
(9740) CVSRAM: read push: id 0, da 00000000 00000000 000018ae 0d760000
(9742) CVSRAM: read push: id 0, da 00000000 00000000 0000258a 19260000
(9744) CVSRAM: read push: id 0, da 16420000 04db0000 0000186f 00000000
(9746) CVSRAM: read push: id 0, da 00000000 00ed0000 00000a11 0b9d020d
(9748) CVSRAM: read push: id 0, da 071a0000 00000000 000015a0 0b050419
(9750) CVSRAM: read push: id 0, da 00000000 00000000 000011dd 0c7f0000
(9752) CVSRAM: read push: id 0, da 00000000 01eb0000 00000e66 0a380216
(9754) CVSRAM: read push: id 0, da 00000000 00180000 00001058 0d240000
(9756) CVSRAM: read push: id 0, da 00000000 00740000 0000103a 0c890292
(9758) CVSRAM: read push: id 0, da 00110000 004a0000 00001439 0b660000
(9760) CVSRAM: read push: id 0, da 00000000 00000000 00001596 0c480000
(9762) CVSRAM: read push: id 0, da 00000000 00000000 000013f0 0c0f0226
(9764) CVSRAM: read push: id 0, da 00000000 02040000 00001647 09420185
(9766) CVSRAM: read push: id 0, da 03090000 00000000 00001865 0a5c05e1
(9768) CVSRAM: read push: id 0, da 049d0000 037a0000 00001968 08460423
(9770) CVSRAM: read push: id 0, da 00000000 00000000 000016e7 0b120000
(9772) CVSRAM: read push: id 0, da 04e30000 00000000 00001866 0a790000
(9774) CVSRAM: read push: id 0, da 00000000 00000000 00001feb 0c64019c
(9776) CVSRAM: read push: id 0, da 00000000 00000000 00002119 0eb501a2
(9778) CVSRAM: read push: id 0, da 00000000 00000000 00001940 0b43006c
(9780) CVSRAM: read push: id 0, da 00000000 00000000 000019e4 0e860052
(9782) CVSRAM: read push: id 0, da 00000000 00000000 00001ab6 0d040372
(9784) CVSRAM: read push: id 0, da 01170000 00000000 00001712 0e250000
(9786) CVSRAM: read push: id 0, da 00000000 00000000 00000c02 0a7c05c8
(9788) CVSRAM: read push: id 0, da 08a90000 00000000 00001e5c 0e9b053d
(9790) CVSRAM: read push: id 0, da 00000000 00090000 00001a93 0c1c0000
(9792) CVSRAM: read push: id 0, da 00000000 00000000 0000169a 11830000
(9794) CVSRAM: read push: id 0, da 00000000 00000000 0000189a 107d0000
(9796) CVSRAM: read push: id 0, da 00000000 00000000 00001782 0d310000
(9798) CVSRAM: read push: id 0, da 00000000 00000000 00001868 0e6b0000
(9802) CVSRAM: read request from dla, addr 50068080 burst 255 id 0
(9866) CVSRAM: read push: id 0, da 00000000 00000000 1d2c134d 1bad0000
(9868) CVSRAM: read push: id 0, da 00000000 02b70000 00000bd1 0af60000
(9870) CVSRAM: read push: id 0, da 0c180000 00000000 0000119b 0c8c023a
(9872) CVSRAM: read push: id 0, da 00de0000 02120000 00001665 0b310000
(9874) CVSRAM: read push: id 0, da 00000000 067a0000 000011cc 0742008c
(9876) CVSRAM: read push: id 0, da 00000000 00000000 00001205 0c29008e
(9878) CVSRAM: read push: id 0, da 00000000 03180000 0000163b 090d0000
(9880) CVSRAM: read push: id 0, da 00000000 00000000 0000121b 0c8001bc
(9882) CVSRAM: read push: id 0, da 00000000 00000000 00001555 0ce70000
(9884) CVSRAM: read push: id 0, da 00000000 00000000 0000180c 0e3a0000
(9886) CVSRAM: read push: id 0, da 05010000 02680000 000012b7 0903036b
(9888) CVSRAM: read push: id 0, da 03150000 00ab0000 000014aa 099f05b4
(9890) CVSRAM: read push: id 0, da 00000000 00000000 000019c7 093703e9
(9892) CVSRAM: read push: id 0, da 02520000 00000000 00001b52 0a4e01e8
(9894) CVSRAM: read push: id 0, da 00000000 00000000 0000171b 0b5d02cf
(9896) CVSRAM: read push: id 0, da 00000000 00000000 00001703 0def0293
(9898) CVSRAM: read push: id 0, da 00000000 00000000 00001b7b 0c6e0000
(9900) CVSRAM: read push: id 0, da 00000000 00000000 00001d38 0fb00468
(9902) CVSRAM: read push: id 0, da 00000000 00000000 00001c6d 0d6c0014
(9904) CVSRAM: read push: id 0, da 00000000 00000000 00000d58 0e4600af
(9906) CVSRAM: read push: id 0, da 00000000 00000000 0000109a 0d0a0000
(9908) CVSRAM: read push: id 0, da 00000000 00000000 0000024a 0dab027c
(9910) CVSRAM: read push: id 0, da 00000000 089c0000 000000b0 051c0444
(9912) CVSRAM: read push: id 0, da 00000000 00000000 00001d7b 0c740000
(9914) CVSRAM: read push: id 0, da 00000000 00000000 000018e1 0e270000
(9916) CVSRAM: read push: id 0, da 00000000 00000000 00001979 0e1e0000
(9918) CVSRAM: read push: id 0, da 00000000 00000000 000018a4 12f10000
(9920) CVSRAM: read push: id 0, da 00000000 00000000 0000156d 0f4b0000
(9922) CVSRAM: read push: id 0, da 00000000 00000000 0000247a 185c0000
(9924) CVSRAM: read push: id 0, da 17590000 036f0000 000013e2 00000000
(9926) CVSRAM: read push: id 0, da 00000000 05740000 00000a17 0a390695
(9928) CVSRAM: read push: id 0, da 08b80000 03280000 00001005 0a7305bb
(9930) CVSRAM: read push: id 0, da 00000000 00000000 0000118d 0f670000
(9932) CVSRAM: read push: id 0, da 00000000 00e70000 000015b3 0b5f0000
(9934) CVSRAM: read push: id 0, da 00000000 01640000 0000111b 09ec0000
(9936) CVSRAM: read push: id 0, da 01100000 00d90000 00001777 0b6e0444
(9938) CVSRAM: read push: id 0, da 03260000 00000000 00000ff9 0bd000d1
(9940) CVSRAM: read push: id 0, da 01470000 00000000 000017ae 0e0e023e
(9942) CVSRAM: read push: id 0, da 00000000 00000000 00001890 0b5c0442
(9944) CVSRAM: read push: id 0, da 027b0000 00810000 00001a6b 0a41018b
(9946) CVSRAM: read push: id 0, da 03200000 01b80000 0000192f 08fe037a
(9948) CVSRAM: read push: id 0, da 00000000 00000000 00001938 09b70243
(9950) CVSRAM: read push: id 0, da 00000000 00000000 000019f6 0d990000
(9952) CVSRAM: read push: id 0, da 00000000 00000000 00001a6f 0b0200a2
(9954) CVSRAM: read push: id 0, da 00000000 00000000 00001b39 0e9701da
(9956) CVSRAM: read push: id 0, da 00000000 00000000 00001555 0d000098
(9958) CVSRAM: read push: id 0, da 00000000 00000000 00000f38 11070000
(9960) CVSRAM: read push: id 0, da 00000000 00000000 00000c36 0fa60000
(9962) CVSRAM: read push: id 0, da 00000000 01580000 00000f15 0cc90000
(9964) CVSRAM: read push: id 0, da 16270000 00000000 00000000 1a2d0a3a
(9966) CVSRAM: read push: id 0, da 00000000 01370000 00000000 00000000
(9968) CVSRAM: read push: id 0, da 01080000 00af0000 00001f03 06810000
(9970) CVSRAM: read push: id 0, da 00000000 00000000 00001a79 0a7c0000
(9972) CVSRAM: read push: id 0, da 00000000 00000000 00001a4d 0dd00000
(9974) CVSRAM: read push: id 0, da 00000000 03620000 00001e23 0a4b0000
(9976) CVSRAM: read push: id 0, da 00000000 00000000 00001548 0d930000
(9978) CVSRAM: read push: id 0, da 00000000 00000000 00001913 0cec0000
(9980) CVSRAM: read push: id 0, da 00000000 00000000 19dc11da 1cf80000
(9982) CVSRAM: read push: id 0, da 00000000 00000000 00000c32 0cd4011f
(9984) CVSRAM: read push: id 0, da 04cc0000 03780000 00001301 0ab204a6
(9986) CVSRAM: read push: id 0, da 07570000 00000000 00000fc9 0d090529
(9988) CVSRAM: read push: id 0, da 01ab0000 01ad0000 0000143a 09f7001e
(9990) CVSRAM: read push: id 0, da 00e60000 00000000 00000eee 0d0000e8
(9992) CVSRAM: read push: id 0, da 00000000 014f0000 0000136c 09ce0000
(9994) CVSRAM: read push: id 0, da 02d80000 014d0000 000018cb 09eb0209
(9996) CVSRAM: read push: id 0, da 00000000 00000000 0000138f 0c970000
(9998) CVSRAM: read push: id 0, da 00000000 00000000 000018b6 0c2c0000
(10000) CVSRAM: read push: id 0, da 00000000 00000000 00001661 0d7c0141
(10002) CVSRAM: read push: id 0, da 00000000 00000000 00001476 0c0c050f
(10004) CVSRAM: read push: id 0, da 00190000 00000000 000017a5 0c450000
(10006) CVSRAM: read push: id 0, da 04060000 00000000 0000165e 0cd70279
(10008) CVSRAM: read push: id 0, da 00000000 00000000 00001a8f 0b5900ff
(10010) CVSRAM: read push: id 0, da 00000000 00000000 00001e60 0e170000
(10012) CVSRAM: read push: id 0, da 00000000 00000000 0000125a 0c880095
(10014) CVSRAM: read push: id 0, da 00000000 00000000 00000254 0bf80000
(10016) CVSRAM: read push: id 0, da 00000000 00000000 000006f4 0fb40000
(10018) CVSRAM: read push: id 0, da 00000000 00000000 00000d68 0cad0000
(10020) CVSRAM: read push: id 0, da 00000000 00000000 00000a22 14d402ac
(10022) CVSRAM: read push: id 0, da 00000000 00000000 04400000 249e0000
(10024) CVSRAM: read push: id 0, da 00000000 12e40000 00000000 00000000
(10026) CVSRAM: read push: id 0, da 00000000 00000000 00001ccb 0cb30000
(10028) CVSRAM: read push: id 0, da 00000000 00840000 00001d99 0a3f0000
(10030) CVSRAM: read push: id 0, da 00000000 00000000 00001c58 0fb2000f
(10032) CVSRAM: read push: id 0, da 00000000 00000000 000018dd 0e030000
(10034) CVSRAM: read push: id 0, da 00000000 00000000 00001a6c 0fd20000
(10036) CVSRAM: read push: id 0, da 00000000 00000000 0000258f 17100000
(10038) CVSRAM: read push: id 0, da 1cfb0000 05800000 00001647 00000000
(10040) CVSRAM: read push: id 0, da 00000000 04400000 0000005a 09490000
(10042) CVSRAM: read push: id 0, da 0e1e0000 04770000 000017bf 092c0661
(10044) CVSRAM: read push: id 0, da 00000000 00000000 00001100 0fcc0000
(10046) CVSRAM: read push: id 0, da 00000000 01690000 00001534 0a8e0000
(10048) CVSRAM: read push: id 0, da 00000000 00000000 0000141e 0be00072
(10050) CVSRAM: read push: id 0, da 00000000 02fa0000 0000141c 0a1900ab
(10052) CVSRAM: read push: id 0, da 00000000 04740000 00001114 094c0000
(10054) CVSRAM: read push: id 0, da 00000000 00000000 00001564 0d0300e9
(10056) CVSRAM: read push: id 0, da 00000000 00000000 00001a04 0cbb0089
(10058) CVSRAM: read push: id 0, da 00000000 00000000 00000d64 0fff0794
(10060) CVSRAM: read push: id 0, da 00000000 03740000 00001658 08910292
(10062) CVSRAM: read push: id 0, da 04b00000 00000000 00001072 0bf70629
(10064) CVSRAM: read push: id 0, da 00000000 00000000 00000fec 0bcc0000
(10066) CVSRAM: read push: id 0, da 00000000 00000000 00000b31 0ff10000
(10068) CVSRAM: read push: id 0, da 00000000 00000000 0000147a 0ca60417
(10070) CVSRAM: read push: id 0, da 00000000 00000000 000008c2 0dc60000
(10072) CVSRAM: read push: id 0, da 00000000 00000000 00001037 12f5013d
(10074) CVSRAM: read push: id 0, da 00000000 00000000 00000d61 147f0000
(10076) CVSRAM: read push: id 0, da 03fc0000 00000000 00000000 1899054d
(10078) CVSRAM: read push: id 0, da 00000000 00000000 00000000 163d0c0c
(10080) CVSRAM: read push: id 0, da 00000000 00000000 12c60515 085c0000
(10082) CVSRAM: read push: id 0, da 00000000 00000000 00001a9e 0ba30017
(10084) CVSRAM: read push: id 0, da 00000000 00000000 00001ddd 0cdd0000
(10086) CVSRAM: read push: id 0, da 00000000 00580000 00001dc5 0abb0000
(10088) CVSRAM: read push: id 0, da 00000000 001f0000 00001a40 0bb20000
(10090) CVSRAM: read push: id 0, da 00000000 00000000 00001aca 0e9b0000
(10092) CVSRAM: read push: id 0, da 00000000 00000000 00001681 0d3f01e0
(10094) CVSRAM: read push: id 0, da 00000000 00000000 1a7c1036 1e0b0000
(10096) CVSRAM: read push: id 0, da 00000000 00000000 00000b0d 0c6f0000
(10098) CVSRAM: read push: id 0, da 00ff0000 05c60000 000006bc 06440000
(10100) CVSRAM: read push: id 0, da 09150000 00000000 00001481 0d1403e7
(10102) CVSRAM: read push: id 0, da 052d0000 00000000 0000114d 0cb20000
(10104) CVSRAM: read push: id 0, da 00000000 04c90000 000013e4 093800aa
(10106) CVSRAM: read push: id 0, da 00000000 00000000 00001224 11de029e
(10108) CVSRAM: read push: id 0, da 00000000 01d40000 0000156f 098a008d
(10110) CVSRAM: read push: id 0, da 01ee0000 00000000 0000153d 0da40000
(10112) CVSRAM: read push: id 0, da 03010000 00000000 000010e5 0c93067d
(10114) CVSRAM: read push: id 0, da 0a9c0000 00000000 00001473 09d006d2
(10116) CVSRAM: read push: id 0, da 04620000 00000000 000012f7 0ee30237
(10118) CVSRAM: read push: id 0, da 00000000 04180000 00000000 0c1c02a3
(10120) CVSRAM: read push: id 0, da 00000000 00000000 00000000 0f3f0000
(10122) CVSRAM: read push: id 0, da 00000000 00000000 00000000 11470000
(10124) CVSRAM: read push: id 0, da 00000000 00000000 00000989 110a0000
(10126) CVSRAM: read push: id 0, da 0bf00000 00000000 00000d5d 10bd057e
(10128) CVSRAM: read push: id 0, da 09bb0000 00000000 00000d9b 120d0248
(10130) CVSRAM: read push: id 0, da 0fab0000 00000000 00000000 16ca0183
(10132) CVSRAM: read push: id 0, da 00000000 05c40000 00000000 0dc10436
(10134) CVSRAM: read push: id 0, da 00000000 0e3b0000 00000000 03af0000
(10136) CVSRAM: read push: id 0, da 20110000 00000000 00000000 0ab70000
(10138) CVSRAM: read push: id 0, da 00000000 0c5a0000 03792a1a 0000032f
(10140) CVSRAM: read push: id 0, da 00000000 00000000 00001a8c 0bee0000
(10142) CVSRAM: read push: id 0, da 00000000 00000000 00001c51 0e450000
(10144) CVSRAM: read push: id 0, da 00000000 00000000 00001964 0edc0000
(10146) CVSRAM: read push: id 0, da 00000000 00000000 00001c09 0d62009f
(10148) CVSRAM: read push: id 0, da 00000000 02830000 00001543 0b76015c
(10150) CVSRAM: read push: id 0, da 00000000 00000000 00002433 1b0a0000
(10152) CVSRAM: read push: id 0, da 1aec0000 09ee0000 00001387 00000000
(10154) CVSRAM: read push: id 0, da 00000000 00000000 000003ac 0eaa00a5
(10156) CVSRAM: read push: id 0, da 128a0000 02b10000 00000ff0 099b03a5
(10158) CVSRAM: read push: id 0, da 014d0000 01000000 00000e53 0bb70153
(10160) CVSRAM: read push: id 0, da 052f0000 00000000 0000137c 0b820000
(10162) CVSRAM: read push: id 0, da 00000000 04620000 00001365 09b90000
(10164) CVSRAM: read push: id 0, da 00000000 00000000 000010ae 0b8e02ad
(10166) CVSRAM: read push: id 0, da 00000000 00000000 000011cd 0dc001e3
(10168) CVSRAM: read push: id 0, da 099e0000 00000000 00000dee 0d3a0196
(10170) CVSRAM: read push: id 0, da 01f20000 00000000 00000a0c 11a90695
(10172) CVSRAM: read push: id 0, da 0d1b0000 00000000 00000000 0d440605
(10174) CVSRAM: read push: id 0, da 00740000 00000000 00000000 0e29039e
(10176) CVSRAM: read push: id 0, da 00000000 00000000 00000000 0bbe01a6
(10178) CVSRAM: read push: id 0, da 00000000 00000000 00000a1d 11fb05d9
(10180) CVSRAM: read push: id 0, da 00000000 00000000 00001631 11300381
(10182) CVSRAM: read push: id 0, da 125b0000 00000000 00000000 17ee082e
(10184) CVSRAM: read push: id 0, da 0e790000 03480000 00000000 100d039f
(10186) CVSRAM: read push: id 0, da 00000000 0b070000 00000000 09860000
(10188) CVSRAM: read push: id 0, da 00000000 04bd0000 01bb0000 0ae70000
(10190) CVSRAM: read push: id 0, da 00000000 14b80000 00000000 00000157
(10192) CVSRAM: read push: id 0, da 00000000 00000000 226e0af3 071f0000
(10194) CVSRAM: read push: id 0, da 181b0000 163f0000 00000000 000009a3
(10196) CVSRAM: read push: id 0, da 00000000 00000000 00001920 0eab0000
(10198) CVSRAM: read push: id 0, da 00000000 00000000 00001b30 0dd1029c
(10200) CVSRAM: read push: id 0, da 00000000 00000000 00001c82 0c04008e
(10202) CVSRAM: read push: id 0, da 00000000 00000000 00001bcf 0fa60000
(10204) CVSRAM: read push: id 0, da 00000000 00000000 0000167d 112100a2
(10206) CVSRAM: read push: id 0, da 00000000 00000000 000015c1 10ee005e
(10208) CVSRAM: read push: id 0, da 00000000 00000000 1e3f0af9 1eca0189
(10210) CVSRAM: read push: id 0, da 00000000 00000000 000010b1 0d280000
(10212) CVSRAM: read push: id 0, da 032e0000 03310000 000010ee 0978027c
(10214) CVSRAM: read push: id 0, da 124c0000 00000000 00000e66 0dcd053a
(10216) CVSRAM: read push: id 0, da 0e000000 046a0000 00001008 0803018d
(10218) CVSRAM: read push: id 0, da 11be0000 00000000 0000071e 0ad50a4c
(10220) CVSRAM: read push: id 0, da 0a680000 00000000 00000f73 0ad90000
(10222) CVSRAM: read push: id 0, da 04f60000 01000000 000003dd 0bd60790
(10224) CVSRAM: read push: id 0, da 041f0000 00000000 00000000 0ede0000
(10226) CVSRAM: read push: id 0, da 01f10000 00000000 00000000 12010000
(10228) CVSRAM: read push: id 0, da 00000000 00000000 00000000 129f0000
(10230) CVSRAM: read push: id 0, da 00000000 00000000 00000000 0d720282
(10232) CVSRAM: read push: id 0, da 02a50000 00000000 000007bd 1214059c
(10234) CVSRAM: read push: id 0, da 0f180000 00000000 00000e11 0b43023a
(10236) CVSRAM: read push: id 0, da 0e210000 00000000 00000000 163d05a1
(10238) CVSRAM: read push: id 0, da 01fc0000 0a260000 00000000 0a7105a3
(10240) CVSRAM: read push: id 0, da 00000000 0f100000 00000000 03f40000
(10242) CVSRAM: read push: id 0, da 00000000 0e400000 00000000 008d0000
(10244) CVSRAM: read push: id 0, da 00000000 07630000 00000213 014500ec
(10246) CVSRAM: read push: id 0, da 00000000 00000000 125a0758 08570000
(10248) CVSRAM: read push: id 0, da 00000000 00000000 11b70e95 00000000
(10250) CVSRAM: read push: id 0, da 00000000 01620000 00000000 04b90000
(10252) CVSRAM: read push: id 0, da 00000000 02ec0000 00001baa 04680000
(10254) CVSRAM: read push: id 0, da 00000000 00000000 00001bf9 0c090000
(10256) CVSRAM: read push: id 0, da 00000000 00000000 00001b1a 0be90000
(10258) CVSRAM: read push: id 0, da 00000000 008b0000 00001d1b 0c1c0000
(10260) CVSRAM: read push: id 0, da 00000000 00b90000 000018b1 0c1005f9
(10262) CVSRAM: read push: id 0, da 00000000 00000000 00000891 141603c1
(10264) CVSRAM: read push: id 0, da 00000000 00620000 001807ac 0d4a0000
(10266) CVSRAM: read push: id 0, da 1a170000 0b6c0000 00000691 00000206
(10268) CVSRAM: read push: id 0, da 00000000 00000000 00000516 0de30000
(10270) CVSRAM: read push: id 0, da 0fcb0000 04e90000 00000ef5 08b600e0
(10272) CVSRAM: read push: id 0, da 15be0000 00000000 00000000 0a940d11
(10274) CVSRAM: read push: id 0, da 02a80000 00000000 00000e3f 0abe060a
(10276) CVSRAM: read push: id 0, da 00000000 002d0000 00000000 0a420789
(10278) CVSRAM: read push: id 0, da 00000000 00000000 00000000 0fe80000
(10280) CVSRAM: read push: id 0, da 00000000 00d50000 00000000 0de2037f
(10282) CVSRAM: read push: id 0, da 00000000 00000000 00000000 104402c6
(10284) CVSRAM: read push: id 0, da 00000000 00000000 00000180 131303b2
(10286) CVSRAM: read push: id 0, da 020e0000 00000000 00000dd2 0ef8077c
(10288) CVSRAM: read push: id 0, da 149f0000 00000000 00000626 0f6e0707
(10290) CVSRAM: read push: id 0, da 10590000 032e0000 00000000 0e00078e
(10292) CVSRAM: read push: id 0, da 00000000 0cb80000 00000000 07620000
(10294) CVSRAM: read push: id 0, da 00000000 0fa10000 00000000 030b0000
(10296) CVSRAM: read push: id 0, da 00000000 10710000 00000079 00000000
(10298) CVSRAM: read push: id 0, da 00000000 02db0000 02ae0bc1 01550000
(10300) CVSRAM: read push: id 0, da 042a0000 00000000 07130f72 00230e9f
(10302) CVSRAM: read push: id 0, da 00000000 00000000 00000000 034e0000
(10304) CVSRAM: read push: id 0, da 00000000 00000000 0b390614 04620000
(10306) CVSRAM: read push: id 0, da 00000000 00000000 1e631218 10860000
(10308) CVSRAM: read push: id 0, da 00000000 0e710000 0fcb26c9 00000000
(10310) CVSRAM: read push: id 0, da 00000000 00000000 00001e51 0a19018b
(10312) CVSRAM: read push: id 0, da 00000000 00000000 00001fa3 0e1000ec
(10314) CVSRAM: read push: id 0, da 00000000 00000000 000015c9 122401cd
(10316) CVSRAM: read push: id 0, da 00000000 00000000 01c80fa2 12400000
(10318) CVSRAM: read push: id 0, da 00000000 0aac0000 00000000 051c01d2
(10320) CVSRAM: read push: id 0, da 00000000 09c80000 00000000 06190d20
(10322) CVSRAM: read push: id 0, da 00000000 00000000 141c0000 073d0abb
(10324) CVSRAM: read push: id 0, da 09360000 02a10000 00000000 0b6e0907
(10326) CVSRAM: read push: id 0, da 00000000 01bd0000 00000722 0afb0000
(10328) CVSRAM: read push: id 0, da 0be00000 03520000 00000b29 09a601c2
(10330) CVSRAM: read push: id 0, da 19ed0000 00000000 00000000 0b9105b0
(10332) CVSRAM: read push: id 0, da 00000000 0bc40000 00000000 03d10000
(10334) CVSRAM: read push: id 0, da 00000000 00000000 00000000 11ce041d
(10336) CVSRAM: read push: id 0, da 00000000 00f00000 00000000 0ef40000
(10338) CVSRAM: read push: id 0, da 00000000 00b30000 000008bc 0ee50000
(10340) CVSRAM: read push: id 0, da 049c0000 00000000 000002cb 0de304e3
(10342) CVSRAM: read push: id 0, da 158f0000 00000000 000003b4 13f80579
(10344) CVSRAM: read push: id 0, da 00000000 0d710000 00000000 03380179
(10346) CVSRAM: read push: id 0, da 00000000 10530000 00000000 027d0000
(10348) CVSRAM: read push: id 0, da 00000000 09ca0000 01690000 03dc0000
(10350) CVSRAM: read push: id 0, da 00000000 13e60000 00000000 00000000
(10352) CVSRAM: read push: id 0, da 00000000 00000000 0a3104cb 06fe0000
(10354) CVSRAM: read push: id 0, da 0e340000 00000000 01220000 0334090b
(10356) CVSRAM: read push: id 0, da 00000000 00000000 02830000 02d80000
(10358) CVSRAM: read push: id 0, da 00000000 00000000 04c20b99 00430000
(10360) CVSRAM: read push: id 0, da 00000000 00000000 03791e37 00000000
(10362) CVSRAM: read push: id 0, da 00000000 08a60000 294318dd 00000000
(10364) CVSRAM: read push: id 0, da 00000000 00000000 047e293e 00000000
(10366) CVSRAM: read push: id 0, da 00000000 00000000 00001b32 0b0202f4
(10368) CVSRAM: read push: id 0, da 00000000 00830000 00001ee8 0ae80000
(10370) CVSRAM: read push: id 0, da 00000000 05440000 00001bf2 08e20000
(10372) CVSRAM: read push: id 0, da 00000000 08120000 00000000 05d80000
(10374) CVSRAM: read push: id 0, da 00000000 00920000 00000000 0889169d
(10376) CVSRAM: read push: id 0, da 00000000 06b40000 00000000 0268204a
(10380) CVSRAM: read request from dla, addr 5006c080 burst 209 id 0
(10444) CVSRAM: read push: id 0, da 00000000 00000000 00000000 0e0807e2
(10446) CVSRAM: read push: id 0, da 17ae0000 074c0000 00001580 00000000
(10448) CVSRAM: read push: id 0, da 00000000 00000000 00000c70 0fc70066
(10450) CVSRAM: read push: id 0, da 05950000 01770000 000003b9 0a440000
(10452) CVSRAM: read push: id 0, da 00000000 00000000 00000000 154a0000
(10454) CVSRAM: read push: id 0, da 00000000 11fe0000 00000000 00000b24
(10456) CVSRAM: read push: id 0, da 00000000 029a0000 00000000 0bb20889
(10458) CVSRAM: read push: id 0, da 00000000 00000000 00000000 10c10000
(10460) CVSRAM: read push: id 0, da 10ff0000 00000000 00000000 104404cf
(10462) CVSRAM: read push: id 0, da 04500000 05850000 00000000 0c9400f6
(10464) CVSRAM: read push: id 0, da 00000000 11610000 00000000 00f40000
(10466) CVSRAM: read push: id 0, da 00000000 10b40000 00000000 00000000
(10468) CVSRAM: read push: id 0, da 00000000 12230000 00000000 00000000
(10470) CVSRAM: read push: id 0, da 00000000 0d5b0000 0b37102b 00000000
(10472) CVSRAM: read push: id 0, da 00000000 00000000 06960d15 025e0000
(10474) CVSRAM: read push: id 0, da 0bec0000 00000000 01e20000 044f0a74
(10476) CVSRAM: read push: id 0, da 00000000 00000000 0a520000 04330000
(10478) CVSRAM: read push: id 0, da 00000000 00000000 00001263 06d20000
(10480) CVSRAM: read push: id 0, da 00000000 00000000 05aa23eb 03e50000
(10482) CVSRAM: read push: id 0, da 00000000 00000000 00c830a7 00000740
(10484) CVSRAM: read push: id 0, da 00000000 00000000 09f32f2a 00000000
(10486) CVSRAM: read push: id 0, da 06a60000 00000000 09f20ea7 08110000
(10488) CVSRAM: read push: id 0, da 00000000 03370000 0167268b 00d40229
(10490) CVSRAM: read push: id 0, da 00000000 02740000 000003ba 0a2f0000
(10492) CVSRAM: read push: id 0, da 00000000 01420000 00000000 086b0814
(10494) CVSRAM: read push: id 0, da 00000000 00000000 00000000 071b1ecf
(10496) CVSRAM: read push: id 0, da 00000000 05210000 00000000 005222b0
(10498) CVSRAM: read push: id 0, da 00000000 00000000 00000000 12740745
(10500) CVSRAM: read push: id 0, da 00000000 057b0000 00000000 06df0461
(10502) CVSRAM: read push: id 0, da 00000326 06660000 336d00fb 057f0000
(10504) CVSRAM: read push: id 0, da 03990000 04190000 00000ef0 0b2c006e
(10506) CVSRAM: read push: id 0, da 00000000 00000000 000003f0 112803bb
(10508) CVSRAM: read push: id 0, da 00000000 00000000 000009bc 189e0000
(10510) CVSRAM: read push: id 0, da 00000000 00000000 06130000 0bc60a02
(10512) CVSRAM: read push: id 0, da 00000000 114d0000 020b0000 000007b8
(10514) CVSRAM: read push: id 0, da 00000000 024d0000 000002ef 0dd601c1
(10516) CVSRAM: read push: id 0, da 00000000 00000000 00000000 1a9b0000
(10518) CVSRAM: read push: id 0, da 00000000 056c0000 06680000 09840000
(10520) CVSRAM: read push: id 0, da 00000000 10620000 00000000 00000000
(10522) CVSRAM: read push: id 0, da 00000000 1a5f0000 00000000 00000000
(10524) CVSRAM: read push: id 0, da 00000000 04910000 000004b8 00000000
(10526) CVSRAM: read push: id 0, da 00000000 00000000 025e0000 033207b6
(10528) CVSRAM: read push: id 0, da 00000000 00000000 07b00000 01cf0176
(10530) CVSRAM: read push: id 0, da 00000000 00000000 0d9f0796 02fe0280
(10532) CVSRAM: read push: id 0, da 00000000 00000000 0000163b 09a30336
(10534) CVSRAM: read push: id 0, da 00000000 00000000 00001aa0 00000000
(10536) CVSRAM: read push: id 0, da 075a0000 0000001b 000027da 00000000
(10538) CVSRAM: read push: id 0, da 0b290000 00000000 00001d2d 00000000
(10540) CVSRAM: read push: id 0, da 00000000 00000000 01f828cc 00000000
(10542) CVSRAM: read push: id 0, da 00000000 00000000 237c17fd 09e90000
(10544) CVSRAM: read push: id 0, da 00000000 10340000 052e268b 00000000
(10546) CVSRAM: read push: id 0, da 0ea00000 00000000 00000000 25280000
(10548) CVSRAM: read push: id 0, da 00000000 05830000 00000000 07232c94
(10550) CVSRAM: read push: id 0, da 00000000 00000000 00000000 04351950
(10552) CVSRAM: read push: id 0, da 00000000 02130000 00000000 0ed004f0
(10554) CVSRAM: read push: id 0, da 00000000 068e0000 00000000 07920000
(10556) CVSRAM: read push: id 0, da 00000000 00000000 0fd60aa7 09f901ca
(10558) CVSRAM: read push: id 0, da 00000000 00000000 098118a4 00360303
(10560) CVSRAM: read push: id 0, da 18b60000 0b220000 0000159f 00000000
(10562) CVSRAM: read push: id 0, da 00000000 00000000 00001295 0d890550
(10564) CVSRAM: read push: id 0, da 0e570000 00000000 00000000 0d5d020f
(10566) CVSRAM: read push: id 0, da 0af20000 00000000 00000000 1e61015f
(10568) CVSRAM: read push: id 0, da 00000000 12430000 00000000 000012ff
(10570) CVSRAM: read push: id 0, da 00000000 0d9a0000 000017c1 01b50000
(10572) CVSRAM: read push: id 0, da 01ad0000 007d0000 000013dc 0b8c0000
(10574) CVSRAM: read push: id 0, da 00000000 00000000 00000000 172c0000
(10576) CVSRAM: read push: id 0, da 00000000 16350000 00000000 00000000
(10578) CVSRAM: read push: id 0, da 00000000 00000000 00001ba2 00000000
(10580) CVSRAM: read push: id 0, da 19200000 0000037a 00000000 00000a0a
(10582) CVSRAM: read push: id 0, da 00000000 00000000 0e210000 0363014e
(10584) CVSRAM: read push: id 0, da 030e0000 00000000 00000814 00ea0f3b
(10586) CVSRAM: read push: id 0, da 00000000 00000000 00000e58 02330a12
(10588) CVSRAM: read push: id 0, da 00ef0000 0097040e 00001d6c 00000000
(10590) CVSRAM: read push: id 0, da 03870000 00000000 000029ae 00000352
(10592) CVSRAM: read push: id 0, da 000c0000 00000000 00002c01 0000027c
(10594) CVSRAM: read push: id 0, da 00000000 00000000 03be2a07 028500ea
(10596) CVSRAM: read push: id 0, da 00000000 00000000 03eb27e1 01910000
(10598) CVSRAM: read push: id 0, da 00000000 00000000 187625b6 00000000
(10600) CVSRAM: read push: id 0, da 051c0000 00000000 000016f1 003c0000
(10602) CVSRAM: read push: id 0, da 00000000 00000000 0dc521dd 14c40000
(10604) CVSRAM: read push: id 0, da 00000000 00000000 00000000 1fa5107e
(10606) CVSRAM: read push: id 0, da 00000000 00000000 00000000 142f0cd3
(10608) CVSRAM: read push: id 0, da 00000000 01220000 00000000 0a7e0000
(10610) CVSRAM: read push: id 0, da 00000000 00000000 121f0c05 0b1f0353
(10612) CVSRAM: read push: id 0, da 0c410000 00000000 000004cd 00000ef1
(10614) CVSRAM: read push: id 0, da 103f0000 00000000 00000c4f 000011c0
(10616) CVSRAM: read push: id 0, da 00000000 04790000 31ca100e 02300000
(10618) CVSRAM: read push: id 0, da 04b40000 00000000 00000ef3 0e3602f7
(10620) CVSRAM: read push: id 0, da 00000000 00000000 000011fe 0d5e0021
(10622) CVSRAM: read push: id 0, da 00000000 00000000 00001e14 0f6e01cc
(10624) CVSRAM: read push: id 0, da 00000000 00000000 00000000 12350000
(10626) CVSRAM: read push: id 0, da 00000000 1b580000 00650e13 00000000
(10628) CVSRAM: read push: id 0, da 00000000 004e0000 00001571 0ce50000
(10630) CVSRAM: read push: id 0, da 17970000 00000000 00b40000 2b050529
(10632) CVSRAM: read push: id 0, da 00000000 00000000 00000000 07e20000
(10634) CVSRAM: read push: id 0, da 188d0000 00000000 00000000 0000146e
(10636) CVSRAM: read push: id 0, da 00000000 00000000 0be90000 02070000
(10638) CVSRAM: read push: id 0, da 0b5a0000 00000000 00000000 06601c07
(10640) CVSRAM: read push: id 0, da 00000000 00000000 00001355 000005a9
(10642) CVSRAM: read push: id 0, da 07c90000 0000048b 00002275 000000e2
(10644) CVSRAM: read push: id 0, da 00000000 00000066 00001feb 00000000
(10646) CVSRAM: read push: id 0, da 00000000 000005eb 0000221f 00490146
(10648) CVSRAM: read push: id 0, da 032d0000 000003f9 000030b5 00000250
(10650) CVSRAM: read push: id 0, da 00cc0000 00000000 0000304d 00000000
(10652) CVSRAM: read push: id 0, da 00000000 00000000 00002913 00000000
(10654) CVSRAM: read push: id 0, da 00000000 00000000 03492ae1 00000000
(10656) CVSRAM: read push: id 0, da 00000000 00000000 1dc816b2 0e230000
(10658) CVSRAM: read push: id 0, da 00000000 0c520000 05722599 00000000
(10660) CVSRAM: read push: id 0, da 02160000 00000000 156b098a 29a00000
(10662) CVSRAM: read push: id 0, da 00000000 00000000 00000000 16d21753
(10664) CVSRAM: read push: id 0, da 00000000 00000000 05e80c20 09c403ee
(10666) CVSRAM: read push: id 0, da 0d770000 00000000 000005bb 01770eb0
(10668) CVSRAM: read push: id 0, da 10830000 00000000 00000ce1 000011c8
(10670) CVSRAM: read push: id 0, da 053f0000 00000000 00002194 00000ac7
(10672) CVSRAM: read push: id 0, da 00000000 00000000 01be28b9 02220000
(10674) CVSRAM: read push: id 0, da 1c190000 0a0a0000 000015d7 00000000
(10676) CVSRAM: read push: id 0, da 00000000 00000000 000012b6 0e3e0039
(10678) CVSRAM: read push: id 0, da 00000000 00000000 00000708 09920000
(10680) CVSRAM: read push: id 0, da 00000000 00000000 00000000 1de4055c
(10682) CVSRAM: read push: id 0, da 0ba00000 0a180000 00000000 00000000
(10684) CVSRAM: read push: id 0, da 00000000 0f6e0000 000019a1 000007cc
(10686) CVSRAM: read push: id 0, da 00000000 00000000 10c411c4 13c00306
(10688) CVSRAM: read push: id 0, da 11990000 00000000 00000000 2fcf0000
(10690) CVSRAM: read push: id 0, da 00000000 00000000 07c60000 00cc076a
(10692) CVSRAM: read push: id 0, da 14be0000 00000000 00000000 00a72141
(10694) CVSRAM: read push: id 0, da 00000000 00000000 03d4144a 0461056a
(10696) CVSRAM: read push: id 0, da 01250000 000007e8 00001a67 00000000
(10698) CVSRAM: read push: id 0, da 04260000 000005c2 000023a7 00000418
(10700) CVSRAM: read push: id 0, da 00000000 000008a3 00002693 000001a3
(10702) CVSRAM: read push: id 0, da 0de20000 000009f8 0000227d 00000293
(10704) CVSRAM: read push: id 0, da 0c0e0000 0000013e 0000201f 00000000
(10706) CVSRAM: read push: id 0, da 03120000 00000000 00002c2e 00000000
(10708) CVSRAM: read push: id 0, da 02cc0000 00000000 015a2e1b 0000007b
(10710) CVSRAM: read push: id 0, da 00000000 00000000 02382b24 00000024
(10712) CVSRAM: read push: id 0, da 00000000 01e40000 25c417e3 00a30000
(10714) CVSRAM: read push: id 0, da 03da0000 0a4a0000 0384245b 00000000
(10716) CVSRAM: read push: id 0, da 00000000 00000000 24e62515 1a840000
(10718) CVSRAM: read push: id 0, da 05210000 00000000 00000518 27a80000
(10720) CVSRAM: read push: id 0, da 20550000 00000000 00000000 0e200263
(10722) CVSRAM: read push: id 0, da 0c220000 00000000 000016b3 0000139f
(10724) CVSRAM: read push: id 0, da 01490000 00000000 000022fc 000007c2
(10726) CVSRAM: read push: id 0, da 00000000 00000000 00002070 000006ec
(10728) CVSRAM: read push: id 0, da 00970000 00000000 00001fef 0000035b
(10730) CVSRAM: read push: id 0, da 00000000 01930000 30360f92 04550000
(10732) CVSRAM: read push: id 0, da 00000000 040b0000 00001671 0a210000
(10734) CVSRAM: read push: id 0, da 00000000 00000000 00000c31 0c900000
(10736) CVSRAM: read push: id 0, da 06d30000 00c80000 000000c7 08c300b8
(10738) CVSRAM: read push: id 0, da 0f7f0000 00000000 00000000 18220000
(10740) CVSRAM: read push: id 0, da 0f580000 12360000 00000000 00000cb6
(10742) CVSRAM: read push: id 0, da 00000000 02b50000 15ba2247 0a7e03db
(10744) CVSRAM: read push: id 0, da 0b3a0000 00000000 00001da0 2c331010
(10746) CVSRAM: read push: id 0, da 11de0000 00000000 00000000 0ad10000
(10748) CVSRAM: read push: id 0, da 00000000 00d70000 00000df5 00850cc4
(10750) CVSRAM: read push: id 0, da 0b2e0000 000001dd 00002308 0000030a
(10752) CVSRAM: read push: id 0, da 10ff0000 0000087b 00001e2c 00000622
(10754) CVSRAM: read push: id 0, da 08370000 00000a32 000020e4 00000000
(10756) CVSRAM: read push: id 0, da 0b460000 0000091c 00002157 000004f7
(10758) CVSRAM: read push: id 0, da 06230000 000002c1 000026f6 0000026e
(10760) CVSRAM: read push: id 0, da 00000000 0000051a 043f26f4 05970000
(10762) CVSRAM: read push: id 0, da 00000000 000003a6 0000221d 00000123
(10764) CVSRAM: read push: id 0, da 00000000 00000023 0000308c 00000195
(10766) CVSRAM: read push: id 0, da 00000000 00000000 00003141 00000000
(10768) CVSRAM: read push: id 0, da 00000000 00000000 0f0d2dbf 00000000
(10770) CVSRAM: read push: id 0, da 0c990000 03f90000 00000fd9 01ff0000
(10772) CVSRAM: read push: id 0, da 00000000 04000000 05102b31 07c20000
(10774) CVSRAM: read push: id 0, da 05b80000 00000000 12b70b3d 333a0000
(10776) CVSRAM: read push: id 0, da 1bbe0000 00000230 00001189 15130ac0
(10778) CVSRAM: read push: id 0, da 00000000 00000000 000024e0 000005ab
(10780) CVSRAM: read push: id 0, da 00000000 00000000 000020af 0000053b
(10782) CVSRAM: read push: id 0, da 00000000 00000000 000022be 00000365
(10784) CVSRAM: read push: id 0, da 01be0000 00000000 00002053 0000058a
(10786) CVSRAM: read push: id 0, da 00000000 00000000 000026da 0000007f
(10788) CVSRAM: read push: id 0, da 1b5a0000 06c70000 000015af 00000000
(10790) CVSRAM: read push: id 0, da 00000000 044b0000 00001583 0ba101b0
(10792) CVSRAM: read push: id 0, da 00000000 01010000 000001ee 0a900000
(10794) CVSRAM: read push: id 0, da 01180000 00000000 00000000 1fa2104c
(10796) CVSRAM: read push: id 0, da 00000000 00000000 00000000 11d70a09
(10798) CVSRAM: read push: id 0, da 00000000 16650000 00000f10 00000000
(10800) CVSRAM: read push: id 0, da 00000000 06550000 153d1a61 109e1557
(10802) CVSRAM: read push: id 0, da 09fb0000 00000000 00000000 30a90000
(10804) CVSRAM: read push: id 0, da 1d1e0000 00000000 00000c57 00000000
(10806) CVSRAM: read push: id 0, da 1d960000 000001b3 00001ec1 00000b08
(10808) CVSRAM: read push: id 0, da 05e60000 00000985 000024c6 000006e0
(10810) CVSRAM: read push: id 0, da 03a00000 00000a04 00001d21 00000000
(10812) CVSRAM: read push: id 0, da 04f20000 00000783 00002489 000001d5
(10814) CVSRAM: read push: id 0, da 00000000 000007f3 00002786 00000000
(10816) CVSRAM: read push: id 0, da 0a290000 00000749 00002853 0000049b
(10818) CVSRAM: read push: id 0, da 0cca0000 000003dd 000023df 00000220
(10820) CVSRAM: read push: id 0, da 089a0000 0000017e 000023d6 00000000
(10822) CVSRAM: read push: id 0, da 00000000 00000000 0073290d 00000000
(10824) CVSRAM: read push: id 0, da 00000000 00000000 06272c10 00000000
(10826) CVSRAM: read push: id 0, da 00000000 00000000 22681c02 08fc0000
(10828) CVSRAM: read push: id 0, da 00000000 10210000 06ac1c53 00000000
(10830) CVSRAM: read push: id 0, da 00000000 00000000 1ff9264a 280d0113
(10832) CVSRAM: read push: id 0, da 0bd90000 00000000 00000924 1f780000
(10834) CVSRAM: read push: id 0, da 16e20000 00000000 000022cd 0cc50000
(10836) CVSRAM: read push: id 0, da 01780000 00000000 0000215e 000004a9
(10838) CVSRAM: read push: id 0, da 02020000 00000000 0000235a 000004f5
(10840) CVSRAM: read push: id 0, da 01d00000 00000000 000021a7 00000399
(10842) CVSRAM: read push: id 0, da 01110000 00000000 000020a7 000004fc
(10844) CVSRAM: read push: id 0, da 00000000 047f0000 2fa90e26 02df0000
(10846) CVSRAM: read push: id 0, da 05850000 01560000 00000737 0cfb0c9f
(10848) CVSRAM: read push: id 0, da 00000000 00000000 000006d6 0eff07c6
(10850) CVSRAM: read push: id 0, da 0ad70000 03e20000 000006c5 07ed072b
(10852) CVSRAM: read push: id 0, da 00000000 00000000 00000000 20c60694
(10854) CVSRAM: read push: id 0, da 00000000 11f10000 00001b2b 00000000
(10856) CVSRAM: read push: id 0, da 00000000 09530000 0c8b1f42 0b8105dc
(10858) CVSRAM: read push: id 0, da 0ef20000 00000000 00001e93 274f0e8b
(10860) CVSRAM: read push: id 0, da 0eab0000 00000000 00000000 11d60000
(10862) CVSRAM: read push: id 0, da 00000000 0000011f 000023d1 000008ca
(10864) interrupt!
(10866) write to nvdla: addr ffff0003, data ffffffff
(10868) read from nvdla: addr ffff0003
(10870) read response from nvdla: 00000000
(10872) waiting for interrupt...
(10872) CVSRAM: read request from dla, addr 5002dfc0 burst 255 id 0
(10936) CVSRAM: read push: id 0, da 00000000 00000000 00000000 00000000
(10938) CVSRAM: read push: id 0, da fe2deeb3 fe45ffb7 fd4ef747 ff84fc93
(10940) CVSRAM: read push: id 0, da f0f4239c 05110625 ea3f0180 efc5fb1b
(10942) CVSRAM: read push: id 0, da ff9def1a 0723f6fa 012d0817 eedcf304
(10944) CVSRAM: read push: id 0, da 0abafd89 085d0591 fa75f771 02c7fccb
(10946) CVSRAM: read push: id 0, da 07a603be f24101e1 eccf075c f14affa1
(10948) CVSRAM: read push: id 0, da f91af68e eda6f9b7 063c08ea 031ef619
(10950) CVSRAM: read push: id 0, da 00fbfc97 fe01fe71 ef19f6b6 eeadff3f
(10952) CVSRAM: read push: id 0, da f6280427 018dfddd 04ddfd8b 03def978
(10954) CVSRAM: read push: id 0, da febcfcdb 02e9f8f2 f7ddfccf fbdb0469
(10956) CVSRAM: read push: id 0, da 085e0707 fe03f79a eadaf6e3 f60ff13f
(10958) CVSRAM: read push: id 0, da fdd40858 0005044e e95aec6a ea2b0b34
(10960) CVSRAM: read push: id 0, da f16cf1d0 e5a7f4b3 fb61f66e ff03fc43
(10962) CVSRAM: read push: id 0, da ef6f05e8 07d40c8c fcb4fabd 0ba6037e
(10964) CVSRAM: read push: id 0, da 096b01a0 dd830792 090f009b ffa91285
(10966) CVSRAM: read push: id 0, da f1b0e8ff 0748fe16 038df861 fab30147
(10968) CVSRAM: read push: id 0, da fc1c02c6 f5a71603 0d700146 ecfe00b8
(10970) CVSRAM: read push: id 0, da ef18fb1c 095afecb 0debf2ab 1172f03f
(10972) CVSRAM: read push: id 0, da 0055fa69 0836011f 011cf9e7 fe5203b0
(10974) CVSRAM: read push: id 0, da 063e057d f85afe1c fd8ffcba f793fa7b
(10976) CVSRAM: read push: id 0, da 00b4f4f9 ff4c00ab 05c6f9e5 f5be1167
(10978) CVSRAM: read push: id 0, da 052b0265 fe850a4e 031d019a 0aa3f9f8
(10980) CVSRAM: read push: id 0, da ff54fe33 0e3ef73e 06eefcc8 04be044b
(10982) CVSRAM: read push: id 0, da fc73fc60 fecd0ac9 ffee013b e2660289
(10984) CVSRAM: read push: id 0, da 01e30038 00a8119e 0541033d fb59f7f4
(10986) CVSRAM: read push: id 0, da f67cfd35 facaffe2 09cb0781 fc39fe60
(10988) CVSRAM: read push: id 0, da 06fdfe54 08720585 fcd30120 f9b2fd09
(10990) CVSRAM: read push: id 0, da 0266fdf8 08d2ff42 fe14f7b8 01ca03a6
(10992) CVSRAM: read push: id 0, da f150f133 f9f10d4c f6b8fffe 040a091b
(10994) CVSRAM: read push: id 0, da 02ee0f6d f055006c fbf90132 011dfb16
(10996) CVSRAM: read push: id 0, da 05c5f6b6 0052fca5 0becffd1 f54e018d
(10998) CVSRAM: read push: id 0, da 055c0198 0be3fabf 02b3fdf1 fc98f795
(11000) CVSRAM: read push: id 0, da ff4606fa 094809b4 0018f60a 076003d4
(11002) CVSRAM: read push: id 0, da f679f7d6 fc1d02a8 04cefcbb 00a8fd74
(11004) CVSRAM: read push: id 0, da eefd214c 007b08d5 efbc036a ed30e869
(11006) CVSRAM: read push: id 0, da 175bf0a9 fa20f228 f2430c5f e651ff5b
(11008) CVSRAM: read push: id 0, da 018cf537 0b9305f0 f905ee44 fee5f788
(11010) CVSRAM: read push: id 0, da f577f88f 168bff29 0dd1fc72 ff36f6d5
(11012) CVSRAM: read push: id 0, da 062dfc02 0354f391 f77bf89f 045c0495
(11014) CVSRAM: read push: id 0, da eb1004ed f69b0f26 f1e8efab eef809d9
(11016) CVSRAM: read push: id 0, da 024bfab0 00eaf68a fb0d00d4 faa000c6
(11018) CVSRAM: read push: id 0, da fd12ff33 06fff889 f867059f 0402ffa5
(11020) CVSRAM: read push: id 0, da ff2d07d7 0550f74d f92afd7d ea66e7bf
(11022) CVSRAM: read push: id 0, da ffd4f908 edff0272 fd4ff9ae f0e9fb7a
(11024) CVSRAM: read push: id 0, da 043cf0bc 0d36f7fb fcc0ef05 03a90484
(11026) CVSRAM: read push: id 0, da fefd00c1 f118f707 feb4f7de 1ae8f307
(11028) CVSRAM: read push: id 0, da 005bf4f6 d676fac5 0a4203e9 06c7ff1f
(11030) CVSRAM: read push: id 0, da 011dfe66 08bd0436 f82ff6fc f071f805
(11032) CVSRAM: read push: id 0, da 16d7ee24 f7ff0336 fa9bffc1 e9f6f290
(11034) CVSRAM: read push: id 0, da 05d00413 0316ff25 f7c40eb3 051af1f8
(11036) CVSRAM: read push: id 0, da f4a1ffab fd3c0222 04b1ed17 ffedfa3c
(11038) CVSRAM: read push: id 0, da 1be2f2ad f225eaf1 f5fe176d 0b2a1893
(11040) CVSRAM: read push: id 0, da fa45fb11 0a59e56d fdc3f65a 058ae385
(11042) CVSRAM: read push: id 0, da 0ccbfc1c fdeb0a81 ff6b0189 08030ed5
(11044) CVSRAM: read push: id 0, da fc26018d f81dfa26 0357ff64 017a021f
(11046) CVSRAM: read push: id 0, da fc4fffd8 10fff05f e57e0bc4 2000f7bc
(11048) CVSRAM: read push: id 0, da f178f857 fd7cf6ee fd5cf33b f9bb1369
(11050) CVSRAM: read push: id 0, da f2a1f599 0c7d0b1c f548fe94 fa99f2cd
(11052) CVSRAM: read push: id 0, da 0280ef74 f37efe53 06dbfaff f9db084c
(11054) CVSRAM: read push: id 0, da 0408f4b0 001afb07 055702d1 00fc00e3
(11056) CVSRAM: read push: id 0, da f4e1f233 03b01e71 eed7fb46 131001c1
(11058) CVSRAM: read push: id 0, da 0725f652 0936f0f0 012605f1 ecd50deb
(11060) CVSRAM: read push: id 0, da f998044f 2130f1a9 fe1ffd08 0630edd9
(11062) CVSRAM: read push: id 0, da 0c55fe66 0212ff3a 03b40166 033bfd42
(11064) CVSRAM: read push: id 0, da 0420f613 0ade04a6 0321f805 ff83fa61
(11066) CVSRAM: read push: id 0, da fd92fd2e 001a04c2 042c0686 00e3fcdf
(11068) CVSRAM: read push: id 0, da fa581b11 fa8cfa6e 00350922 e644eea1
(11070) CVSRAM: read push: id 0, da 04a6ef68 0538f53d 00490496 f6b8f432
(11072) CVSRAM: read push: id 0, da ffdcf4f4 0b210263 f1edf105 fd7f0426
(11074) CVSRAM: read push: id 0, da f67cfc0e 13b5f9c1 10a901c6 0ad5ec0f
(11076) CVSRAM: read push: id 0, da 04750310 1f860c39 02c60539 00edfe48
(11078) CVSRAM: read push: id 0, da 0147058e f3b40bf3 1198f280 feb3013d
(11080) CVSRAM: read push: id 0, da 090dfa51 f33ffe16 fe5008cb fe30054f
(11082) CVSRAM: read push: id 0, da 0191f5de 0207f87b fb060223 fee702a2
(11084) CVSRAM: read push: id 0, da fe670632 0992efdb f3a102ac eae1e71d
(11086) CVSRAM: read push: id 0, da f0d8f942 0c99f957 0b95ff67 f984e229
(11088) CVSRAM: read push: id 0, da 096d00a6 fc080978 0156fadc feecfa31
(11090) CVSRAM: read push: id 0, da 10b2ff30 fd13ffff 0051078e 0a5bfb3d
(11092) CVSRAM: read push: id 0, da f60d065a f67bf975 f73501a4 0a8ff886
(11094) CVSRAM: read push: id 0, da 0c5f0a14 ebcdfb7b fce4fd69 f82c00d5
(11096) CVSRAM: read push: id 0, da fceaef75 135af92f ea5af5ea 061cfdc1
(11098) CVSRAM: read push: id 0, da fdd907a5 fd9dfdba eb350a5f fae8fa5b
(11100) CVSRAM: read push: id 0, da 0716f930 05a80870 075bee19 00d1fef7
(11102) CVSRAM: read push: id 0, da d4c206b0 fcb40bb5 fe070563 eb9efb2f
(11104) CVSRAM: read push: id 0, da fe31fc4d f7aa06fa fccafebc f6040744
(11106) CVSRAM: read push: id 0, da f571ff90 08ae03b3 044b024e 1351dfce
(11108) CVSRAM: read push: id 0, da 031cfd22 0f10fee9 020d00f5 ff710801
(11110) CVSRAM: read push: id 0, da fe6ef8aa ef96fa1e f2dd02c3 ffea1579
(11112) CVSRAM: read push: id 0, da fb120cb2 0399f9dd 0221f854 fd01f9ed
(11114) CVSRAM: read push: id 0, da 0967005e e72cfe14 ed51f2b6 0300148b
(11116) CVSRAM: read push: id 0, da effdf818 e45ef5b6 fa89f879 fbd7065b
(11118) CVSRAM: read push: id 0, da 0569fc7e 02fc000d 09ea0401 07acfa1c
(11120) CVSRAM: read push: id 0, da fe4a0f58 00a2091e f68bfda3 061ef908
(11122) CVSRAM: read push: id 0, da f9f6f87f 1bf9f923 0a54fefd f439082b
(11124) CVSRAM: read push: id 0, da fd500050 0028029b ea9efa69 01a6ef52
(11126) CVSRAM: read push: id 0, da eaf0f9b7 08110b4b ff860196 011c0202
(11128) CVSRAM: read push: id 0, da 00aaf77c fe78072d 0110fa14 ec7cff0a
(11130) CVSRAM: read push: id 0, da f735f8f4 f9c7060a 066704e0 04f301f7
(11132) CVSRAM: read push: id 0, da fb140a3e f7a7f94d e67c03a2 f5dff420
(11134) CVSRAM: read push: id 0, da f995f1f4 00f009e2 0289e4e3 1941fbac
(11136) CVSRAM: read push: id 0, da fcba06db e864ed02 09be15fa f8e50b93
(11138) CVSRAM: read push: id 0, da 0cb403bc da0c11b6 e7810074 f0ac2e82
(11140) CVSRAM: read push: id 0, da f9f7fd55 df4f01b6 03870489 02b1f5a8
(11142) CVSRAM: read push: id 0, da f24809aa f3441bf4 f9bde956 e9d40c07
(11144) CVSRAM: read push: id 0, da 049bf424 fdf1effe f9640ba5 f2acface
(11146) CVSRAM: read push: id 0, da 00dced84 014ef88f f9e1f541 ff230054
(11148) CVSRAM: read push: id 0, da fbb1090b fba1ef5b 3a27fc22 f66b0144
(11150) CVSRAM: read push: id 0, da 00370ef5 f5fc10d5 f3e3f2ab f7bf107a
(11152) CVSRAM: read push: id 0, da fd060823 e0841332 f283f664 06640752
(11154) CVSRAM: read push: id 0, da 0525fb30 0016ff02 03b60712 f5f50a55
(11156) CVSRAM: read push: id 0, da fec2071a 0be60202 f8c100e2 fd86f8d6
(11158) CVSRAM: read push: id 0, da fb4b03c8 f130f274 030b0362 13b4fab9
(11160) CVSRAM: read push: id 0, da f4eb0ad7 0733ff1c 0829ff50 04ed06d5
(11162) CVSRAM: read push: id 0, da 09cdffe0 069dffea f43708a0 f11603e2
(11164) CVSRAM: read push: id 0, da 07b60760 fedf083e 092feab9 fca3fa3a
(11166) CVSRAM: read push: id 0, da f36bf9ea 03880a08 f98fe80b 0050fbfd
(11168) CVSRAM: read push: id 0, da fa9e0fa6 e7520873 f420fff8 f7f30b08
(11170) CVSRAM: read push: id 0, da f8bb0d49 ebb502d4 0250f82a e55d134a
(11172) CVSRAM: read push: id 0, da 02c0ea3a fb97fcaf ff43f691 01b1fb76
(11174) CVSRAM: read push: id 0, da f81bf40a ff03064a fd65fede f7390e18
(11176) CVSRAM: read push: id 0, da 010f07aa 16bb093e 021c01fd fe3bf948
(11178) CVSRAM: read push: id 0, da fc9bfe02 150bf427 16651847 02daef51
(11180) CVSRAM: read push: id 0, da 0c7f0607 219506c1 fb5301c7 025ffdd2
(11182) CVSRAM: read push: id 0, da fd7f048c fbddf01e fa010402 0a9b00dc
(11184) CVSRAM: read push: id 0, da f3a0ee16 fe29defc e145fe2d eb590189
(11186) CVSRAM: read push: id 0, da f9e7fc6d f9450aad f689f64f 127afb16
(11188) CVSRAM: read push: id 0, da f8be064d d4cd0a4b 060704f8 016c074d
(11190) CVSRAM: read push: id 0, da e5380483 00671119 fbc6ef07 fba8ef28
(11192) CVSRAM: read push: id 0, da 06640c7f d89dffcc 01d2fc70 ff2804d3
(11194) CVSRAM: read push: id 0, da fa6c279d f6a2ffc1 08870102 046c0161
(11196) CVSRAM: read push: id 0, da f656fd0d f7eef3ee f18e0214 034ee97f
(11198) CVSRAM: read push: id 0, da 0cfafc79 eedb1268 fa0bda28 234c10c7
(11200) CVSRAM: read push: id 0, da f11d0981 dc6be877 0b5e1916 f0d6f98a
(11202) CVSRAM: read push: id 0, da f0ff050e edce1878 046d0234 fc6ffbd0
(11204) CVSRAM: read push: id 0, da 0377f8fd f597f112 f4d5fb74 ffe4045d
(11206) CVSRAM: read push: id 0, da 0e9b0e5c f805ed01 1639f794 04b3f3a3
(11208) CVSRAM: read push: id 0, da 0b1cf6bc ef62f25b fc0d0797 fa8fe368
(11210) CVSRAM: read push: id 0, da ffe0f4f7 093afa5a f6b4001c 0b5ffa35
(11212) CVSRAM: read push: id 0, da ed8006c1 ff61f381 2c8400d4 eac0f07f
(11214) CVSRAM: read push: id 0, da fd23f05a efbcf2e7 09020ddd 0d4aefc6
(11216) CVSRAM: read push: id 0, da 013e0b43 2a33fa9b 00fafffe 0bab0a4b
(11218) CVSRAM: read push: id 0, da edde05b5 1610054a fbc4fc3a fbcb01d6
(11220) CVSRAM: read push: id 0, da 069e0059 f52c0822 0721fbc0 fa860dfc
(11222) CVSRAM: read push: id 0, da fa24ef4d 1c260af5 0c11fb78 e7eaf72e
(11224) CVSRAM: read push: id 0, da 139d0a20 e8351da0 0b7c061f ea23f787
(11226) CVSRAM: read push: id 0, da 05110ab5 ec61018f f83bf588 e0ed20af
(11228) CVSRAM: read push: id 0, da 03d30825 fc7cf892 01bbf25f f5c0f958
(11230) CVSRAM: read push: id 0, da 0c7ef57a ec99eea3 104dfbc6 062eec12
(11232) CVSRAM: read push: id 0, da 06ddf0a1 130bf024 0cea070a 02061667
(11234) CVSRAM: read push: id 0, da 078b0bea e7aef2bf fbf9fbff e1715a61
(11236) CVSRAM: read push: id 0, da f8a3f98b ea02fb81 fa97f6e9 fc78f80b
(11238) CVSRAM: read push: id 0, da f8f0f228 25a9fefd fea0fb4b ffaaf7cb
(11240) CVSRAM: read push: id 0, da fb49f55a e5c3013e ff360169 05de06d8
(11242) CVSRAM: read push: id 0, da f4900041 06981ba6 f5f9f9e0 fe46ee5f
(11244) CVSRAM: read push: id 0, da 03eff4dc e2ff0d63 fff803f9 f9560863
(11246) CVSRAM: read push: id 0, da 032706b0 0550fb07 09621871 fb49035a
(11248) CVSRAM: read push: id 0, da 0218eb1c 0257fac4 db8dfa03 fe68fd79
(11250) CVSRAM: read push: id 0, da f3a010d5 f40e041b f5e70478 fd500463
(11252) CVSRAM: read push: id 0, da 0340f7d2 f518f987 0a95fdfe fb0c0d2d
(11254) CVSRAM: read push: id 0, da 04250679 ebe60258 f5e7feac f1d0f606
(11256) CVSRAM: read push: id 0, da facdf300 e7670450 13effbf0 11f0fc84
(11258) CVSRAM: read push: id 0, da fde20b38 f8680050 0044049e 04f3fe3b
(11260) CVSRAM: read push: id 0, da 0147fe78 fe02f806 01df07c4 fb76f436
(11262) CVSRAM: read push: id 0, da 0384fde1 ef7c0e00 08d7e857 0dce092b
(11264) CVSRAM: read push: id 0, da fca10e1f f415ee6c 01ad0931 f4b4f74e
(11266) CVSRAM: read push: id 0, da faa0ffce 10f1eb7b 10990585 0de7d843
(11268) CVSRAM: read push: id 0, da 03940230 1ae204b2 0304059c 015eff1e
(11270) CVSRAM: read push: id 0, da f991fdba 0615eac8 f7711aa8 14d4e242
(11272) CVSRAM: read push: id 0, da 00980374 06e70969 01a4f755 fe53fbea
(11274) CVSRAM: read push: id 0, da 02eff4b8 fdd5f9d0 fe94031a 0243fc01
(11276) CVSRAM: read push: id 0, da fae70412 0451f32f 06bb05db ea0ced8d
(11278) CVSRAM: read push: id 0, da fb26fe3c 1b47f79e 063e09ec ff61f49f
(11280) CVSRAM: read push: id 0, da 0d1812c4 f104fb47 fb2e0e4f 0321f78e
(11282) CVSRAM: read push: id 0, da 0996f64e f4ef04b0 06e5f9be 0865f76a
(11284) CVSRAM: read push: id 0, da 047cf462 fb4ef737 0900034e ffe20770
(11286) CVSRAM: read push: id 0, da 0669fa93 f9e71269 fc69f8b3 f5b70c9e
(11288) CVSRAM: read push: id 0, da 00c6f9a2 fd3b0ec5 faf8ff8e fe8ff916
(11290) CVSRAM: read push: id 0, da e9eb071c efb90a09 040debf8 fa5112b3
(11292) CVSRAM: read push: id 0, da ff38042e f1cdf1d1 fe5b0905 fc09fad7
(11294) CVSRAM: read push: id 0, da f513fc32 0843f7e0 ef2c1015 f50b0cf0
(11296) CVSRAM: read push: id 0, da fe37ff58 fa56f895 fad6ffe6 ff58f17a
(11298) CVSRAM: read push: id 0, da eecb0853 ee3302a8 fc91fc2d e6ff1a1b
(11300) CVSRAM: read push: id 0, da ffdaf98b fb6d0860 fa8bf3b8 f7ab008c
(11302) CVSRAM: read push: id 0, da f909fe2d f843fe1e fc45f802 26b8fcb0
(11304) CVSRAM: read push: id 0, da f96ffd8d f958e4af fcba0285 fd650923
(11306) CVSRAM: read push: id 0, da 0cfe0b53 de7c0b84 ecd2f79d 01be1bd1
(11308) CVSRAM: read push: id 0, da f147fda5 d89bfab6 fe56fc95 fda5fe72
(11310) CVSRAM: read push: id 0, da fb610615 01e3fee8 0fc20b68 02f2fcd3
(11312) CVSRAM: read push: id 0, da 123f042f 02fe0266 041bfc9b fb75f5af
(11314) CVSRAM: read push: id 0, da 0d94f1ed 0110f455 039b0637 f2dc0f23
(11316) CVSRAM: read push: id 0, da fd5c00f6 2d51ef42 f6b900fb 0070ed29
(11318) CVSRAM: read push: id 0, da 0b1cfbb0 fb2af50a fc3b01c1 f8b00a9f
(11320) CVSRAM: read push: id 0, da ff64f99d 11c5005c 01a0fa68 03fa013f
(11322) CVSRAM: read push: id 0, da 034c1a64 ff38fcfb 000dfd9f 05040798
(11324) CVSRAM: read push: id 0, da 3a44e7af fb63f074 0789f21c 0e8806b5
(11326) CVSRAM: read push: id 0, da f1d00217 fe97fcb2 03fa14fb ec60fe37
(11328) CVSRAM: read push: id 0, da 09b3076b 12e40cd6 f8b90178 050507e8
(11330) CVSRAM: read push: id 0, da 09b802aa e121fe56 e7a0fe51 f7661113
(11332) CVSRAM: read push: id 0, da f9d507e6 dee40429 ff28fe71 f724f8b1
(11334) CVSRAM: read push: id 0, da 001208cc 05a5f998 039702f2 1121f234
(11336) CVSRAM: read push: id 0, da 03df01d5 063cfb29 02c2fc00 fe84fa0a
(11338) CVSRAM: read push: id 0, da fef1fdfc 0415f910 fa98f456 f979017a
(11340) CVSRAM: read push: id 0, da e9ba054d f9fcf559 37e80187 021f0852
(11342) CVSRAM: read push: id 0, da fffd032e ec78f963 0d49fe45 001bfb95
(11344) CVSRAM: read push: id 0, da 118400f6 096dfe5f feecf7e1 fbbbfffb
(11346) CVSRAM: read push: id 0, da ffad00bf eff6fc29 04f2ff51 ed9315b3
(11348) CVSRAM: read push: id 0, da 053efeb5 2222f6dc ff2afc3b f80dfcbc
(11350) CVSRAM: read push: id 0, da fee3fdea f3e60386 fa9100f4 fd3804e5
(11352) CVSRAM: read push: id 0, da fd99f953 1638e62f f65dfc50 0a380b2a
(11354) CVSRAM: read push: id 0, da 0122062d f7360b5e 069ee5f4 e9e9fa61
(11356) CVSRAM: read push: id 0, da 0eddf9c9 04be028c fa950abe fecf01b4
(11358) CVSRAM: read push: id 0, da 04380027 0dd7ff7a f329f8d2 feed01fa
(11360) CVSRAM: read push: id 0, da f8650e97 ed920294 f1e7fd3c 06a00131
(11362) CVSRAM: read push: id 0, da 044cf1cb 0d030104 ff7df50d 0b4ce63f
(11364) CVSRAM: read push: id 0, da 012f05e7 05a9f224 05f210a0 04cb0849
(11366) CVSRAM: read push: id 0, da 06b5040b 072909e4 f35405a0 fd05166f
(11368) CVSRAM: read push: id 0, da fffff982 0f03f059 f4b2fcaf f896fa99
(11370) CVSRAM: read push: id 0, da fe5afa40 0d68fb1a 0df70f1b 04ea0393
(11372) CVSRAM: read push: id 0, da 094905b9 21a3f2b8 0715feaf 00f8033a
(11374) CVSRAM: read push: id 0, da 0597fd76 fec2f631 fd290192 0452ff3e
(11376) CVSRAM: read push: id 0, da 01a20931 fa65e067 011b05ae eb48f48e
(11378) CVSRAM: read push: id 0, da 01dcf483 020d051c 0639f740 079cf57e
(11380) CVSRAM: read push: id 0, da f9b20a19 ea42febd f5ba03e3 06c8fe38
(11382) CVSRAM: read push: id 0, da 06a9f607 0637f15a fcfc01d8 10d9f246
(11384) CVSRAM: read push: id 0, da 01c409b1 f7e3f824 ef1104d2 fdcbffe3
(11386) CVSRAM: read push: id 0, da 14d03c49 0496f553 fe5600f7 fe7f08c7
(11388) CVSRAM: read push: id 0, da 1f54d58d 0213ed2e 107af209 1dd0fdbf
(11390) CVSRAM: read push: id 0, da fe4a0cb4 feffee32 f6751fe2 f1cbfea3
(11392) CVSRAM: read push: id 0, da 0409087c 0fa014c3 0105feb5 0fa7069c
(11394) CVSRAM: read push: id 0, da fad4002f 00b80ac1 0112f9be f6cefc89
(11396) CVSRAM: read push: id 0, da 065cfed3 0053fcfa f53ffa7b f9110123
(11398) CVSRAM: read push: id 0, da f2c4fb82 0a66f8da ed191260 06440159
(11400) CVSRAM: read push: id 0, da fc1007fe f6befc90 0508f885 059df245
(11402) CVSRAM: read push: id 0, da fbd80820 0134fcfd fb4103ab ffdcfb72
(11404) CVSRAM: read push: id 0, da edde06a9 f99cf608 27790427 f74dfc6c
(11406) CVSRAM: read push: id 0, da 03c2eea7 1994f246 17ef196f 061df72f
(11408) CVSRAM: read push: id 0, da 0890030f 1591f41e 0ec7062b 0b1ffa3e
(11410) CVSRAM: read push: id 0, da 06fcf4cf 0294f68d 07e603cf e5810dbd
(11412) CVSRAM: read push: id 0, da f17ffc10 3dbafdc8 fa85fabe f9b2ee8d
(11414) CVSRAM: read push: id 0, da fc22fd3f 007bf76d 0057041a 1b7c0246
(11416) CVSRAM: read push: id 0, da e66909c1 f17c0210 fcf1fdfd 0299121a
(11418) CVSRAM: read push: id 0, da 080400e0 f65afb80 09b0f625 03c1f9dd
(11420) CVSRAM: read push: id 0, da fbaef930 f3f2f1b1 f9f61498 0272fc39
(11422) CVSRAM: read push: id 0, da efaf0149 fa190df2 ffbae891 f311ed88
(11424) CVSRAM: read push: id 0, da 00b0f88e 04de0a7b 04b90057 f9521028
(11426) CVSRAM: read push: id 0, da 0cbcf841 fdacffc3 f8b7fd75 05bcf3b8
(11428) CVSRAM: read push: id 0, da fea308c1 f923fa12 f7ab0fd8 06e9fb83
(11430) CVSRAM: read push: id 0, da f5690244 f609036e 0809f54f e2a5058c
(11432) CVSRAM: read push: id 0, da 073604d7 f0061409 06af0468 028df301
(11434) CVSRAM: read push: id 0, da fbeaed6a 114cfbd3 0d3af597 ffb5fa34
(11436) CVSRAM: read push: id 0, da 010efba1 0f04fe12 0c46fa2a 02b20206
(11438) CVSRAM: read push: id 0, da 02390433 fccafaf8 002c0b7a ff2bfe6f
(11440) CVSRAM: read push: id 0, da 004c09c6 f981ea51 ffddfbfa edfd036c
(11442) CVSRAM: read push: id 0, da fb1a03c2 fb6601e8 f9e9fb63 0e83f336
(11444) CVSRAM: read push: id 0, da f62d07ff e74d06c1 fc4b000c 0287fa34
(11446) CVSRAM: read push: id 0, da f8af0311 01b11350 f203f86c 0096f60b
(11450) CVSRAM: read request from dla, addr 50031fc0 burst 255 id 0
(11514) CVSRAM: read push: id 0, da f4d1128d d80a041c faf4028f fcc90374
(11516) CVSRAM: read push: id 0, da 08c4225d 0118fb37 fdf10a7b f67b0a22
(11518) CVSRAM: read push: id 0, da 0210de7a 031cfb26 04c5fc8d 245b3147
(11520) CVSRAM: read push: id 0, da ed2506fa 1049ebea fce007fb f5e409ff
(11522) CVSRAM: read push: id 0, da 063f02cd 050508b7 fddcf9d6 11570610
(11524) CVSRAM: read push: id 0, da 06a70452 03a6fc20 0536feef 0ab9e4d0
(11526) CVSRAM: read push: id 0, da 0104019d 0d1106ca 06d50065 fefd03d3
(11528) CVSRAM: read push: id 0, da f52cf640 f6990596 f826002e faf90f97
(11530) CVSRAM: read push: id 0, da f922f6c2 0a93f78d 046efd07 0163029c
(11532) CVSRAM: read push: id 0, da fbfb0310 f668fa20 fee60896 fa150394
(11534) CVSRAM: read push: id 0, da fbaa04cf fd2cf7e9 fb1e04dd f74ff6d9
(11536) CVSRAM: read push: id 0, da fd7c0052 04911bf1 f4d9f4a0 eba919da
(11538) CVSRAM: read push: id 0, da 083dfb78 e73804f2 f36e0275 f6eefcc2
(11540) CVSRAM: read push: id 0, da f8850418 fef705ac 0cd1fb7f f563015b
(11542) CVSRAM: read push: id 0, da feb0073e 012d0274 02a9000f f90401b6
(11544) CVSRAM: read push: id 0, da fbc5ff25 08d7037b fe9800b0 0445fabb
(11546) CVSRAM: read push: id 0, da 00080c42 f41012c6 086107c3 f213f797
(11548) CVSRAM: read push: id 0, da fbb4e9eb 1277fcb8 06e3048e 0ca9e907
(11550) CVSRAM: read push: id 0, da 0146fd12 fbd5fd41 f9360ca1 fb58003c
(11552) CVSRAM: read push: id 0, da 1576f65d e90df311 0926060f 086b0c96
(11554) CVSRAM: read push: id 0, da 063af3a9 0ffaeef2 03e00045 0247f4b1
(11556) CVSRAM: read push: id 0, da 0136fb04 036603b2 fefefc1e 053ef0e9
(11558) CVSRAM: read push: id 0, da 02da06a3 0c17f6c2 f9dc12f6 fd1dfb34
(11560) CVSRAM: read push: id 0, da fc6b0e2a 0a5b029d 066af123 0fc6f94b
(11562) CVSRAM: read push: id 0, da f804f3dd eefcf933 02ea0a23 fbbf0a38
(11564) CVSRAM: read push: id 0, da fd6001b7 efe2fe1b 0309fd79 fbe1fc11
(11566) CVSRAM: read push: id 0, da f5a60326 eb6104bd 068cf9ea ff69f7ef
(11568) CVSRAM: read push: id 0, da f8a7ff44 fd2803d2 017f04e5 079d0568
(11570) CVSRAM: read push: id 0, da 00940f4f fd30fcc1 0b54fac1 f124fb09
(11572) CVSRAM: read push: id 0, da f9530643 eea1099a f57bf66b 073dfdd2
(11574) CVSRAM: read push: id 0, da 014fff41 0370fc45 0c9800af fbdf1748
(11576) CVSRAM: read push: id 0, da fd40fe1d edfa1413 f461f74c f3360cf0
(11578) CVSRAM: read push: id 0, da fc840842 fdd80003 fde3ff50 05ea036c
(11580) CVSRAM: read push: id 0, da 025f06ef f35502eb 0601f817 f4d1036c
(11582) CVSRAM: read push: id 0, da 0082f593 04a9f922 08e1044e 01a4fdcf
(11584) CVSRAM: read push: id 0, da f2360adf fae0fa5f 0bebf897 0d49fe0d
(11586) CVSRAM: read push: id 0, da 09cb0c73 052cfa22 ecaefa91 f8e3f7e0
(11588) CVSRAM: read push: id 0, da eff506da debf0072 f27af0d0 fff1f8f0
(11590) CVSRAM: read push: id 0, da f780f596 02effbf3 fa1b042b 03c8ebde
(11592) CVSRAM: read push: id 0, da fd4a0443 06050db9 006201fa ec310a86
(11594) CVSRAM: read push: id 0, da 0449f9a6 f93a07b4 0a04028f 09d4fc6e
(11596) CVSRAM: read push: id 0, da 016505da 046d0105 074d01e7 ec841ba3
(11598) CVSRAM: read push: id 0, da 052308a4 0fad00c7 fe390113 02f2f269
(11600) CVSRAM: read push: id 0, da 06b9f3bf 010df152 0622088c f9d8044f
(11602) CVSRAM: read push: id 0, da fc4de4ae fead1825 f713ee41 111df088
(11604) CVSRAM: read push: id 0, da 0fa7fd5e 1411f864 0a5eff2a 03e8f4e3
(11606) CVSRAM: read push: id 0, da 0322ff0f 14f00161 fd08f75e 0409ff64
(11608) CVSRAM: read push: id 0, da e6f80024 053e1009 f0d6001e 056efe04
(11610) CVSRAM: read push: id 0, da 011bfbbf fc41f41f 01dff2ba f940fc3f
(11612) CVSRAM: read push: id 0, da ff47fb9e 186103b4 0d5af01f 0df7ea29
(11614) CVSRAM: read push: id 0, da 19a0f97d 1853f981 14c0f90c f7282110
(11616) CVSRAM: read push: id 0, da fe0609cb ef42fc32 086cf000 0c0902a9
(11618) CVSRAM: read push: id 0, da 09c104aa 04d7f1f4 06a9fada 0ea5fe56
(11620) CVSRAM: read push: id 0, da 00dd0a2e 07e3001c fe9e0de7 08c30095
(11622) CVSRAM: read push: id 0, da 13ecfbc6 fbb1fbcd 49b5f974 fd99f52a
(11624) CVSRAM: read push: id 0, da 08a1fa39 0dfb0404 fc32ff49 f4890440
(11626) CVSRAM: read push: id 0, da fd96092d f7e4fd89 fd1d0e7c fe4ffd7e
(11628) CVSRAM: read push: id 0, da f7fc01cf eeca07b2 fb2efcc7 067716de
(11630) CVSRAM: read push: id 0, da 05fa02b6 f662f7e7 f7c5feab fc07f873
(11632) CVSRAM: read push: id 0, da f93a040b fe30ed73 fcc60594 0ed9024d
(11634) CVSRAM: read push: id 0, da 0b87088d 177ff430 fef902e4 0ecdf96a
(11636) CVSRAM: read push: id 0, da 083706a6 e532f5af eb7f0dc3 0396fdc0
(11638) CVSRAM: read push: id 0, da fdf9ee86 0352f78a f519f36e 006ffc0e
(11640) CVSRAM: read push: id 0, da fa6a00f4 fc7509e8 055f05fa 035c0334
(11642) CVSRAM: read push: id 0, da 0075ec8a 0c0400e2 fd5dfb6d 03c9f97d
(11644) CVSRAM: read push: id 0, da 11c10378 efddf4a7 03830f1c fce1f37b
(11646) CVSRAM: read push: id 0, da f7e8fa2d 0fefffe3 01130565 0797fac2
(11648) CVSRAM: read push: id 0, da 051f3485 fd6cfeac 0118f63b 0ff3fba1
(11650) CVSRAM: read push: id 0, da 0678fe3f 051cf585 e45c04e4 fe7405ec
(11652) CVSRAM: read push: id 0, da fcb9fdd2 129d03ef f47b153e f291167a
(11654) CVSRAM: read push: id 0, da fece0215 dac7005e fdcbf759 feb3fb81
(11656) CVSRAM: read push: id 0, da 1103f2ff 1fe6f5e1 e50e0fed fb1ef0a2
(11658) CVSRAM: read push: id 0, da edf9ecd6 0a52f8d3 fa91f96a 012cf938
(11660) CVSRAM: read push: id 0, da fed9f811 1f91ec84 04b2ff4d 0320e6a8
(11662) CVSRAM: read push: id 0, da 0645fc74 117603e4 031ef5e4 0158071b
(11664) CVSRAM: read push: id 0, da f4c0e254 079ff540 f1420fee f3db068c
(11666) CVSRAM: read push: id 0, da e50efc7f fc831c85 02c8e750 07ea00db
(11668) CVSRAM: read push: id 0, da 0237f647 2d61f8f2 14b306dc fbccec85
(11670) CVSRAM: read push: id 0, da 0c78fd99 201b0057 fe880278 005cfbcc
(11672) CVSRAM: read push: id 0, da ed8906d0 f53f0834 f168edff fdde0336
(11674) CVSRAM: read push: id 0, da 0e90fd9b 00bdf8e6 0379f893 069cfeeb
(11676) CVSRAM: read push: id 0, da 0459fe04 e71afc60 e7fd093d f80b122a
(11678) CVSRAM: read push: id 0, da f0b400b9 ecdbfb72 fbd8068a 0101f45a
(11680) CVSRAM: read push: id 0, da f6821171 fd3703bb ffe2f2ce 0c48ffc5
(11682) CVSRAM: read push: id 0, da fb3f0b61 eb24f2a2 0577fc55 0cfe060c
(11684) CVSRAM: read push: id 0, da faec032f 067df87b fbc3093f fc55faf3
(11686) CVSRAM: read push: id 0, da f094f919 fd4cf8fc 23ac040e ea88fb46
(11688) CVSRAM: read push: id 0, da f40cfcff f088072c fa8df8e0 03a3fb63
(11690) CVSRAM: read push: id 0, da 198cfc81 f5aef9f2 02b3eee0 f7f7ebf3
(11692) CVSRAM: read push: id 0, da f8ee0f0a 0aaa028a 0501ee3b f1d4f1a7
(11694) CVSRAM: read push: id 0, da f807f935 f3e9056e 06b60367 02321683
(11696) CVSRAM: read push: id 0, da 018c0762 fa4ae39f fc75ff6c 15f70606
(11698) CVSRAM: read push: id 0, da ff210466 ffe6f611 0672f873 09a4fdba
(11700) CVSRAM: read push: id 0, da ece503d6 fce4013f fba3fca5 03c71b40
(11702) CVSRAM: read push: id 0, da eeab08f2 db8afcba f9eb0bb6 fc36fceb
(11704) CVSRAM: read push: id 0, da f6ed071f 0929027a fcc2fd77 0131fe71
(11706) CVSRAM: read push: id 0, da f5d7f276 fefaff37 f1c7fb85 0f0bf7ae
(11708) CVSRAM: read push: id 0, da fe78fc3f 15b8fbc9 032e0511 0ee5e6f2
(11710) CVSRAM: read push: id 0, da fcfb0257 15530020 0136030c fcfa0337
(11712) CVSRAM: read push: id 0, da f833fb52 f689f666 01f103a0 0618f337
(11714) CVSRAM: read push: id 0, da f8af16e0 04c8078d f650012c fb01ffdf
(11716) CVSRAM: read push: id 0, da fed0fb1f 0426ff5c 0d7ef69f 02e9ed8a
(11718) CVSRAM: read push: id 0, da fc40ff4a 14110439 0bf7fdaa f71403b7
(11720) CVSRAM: read push: id 0, da f98f045a f1cd0bd7 f69dfe1e f24f139c
(11722) CVSRAM: read push: id 0, da 00d400dc 0296fe40 fbd4f960 ff060480
(11724) CVSRAM: read push: id 0, da 0620fef4 027803d7 000afba2 fcdd02b6
(11726) CVSRAM: read push: id 0, da fc81f9ff ffc60505 06dc024b f8ac0351
(11728) CVSRAM: read push: id 0, da ff10ecf3 f3e1fe55 fa4c0138 f6cb0720
(11730) CVSRAM: read push: id 0, da ea6d0224 fa830aca 01f7f2e2 017e050a
(11732) CVSRAM: read push: id 0, da 0125ff0e 057b042e fdebf7ad f82afc8f
(11734) CVSRAM: read push: id 0, da fa1bfd92 00ecfca4 0146fd8a 024cfd4a
(11736) CVSRAM: read push: id 0, da fa6806bb fc37021f ffd3f0c9 f5780500
(11738) CVSRAM: read push: id 0, da f33b007b ef3302ad 0046050c 0722ff32
(11740) CVSRAM: read push: id 0, da f1e3051c 02adf964 f955fd42 fc3ef92f
(11742) CVSRAM: read push: id 0, da f929fe7b fd68fa3c fd2102c5 feb7fa5d
(11744) CVSRAM: read push: id 0, da fc9c0b20 02fc03e3 0b450378 08ac08f0
(11746) CVSRAM: read push: id 0, da fb4b052f f795fa16 06fafdc0 08230183
(11748) CVSRAM: read push: id 0, da fcecf724 025a019d fc13fada fb9affa7
(11750) CVSRAM: read push: id 0, da 042a0038 fe1909ca f5a4033d fc8c03a3
(11752) CVSRAM: read push: id 0, da f471063e ea12fb63 feac0709 124006d6
(11754) CVSRAM: read push: id 0, da 0cbdfb74 1773f737 fb5efd63 0b80f2e2
(11756) CVSRAM: read push: id 0, da 0bf5f765 0619f5ad ff670b57 f98bf578
(11758) CVSRAM: read push: id 0, da f9a5faa2 04300481 05be02b6 0df3f76a
(11760) CVSRAM: read push: id 0, da 0411071b 05c2edad 05a6051d fdd6025f
(11762) CVSRAM: read push: id 0, da fa2d05c3 0105ef9c 0c390a56 04510dcc
(11764) CVSRAM: read push: id 0, da ff92f2cf 0549068a ff3dfb3f f72df939
(11766) CVSRAM: read push: id 0, da 0057f2bd 0cb1fbd7 069403c9 02820dfe
(11768) CVSRAM: read push: id 0, da f91d050f fd230075 f6e4ff9c fe2007bc
(11770) CVSRAM: read push: id 0, da f2a5e939 febdf6c6 f7c3f1e3 005feb8e
(11772) CVSRAM: read push: id 0, da e601f859 034716c2 fb14f23c 003c0652
(11774) CVSRAM: read push: id 0, da fb770520 e86eebab 01c00545 f5e7ff54
(11776) CVSRAM: read push: id 0, da 03d6e8f0 04c80d4c fbbdf722 f1fbf7cf
(11778) CVSRAM: read push: id 0, da 2a11f23c f5f70653 1e69060f eeb2e2a2
(11780) CVSRAM: read push: id 0, da fc6107d5 dd50fd44 f643fa8d fd5100f9
(11782) CVSRAM: read push: id 0, da f607f636 0009fb47 f68e0418 0596f521
(11784) CVSRAM: read push: id 0, da f36e022c 0adf0aea 0bb2fd90 f8bdfed6
(11786) CVSRAM: read push: id 0, da 0c030275 0217009f 007109d4 0aa7fcaa
(11788) CVSRAM: read push: id 0, da fa6dfd30 1552f1b0 ffc90599 018ff28d
(11790) CVSRAM: read push: id 0, da 0b3b075c fd880276 0091fe69 0118fa54
(11792) CVSRAM: read push: id 0, da ff3ee359 021b0135 ed44025b f46b0237
(11794) CVSRAM: read push: id 0, da e60bfebf 00cd1444 f36aec9e 040f06f1
(11796) CVSRAM: read push: id 0, da f7ff0a44 09140652 077607ce ff0cff32
(11798) CVSRAM: read push: id 0, da fd93fc03 11b5fdaf 01c703c5 fdf000ef
(11800) CVSRAM: read push: id 0, da ee760a20 0159fbc7 0dcdeb90 06b5fd40
(11802) CVSRAM: read push: id 0, da 113f01fb 0ab2fa85 0572ec6f 09ca03d1
(11804) CVSRAM: read push: id 0, da ff3cfb31 13810ca3 15a7ef22 0b8be912
(11806) CVSRAM: read push: id 0, da 1a1800ba 0a5bfc6a 1018fb4c f9920df7
(11808) CVSRAM: read push: id 0, da f716f67e eb99f615 1311f883 26d5ff15
(11810) CVSRAM: read push: id 0, da 01bdfbe6 0730eb7d f654085e 031bf345
(11812) CVSRAM: read push: id 0, da 014df2c7 018b09ca 0176004a fdc50456
(11814) CVSRAM: read push: id 0, da fadc05b6 f29c029d 7fff0b08 022ef640
(11816) CVSRAM: read push: id 0, da 156afe8f 0a1f0045 faba025c 012e04a0
(11818) CVSRAM: read push: id 0, da fdd80cc7 f9580021 f27e11d6 fcd901cb
(11820) CVSRAM: read push: id 0, da 00cbf2c0 e6bdf802 fb4b0c25 0aaa1367
(11822) CVSRAM: read push: id 0, da 02f8fd9f 133aec61 eae1fdc1 fd0ae646
(11824) CVSRAM: read push: id 0, da f97fea74 064b097a f820f180 fd3d018c
(11826) CVSRAM: read push: id 0, da f7bd0169 ebbde932 fa2a19f3 fbc9fa60
(11828) CVSRAM: read push: id 0, da 02530d8d e8a3eff1 f189136e 0fd40377
(11830) CVSRAM: read push: id 0, da ff1cfb81 08e4f60c 03bff4b8 02b7fe35
(11832) CVSRAM: read push: id 0, da 06840c07 f273ff64 04c9110c 14fdfd45
(11834) CVSRAM: read push: id 0, da eea5ef59 0f71f037 0d43005e 075deff0
(11836) CVSRAM: read push: id 0, da f11ffe48 e59a1412 f89ee9f1 f70312f9
(11838) CVSRAM: read push: id 0, da f696f546 d98bf283 081cfe8f f79cf9d0
(11840) CVSRAM: read push: id 0, da 2937f9de fa5307f6 f871f1f2 f2010448
(11842) CVSRAM: read push: id 0, da fa07e6a4 fae6f839 05b8fdc4 fd45fa34
(11844) CVSRAM: read push: id 0, da febff7eb 199a0198 fb341748 fbe41509
(11846) CVSRAM: read push: id 0, da 05310742 e08ef627 f894f685 fc180468
(11848) CVSRAM: read push: id 0, da 111deb44 324dece5 e489072b 127de454
(11850) CVSRAM: read push: id 0, da ef5bf27b 15fdf14e f866f8bb ff01efb4
(11852) CVSRAM: read push: id 0, da fb2bfdb8 0816f0e6 fa89f7e7 16ecd224
(11854) CVSRAM: read push: id 0, da fde8f501 e572fa93 fd1100a8 034b01c1
(11856) CVSRAM: read push: id 0, da f6a4ee15 f8580782 f78c0916 f510024a
(11858) CVSRAM: read push: id 0, da eab71231 009d0d7b fe4df309 fb0f06fe
(11860) CVSRAM: read push: id 0, da f35e0773 ef940856 056efb90 f843083a
(11862) CVSRAM: read push: id 0, da ff3df7b2 085dffcf 09bc03d0 f8100718
(11864) CVSRAM: read push: id 0, da f9ca0656 e897ef78 135aebd0 f5df0119
(11866) CVSRAM: read push: id 0, da 058a0530 0752faae ff02facf 146efb78
(11868) CVSRAM: read push: id 0, da 07e8f950 e579fac2 ec88059a f6e01aae
(11870) CVSRAM: read push: id 0, da f827058f e8e8fcca f3aa018b 0500ed94
(11872) CVSRAM: read push: id 0, da edbff805 f09cf39a 00d6fa33 25dbf64c
(11874) CVSRAM: read push: id 0, da f7f0024a f1c1f168 f69f09c3 fa80ed64
(11876) CVSRAM: read push: id 0, da f8f5e62b f84cf839 f2a8f1c3 014eff30
(11878) CVSRAM: read push: id 0, da e53ffe03 02730c7c 0bdf0268 034608bf
(11880) CVSRAM: read push: id 0, da f775f5a8 f4ad040b f86dfdec 04aafa05
(11882) CVSRAM: read push: id 0, da 19220157 f71df524 09feefea f70fea42
(11884) CVSRAM: read push: id 0, da eb73023a 18de085c ffbaecd9 fd72f53b
(11886) CVSRAM: read push: id 0, da fa8d0ee8 e12c0dea 00f7ffc8 fb450ed2
(11888) CVSRAM: read push: id 0, da fe9fec5a 01ef3bd7 e94bfce9 f8bb0403
(11890) CVSRAM: read push: id 0, da fdc4e48c f0efe313 ebf8ee83 cefeece0
(11892) CVSRAM: read push: id 0, da e078018d 15040959 1a86f586 f7140646
(11894) CVSRAM: read push: id 0, da fd980595 f9870982 faba1a04 08f2051a
(11896) CVSRAM: read push: id 0, da ef1113b6 fc2f0087 eeee0a0f 0b060246
(11898) CVSRAM: read push: id 0, da e2d7f344 0233f0a8 0061008f 1248e5c7
(11900) CVSRAM: read push: id 0, da f9adfe95 e688068e f7ebf5b4 e69f03a0
(11902) CVSRAM: read push: id 0, da fd1ffc94 0256fffd 0b1efabe 043d02fc
(11904) CVSRAM: read push: id 0, da 0e6ef4cf ea57ff2b f1e2fe2c 04c305e5
(11906) CVSRAM: read push: id 0, da e0e50143 0e43f664 e99efb25 05342e04
(11908) CVSRAM: read push: id 0, da fea4faff fc0efe69 11a0f403 1062e82c
(11910) CVSRAM: read push: id 0, da fd6e011f 1e8df86a 0a210010 f88a047a
(11912) CVSRAM: read push: id 0, da ed330304 fce80bc0 f94df917 f049f8ad
(11914) CVSRAM: read push: id 0, da 0ba30e31 f4b8036c 095bffed 00d1024d
(11916) CVSRAM: read push: id 0, da 0740088a f1690ad9 0204ff33 030e0979
(11918) CVSRAM: read push: id 0, da f4d7f40e e947f818 01810363 f85df96d
(11920) CVSRAM: read push: id 0, da fdb60526 f547fcdb 03f5fc62 feaf03ab
(11922) CVSRAM: read push: id 0, da 0d480dc5 048701fb 059806fc eb90f2be
(11924) CVSRAM: read push: id 0, da faef0a55 ec8b0e89 ee53f8c3 f50124e9
(11926) CVSRAM: read push: id 0, da f0fafd26 eab6fb0b 0441ff4c fb5bfb7b
(11928) CVSRAM: read push: id 0, da 0583fe1c 00fcf558 1372f461 f04ef2ce
(11930) CVSRAM: read push: id 0, da f9e7fe1d f0a5fc84 ff1d0aee fba7faf3
(11932) CVSRAM: read push: id 0, da f3e403b9 009efe3b f679049d eb64021d
(11934) CVSRAM: read push: id 0, da ff42fdff f80efe5b f54402df fcb9fc5f
(11936) CVSRAM: read push: id 0, da f715f730 0bd9fb8c 085703b5 03f0fd37
(11938) CVSRAM: read push: id 0, da f88907b7 f9c4fada 01c3059f f49df9de
(11940) CVSRAM: read push: id 0, da fc1cf7b6 ff46fcc7 fad7fc6c ff820273
(11942) CVSRAM: read push: id 0, da ffa6fd8c fe290799 bdc2005f 00f509db
(11944) CVSRAM: read push: id 0, da f0aef7e0 edd2f5d4 f5b30275 1abdfcd9
(11946) CVSRAM: read push: id 0, da 13da0186 1297f690 100ff8f3 0390eaa0
(11948) CVSRAM: read push: id 0, da 0814027e f9ae0022 0154f640 f759edde
(11950) CVSRAM: read push: id 0, da f680f5c6 f6c40125 105e068d 0dfa17df
(11952) CVSRAM: read push: id 0, da fec3f8b3 e6bbed7c f96affed 0e18f9d6
(11954) CVSRAM: read push: id 0, da 023b0e5b 19e7f7a1 0a55f369 0bc90073
(11956) CVSRAM: read push: id 0, da 0473f1c3 095f0490 0c02fe92 fcd4f63e
(11958) CVSRAM: read push: id 0, da 03d8f506 193305cb 070cff15 03cc0671
(11960) CVSRAM: read push: id 0, da fc7f1075 faf0fd0f ec390077 037b05e9
(11962) CVSRAM: read push: id 0, da dc73ee0a f85af292 00bffbba 035be3ba
(11964) CVSRAM: read push: id 0, da ff07f844 0a31e936 075104d2 0a25f311
(11966) CVSRAM: read push: id 0, da 0f3b01fe 1404001a fb430529 08b60673
(11968) CVSRAM: read push: id 0, da f1d7e8d1 0d16fe95 05c80912 ed34fd6f
(11970) CVSRAM: read push: id 0, da f73a0a37 fa60130a 130cffbc f8ebf863
(11972) CVSRAM: read push: id 0, da f7450920 e6f8fb17 f27af973 fce7fb96
(11974) CVSRAM: read push: id 0, da fd97024a ee80fb23 fc7904bb 0aaaf3be
(11976) CVSRAM: read push: id 0, da 00ad0caa ebfe0f50 034afa67 064d04ae
(11978) CVSRAM: read push: id 0, da 0984feb9 f1f100e2 05d909da 01edff69
(11980) CVSRAM: read push: id 0, da 0512f590 0561f954 0179026a 0155ff9d
(11982) CVSRAM: read push: id 0, da 05e5ffb1 fdb6fb21 065cffa5 02ed02ee
(11984) CVSRAM: read push: id 0, da fff3e7f2 024a0282 f696f4eb fa54faeb
(11986) CVSRAM: read push: id 0, da eac10c20 08800562 075d01d6 fd430586
(11988) CVSRAM: read push: id 0, da f5b80753 f4950701 01ae0714 f630ffa2
(11990) CVSRAM: read push: id 0, da fd090855 f25c0470 fbca079e 05b000c7
(11992) CVSRAM: read push: id 0, da 10560597 00e9efe6 0da6f6c6 0ba1fc49
(11994) CVSRAM: read push: id 0, da 0e05ffab 0af0f4e8 03cef0f1 07b60489
(11996) CVSRAM: read push: id 0, da 04e8facc 1a110aed 1e10eb97 04b0ea99
(11998) CVSRAM: read push: id 0, da 1808ffdc 17c1008b 07f7fccf fcf413f1
(12000) CVSRAM: read push: id 0, da f904fe43 f207fff2 074af49f 148704ef
(12002) CVSRAM: read push: id 0, da f786fa88 f356f0ed fcd20d0b f9f3fb2e
(12004) CVSRAM: read push: id 0, da fbb20986 032801a7 00e1077f 020a05b8
(12006) CVSRAM: read push: id 0, da f69d05f3 fed601ac c197fe57 04320283
(12008) CVSRAM: read push: id 0, da 10c3089e 070dfc66 f7aafc3e 02350783
(12010) CVSRAM: read push: id 0, da f3380c36 f3b503c1 dda01a8c ff600210
(12012) CVSRAM: read push: id 0, da f5d8f87b f43ef994 005302df f3a20498
(12014) CVSRAM: read push: id 0, da f64efb2f 1075f250 fb9a007b fe12f5cd
(12016) CVSRAM: read push: id 0, da f97eff13 17450914 0026fd13 eef5fc3c
(12018) CVSRAM: read push: id 0, da fe18120c f3bd21e4 05fa0e02 02c308fb
(12020) CVSRAM: read push: id 0, da 0373081e e974f0c3 e990080f 12ad05ab
(12022) CVSRAM: read push: id 0, da f68ef73e fb1df148 fce7f965 0162f28b
(12024) CVSRAM: read push: id 0, da 1acd064f fd9affbc 013808f9 0b8308e8
(12028) CVSRAM: read request from dla, addr 50035fc0 burst 255 id 0
(12092) CVSRAM: read push: id 0, da f5bb0740 f61e0008 0b6202ba f4d703a2
(12094) CVSRAM: read push: id 0, da 09a1ffc3 fe22f430 fd870752 1330f6f0
(12096) CVSRAM: read push: id 0, da 00bfff76 f507f1d0 f747fee4 fffefd8e
(12098) CVSRAM: read push: id 0, da fa88de4c 0560fbc8 f9d9fb2a f599ff1e
(12100) CVSRAM: read push: id 0, da e95a0701 03721dfa 0df8fda0 010cf5c4
(12102) CVSRAM: read push: id 0, da fbabfbb2 1d35089e fa5b1259 fd560bad
(12104) CVSRAM: read push: id 0, da 0d350de3 e9e901b2 fe1ef57f f92a08f3
(12106) CVSRAM: read push: id 0, da 0a03ff3e 050cf588 e779060a 15c0f928
(12108) CVSRAM: read push: id 0, da edc9f643 05f6f3e0 fd8effc5 f956f49a
(12110) CVSRAM: read push: id 0, da 08a6fee0 e640007e fcc6f949 0ac8ead8
(12112) CVSRAM: read push: id 0, da fabefd9f d8070593 fe5f03db 013ffeeb
(12114) CVSRAM: read push: id 0, da fe9c0fed 02e0f786 04f8f9b3 07fdf4d2
(12116) CVSRAM: read push: id 0, da 09ae0c4b 07d1f58a 0beb0b3c f414f9eb
(12118) CVSRAM: read push: id 0, da 0144fe43 d8860435 f055fd8a fe241711
(12120) CVSRAM: read push: id 0, da ea960931 da7b05ff 002b04e1 045f0185
(12122) CVSRAM: read push: id 0, da 1260faa6 f95cf2c4 1d55f0b7 f5fbfd8b
(12124) CVSRAM: read push: id 0, da ff5cf974 efcffe8d fe670a66 02d7fd5b
(12126) CVSRAM: read push: id 0, da 0000f3b3 dea2fe7f 00d5004e 01e601df
(12128) CVSRAM: read push: id 0, da 005b03be f869fc7b ff580089 04b9f684
(12130) CVSRAM: read push: id 0, da ffe6fadb f63afb03 fde8eb71 18df02d5
(12132) CVSRAM: read push: id 0, da fa80f9ce ee8cf4b4 fbc4092e f8baf4fc
(12134) CVSRAM: read push: id 0, da fa2e049a fbf0fd81 06d50339 03260260
(12136) CVSRAM: read push: id 0, da ff7aff12 06170117 a888fe30 fcccfe7d
(12138) CVSRAM: read push: id 0, da 0063f7b5 facb0251 fbd1fead f7bb01df
(12140) CVSRAM: read push: id 0, da 135f03ae f178f445 fe19fc6b f960ead6
(12142) CVSRAM: read push: id 0, da ff95f548 ee38fee4 f6b406a3 12f30bf8
(12144) CVSRAM: read push: id 0, da 005e090c f474fdc1 ea64f5ab fd3ce488
(12146) CVSRAM: read push: id 0, da f37e1349 068b1a33 f0adfb39 f571fef6
(12148) CVSRAM: read push: id 0, da f53dfe9c fae91452 ee4def7e f938fb81
(12150) CVSRAM: read push: id 0, da ed22f7e4 0c1e1282 0e1af0e5 e9a6ffde
(12152) CVSRAM: read push: id 0, da fe84f963 f6490a39 01430fea fffa08da
(12154) CVSRAM: read push: id 0, da 100202e4 0dfbfc21 04cf0025 02e7f375
(12156) CVSRAM: read push: id 0, da 04e70660 ff60fe9d 04a0fc6e fe7d0cf6
(12158) CVSRAM: read push: id 0, da f68a00cb 0c090730 f9fbf910 ffabfc26
(12160) CVSRAM: read push: id 0, da fe160e13 f4ccf4ce ffa4009d fbdffedd
(12162) CVSRAM: read push: id 0, da f339f571 fdd3fdf6 f90d03f6 042cfcdc
(12164) CVSRAM: read push: id 0, da f23b07fd 05f3fafd ee3804bc 07020240
(12166) CVSRAM: read push: id 0, da 0c640280 f4a7f95b 0385f7ad fb57fc7a
(12168) CVSRAM: read push: id 0, da fd3500b0 200a01dc 06d5008d fdb00a23
(12170) CVSRAM: read push: id 0, da ff1905d1 e08603ea f3e2f55e f65611f8
(12172) CVSRAM: read push: id 0, da 0ab7041b ea6cfd15 0b30ff4b fe9a082b
(12174) CVSRAM: read push: id 0, da 029afac5 e5e60de2 075cfe2f f7d41ff1
(12176) CVSRAM: read push: id 0, da fd1403c2 f0acfb5b 014d063f fa0ffa6a
(12178) CVSRAM: read push: id 0, da fb580806 ff7df783 0f6efe9a 08890176
(12180) CVSRAM: read push: id 0, da 0aa9083b 05ccf07c 09f7107a e93df70d
(12182) CVSRAM: read push: id 0, da fd14f9bd f488071f f49001a6 00b2fdfd
(12184) CVSRAM: read push: id 0, da f7b90f47 eb37031c 042b066b 038e09f1
(12186) CVSRAM: read push: id 0, da 0b03ff11 0485fc27 1927ee72 0101fce1
(12188) CVSRAM: read push: id 0, da 06abf76a ff3605f7 025e0c78 f2bd0006
(12190) CVSRAM: read push: id 0, da f137ff68 f992fe98 f3080817 ebd909b7
(12192) CVSRAM: read push: id 0, da f6c7fd70 f4c0fb32 f893ff21 fecafb9b
(12194) CVSRAM: read push: id 0, da f974f868 ffc90143 0755ff86 0624022b
(12196) CVSRAM: read push: id 0, da fe41ff19 fb57fb6e fbd50721 f954f3b1
(12198) CVSRAM: read push: id 0, da 00aefdc8 fe990167 0cae0714 04e8fea5
(12200) CVSRAM: read push: id 0, da 0ad306dd 0261fe31 ab91008c 0360fe69
(12202) CVSRAM: read push: id 0, da f8a4f617 eae60211 fdbdfb33 fee5037f
(12204) CVSRAM: read push: id 0, da 07c601db 03ebf64a 0508fc2b 058de945
(12206) CVSRAM: read push: id 0, da 00350aa9 10c2ff5d efaff7da fcdbf6a4
(12208) CVSRAM: read push: id 0, da 07dd109d fafc0d4b 0dc7fdfd fda2131c
(12210) CVSRAM: read push: id 0, da f66dfd96 faf0f8d8 ff3600fb fc3cfe58
(12212) CVSRAM: read push: id 0, da 0272ffa1 0b50f4a9 0cc30192 11f9fe64
(12214) CVSRAM: read push: id 0, da 102cf2c5 f6f0fbee 0552f6dd 019bf51a
(12216) CVSRAM: read push: id 0, da 02c8f9ec 0eb9ff16 0734fcf8 fe4b089e
(12218) CVSRAM: read push: id 0, da 0f770014 fa87fe1a 0032fbdb fd200163
(12220) CVSRAM: read push: id 0, da 009aff2f 0329f5bf 0347f3d1 f30ffe5e
(12222) CVSRAM: read push: id 0, da fc1aff2a f3bc0a77 0040053e fbeaf973
(12224) CVSRAM: read push: id 0, da f9affb0c fbf2ffb0 033c06bb 00b2f871
(12226) CVSRAM: read push: id 0, da f7f608f1 fcda00bd 0af90058 069c0019
(12228) CVSRAM: read push: id 0, da 0157ff61 05c3ffa8 c29ee3c9 024b024d
(12230) CVSRAM: read push: id 0, da f51cf774 062dfcea f57c0421 fd93fc33
(12232) CVSRAM: read push: id 0, da fb05080f f8dff4f0 fe121e06 f248f986
(12234) CVSRAM: read push: id 0, da 018decd2 fd3f0021 fdbf06b0 fc48fc71
(12236) CVSRAM: read push: id 0, da cea11aab fde90f54 fa2f05ec ea970a9c
(12238) CVSRAM: read push: id 0, da 0da0074c 012209be 0b3c0704 03b9ffd6
(12240) CVSRAM: read push: id 0, da 068d0156 10aeef8b 08560487 0126fd00
(12242) CVSRAM: read push: id 0, da 0b972494 f6f00844 0971f417 0cfafaf3
(12244) CVSRAM: read push: id 0, da 2bf2e5c7 0b58f081 fb6405f4 0f22ff66
(12246) CVSRAM: read push: id 0, da 103801f9 10e1f76c f7d4feb8 fccc00d4
(12248) CVSRAM: read push: id 0, da 0ad50924 fc84fe0f fcdffc74 f54df176
(12250) CVSRAM: read push: id 0, da 075505e1 0083fa6d fbd31dd8 015100ed
(12252) CVSRAM: read push: id 0, da 01c504d8 08a2e974 06e4fa0e 05740c70
(12254) CVSRAM: read push: id 0, da f5a9fe13 feb2fd42 0165f7f8 f80901cc
(12256) CVSRAM: read push: id 0, da fc7afb85 f79bf5df 0776ffe0 f5180264
(12258) CVSRAM: read push: id 0, da 095cf2aa fe4ff98d f851ee59 011000b2
(12260) CVSRAM: read push: id 0, da fe0110f3 fa74ffd2 f84ffe2f ea6ffe9e
(12262) CVSRAM: read push: id 0, da f40202b1 0f6e0c70 ff75f701 00900642
(12264) CVSRAM: read push: id 0, da fe0d0d67 f08cf856 052b003d f81d011a
(12266) CVSRAM: read push: id 0, da 0d2505f9 01e10dc5 f04b0440 e751f65d
(12268) CVSRAM: read push: id 0, da f96ffc50 f4a80b8d 0207fe9d fdc4096c
(12270) CVSRAM: read push: id 0, da 08020213 02adfc4e 0d27f1c5 f5e80a80
(12272) CVSRAM: read push: id 0, da 06790351 0fb60216 fd51f3d1 029c05db
(12274) CVSRAM: read push: id 0, da 0894ead6 025dfd19 034bf496 091d00fc
(12276) CVSRAM: read push: id 0, da ed5913bc 0961faac fb341776 f9100479
(12278) CVSRAM: read push: id 0, da fbeb010b 022907c8 f9befd16 04f7fba0
(12280) CVSRAM: read push: id 0, da fdaf003e f4250522 fb82f5bf 02efffb7
(12282) CVSRAM: read push: id 0, da eb050027 f3ccff13 f7e306e4 08ab07c5
(12284) CVSRAM: read push: id 0, da 092501d3 f8cbfe44 ff5101f6 09dcff7a
(12286) CVSRAM: read push: id 0, da f84ffb72 e2940b8a eecc03b8 f307f8fa
(12288) CVSRAM: read push: id 0, da f4d9fd77 f42f0063 017e04e0 024cf56b
(12290) CVSRAM: read push: id 0, da f5e20768 f9380822 041d03b8 022304c7
(12292) CVSRAM: read push: id 0, da 050afb4e fd51f4b4 d8ace965 e002fbdb
(12294) CVSRAM: read push: id 0, da 03d8f031 0021f9dd f8ef0365 fd81fddf
(12296) CVSRAM: read push: id 0, da 013706f6 ffb4f68d f7cd1925 ec1af59d
(12298) CVSRAM: read push: id 0, da 0698fc09 febffeba 010f02e1 fa0e01e0
(12300) CVSRAM: read push: id 0, da 08b5014e ff530794 fcc303bf dd52da3a
(12302) CVSRAM: read push: id 0, da 0ab8eb07 0d0bf035 18dc0d32 0e89ece7
(12304) CVSRAM: read push: id 0, da 02ef08bd 3186ecd4 f3df0546 0fe8f201
(12306) CVSRAM: read push: id 0, da 1d700fa6 ff060020 f97ffbcf 048ffdc3
(12308) CVSRAM: read push: id 0, da f002e47b f829fa0a fdf8fd71 13d121c0
(12310) CVSRAM: read push: id 0, da fd26f8d1 0f42130b ec25fa4a e949fabe
(12312) CVSRAM: read push: id 0, da fd5efa3f 0076fca2 018df5f4 fcafff61
(12314) CVSRAM: read push: id 0, da 024cfbcb 11b4f873 fe252757 fdadfa7a
(12316) CVSRAM: read push: id 0, da 05261117 0633e6cf 08acf21c ff8a0aeb
(12318) CVSRAM: read push: id 0, da 042ffb97 fb85fb66 fbd10c10 fc510179
(12320) CVSRAM: read push: id 0, da fde801b9 00d8f386 02fff6b8 f242055f
(12322) CVSRAM: read push: id 0, da 05e7ee5a 00b9fc9f f96af2cd fe98ff35
(12324) CVSRAM: read push: id 0, da f4331598 feb30420 f8e1fea5 e1d40557
(12326) CVSRAM: read push: id 0, da f643fe40 e540ff03 0756fe0b f1a9fc85
(12328) CVSRAM: read push: id 0, da f58def44 0c2b00bc 02070b26 04c8fdda
(12330) CVSRAM: read push: id 0, da 12d40621 e3220627 f255febf fcbc07b9
(12332) CVSRAM: read push: id 0, da f2fcf0f4 fb6ded16 0b39f7d1 febb051e
(12334) CVSRAM: read push: id 0, da 06b9fb38 f8f8fe82 0c0600b4 f24006a4
(12336) CVSRAM: read push: id 0, da f8290514 0f59ff64 05a4f9a6 fd730a4a
(12338) CVSRAM: read push: id 0, da 088c042b 058f0241 fd0c0b82 fc01feb7
(12340) CVSRAM: read push: id 0, da 0ba40933 fe700135 02a5efb1 f621f99b
(12342) CVSRAM: read push: id 0, da 005aff5f 117e00b4 f6cf0700 eaa7ecca
(12344) CVSRAM: read push: id 0, da fdf4fbda 084708b4 010ff234 f4f0f890
(12346) CVSRAM: read push: id 0, da 0628fd79 006de788 0c0705b9 00daf300
(12348) CVSRAM: read push: id 0, da 01c206fe 0f9d0296 f3520305 fdceebae
(12350) CVSRAM: read push: id 0, da 0781030c 15bc0a3a 0ab4036e 0f530364
(12352) CVSRAM: read push: id 0, da 0562f7cb f82408d4 02b606e6 fff60dfc
(12354) CVSRAM: read push: id 0, da f1de02e8 fe710757 00d20406 fe2201cf
(12356) CVSRAM: read push: id 0, da 00d9fc2a fe5cfe2b bbbb0125 e78ff3c8
(12358) CVSRAM: read push: id 0, da f9a1fa7c e96cec5f f926076a fde8f510
(12360) CVSRAM: read push: id 0, da ff63037c 105ef49f 0191fdfe 0477f2f5
(12362) CVSRAM: read push: id 0, da f8ef0748 fc79f4ab 05b4012f 0191fea3
(12364) CVSRAM: read push: id 0, da e932f6fb 0170fe91 f7cf093d fdabfc79
(12366) CVSRAM: read push: id 0, da fa0be52c 131efa48 0d9a0f50 0342efc4
(12368) CVSRAM: read push: id 0, da 084b0b61 0dc6f943 ed2714af 0aa4f7fe
(12370) CVSRAM: read push: id 0, da 0833e2d5 fd9efcc7 f51103c0 054ef6cb
(12372) CVSRAM: read push: id 0, da 00e40198 fdb20299 09c0f97a 0a24097e
(12374) CVSRAM: read push: id 0, da 10f4fcb2 fed1f635 f57cfbc6 073ff09a
(12376) CVSRAM: read push: id 0, da 01d2f320 0416fbe4 0908f58d 0d5e0d18
(12378) CVSRAM: read push: id 0, da 02990436 0f5602c0 f77304e9 02e6fe1d
(12380) CVSRAM: read push: id 0, da 0a0302ab f50ee2ae 0648f6aa fdc7fed4
(12382) CVSRAM: read push: id 0, da ff5afd6e 02350789 f6720fca 0d0effee
(12384) CVSRAM: read push: id 0, da fe25f5a1 fdb5f062 0233edcc fe970201
(12386) CVSRAM: read push: id 0, da 0812f406 fced056b fc59fde7 f964031f
(12388) CVSRAM: read push: id 0, da 046d0eaa 03d7ffc7 e77908d8 d44ef641
(12390) CVSRAM: read push: id 0, da f6d609cf 00ae09cb ece407cd f6111c1f
(12392) CVSRAM: read push: id 0, da 05f5f91b f708f883 fb63fdd2 f6f7fff6
(12394) CVSRAM: read push: id 0, da 1b86fdef f722f448 f35efad8 072f028d
(12396) CVSRAM: read push: id 0, da f947f379 fcb0eb2c 0ad0fd13 01e1f7ac
(12398) CVSRAM: read push: id 0, da 0477f7b9 fd97fbd1 0af5001c f0d0fcbc
(12400) CVSRAM: read push: id 0, da f8760493 047d0b45 f9eafe76 fd750237
(12402) CVSRAM: read push: id 0, da feaa2010 0964fe9a fed80b19 f6a6fa96
(12404) CVSRAM: read push: id 0, da 2708ffcb fbea09b1 07d5f0a4 f9d9f808
(12406) CVSRAM: read push: id 0, da 0841fe3d e9da03aa 03c2fa71 fd0508ce
(12408) CVSRAM: read push: id 0, da fce8f96b ede4ffda fc9ffef7 ffd205de
(12410) CVSRAM: read push: id 0, da 0c6d0d17 ead6f97d 069bfe48 0a750cbb
(12412) CVSRAM: read push: id 0, da f493fb64 fef9f81f 0769fcd7 fb4d0247
(12414) CVSRAM: read push: id 0, da f40dfe78 f9880931 f7de072b 0029fee6
(12416) CVSRAM: read push: id 0, da f4ad0dd0 f4abfb21 fe6d059e 0d19f910
(12418) CVSRAM: read push: id 0, da f7d2fb70 010e0022 025afeb7 032ef95b
(12420) CVSRAM: read push: id 0, da 067efd47 ffcf030f 6cc3e8d2 04acf848
(12422) CVSRAM: read push: id 0, da ee87f416 13840533 ef190203 fa2ffee7
(12424) CVSRAM: read push: id 0, da f7e30eda ecdd2270 f1682c70 ee72fb42
(12426) CVSRAM: read push: id 0, da 016b0045 fb520289 fe7d0758 0351022e
(12428) CVSRAM: read push: id 0, da ca490f87 f94f0103 f6e4099d f15c2d02
(12430) CVSRAM: read push: id 0, da e957157e e8b71be3 f021f0ca efdf0c9a
(12432) CVSRAM: read push: id 0, da fe65f66f d10308f4 029bf0c0 f1320b1d
(12434) CVSRAM: read push: id 0, da 0dabc24e 092dfb88 023203d8 e36ff6c6
(12436) CVSRAM: read push: id 0, da eec4eff7 064524db 0fb3fcb6 ffa1e2e7
(12438) CVSRAM: read push: id 0, da f60f0227 1bbe0aed f630f713 f0890d44
(12440) CVSRAM: read push: id 0, da fc0d00eb ed1cfd20 0357f299 f9a11022
(12442) CVSRAM: read push: id 0, da 072b0155 f4d8fb7a fdb71e37 11e3f461
(12444) CVSRAM: read push: id 0, da f9140249 ffbff528 0297f87d f963075e
(12446) CVSRAM: read push: id 0, da 039b0b8a 0339033c 00a4f7a3 f0a907ed
(12448) CVSRAM: read push: id 0, da 07fa04eb f9b0f291 fc6efcc1 f5a5f693
(12450) CVSRAM: read push: id 0, da 0ceff3da fed5f0c5 ff22f06f 01df052b
(12452) CVSRAM: read push: id 0, da f0fd15e5 ffd401d9 12d3f783 e83a0af6
(12454) CVSRAM: read push: id 0, da 058cf88a 0fcffc42 f512085a 21c5ffdf
(12456) CVSRAM: read push: id 0, da ff9508f8 ea01f329 fc3efcbf 026f00c6
(12458) CVSRAM: read push: id 0, da eacdf567 2425f797 086703ff f638e063
(12460) CVSRAM: read push: id 0, da ffc20797 02510e98 f4270035 000cf562
(12462) CVSRAM: read push: id 0, da faf0fd55 f7c2fba2 0678f9e3 f64103ac
(12464) CVSRAM: read push: id 0, da faf102c0 16e5fa18 fdb8f7e2 02f4fdc8
(12466) CVSRAM: read push: id 0, da 02fefc93 002d07f9 0639ff75 fca1098f
(12468) CVSRAM: read push: id 0, da fbb50d57 ff49f7f4 f7400116 f7c8fd62
(12470) CVSRAM: read push: id 0, da fc19ff5b 029efb8b 064d07fe e525ec49
(12472) CVSRAM: read push: id 0, da 00fefe1b 3a63f9a3 00c2035c ff77fd15
(12474) CVSRAM: read push: id 0, da f663fc5b e506e3af 03b20b60 08a5e77b
(12476) CVSRAM: read push: id 0, da 03c3fc65 0f67fc11 fba51122 0a51fef6
(12478) CVSRAM: read push: id 0, da e963fd3b dfa10a90 e8990d4f e8f601da
(12480) CVSRAM: read push: id 0, da f0340c64 ec9af89d fd2c0a22 0cebfaa0
(12482) CVSRAM: read push: id 0, da 030cf51a 048603b8 01e20752 07fe0144
(12484) CVSRAM: read push: id 0, da fc91f904 0040ff3e 4cf6ef67 e0e7fa3d
(12486) CVSRAM: read push: id 0, da f780fdab 07e01b44 f36df92c f9c6070f
(12488) CVSRAM: read push: id 0, da 05ad0761 f7b4127d ee0b17f6 e54905e2
(12490) CVSRAM: read push: id 0, da 0f710fe9 fa23f7b7 f277fdfa 053ffbf7
(12492) CVSRAM: read push: id 0, da 7fffefe4 02370574 0ca5f5c2 ef41cd82
(12494) CVSRAM: read push: id 0, da e697142c e6361841 f29df2cb f0c10bcb
(12496) CVSRAM: read push: id 0, da f808f12b e277053b 0b07f64a f3f20db7
(12498) CVSRAM: read push: id 0, da 1037c345 0996f4d5 e53d0898 e84302b5
(12500) CVSRAM: read push: id 0, da ce73fc87 05ae1da7 fb31f481 05aff932
(12502) CVSRAM: read push: id 0, da e38202cc f90d34f3 faa1e272 f5c6fe7b
(12504) CVSRAM: read push: id 0, da f85cec8a 0257eea0 f972fb12 f37cf844
(12506) CVSRAM: read push: id 0, da 052f0332 068cf7ad 017b20dd 0ecdfb1e
(12508) CVSRAM: read push: id 0, da 0ae500d5 00f3f066 fae6f3d3 f0190448
(12510) CVSRAM: read push: id 0, da 02d91363 092e0d8f f766f57b eeb51105
(12512) CVSRAM: read push: id 0, da 0bd311dc 00f8f217 0157f285 f78f048f
(12514) CVSRAM: read push: id 0, da 0a5ceff1 fd49ec26 0093fa22 fe89041c
(12516) CVSRAM: read push: id 0, da ed721c3f 01840a2f 0d6f0554 e2ba006d
(12518) CVSRAM: read push: id 0, da f47e018d 11ac0072 fd21ef1e 020be815
(12520) CVSRAM: read push: id 0, da f7a6f923 fb690905 0293f96f ff11ff20
(12522) CVSRAM: read push: id 0, da e19e11c0 0a801681 f4b9f8f2 dfecf315
(12524) CVSRAM: read push: id 0, da ec5e0aba f2382d2e fdadfaed 00fc065f
(12526) CVSRAM: read push: id 0, da 0587f3b5 ef49f9ad 01b5fd82 f487ffe3
(12528) CVSRAM: read push: id 0, da eed60010 1723fa92 fcadfbc5 ff3ff9ec
(12530) CVSRAM: read push: id 0, da f8ba0915 fc76fd46 f7cb0cad f926049b
(12532) CVSRAM: read push: id 0, da 1f8bf7a7 001cfbf6 009cee15 f56bf74c
(12534) CVSRAM: read push: id 0, da 0236ff42 0844f5c5 07a70f97 ea69fc1d
(12536) CVSRAM: read push: id 0, da 069e01bc 38ba0a01 00580562 fa0e0099
(12538) CVSRAM: read push: id 0, da fff5e590 5a33f73b f63607a1 f17ef4e7
(12540) CVSRAM: read push: id 0, da 15f909db e652046a fbf8f265 f9af0604
(12542) CVSRAM: read push: id 0, da 002bff65 07cb0dc4 05220a00 06400742
(12544) CVSRAM: read push: id 0, da fbc9006b fb820132 fd77075f 05e2073b
(12546) CVSRAM: read push: id 0, da fc1eff9c 0033fdaa 02210654 018902a8
(12548) CVSRAM: read push: id 0, da f051fa72 0199f86d d421021f e350f62f
(12550) CVSRAM: read push: id 0, da 038101a9 e822f6f8 f1e9fa1a f6f40558
(12552) CVSRAM: read push: id 0, da f89806f9 07a70698 ff23f6af 080300b8
(12554) CVSRAM: read push: id 0, da fb7af8c5 fcbbf89a 01d80f0b 03d404a3
(12556) CVSRAM: read push: id 0, da cee5e4d6 fd7601e3 f8e40240 1bcc2cc7
(12558) CVSRAM: read push: id 0, da f1da032f e2651115 fa41f813 f3cc0586
(12560) CVSRAM: read push: id 0, da fd44ed92 efabf497 0e360022 f93f0a30
(12562) CVSRAM: read push: id 0, da fd1ee20f 01bbff05 fbfffb51 f6d4f7a5
(12564) CVSRAM: read push: id 0, da 01eb0850 f9dd0a71 fbaa0097 f994f1b6
(12566) CVSRAM: read push: id 0, da 0812f3b8 fe94d05f 1cbaff95 0e25e564
(12568) CVSRAM: read push: id 0, da 0c530040 16f40a2b 0484fcdd 0100faa1
(12570) CVSRAM: read push: id 0, da ff9806b6 0b630121 fb860674 fb8afd37
(12572) CVSRAM: read push: id 0, da 08d600b2 f293ec75 0737f748 f6d1fb73
(12574) CVSRAM: read push: id 0, da 083c0177 00a4188c e6ecfcfa ff4108d2
(12576) CVSRAM: read push: id 0, da f9e101a0 130eea17 04c0ec7b 0d77ffc4
(12578) CVSRAM: read push: id 0, da 0e90fc67 ff45f488 ff170a83 022dff09
(12580) CVSRAM: read push: id 0, da 1c01138b fc6d0276 f0041157 dafceb46
(12582) CVSRAM: read push: id 0, da 1039fe7a 0a54f137 02b90cc4 fdcb00d6
(12584) CVSRAM: read push: id 0, da 03e9f89b 0445f9e8 fc410131 04f5fc63
(12586) CVSRAM: read push: id 0, da ea01084f f6a8143a f218f735 e99702cd
(12588) CVSRAM: read push: id 0, da fd49feec ef4a0ce5 011efcb6 fca00466
(12590) CVSRAM: read push: id 0, da 0737f9ca fe80018e 0a2b04d3 fcc40139
(12592) CVSRAM: read push: id 0, da 04090072 09c7009f fb48fde9 fdc50856
(12594) CVSRAM: read push: id 0, da f3cb0867 ff88f8ad fe610e32 fa55ff2c
(12596) CVSRAM: read push: id 0, da 1ee0f7d6 042f09e7 0091f175 0607f4d8
(12598) CVSRAM: read push: id 0, da f8a8fa77 f9e4068a faa6fa84 14441016
(12600) CVSRAM: read push: id 0, da f9b1fa1e d993026e 0036094c 0770032b
(12602) CVSRAM: read push: id 0, da f46002bb eb441c2e 05ade95e e37e183f
(12606) CVSRAM: read request from dla, addr 50039fc0 burst 255 id 0
(12670) CVSRAM: read push: id 0, da fbc2fa9b 1076fe9a feef01cf fa8ffe92
(12672) CVSRAM: read push: id 0, da 110f0333 f55c0150 0b8502ba 1e7202cb
(12674) CVSRAM: read push: id 0, da 03530221 08b0fa34 02ef0117 07670095
(12676) CVSRAM: read push: id 0, da ffbeff58 035302c3 02c0fbf8 f6320250
(12678) CVSRAM: read push: id 0, da f7dd1285 f649fe99 5c6af3c7 1142fedd
(12680) CVSRAM: read push: id 0, da ef91f4e3 0b4e0a2b f74e0a16 fd7f01ba
(12682) CVSRAM: read push: id 0, da 018201ab f45f3b16 ecd20c41 f594fee7
(12684) CVSRAM: read push: id 0, da 048412f6 f8c4fcfa 04080859 08d2fc77
(12686) CVSRAM: read push: id 0, da ed410add 0107fe13 f98e023f f5cc0167
(12688) CVSRAM: read push: id 0, da 07e0fec0 0ca8e44c 054aff4f 0dcae50a
(12690) CVSRAM: read push: id 0, da 02e204ae 14211159 fd40fc51 0365f982
(12692) CVSRAM: read push: id 0, da fae30f92 f3dcfd99 fc6bff2a 02bbf960
(12694) CVSRAM: read push: id 0, da f2a80f88 fe19f4fc f69e0384 fe5e0c59
(12696) CVSRAM: read push: id 0, da fefb04a6 eb8fff6c 06faf902 055d016c
(12698) CVSRAM: read push: id 0, da f0cafd0a 0e81067d ffbb0395 fe5aff17
(12700) CVSRAM: read push: id 0, da 0df008c5 f4980679 feb006ff 0109fc11
(12702) CVSRAM: read push: id 0, da fb02fafd 032ff30e f81ef981 ff10030c
(12704) CVSRAM: read push: id 0, da f82eff96 0431fbe3 f5e2fb4d f6bffcd2
(12706) CVSRAM: read push: id 0, da 088e004f fc3bf83f f189fc1d f0e202d9
(12708) CVSRAM: read push: id 0, da 0f181188 066ff557 001c03a3 fcdd034b
(12710) CVSRAM: read push: id 0, da fa70078c fd6fe6a7 1892099a f1021916
(12712) CVSRAM: read push: id 0, da 0b670972 e103f1db fe430ccc 0bc1120d
(12714) CVSRAM: read push: id 0, da fa32015f f924f8d0 f7dd0157 07d5ffb3
(12716) CVSRAM: read push: id 0, da fffa0243 ec77f9ac fd030218 11280371
(12718) CVSRAM: read push: id 0, da 0372e917 04f6e9b0 05f60552 fe0f05e3
(12720) CVSRAM: read push: id 0, da 00d0065d f6b6ffb1 02c2fdc5 fc2d0482
(12722) CVSRAM: read push: id 0, da fc9c0136 06bcfec1 fa34001f 04c1fd6b
(12724) CVSRAM: read push: id 0, da ffdb0752 00980a26 05170932 fa640695
(12726) CVSRAM: read push: id 0, da 0c4c07de f99afb0c f6b2ff9f fc18f484
(12728) CVSRAM: read push: id 0, da fe5508a3 0587055c 017ef6fd ebf101a7
(12730) CVSRAM: read push: id 0, da 00ecf893 1d41fee8 0577ffeb f76001a6
(12732) CVSRAM: read push: id 0, da f753fe84 eadff9dd feff0c29 fdb5049a
(12734) CVSRAM: read push: id 0, da fba7f453 165e068d 00120104 09cc04a2
(12736) CVSRAM: read push: id 0, da fcf5fa1f e754ff1c fe850e25 04390084
(12738) CVSRAM: read push: id 0, da f9930279 ff87fc61 003e0980 0347fe1a
(12740) CVSRAM: read push: id 0, da fcf4effa 0162fec3 073c02e8 03ee0ade
(12742) CVSRAM: read push: id 0, da f8800b05 fa8efeb9 53c1fc9c f9930299
(12744) CVSRAM: read push: id 0, da efc3fd11 ff221004 f809f88b 00e8ff19
(12746) CVSRAM: read push: id 0, da f6cc040f ffcc3843 f3c00b2a eb6a052e
(12748) CVSRAM: read push: id 0, da fe84f9f9 0477f7c3 ff0f131a 03d80397
(12750) CVSRAM: read push: id 0, da 2366f664 fda1096b 09d5f986 f368d60a
(12752) CVSRAM: read push: id 0, da 01f704fd 123dedb2 fca7040a 0461fb04
(12754) CVSRAM: read push: id 0, da f5ca0b7a 04ae10c1 f60ffb3b 06c6f6bd
(12756) CVSRAM: read push: id 0, da fd032b51 f70ffc64 0a54fe5d 10790033
(12758) CVSRAM: read push: id 0, da 1748131c fbc3ee1e f4ed09ca fc0bfb9e
(12760) CVSRAM: read push: id 0, da 072a0e06 e7f4f001 044c0b15 16be0aa3
(12762) CVSRAM: read push: id 0, da faa70047 efeaf492 fe3e064b fd0bec60
(12764) CVSRAM: read push: id 0, da 060f0734 fbc90630 fdee0a30 0590fc6d
(12766) CVSRAM: read push: id 0, da 0910fbd5 039bf493 f856f99f 042ef826
(12768) CVSRAM: read push: id 0, da 03b3fcff 04b50181 f3fff880 f31df66d
(12770) CVSRAM: read push: id 0, da 110602e2 025cf8c9 f3bff31b f3fcfe8a
(12772) CVSRAM: read push: id 0, da 0cc02759 fbd8ea4a ffec0a6e f98f06a6
(12774) CVSRAM: read push: id 0, da 046a07be fd6de88b 11c71661 ee3910f7
(12776) CVSRAM: read push: id 0, da ecf10ce3 272f0869 e2f7f232 f8c9f35c
(12778) CVSRAM: read push: id 0, da 01130c56 e9b10b04 ff1bf2c6 f5a5fe5b
(12780) CVSRAM: read push: id 0, da 07fff89f ffc0e908 fc0b0552 0eebff38
(12782) CVSRAM: read push: id 0, da f996f502 124efbef 025d047d 0407f98b
(12784) CVSRAM: read push: id 0, da 03f7005c f5e905c6 fcf903fb fd9d044c
(12786) CVSRAM: read push: id 0, da 03edfb97 08d10518 f3080176 05d40161
(12788) CVSRAM: read push: id 0, da f6810b0c f7f5fd34 ff291074 f14a023e
(12790) CVSRAM: read push: id 0, da 2327f8ce 042d046a fbc6eacf 00fff801
(12792) CVSRAM: read push: id 0, da 05e805ed f2490064 ffe9fd4c 0f610a85
(12794) CVSRAM: read push: id 0, da fa24fd96 fd0b0288 03e30013 04ad01d2
(12796) CVSRAM: read push: id 0, da 0af7f550 0981f302 04de08f2 036300c5
(12798) CVSRAM: read push: id 0, da fe60fc68 e646f376 fe6901b0 05d312ef
(12800) CVSRAM: read push: id 0, da 14f30360 0fa0065a 106e1173 0bce041a
(12802) CVSRAM: read push: id 0, da 0762fcde 06d009ed 02c10738 fbfb011a
(12804) CVSRAM: read push: id 0, da fc9301ee fb91f939 fc96046c 09c100b4
(12806) CVSRAM: read push: id 0, da f8d2fcd4 006e04b7 c9f001b0 fdbdfed9
(12808) CVSRAM: read push: id 0, da f1a90211 ec9efccb f904ffdb febdffc5
(12810) CVSRAM: read push: id 0, da f4e9f9a6 04f3034b fd67f716 ff3c035d
(12812) CVSRAM: read push: id 0, da f7c0eafe ff5b029c faa90134 06760593
(12814) CVSRAM: read push: id 0, da d1bff76d 02f601e2 f6240bbe 12c51f8f
(12816) CVSRAM: read push: id 0, da f59d0a70 01cb04a2 f3e5fc21 fc3df55f
(12818) CVSRAM: read push: id 0, da f9e6090b f5da0d94 fceefaf0 fd9d059a
(12820) CVSRAM: read push: id 0, da 011d14ac 01dcfa05 0b740592 05fbfe94
(12822) CVSRAM: read push: id 0, da 16d71096 f56bf440 01550996 ee2ffb38
(12824) CVSRAM: read push: id 0, da f0e305a8 0ad3fb8f f60606e2 09e20b32
(12826) CVSRAM: read push: id 0, da 0458ff98 f7d1fe74 01300277 080bf4f5
(12828) CVSRAM: read push: id 0, da 03c5fdc7 036c14cf edba002b f852ffa7
(12830) CVSRAM: read push: id 0, da f941fe12 fcd9f4da f879f446 fe58f814
(12832) CVSRAM: read push: id 0, da 0455f20e 01710af2 ef76e887 eeb4f911
(12834) CVSRAM: read push: id 0, da fbdefdf9 0982f890 fdc7f21c fc7205da
(12836) CVSRAM: read push: id 0, da 0baa1e50 fde7fa0b fcdf14dd 006700cf
(12838) CVSRAM: read push: id 0, da 2a4102be f6b1f542 f7060f42 eba1fcc3
(12840) CVSRAM: read push: id 0, da 0cc8fe32 eafffb1b 0cb7ff4a f492fdc6
(12842) CVSRAM: read push: id 0, da fd29f391 0f7d03b0 047b029d 0804010b
(12844) CVSRAM: read push: id 0, da f9fdfe94 16c0f673 029afc20 f63cf453
(12846) CVSRAM: read push: id 0, da 05e0ff23 037b099b ff6f0150 00a20468
(12848) CVSRAM: read push: id 0, da 026cf6ce fd320893 09800537 01310809
(12850) CVSRAM: read push: id 0, da fdcefd7e 01edfd12 fffffa0a fd4209cc
(12852) CVSRAM: read push: id 0, da f8aaf9ca f8a6f960 02720cb0 ffb8fe54
(12854) CVSRAM: read push: id 0, da 0716e5bb 1f55feac fcebf72b 18eff77d
(12856) CVSRAM: read push: id 0, da f884fbcd 03f30b7e ff5dfa52 093303c9
(12858) CVSRAM: read push: id 0, da fab1fbf8 e571ffba ff8403e6 fdb605fb
(12860) CVSRAM: read push: id 0, da 01890b21 f18b04c5 06a8ffa9 fd3ffd17
(12862) CVSRAM: read push: id 0, da f987fdb7 fe9efc15 fd55004d f2e8fa8e
(12864) CVSRAM: read push: id 0, da 05120560 06b8fed5 0a25064f 01860264
(12866) CVSRAM: read push: id 0, da 0b32e92a 005d033f cbfff78a 0a85f502
(12868) CVSRAM: read push: id 0, da e5aefe96 072807d7 f7c9feec f4c2e4e8
(12870) CVSRAM: read push: id 0, da fffafbfa f975f21d f296001a faccfbc8
(12872) CVSRAM: read push: id 0, da 0b28faf6 e65bf07f 07200c92 0ae11241
(12874) CVSRAM: read push: id 0, da 02930677 13d1fa13 038b019a 018a0368
(12876) CVSRAM: read push: id 0, da e7f00238 f115017f 0701f836 ea66f4d5
(12878) CVSRAM: read push: id 0, da 02eefd1c fbf4fc8b 02210e3b 0e2004fd
(12880) CVSRAM: read push: id 0, da fd030277 fba900ec f8aefafc ffa60cfa
(12882) CVSRAM: read push: id 0, da 00d303c5 fcb8fd15 fa38f130 fc4106fb
(12884) CVSRAM: read push: id 0, da f550089b 019918f6 ffc2f717 fac60c73
(12886) CVSRAM: read push: id 0, da fb3604b5 05d0fc03 fb920004 f9f7fb16
(12888) CVSRAM: read push: id 0, da 02fbf093 07e3fa8a f9bd042a 006d006f
(12890) CVSRAM: read push: id 0, da e9c6049e ff71faa2 f4d2101b 04fc0427
(12892) CVSRAM: read push: id 0, da d2eef989 f6f11609 0a84ff93 fb50f32e
(12894) CVSRAM: read push: id 0, da 0092fd51 f92df7b5 f8cb01df f750f7db
(12896) CVSRAM: read push: id 0, da 0e50ff59 0d3ae88f 12cd1495 2447e670
(12898) CVSRAM: read push: id 0, da 04db1174 1b7a013d fc150a48 0b7f01cc
(12900) CVSRAM: read push: id 0, da f1e412e7 fe8bfaae fc73f58a ff9df467
(12902) CVSRAM: read push: id 0, da f3b00a3e f6cbfbfe fea8fb4b 022f0834
(12904) CVSRAM: read push: id 0, da 041ef773 f12ff923 00a2007a ffb2f9be
(12906) CVSRAM: read push: id 0, da 052ef0b2 fc9cf9bd f671044e 0192fe8c
(12908) CVSRAM: read push: id 0, da fa92f786 f53007fc 00baff91 039411b5
(12910) CVSRAM: read push: id 0, da 0737f8c9 0b7dfb0e f9c5fd1b 068009d3
(12912) CVSRAM: read push: id 0, da e7dffc5f eb921674 f556fc20 e443fb7b
(12914) CVSRAM: read push: id 0, da f04af25e dfd7f17e f877fb3c f1ccf0f5
(12916) CVSRAM: read push: id 0, da fe78fb98 fa730ab6 fe79e936 fecefd81
(12918) CVSRAM: read push: id 0, da fd4fff66 fb28fc68 fdbb0348 f7dcfda9
(12920) CVSRAM: read push: id 0, da e94afa6b ff77fb0c 0a7206a9 fc6bfaa8
(12922) CVSRAM: read push: id 0, da 0392ffc7 09a2ffef feab066b 0183f9e7
(12924) CVSRAM: read push: id 0, da 029e032b 026e0499 037bf40f fc70fe6c
(12926) CVSRAM: read push: id 0, da 046df5b7 fc00f80a ff8ff48a 04cdff6b
(12928) CVSRAM: read push: id 0, da fde4013e fe2800e3 fe710a88 fafff6a0
(12930) CVSRAM: read push: id 0, da e0d3ee5d fc2f0124 f4dafb09 fef01b9d
(12932) CVSRAM: read push: id 0, da 050702f8 ed24f9c1 f809f03a fe3a041e
(12934) CVSRAM: read push: id 0, da f50ff650 0fd4f6e7 0596ee74 0328ff89
(12936) CVSRAM: read push: id 0, da 21d70796 e1fde61b fa951094 059c28f8
(12938) CVSRAM: read push: id 0, da f1590db0 eb6ff7d3 04b10a12 1127feba
(12940) CVSRAM: read push: id 0, da 1315ffc7 effcf6e3 f66c02bd 00f5054f
(12942) CVSRAM: read push: id 0, da 0222fb93 fec0f7b2 fec8f934 f743faf9
(12944) CVSRAM: read push: id 0, da fe6ef66f 0cef0e87 ffdcfcc7 f516079b
(12946) CVSRAM: read push: id 0, da 06aafb12 f14cffe7 ffbcf37e fb8709dd
(12948) CVSRAM: read push: id 0, da f9e70373 f67607a4 0397ffc0 043910a0
(12950) CVSRAM: read push: id 0, da fc81fa80 f652fafe fd83fea9 fe660488
(12952) CVSRAM: read push: id 0, da 0906e99d f9810008 fc82062d 0b6c0711
(12954) CVSRAM: read push: id 0, da f1c70605 fb2ef543 f7d6ffd0 ee41e91a
(12956) CVSRAM: read push: id 0, da dccd0062 09f4081c ff2f0ea2 f9c5ee81
(12958) CVSRAM: read push: id 0, da 0ac80399 fb9b00c1 f7ed074e f782fea5
(12960) CVSRAM: read push: id 0, da 11ce0505 0ceee590 0cba122d 1595eecc
(12962) CVSRAM: read push: id 0, da fd6f0949 135300e0 ffdd0396 0e25fba7
(12964) CVSRAM: read push: id 0, da ee51f864 f8cc07c0 fe8d03bd fcf7f607
(12966) CVSRAM: read push: id 0, da f8531384 0c92fdea 033c030b f330fb9a
(12968) CVSRAM: read push: id 0, da 0b1ef514 0f92f2a7 14a4fa3b 1580f316
(12970) CVSRAM: read push: id 0, da 056ffc14 0a76f8d8 f8c40096 055f07eb
(12972) CVSRAM: read push: id 0, da 0763f500 03bff17f f332f7fa 213414d7
(12974) CVSRAM: read push: id 0, da e94e013d fff5fa44 fc1b05e1 0a45f5f0
(12976) CVSRAM: read push: id 0, da edeefd6f f5832288 fd98020c ef89f201
(12978) CVSRAM: read push: id 0, da f6cdf34f efd9fbeb fe3604a1 f8f2fc13
(12980) CVSRAM: read push: id 0, da 1e7303c8 ef590a25 f3ecebc7 f8840070
(12982) CVSRAM: read push: id 0, da 0710fd58 f33b08a3 fb1cf386 eccbfcc9
(12984) CVSRAM: read push: id 0, da e4c2075c fbdd049b fc3bfe99 0036fdae
(12986) CVSRAM: read push: id 0, da f7abf969 fe7cf648 f9d6058b 00bff8ec
(12988) CVSRAM: read push: id 0, da ee08144b f77811e8 fbe1f727 f9f9f7d6
(12990) CVSRAM: read push: id 0, da 05f001c3 f574faf1 00f7f53a 08e7f20a
(12992) CVSRAM: read push: id 0, da fb42f901 0e92fe96 fe4306f0 041dfa89
(12994) CVSRAM: read push: id 0, da ed490ab3 01df02aa 24990547 f4b50002
(12996) CVSRAM: read push: id 0, da 14fb0931 fc40f6f9 019deba3 fc0a1685
(12998) CVSRAM: read push: id 0, da 01cafdf6 fbc90be1 0145f084 fd1cf9ef
(13000) CVSRAM: read push: id 0, da 0e6d0290 0bb3f785 feda0d8c ff521fb6
(13002) CVSRAM: read push: id 0, da 028b0687 f36affa4 050004ac 02b300ba
(13004) CVSRAM: read push: id 0, da f72a0168 f5eafbed f0b707af fe6401d9
(13006) CVSRAM: read push: id 0, da ffb60ace f30204c2 ff50f0ae fc190850
(13008) CVSRAM: read push: id 0, da 05cd0522 fe52fb8b fee200f7 007ef9bd
(13010) CVSRAM: read push: id 0, da 021af9c8 01880688 00040054 f39a07fe
(13012) CVSRAM: read push: id 0, da 0fc30439 f6abe2a5 fe6b0407 08d0ecea
(13014) CVSRAM: read push: id 0, da fe5e064d 1005ffc2 063d041a 0c810553
(13016) CVSRAM: read push: id 0, da 04eaf343 f3daf940 05dd0ad5 0cccf94f
(13018) CVSRAM: read push: id 0, da 00e8ffda 021af94f f8b4fa68 f721fe00
(13020) CVSRAM: read push: id 0, da 0c9f04bf 0626f9c5 fcab00d5 087af47d
(13022) CVSRAM: read push: id 0, da ff990441 0553052b 07740925 0734001c
(13024) CVSRAM: read push: id 0, da 015800e0 00f8fae8 ff9e08da 09a5f80b
(13026) CVSRAM: read push: id 0, da 02a304a6 164dfc69 0688fe4f 01e304e6
(13028) CVSRAM: read push: id 0, da ee80ea84 04e20235 04a601e6 fba0000d
(13030) CVSRAM: read push: id 0, da 040f12bb 089a0214 032a01d0 dc1ff0d1
(13032) CVSRAM: read push: id 0, da 0c61edd1 23aaf006 090cf84b 1677ee43
(13034) CVSRAM: read push: id 0, da fbbffad7 0f4003f6 fa6d03c8 01620252
(13036) CVSRAM: read push: id 0, da fbf70ae2 08030326 f8e30249 fa3ef99e
(13038) CVSRAM: read push: id 0, da 0127f96c ff98f903 00c3fcc9 ff540382
(13040) CVSRAM: read push: id 0, da ee500454 e7360ac5 fd2301b1 f22cf5b7
(13042) CVSRAM: read push: id 0, da f08afa08 fa8d0244 fe47f85e fb810094
(13044) CVSRAM: read push: id 0, da fad003cb 07eb05d9 f2d6ef84 f0b5f1d0
(13046) CVSRAM: read push: id 0, da 0f920648 f1fd0ed3 0149f8f9 00ae070f
(13048) CVSRAM: read push: id 0, da f13dfe3b fbda045d 02b801c0 0c4efafe
(13050) CVSRAM: read push: id 0, da 01d7fcd7 0392ffcc 05720aba fff907ee
(13052) CVSRAM: read push: id 0, da f8b30b13 00fb0e15 0208fbf7 fdfe010b
(13054) CVSRAM: read push: id 0, da fbb50492 fba8fdd5 028df7e3 0024f82d
(13056) CVSRAM: read push: id 0, da 01f7eeea 0971fef4 ffd70843 fb9105b8
(13058) CVSRAM: read push: id 0, da 0675f19f fe71fb64 b649fb3c 02cceb10
(13060) CVSRAM: read push: id 0, da d54cfc1f fd6f1a50 f491f738 f082d763
(13062) CVSRAM: read push: id 0, da 012bf904 f5dbff14 f636fde1 f8e7fff9
(13064) CVSRAM: read push: id 0, da f254047a 028a0112 fc3dfae0 ff07f88c
(13066) CVSRAM: read push: id 0, da 00affa61 fb38f254 f855fafa f91fff0c
(13068) CVSRAM: read push: id 0, da f1c2fe8b f026fcbe 15b2f44e eaeafdaa
(13070) CVSRAM: read push: id 0, da 01bdfc48 f8750583 02501362 09ac00f5
(13072) CVSRAM: read push: id 0, da f6d8fc44 024b0e59 0951fbee 00680fe6
(13074) CVSRAM: read push: id 0, da ff8c047b ff1ef5a3 fd09f724 fe30085b
(13076) CVSRAM: read push: id 0, da e073fbc5 11881df0 03e1efb1 eb1110b0
(13078) CVSRAM: read push: id 0, da ffddffe8 f079094e feb0012c f3f30634
(13080) CVSRAM: read push: id 0, da f7ea0219 10691de6 fadb0008 f482fb1f
(13082) CVSRAM: read push: id 0, da e5f9017c f5870980 f3fc07bd f759202d
(13084) CVSRAM: read push: id 0, da d371fe75 f55b1502 04a10395 f895f7ca
(13086) CVSRAM: read push: id 0, da 022df5ab f042f810 f9a30022 f668f7f4
(13088) CVSRAM: read push: id 0, da e239063b f5840e41 f247e90b e41d0a84
(13090) CVSRAM: read push: id 0, da 0300f14c ed3ff60d 07c1fd9f f20d0175
(13092) CVSRAM: read push: id 0, da 008625f3 fec6f50e fbf1f7e6 0878011c
(13094) CVSRAM: read push: id 0, da f72cf569 f144f4e1 f368fca8 0bfa15df
(13096) CVSRAM: read push: id 0, da f9d1f092 f54500cc fdcefafc 0505f5f6
(13098) CVSRAM: read push: id 0, da efb8f7b0 0b71ed1f 09250953 ff24fc50
(13100) CVSRAM: read push: id 0, da 0505ecfd 0f45f76e f343fc9b 1b69fb00
(13102) CVSRAM: read push: id 0, da e510038b 01b7ec08 0aff0870 09a8f9d9
(13104) CVSRAM: read push: id 0, da f00ff5e2 ed442103 f3560002 eaa0fa55
(13106) CVSRAM: read push: id 0, da 007f0230 eb7bf347 f29cf7db fbadfcb6
(13108) CVSRAM: read push: id 0, da 09e1ffe7 fed0f3dd fd36f61d f7d5f27c
(13110) CVSRAM: read push: id 0, da 052cf903 0024046b 125ced84 03dd0503
(13112) CVSRAM: read push: id 0, da ea38f0cc 09c1043e 099afbc7 04d6f674
(13114) CVSRAM: read push: id 0, da ff78ffc9 0aaff872 f6bb0742 0110050c
(13116) CVSRAM: read push: id 0, da f5d509b4 f4f903a1 05b5f2c2 0465ef0c
(13118) CVSRAM: read push: id 0, da 075ffd13 0bf1f258 fc50ed3d 069afab5
(13120) CVSRAM: read push: id 0, da fdb4f28f fb9002ac fbc90756 f96bf92f
(13122) CVSRAM: read push: id 0, da e762f7cd fcab06de f59903bb fa0d0b3d
(13124) CVSRAM: read push: id 0, da 02def984 e545f51f f90ff220 153bff9e
(13126) CVSRAM: read push: id 0, da f55eef1c 21fcf9fa 0b17f21e 08700766
(13128) CVSRAM: read push: id 0, da e94d0905 04230bc4 ff2bfa6d fec0e08f
(13130) CVSRAM: read push: id 0, da 020cf118 19abf71e fb7bfd2f f938fbe5
(13132) CVSRAM: read push: id 0, da 1c8700c0 f943fd4f fbcbfdb6 0d90109b
(13134) CVSRAM: read push: id 0, da 0330f99c 01b20311 f988facb eaa6001e
(13136) CVSRAM: read push: id 0, da ee3ef0ea 10a01007 0d49fc51 f35d0936
(13138) CVSRAM: read push: id 0, da 0d29fd84 f8e000f1 fc41fcc0 fe7a0d42
(13140) CVSRAM: read push: id 0, da e984f784 f45d118c ff3df737 eceb149a
(13142) CVSRAM: read push: id 0, da 02e6f117 0ec4fec9 f3bbfbee f6a80bf2
(13144) CVSRAM: read push: id 0, da ff6bfbf1 fb0d1c85 f6b70787 fa8e0847
(13146) CVSRAM: read push: id 0, da fb1bf0bd febb0576 fd68f864 e0e5f25f
(13148) CVSRAM: read push: id 0, da f3a4ff11 0a36ff03 f8f60b68 f639feac
(13150) CVSRAM: read push: id 0, da 05ba037c fa98fcf5 fe810a39 f68bf9cf
(13152) CVSRAM: read push: id 0, da df89030e d8891b3c f26aec71 dbf62aab
(13154) CVSRAM: read push: id 0, da f773f432 dc17f8fa fcc2fb78 eede0182
(13156) CVSRAM: read push: id 0, da f3d910d7 faa800a0 f7c8f6de 04d4f9ec
(13158) CVSRAM: read push: id 0, da ea9b08f9 fbd2f27c ff200296 0b3f2057
(13160) CVSRAM: read push: id 0, da fb0802dd fb870e03 0317052e 0ba1fa1c
(13162) CVSRAM: read push: id 0, da fa02fbbf fc0cedd5 0bdd0393 05590175
(13164) CVSRAM: read push: id 0, da 02ec0a5c fc6d04da fffd0f47 e804f1f1
(13166) CVSRAM: read push: id 0, da ff440333 fae40458 0386fcba fde9fde2
(13168) CVSRAM: read push: id 0, da f655fa57 fd9823d2 fe8101a1 f613f94a
(13170) CVSRAM: read push: id 0, da 0b02fbce f9d603b9 fa3204d8 fc7902d2
(13172) CVSRAM: read push: id 0, da 27f60783 0470d915 04a0fbb6 f1aeedce
(13174) CVSRAM: read push: id 0, da 06e3ff35 ec2c0527 0d13f01f 1797001e
(13176) CVSRAM: read push: id 0, da eebfee83 02bb0ce2 fdf60046 fffafbe9
(13178) CVSRAM: read push: id 0, da ece0febb 05b2f041 ec480b07 0183ed8e
(13180) CVSRAM: read push: id 0, da daba146a ee5201be 14e5f8e2 0ef3e68d
(13184) CVSRAM: read request from dla, addr 5003dfc0 burst 255 id 0
(13248) CVSRAM: read push: id 0, da 005706d3 fb7cf10a 052005b5 03f9ed14
(13250) CVSRAM: read push: id 0, da fb500548 0913fb18 fb0a0494 044bfbe2
(13252) CVSRAM: read push: id 0, da f81e0f8c 0135fa49 467402b8 fcbb0b14
(13254) CVSRAM: read push: id 0, da 2b4b0bb0 09e8e52b 027bf964 fcd33040
(13256) CVSRAM: read push: id 0, da fe1e0a11 f7d200fe 0319019d 09b7fe6c
(13258) CVSRAM: read push: id 0, da 092e024c f65b01e8 01f3ff27 01f2f5fa
(13260) CVSRAM: read push: id 0, da 03050319 fdb5fb5d 082afe98 07a4055a
(13262) CVSRAM: read push: id 0, da 014ffe6c f8a7f26b f75a0730 0acd1196
(13264) CVSRAM: read push: id 0, da 01a00c67 ef22f89c fc63edf8 fbd0fe0f
(13266) CVSRAM: read push: id 0, da 02a6fa6b 02630131 0634fd4e 03a9feb7
(13268) CVSRAM: read push: id 0, da 0db5f89b 0b0e04ee 01ce0521 f7390963
(13270) CVSRAM: read push: id 0, da 191dfe17 f85eca2b 05e10761 1731c8e4
(13272) CVSRAM: read push: id 0, da fb040697 1b3f011d 0855057e 19f400ad
(13274) CVSRAM: read push: id 0, da 0560f783 fd03f9a9 fe510488 032605ae
(13276) CVSRAM: read push: id 0, da 2509f84a 0450f94b fa87f1a7 f277f7a9
(13278) CVSRAM: read push: id 0, da 2a2202a4 02fef015 f790f88b fefd0dcd
(13280) CVSRAM: read push: id 0, da f9beff94 00520655 05d2fe49 077e0464
(13282) CVSRAM: read push: id 0, da e271f6a4 dbec1c53 f215e84f e5aa07c5
(13284) CVSRAM: read push: id 0, da fdf5fc76 e6420065 fcd8fe40 ee250410
(13286) CVSRAM: read push: id 0, da f1d8e50e fc3009ab 02ba099a fae5000c
(13288) CVSRAM: read push: id 0, da f3890fbc 0339f9e6 092c066a f2e9fe16
(13290) CVSRAM: read push: id 0, da fd7606bb 08e2f95f 0367ff29 0a0bfa17
(13292) CVSRAM: read push: id 0, da fc61fca7 02f7f816 091f05b2 0108f986
(13294) CVSRAM: read push: id 0, da f06b0c73 f1fb0474 07eb02af e2950051
(13296) CVSRAM: read push: id 0, da 15ad06e7 f47803d5 fe4cfb26 f4c105fa
(13298) CVSRAM: read push: id 0, da 046c05a0 f3180864 06580312 f86006a7
(13300) CVSRAM: read push: id 0, da 04fc01e9 fd3101a5 feae01f7 0104fdf1
(13302) CVSRAM: read push: id 0, da f63cfd24 079ef2a3 f1450376 f990f65a
(13304) CVSRAM: read push: id 0, da 071efd04 05e4f670 07d7f2b0 0e440e62
(13306) CVSRAM: read push: id 0, da f054f111 038906ed 07ba05e0 04a3f2a0
(13308) CVSRAM: read push: id 0, da ff94fb53 0b00fa33 fe4e10aa 00cffce0
(13310) CVSRAM: read push: id 0, da fbc9071e 09a2f264 07aaf2e4 00bef77d
(13312) CVSRAM: read push: id 0, da 00570294 f991f790 0125fd34 f67bfd09
(13314) CVSRAM: read push: id 0, da 04b502da 064efd9c 02180733 fe66009e
(13316) CVSRAM: read push: id 0, da 0773fe42 fa8ffea2 de0702e3 ffe8fd89
(13318) CVSRAM: read push: id 0, da eea8fb8f 022a13f8 f8d9ee4b f8ecefd4
(13320) CVSRAM: read push: id 0, da 0001fd3c 00940767 f699fc6c ff2800fc
(13322) CVSRAM: read push: id 0, da f63cffed 08a70fc8 00a7fc20 f6e7f563
(13324) CVSRAM: read push: id 0, da 04ecff64 f89a0200 fa29fe66 f24401ac
(13326) CVSRAM: read push: id 0, da f17afad8 f7d208ca fa98f738 f49df5f9
(13328) CVSRAM: read push: id 0, da fddbf6ef ef6500ca 04781233 00c90490
(13330) CVSRAM: read push: id 0, da ff74f601 07410b6d f914fbe4 006508bd
(13332) CVSRAM: read push: id 0, da fc390444 02c4fac7 fbd1fac0 f69c00b6
(13334) CVSRAM: read push: id 0, da fb58018f 067e0e60 03acf1cb fbaf0842
(13336) CVSRAM: read push: id 0, da f8530922 f29c0ef1 03580281 fed805de
(13338) CVSRAM: read push: id 0, da f52d17b3 0b44099f 0165084e 0149f58d
(13340) CVSRAM: read push: id 0, da f7fa08c4 f70c073c f476f93d fc310b7e
(13342) CVSRAM: read push: id 0, da f84efffb fbc60282 fd8d08a2 fa75f85e
(13344) CVSRAM: read push: id 0, da 036d00ab fa3df1c0 fb99feff 00f6feed
(13346) CVSRAM: read push: id 0, da fc8508ec 06460390 fbfbfdab 0274ed40
(13348) CVSRAM: read push: id 0, da fee5005c 03460118 fdca00e6 0771fd23
(13350) CVSRAM: read push: id 0, da 23360c56 fc43ebd6 08dffadf 11e7055c
(13352) CVSRAM: read push: id 0, da 09b2ea83 f9f80743 fe050048 11d0fac9
(13354) CVSRAM: read push: id 0, da 010d0b0a f20afea2 f17803ba f22913d2
(13356) CVSRAM: read push: id 0, da 01ad0481 fc18f467 07aef92f eed9fdce
(13358) CVSRAM: read push: id 0, da f96e0708 0f8a11d3 f327009f f164021d
(13360) CVSRAM: read push: id 0, da 02c608bc e43dfd86 019103a8 fb4d076c
(13362) CVSRAM: read push: id 0, da f7aef6d5 03750294 f196fd03 f0610236
(13364) CVSRAM: read push: id 0, da fd380cbb f6b2fe5d e66efc8d fdf5f811
(13366) CVSRAM: read push: id 0, da f62b02e2 f083100e fadb050a f2c3ff92
(13368) CVSRAM: read push: id 0, da fee3f839 f686f342 fdbefb8e f8b3f81a
(13370) CVSRAM: read push: id 0, da f10e06e0 fbce0305 047bf97b 0c87f534
(13372) CVSRAM: read push: id 0, da f98c00fc f88305d3 fe3b01f8 024f0dfc
(13374) CVSRAM: read push: id 0, da fab2f9f0 fa640bd5 fc7bf4b1 0400020f
(13376) CVSRAM: read push: id 0, da fba3ff3d 002ff3fa 0b0ef4bc 0045fbfe
(13378) CVSRAM: read push: id 0, da 0109004f fd07ff60 0136ffc6 fe2b0017
(13380) CVSRAM: read push: id 0, da f9af0ac2 ff03fcb9 199e03ce fa3505a9
(13382) CVSRAM: read push: id 0, da 001600c3 eac1fcad fa50ee18 119408ab
(13384) CVSRAM: read push: id 0, da ed87f411 086af8e7 090cf819 006e0148
(13386) CVSRAM: read push: id 0, da e5c500dc 11361be0 0473f7a5 f178e74d
(13388) CVSRAM: read push: id 0, da 033bf63c 061a014e fc3dfa17 eeddfeb9
(13390) CVSRAM: read push: id 0, da 06fdfd8b f61efb4f eece031e 06ff00ec
(13392) CVSRAM: read push: id 0, da fd0bfae1 f9ac0012 fcb0feb9 fbccf74b
(13394) CVSRAM: read push: id 0, da fe0bf0bb 08cb0bfe f809f7bd f5ef066b
(13396) CVSRAM: read push: id 0, da 0d01fda6 054d0034 f9f0001c fbee04e3
(13398) CVSRAM: read push: id 0, da f9ba0009 f2e8fc5d f5c2f88f 0090128a
(13400) CVSRAM: read push: id 0, da 015ffe42 ff6df6e9 f929f2da fd09fec7
(13402) CVSRAM: read push: id 0, da f92628f2 fe83ffe2 ff3afd6f fe950066
(13404) CVSRAM: read push: id 0, da 031efb19 03a7079e f8dff3a6 eb3bf9f3
(13406) CVSRAM: read push: id 0, da 1be7f9f9 005cf600 fc140272 fbce009d
(13408) CVSRAM: read push: id 0, da 00df0e48 0a5cfe83 fe3d0057 03bc02d4
(13410) CVSRAM: read push: id 0, da 178a0257 0329ec63 06270453 12e0e7d3
(13412) CVSRAM: read push: id 0, da fee50549 0aa605b2 0481fc6f 08d0fc44
(13414) CVSRAM: read push: id 0, da 080212db 0367f824 f99cfb5d 0817025b
(13416) CVSRAM: read push: id 0, da f0b4f82d f1e2f70c f1f8fc04 107422f8
(13418) CVSRAM: read push: id 0, da f8e80ca8 e8bc10c6 f74c10f5 dd4f12aa
(13420) CVSRAM: read push: id 0, da 0a940bbe ea46001f ffd0ffdf f4b3f7b0
(13422) CVSRAM: read push: id 0, da f2de0cfe ef85029d 05cffb8a e2adf80e
(13424) CVSRAM: read push: id 0, da 069b02d7 f9ae0b11 f8caf836 f7f7034c
(13426) CVSRAM: read push: id 0, da 0a32fbe9 057cfffe fd6cf793 fc31028a
(13428) CVSRAM: read push: id 0, da 075c0d03 050e042d fb5a080e 02d906e4
(13430) CVSRAM: read push: id 0, da f4c30161 f19d192a fcfd08ef eefa0ea7
(13432) CVSRAM: read push: id 0, da fd3df721 f904ed77 fb2af74d febffac0
(13434) CVSRAM: read push: id 0, da ef600608 ee0a0b9b fd470194 035df375
(13436) CVSRAM: read push: id 0, da f5b3026a fd2901ac f9870806 fe21fcd8
(13438) CVSRAM: read push: id 0, da e333ff23 faa501d7 00a8f715 043603f7
(13440) CVSRAM: read push: id 0, da fcf80386 fb0afe7f 0a88fdee fe26f7d9
(13442) CVSRAM: read push: id 0, da fe5907e5 fea9045a 020efc34 08b20278
(13444) CVSRAM: read push: id 0, da 03f50df0 06fdf3eb 30bd048e fb97093e
(13446) CVSRAM: read push: id 0, da 131e04e3 fcfef595 ffbcfbb7 fb5f065c
(13448) CVSRAM: read push: id 0, da 0114f924 fd39f865 008f028b 03b4fda2
(13450) CVSRAM: read push: id 0, da fcb8073c f9f1065c fe23fed6 f824f733
(13452) CVSRAM: read push: id 0, da fa3d066d 07c0ff7c 03fbfb07 f8cb054a
(13454) CVSRAM: read push: id 0, da f99d0074 f783fc01 ef9d0332 feb8fed0
(13456) CVSRAM: read push: id 0, da 08c905ef f516f6fc f8a2f15c ff83fa79
(13458) CVSRAM: read push: id 0, da 08eefc7c ff38fd5c f73ff6c5 04cbffff
(13460) CVSRAM: read push: id 0, da 000ff931 08f9fd25 fc040264 f29b0434
(13462) CVSRAM: read push: id 0, da 0e84070b f881e0cd fdfa03dd 095ffdfb
(13464) CVSRAM: read push: id 0, da 0908fe3e ff98fc24 01c1fe6e 0ad1f9df
(13466) CVSRAM: read push: id 0, da 02c2fad9 f76cff85 062a0995 0697fd9d
(13468) CVSRAM: read push: id 0, da 0b55f7ea 06d9f2b1 fe1bfef5 f12bf7c3
(13470) CVSRAM: read push: id 0, da 3ba30199 0383f29d 056df229 0f110573
(13472) CVSRAM: read push: id 0, da f8f6fde9 00d00bb5 06cbfc55 08c60fc9
(13474) CVSRAM: read push: id 0, da 0887fcfc 0edef13f 068f099f 0eb8d879
(13476) CVSRAM: read push: id 0, da ffff036c 0e4907e0 f8b702cb 0870fd41
(13478) CVSRAM: read push: id 0, da fd660233 fd34fe47 03d7fc51 fb8e04a6
(13480) CVSRAM: read push: id 0, da f69f0254 fd62f439 001402bb 04621b19
(13482) CVSRAM: read push: id 0, da ee200587 edea0d69 f59b00a2 eb5aff38
(13484) CVSRAM: read push: id 0, da 04ac0c90 ee3c03d8 fc03ff36 fdceff58
(13486) CVSRAM: read push: id 0, da 0615fe03 f3eef119 0f52058c fc05f59f
(13488) CVSRAM: read push: id 0, da fa600682 fe25084d fd0cf4ae 0b27f3d6
(13490) CVSRAM: read push: id 0, da 00c10335 fd81060f 0148f893 07460bba
(13492) CVSRAM: read push: id 0, da 04410d5c 0854075b 03e00a0b 04ea07d4
(13494) CVSRAM: read push: id 0, da ef2df686 f79217ac f9670f05 f27e044a
(13496) CVSRAM: read push: id 0, da f88a00f5 0406f23e fe2bf7de f8090278
(13498) CVSRAM: read push: id 0, da eedeffdf f436ff22 084f094a 04f0f90a
(13500) CVSRAM: read push: id 0, da 063a011d 084602cc 090b014f faa8f5bc
(13502) CVSRAM: read push: id 0, da 043cfa0d 0c24f72e 080cedd3 04c80bac
(13504) CVSRAM: read push: id 0, da 0463fd2b 08700bd5 0636fdb3 f81d06d6
(13506) CVSRAM: read push: id 0, da f828193a f8c701fd f818fd7f fe99fcc0
(13508) CVSRAM: read push: id 0, da ef5ae5c2 0227f9d8 fb5cf566 164f27c4
(13510) CVSRAM: read push: id 0, da e99e0139 fe5815c0 e80efd91 eb82f681
(13512) CVSRAM: read push: id 0, da fa5805db d8eff5b0 0711fd43 fae7fb92
(13514) CVSRAM: read push: id 0, da 03e90847 fe17fac2 faa7024a fe18ee7a
(13516) CVSRAM: read push: id 0, da 0159fffd eeb307b5 02c1ff47 009ef9b2
(13518) CVSRAM: read push: id 0, da f2f81041 07740f3d 04dff87e f5b50a3d
(13520) CVSRAM: read push: id 0, da fb46053d f39c1591 fd100a18 f5160dd8
(13522) CVSRAM: read push: id 0, da f928f55d 02e3f584 0afbfb2d 1e22f586
(13524) CVSRAM: read push: id 0, da 0417054e 02d7e280 0eab1675 05060084
(13526) CVSRAM: read push: id 0, da fc86ff20 0475fa5a 09d9f750 f03b0119
(13528) CVSRAM: read push: id 0, da 0212066f 01f10493 f9c0fcf1 051e01d6
(13530) CVSRAM: read push: id 0, da 1444097e 030fe91a 061109bd 12f008ef
(13532) CVSRAM: read push: id 0, da 01ae110c 05e3057e 0a34fe27 0ca90159
(13534) CVSRAM: read push: id 0, da 02ebff75 f925feff efe71aaf 15c7008a
(13536) CVSRAM: read push: id 0, da fe420347 07bb079b 00c4ece5 02d50671
(13538) CVSRAM: read push: id 0, da fc1af8e2 0186fe14 07d8f31b fa39fd9d
(13540) CVSRAM: read push: id 0, da ff4fffd0 0b37f6b7 0337ff0a 03b4ffb5
(13542) CVSRAM: read push: id 0, da 02cd0992 fed6fcd1 fb5e0ed5 03a704ba
(13544) CVSRAM: read push: id 0, da 0bbdfafc 0107f181 fedafcc7 0d610033
(13546) CVSRAM: read push: id 0, da f4dd0432 f9edff1d 0361fdeb 0103f44c
(13548) CVSRAM: read push: id 0, da 08b2f0da 0749fbfe 027cfd12 027e051c
(13550) CVSRAM: read push: id 0, da f81b0497 ff8901b8 0312f4c2 f3e0f2cb
(13552) CVSRAM: read push: id 0, da 0ce900d0 07ab0980 036bf93a 09020459
(13554) CVSRAM: read push: id 0, da fc77f7a3 05b3f61e fedf0660 0982028f
(13556) CVSRAM: read push: id 0, da 064c0588 0792f845 076a035e fe2a0336
(13558) CVSRAM: read push: id 0, da fad0f878 f93f0571 fdbdf3d1 f78eff0a
(13560) CVSRAM: read push: id 0, da fe09f12b f25d06ca fcf6e506 f1f003cc
(13562) CVSRAM: read push: id 0, da 0c690596 eee1ff6e 0a57f170 f5aef506
(13564) CVSRAM: read push: id 0, da 0965fd58 f72702ef fef3f515 ff9afe34
(13566) CVSRAM: read push: id 0, da ff10fe44 ffcf0415 0323ff7e f86504dc
(13568) CVSRAM: read push: id 0, da 0e620228 ffe9f94d 09b0f42d fa90fce8
(13570) CVSRAM: read push: id 0, da fd8beb39 02ed06ca f0d1f5a1 fe35fe7a
(13572) CVSRAM: read push: id 0, da f007fff0 f50b076f fbf4fd62 fdb70d3a
(13574) CVSRAM: read push: id 0, da db2d05d3 e97d3251 e2bff6f1 e372f856
(13576) CVSRAM: read push: id 0, da f975faa0 d391fe57 fb79f979 f6a302ed
(13578) CVSRAM: read push: id 0, da 092c06c6 d22400b9 f0680a56 f32306e1
(13580) CVSRAM: read push: id 0, da 003f00b6 ed6002b5 012cfcb8 0184f5cc
(13582) CVSRAM: read push: id 0, da fa28f68e f5d3069f fef8f228 ecfaf281
(13584) CVSRAM: read push: id 0, da 0529f545 f7ecfffa 069101c4 f7550b93
(13586) CVSRAM: read push: id 0, da 12d3046f 0155f91d 00230fec fb28f683
(13588) CVSRAM: read push: id 0, da fa6cff4b fa69f058 05b50569 f8a7f190
(13590) CVSRAM: read push: id 0, da 0a88f141 f430ef37 fcd6fdf6 eed513d5
(13592) CVSRAM: read push: id 0, da 13bcff86 027a0934 046af63a fdd1ffcb
(13594) CVSRAM: read push: id 0, da 0c30022e f4aff481 ff2cf9e4 02b00a37
(13596) CVSRAM: read push: id 0, da 069e0292 0a8df9f3 fccefd78 f9e40041
(13598) CVSRAM: read push: id 0, da f0740c86 0827f6e4 f900026e 05eafb75
(13600) CVSRAM: read push: id 0, da 0b0e051f f6b1fecf fdd20a33 1428f810
(13602) CVSRAM: read push: id 0, da f4d4fa6a feee0575 044ef6a5 f4c2fd7f
(13604) CVSRAM: read push: id 0, da 04ef0654 f8dc02a1 fdfe006e 03a1fe15
(13606) CVSRAM: read push: id 0, da fb21f0d9 fc80f78b fefdffcb 097f01ee
(13608) CVSRAM: read push: id 0, da f56bfbed 0332f198 00681115 09c5e75f
(13610) CVSRAM: read push: id 0, da fd0c0534 e115fcd1 1629fbae 0cc01406
(13612) CVSRAM: read push: id 0, da ed3bf0d2 ff64f560 067c0d1e 07aff8ad
(13614) CVSRAM: read push: id 0, da e147fdc0 04db0247 f700f92e fa08f495
(13616) CVSRAM: read push: id 0, da 0272f971 02690c6f 0401ff84 02220a55
(13618) CVSRAM: read push: id 0, da 2112f540 0bfc00ed fd69fcd2 07650061
(13620) CVSRAM: read push: id 0, da 039ff294 01e3f64a f98f046d f196fccd
(13622) CVSRAM: read push: id 0, da 0c24ffd2 08540997 1498f6d5 00e50483
(13624) CVSRAM: read push: id 0, da 053ff9af fa310e77 07feeece debf0152
(13626) CVSRAM: read push: id 0, da 0d3d0636 e3b9085e 064ff207 fa4110ff
(13628) CVSRAM: read push: id 0, da f835ff58 ed42fc61 00a2fa59 f9f4f832
(13630) CVSRAM: read push: id 0, da 125efe41 fee0f13a 0774fef1 fed20216
(13632) CVSRAM: read push: id 0, da 13f5edf3 02a5f7aa 118af158 09def581
(13634) CVSRAM: read push: id 0, da 099cf5bb fd0d0250 08cafed7 046bfea7
(13636) CVSRAM: read push: id 0, da f56b1709 08b7fe1a fe5d026f ee93ef44
(13638) CVSRAM: read push: id 0, da fadffc63 e9c10822 ef29f4c7 efbf061e
(13640) CVSRAM: read push: id 0, da fb0c0018 fbb6fe68 f8bdf909 003705fb
(13642) CVSRAM: read push: id 0, da 036b092d eccb0221 fa4d0559 f5d803f2
(13644) CVSRAM: read push: id 0, da fbb0ff03 050200ef 050efbb6 f8d6f9cd
(13646) CVSRAM: read push: id 0, da 1241f15f fb71ec37 fcd30bff 0fe70128
(13648) CVSRAM: read push: id 0, da fe7df979 fa3dec31 0136f413 0fcff60f
(13650) CVSRAM: read push: id 0, da 0e3210f5 0265fc91 f60404bf fc7bfc4c
(13652) CVSRAM: read push: id 0, da 058ef7d9 fc0d01f4 0319f51c fd840347
(13654) CVSRAM: read push: id 0, da fbedfaed fa69fb48 fe9c04c8 ec1f0bcf
(13656) CVSRAM: read push: id 0, da f73ef754 f0edfe0a f774f97b 02e8fb27
(13658) CVSRAM: read push: id 0, da fd0c08db 00140f84 fd38fc50 f7b5150d
(13660) CVSRAM: read push: id 0, da 01f8083e f981f6d5 00f90326 ff96008a
(13662) CVSRAM: read push: id 0, da f9ff062b 03fdf5d0 f973f8fe f924f83c
(13664) CVSRAM: read push: id 0, da 02bbf655 fe58eed1 07aa074c 078bf8cf
(13666) CVSRAM: read push: id 0, da 0130f7b7 0bbb01b3 0130f577 015cf877
(13668) CVSRAM: read push: id 0, da fe13fd67 01efff57 07d4fb97 fe0b014e
(13670) CVSRAM: read push: id 0, da 08d8fd00 f872f12b f7b8fe7b 0d4809b7
(13672) CVSRAM: read push: id 0, da f9d90e55 fc990724 07e10676 05defd9e
(13674) CVSRAM: read push: id 0, da fc37fc6c 07fff5e0 01a80cd5 fd770376
(13676) CVSRAM: read push: id 0, da 058a0194 fc9fff31 fd20f3d3 f2e2ffde
(13678) CVSRAM: read push: id 0, da fd5600f5 018cf617 f77e00da 0912fb79
(13680) CVSRAM: read push: id 0, da fddcfd42 081307aa 038904ca 00b10bf4
(13682) CVSRAM: read push: id 0, da 09dbf7fb 0256f8e1 032efebd 0a8dff44
(13684) CVSRAM: read push: id 0, da 08560eb8 09ecf8dc 08d5f1d5 022c06d6
(13686) CVSRAM: read push: id 0, da fca2f9ad f8fc0bb1 0516f9c8 f75efddd
(13688) CVSRAM: read push: id 0, da fb0dff30 e4b7fff9 0b0bf72a d7f5015b
(13690) CVSRAM: read push: id 0, da 0d0e075a ef4d00f7 07c7f1e9 f94df18c
(13692) CVSRAM: read push: id 0, da 0adcfaa5 fb220166 ff1ffb9a f5420609
(13694) CVSRAM: read push: id 0, da 28b40bad 085bf87e 0ae3fd08 0dbf11d1
(13696) CVSRAM: read push: id 0, da 1318e5b3 046e023b 0562f2ed 1b720168
(13698) CVSRAM: read push: id 0, da fddb02b2 0264075b d6c7f1a5 015efdc2
(13700) CVSRAM: read push: id 0, da eb93e34f 0454fcfd fcdef13f 18ae314a
(13702) CVSRAM: read push: id 0, da 0a20f49f 066bf7ba 10a30103 f7bcf9ed
(13704) CVSRAM: read push: id 0, da fb8cfa46 0b870ecb 0679f52d fa2b0512
(13706) CVSRAM: read push: id 0, da f8b4fc76 10920533 0554f3a1 0057fa3f
(13708) CVSRAM: read push: id 0, da 037b0135 f54afc1a 0281027b fc69024a
(13710) CVSRAM: read push: id 0, da f24d006e 04fff449 07e60420 06af0d41
(13712) CVSRAM: read push: id 0, da 00ad039d 02c417f0 f70509ad 042dfa02
(13714) CVSRAM: read push: id 0, da 120dff90 f69604d9 ef4a0c4e ef32f990
(13716) CVSRAM: read push: id 0, da 02cefcd7 e6b8e54e 0385f3ef ed68f90b
(13718) CVSRAM: read push: id 0, da f940fc98 05f6f9fa fd17f8e3 fb5c0232
(13720) CVSRAM: read push: id 0, da 08a60b65 06d1ff4a fe8dfd7a 0634026b
(13722) CVSRAM: read push: id 0, da 135b031f 1ab6d6f7 007c16af 1716d8d1
(13724) CVSRAM: read push: id 0, da 0354083c 0803fd30 06ef07e4 15cb00a2
(13726) CVSRAM: read push: id 0, da f82a09fb 057af24a 058b0358 03daead3
(13728) CVSRAM: read push: id 0, da 02fb00df 0050eb04 feea0afd 08ddfafd
(13730) CVSRAM: read push: id 0, da 067506de e344f7e9 f954fd53 f89b1c9b
(13732) CVSRAM: read push: id 0, da f8b5fc24 f73bf5cb fbfcf365 eda8fb87
(13734) CVSRAM: read push: id 0, da f8fef93e 0780eba2 08f308fd 0cb3f5ca
(13736) CVSRAM: read push: id 0, da 092eff31 08b2efb6 09d9fd37 187f02d4
(13738) CVSRAM: read push: id 0, da ee64030f ed38fec8 ff96f9fc 029e085f
(13740) CVSRAM: read push: id 0, da 061ffbe6 0bdaf4fa fade122a 06ac02f2
(13742) CVSRAM: read push: id 0, da 06320416 05fdffbf 047007f2 f843f1c6
(13744) CVSRAM: read push: id 0, da ffa30186 fd58ecd8 072ef7ee 04a30271
(13746) CVSRAM: read push: id 0, da f331fe30 15420ee4 06e1f833 ee01fc71
(13748) CVSRAM: read push: id 0, da f750fa7f ec0815f7 06b7fa7e fb5c1504
(13750) CVSRAM: read push: id 0, da 1430079e fa97f68b 05d5ff91 0f16fbf4
(13752) CVSRAM: read push: id 0, da fb73f030 0b91f42e f85feab3 01640c2e
(13754) CVSRAM: read push: id 0, da 0660f2a8 11f6fdc8 106ded98 f7d0e5b7
(13756) CVSRAM: read push: id 0, da 02c0fd7e 0ca9fdc0 fb6ef9ff 081cfe1e
(13758) CVSRAM: read push: id 0, da f03efdb9 f9691338 fb75fc0c f0cff8f7
(13762) CVSRAM: read request from dla, addr 50041fc0 burst 255 id 0
(13826) CVSRAM: read push: id 0, da 0298043b f868f8cb 0439fa4d e9a90151
(13828) CVSRAM: read push: id 0, da ff3bebd3 051402da f1eafb72 ffdd02a6
(13830) CVSRAM: read push: id 0, da ef6bfbd5 f9a5fe52 fa06feb5 0537184d
(13832) CVSRAM: read push: id 0, da 0de8fcd0 0b32f3f8 0995ff1a 083c012d
(13834) CVSRAM: read push: id 0, da fb78fd94 f7a81310 fd4cfe12 f88dfdc9
(13836) CVSRAM: read push: id 0, da f6dbfb99 f049153a 0437efcb f127edf3
(13838) CVSRAM: read push: id 0, da 09e3011d e565f6a9 ff5cffab f7b1ffc1
(13840) CVSRAM: read push: id 0, da ea8ff9d9 099e067d 0a98e78f ef80ef12
(13842) CVSRAM: read push: id 0, da 11430173 fd1e0545 fbff0fc3 f9f61c0f
(13844) CVSRAM: read push: id 0, da fe780c38 f0fe05ec f84113f4 e3961ebe
(13846) CVSRAM: read push: id 0, da 09ac002e fc030957 f725ef65 f2a1e9db
(13848) CVSRAM: read push: id 0, da ffaefae0 f125f22a fb471048 fd561d33
(13850) CVSRAM: read push: id 0, da 124d0346 ff1ffec5 0f93fa3c 00d00955
(13852) CVSRAM: read push: id 0, da e530f6e2 f6910fd4 f808f9c5 f6790596
(13854) CVSRAM: read push: id 0, da 06b9f0a9 f1670243 f965ff32 ef940252
(13856) CVSRAM: read push: id 0, da f5a402d5 f79807eb fdc4f64a ef640ba5
(13858) CVSRAM: read push: id 0, da 0d98f64c fed7efec f8b91315 f729f2e5
(13860) CVSRAM: read push: id 0, da 01d00769 e9b607c1 fd23fca7 f40514a4
(13862) CVSRAM: read push: id 0, da fa4d01f2 eebfff62 fd69f905 f152f253
(13864) CVSRAM: read push: id 0, da f638fb14 0b082110 f191f1e6 f0bef363
(13866) CVSRAM: read push: id 0, da ce45f264 e28403a0 ff111c7a f3501451
(13868) CVSRAM: read push: id 0, da 258efc26 14ebec07 04362874 fbc0fae3
(13870) CVSRAM: read push: id 0, da 03450fa7 e687ff59 fd3c0121 ffd6f9ba
(13872) CVSRAM: read push: id 0, da ee2ff218 f973fbad 033efdfa fb51ec36
(13874) CVSRAM: read push: id 0, da fbfdf864 06f20582 050ffe67 1a14fb1a
(13876) CVSRAM: read push: id 0, da f98412ca 0a9924ea f7edf94e e22df7f4
(13878) CVSRAM: read push: id 0, da f1a9edea ecde21a9 e673f449 e8e9044d
(13880) CVSRAM: read push: id 0, da 20a60f23 114fec62 2fe2ff99 20a304f9
(13882) CVSRAM: read push: id 0, da 04a1f9a1 158a0926 f62c0378 f286074e
(13884) CVSRAM: read push: id 0, da 05b0fb3b fcff054b 0d8ff2da f291fb37
(13886) CVSRAM: read push: id 0, da f7ad0528 ff2e00ba fa9dfe95 037bf9bd
(13888) CVSRAM: read push: id 0, da f51ef203 fb54f94d fee2fd89 f026fb74
(13890) CVSRAM: read push: id 0, da 082ffd5e 0647f4e0 0be7f209 fd25fd05
(13892) CVSRAM: read push: id 0, da 1087fd93 ff82027b 0d9904fa 024afe25
(13894) CVSRAM: read push: id 0, da 034c15cb 00fcf744 fb4408ad ef5beb7a
(13896) CVSRAM: read push: id 0, da f9d1f744 015c017b 02d9f50c 066ef9fe
(13898) CVSRAM: read push: id 0, da fbedfdcf f782ffca fb9401eb f4ccfe8f
(13900) CVSRAM: read push: id 0, da ff1501f0 e6840945 f50beb01 ed101776
(13902) CVSRAM: read push: id 0, da ef91fed6 e90bef6e 009ffda9 f767f6b8
(13904) CVSRAM: read push: id 0, da 1235edaf f86cf952 0c7affaf 0882fd12
(13906) CVSRAM: read push: id 0, da f963f6b5 fe05e9d6 0d5ef893 0913fc80
(13908) CVSRAM: read push: id 0, da f3260ab7 fe650674 fac3f20b f23c0448
(13910) CVSRAM: read push: id 0, da 09800421 024f18ef f68ff154 05c80059
(13912) CVSRAM: read push: id 0, da f4f8ff86 f1e20c24 03800c69 f7241aeb
(13914) CVSRAM: read push: id 0, da 0078fd38 0713fe6e f90efca8 07f400be
(13916) CVSRAM: read push: id 0, da f075fc8c fbc32337 ff8afcbe f03c084b
(13918) CVSRAM: read push: id 0, da feabfdf9 02e8fbf2 f4fa0645 fc67fe4e
(13920) CVSRAM: read push: id 0, da 0892fc64 f7790da7 fed6f57f eddf092a
(13922) CVSRAM: read push: id 0, da f84af459 f545f9e8 fbe2fe6b f246f5ab
(13924) CVSRAM: read push: id 0, da ffd2083a eb0d0c07 fee0f857 f7fd07ce
(13926) CVSRAM: read push: id 0, da eaf9ff2e e9a40299 fbbdf2e0 f43dfa57
(13928) CVSRAM: read push: id 0, da 13effa39 f54012eb eb07f484 06910e25
(13930) CVSRAM: read push: id 0, da 1677fcc1 0ed90af2 fea6fa23 dd8fecda
(13932) CVSRAM: read push: id 0, da f1d9fda4 0274ffc3 00affc56 ee120701
(13934) CVSRAM: read push: id 0, da 121d0498 00460058 fdfbf64d ea7c0284
(13936) CVSRAM: read push: id 0, da e9970155 09c7ff7a f64502ed 05ccfe31
(13938) CVSRAM: read push: id 0, da fd54fc56 f7a00901 07ae0165 00bb09a2
(13940) CVSRAM: read push: id 0, da fe9802ae f9a9049e f773fd3c ff270c5a
(13942) CVSRAM: read push: id 0, da 0cb5fb44 1ecefebd 00e1f300 f714fa88
(13944) CVSRAM: read push: id 0, da 0af20641 1754f72e 106503cb 056bfce2
(13946) CVSRAM: read push: id 0, da 0601fd5f fb460268 07780d29 e57bffbf
(13948) CVSRAM: read push: id 0, da 0c76f579 058b03b0 120ef779 fd55e19b
(13950) CVSRAM: read push: id 0, da 046cfde4 0e95ff8d 03810360 ff930711
(13952) CVSRAM: read push: id 0, da 180cec56 007af2dc 0c5c03dc ffc80356
(13954) CVSRAM: read push: id 0, da 02b5f26b 056f00b4 160ffb5b 1cf5f7e5
(13956) CVSRAM: read push: id 0, da f6a400dd 01e00769 ea5cf054 fd87f6cf
(13958) CVSRAM: read push: id 0, da ec0bedfc 01fcfa0e fec6f9fe 15bc1921
(13960) CVSRAM: read push: id 0, da 0efa0adb fa06f887 1619f38b 052c0544
(13962) CVSRAM: read push: id 0, da 05ebf386 0e0501fa fc1ceb17 086806cc
(13964) CVSRAM: read push: id 0, da 0516f8a8 1760fce3 1469089e 192ef83a
(13966) CVSRAM: read push: id 0, da ff9e0308 1b0af880 fca9fc43 fee10771
(13968) CVSRAM: read push: id 0, da fc2fffa4 e331f3c1 ee16107b 1337003c
(13970) CVSRAM: read push: id 0, da fd9bed95 0369ebbe 067309b2 039aedf0
(13972) CVSRAM: read push: id 0, da f7f60655 fec60b4e fbf6f7f7 eb6afa99
(13974) CVSRAM: read push: id 0, da 0457fee4 00f510b5 f71ef787 020cfd29
(13976) CVSRAM: read push: id 0, da 02b3f937 03c6f9bc f70ff245 01e007cc
(13978) CVSRAM: read push: id 0, da 0db6057d f9c6fc66 ff150642 0246008c
(13980) CVSRAM: read push: id 0, da 0ea30435 1089f02a f79b055b 015fee4c
(13982) CVSRAM: read push: id 0, da 01effebe fbaf02e1 078d06b6 070707ff
(13984) CVSRAM: read push: id 0, da f77705e2 0eb10d37 fc74f5e6 efe6fdba
(13986) CVSRAM: read push: id 0, da 060b0832 ed1bf952 f854063a 01a1fa5f
(13988) CVSRAM: read push: id 0, da 09f60ba0 f747f2b4 fcc00581 f88af4d7
(13990) CVSRAM: read push: id 0, da 0484fd28 06d60214 f973f294 02f0008f
(13992) CVSRAM: read push: id 0, da fec0ed64 0a310220 f97b0bfe 00bb018c
(13994) CVSRAM: read push: id 0, da 0440fb0e 0979e9b7 0cd1080a 00b8fe3e
(13996) CVSRAM: read push: id 0, da 0523fbdd f743f58e fa780036 06ff07e6
(13998) CVSRAM: read push: id 0, da f733fce0 e96bfaa2 fdac0d11 0675f7f8
(14000) CVSRAM: read push: id 0, da 197d058e 0bf0ff4c fdec0962 fb610579
(14002) CVSRAM: read push: id 0, da 016600e5 fc51efad f2c8f882 f5eff591
(14004) CVSRAM: read push: id 0, da fc4afca2 eda0f665 f3180726 1063fe10
(14006) CVSRAM: read push: id 0, da fccaf3be 0b3af4af 0884ffbc 06fdfba2
(14008) CVSRAM: read push: id 0, da fcb701b1 f4910429 fbf6fe25 fca9f63f
(14010) CVSRAM: read push: id 0, da fa19f604 f4ced89f ee23eb47 fa82017d
(14012) CVSRAM: read push: id 0, da 0ce4f9d5 f4fdf6e3 0be8fa4e 0443f201
(14014) CVSRAM: read push: id 0, da 0201fd2a 0a11fe34 faadfc49 03e804ff
(14016) CVSRAM: read push: id 0, da eda302ad fbfa0ee6 f80ff6aa f534f919
(14018) CVSRAM: read push: id 0, da 04cd0be5 f1e6fea4 f07403b1 e4c70688
(14020) CVSRAM: read push: id 0, da fdb5ffe0 fe0500cb ff52fecc ffdbffe0
(14022) CVSRAM: read push: id 0, da f7530156 fe1cf1c1 f5cffe93 fd1609a5
(14024) CVSRAM: read push: id 0, da 2f530106 1031df60 18f405dc 0b2f0e42
(14026) CVSRAM: read push: id 0, da 0041f986 17500ed3 ff5a0025 05d3fcb7
(14028) CVSRAM: read push: id 0, da ff07f4ea 24c5fa12 177bf94d 0c75e9a5
(14030) CVSRAM: read push: id 0, da 0a17fb25 178301cf 010b0017 05d40fbe
(14032) CVSRAM: read push: id 0, da ee6bfc57 17500c1f fe91f2a5 e2e20990
(14034) CVSRAM: read push: id 0, da 03b40a79 f4f316ac ee7d0277 f8d41064
(14036) CVSRAM: read push: id 0, da eca20669 fb00fbef fabdf3b9 040ef508
(14038) CVSRAM: read push: id 0, da fdfbfd88 1045118d fdb1fc77 0b3d0007
(14040) CVSRAM: read push: id 0, da 0805f7c9 0110fe82 fb6100bd f86e13ad
(14042) CVSRAM: read push: id 0, da 0a5a0079 f4eef984 0dddfa6f 00870778
(14044) CVSRAM: read push: id 0, da f203017f eed61548 fd63fb20 ed510655
(14046) CVSRAM: read push: id 0, da fc2ff2d7 e5a106a5 ff91f996 f40d0894
(14048) CVSRAM: read push: id 0, da 00e4faf6 f8e90b56 f4fef6d9 f43dffe1
(14050) CVSRAM: read push: id 0, da fdda03cb 013b0426 00e3fa5a f6cdfc21
(14052) CVSRAM: read push: id 0, da 06480889 f812fc79 ffdb0350 f901fc39
(14054) CVSRAM: read push: id 0, da fde7fea3 fe780439 fdcbf988 0a2efef5
(14056) CVSRAM: read push: id 0, da f28c127e 14a91586 ff8efb1b ee53fca0
(14058) CVSRAM: read push: id 0, da ec40fa3b eb681e9b 0dd702ee 0d5711d6
(14060) CVSRAM: read push: id 0, da fbf9ff04 23cefd05 f50f0c7b ea29fe04
(14062) CVSRAM: read push: id 0, da 0c600a06 f53d0248 f93df220 f60005ab
(14064) CVSRAM: read push: id 0, da 0ca50785 03710962 f10bfad6 f839fc73
(14066) CVSRAM: read push: id 0, da 042dfb99 f8dff3ae 0460f597 0317fd32
(14068) CVSRAM: read push: id 0, da fcb40d6f e94cf570 026f00ad 0ef50b89
(14070) CVSRAM: read push: id 0, da f03903d3 ebd2f9d3 fdaefbf0 1017efc9
(14072) CVSRAM: read push: id 0, da 09b809f0 066df9a9 1bd7ff9a 09ddfa80
(14074) CVSRAM: read push: id 0, da 0060f7d4 fe34e486 f178fb94 f835070e
(14076) CVSRAM: read push: id 0, da 0db3032e e80f01da 09420251 faa51109
(14078) CVSRAM: read push: id 0, da f4b0058a f1e9fff3 f5e8038e ff60fc43
(14080) CVSRAM: read push: id 0, da ee6600ed 0187fde3 f648f6ab efdafaef
(14082) CVSRAM: read push: id 0, da 1206069b f983f757 fe86fb8c eee0ff88
(14084) CVSRAM: read push: id 0, da 02b202cd f7fa0254 0954feab 05aefe9c
(14086) CVSRAM: read push: id 0, da fd32121e 059dfa95 f529019d f3e5f2be
(14088) CVSRAM: read push: id 0, da 0fab0791 0f51f33a 0d0202dd 0418082a
(14090) CVSRAM: read push: id 0, da 0563fc86 0a07011a f6b9fee3 f7defe68
(14092) CVSRAM: read push: id 0, da fccbf67b 01240090 fcf2f6a3 faa7f8ee
(14094) CVSRAM: read push: id 0, da fa5eff99 f7cffd1c 001afc97 fee0051c
(14096) CVSRAM: read push: id 0, da 0519f1ed f3ef04ec 0262fb1e fb9a0119
(14098) CVSRAM: read push: id 0, da 0116f914 ff3e03f8 058df8cc 03370481
(14100) CVSRAM: read push: id 0, da f6b0ede0 0c0bf1ab 0a49ef4d 1119ea58
(14102) CVSRAM: read push: id 0, da f16efa1a fd1cfd59 fd711771 09c708c5
(14104) CVSRAM: read push: id 0, da fc49fe97 fc8c0c5a 08e20a09 f260028c
(14106) CVSRAM: read push: id 0, da fc50005a 10e0ff75 000cfc37 0bf9fdc6
(14108) CVSRAM: read push: id 0, da f3db05d9 f9a5154a 0798f5a8 ff1c0b3a
(14110) CVSRAM: read push: id 0, da f7af0529 096afd54 fd8f0380 f799f9d9
(14112) CVSRAM: read push: id 0, da 0c11008b f973f82f fd5af9f7 fd50fa16
(14114) CVSRAM: read push: id 0, da f35f08d4 fef909fe 01a7f93c fd0bfc3f
(14116) CVSRAM: read push: id 0, da fcaf0a92 03a405f8 04ef0128 f88aed4d
(14118) CVSRAM: read push: id 0, da fe2c0009 fdd00605 0575fb26 0ee7ff24
(14120) CVSRAM: read push: id 0, da fed91145 f34e0584 f343fb8b 03e60b3a
(14122) CVSRAM: read push: id 0, da fd3df880 0f3b08a2 036101b8 109bfdb5
(14124) CVSRAM: read push: id 0, da fadcfb4b fa4e06f5 fe01e984 f6aafd49
(14126) CVSRAM: read push: id 0, da fd43f629 0a4d008f 0136f6ad f190004b
(14128) CVSRAM: read push: id 0, da fd0706f3 ffae046a f710098e f850ff60
(14130) CVSRAM: read push: id 0, da fa93fac2 fd90014b 005ffc94 077afe79
(14132) CVSRAM: read push: id 0, da f64d079c 05c1fd49 0416fecb feff0532
(14134) CVSRAM: read push: id 0, da fab7f977 f772f0ff 031b0798 0c4bf230
(14136) CVSRAM: read push: id 0, da f7ce0134 0425ffc1 06a005d1 f408fd14
(14138) CVSRAM: read push: id 0, da 03eafcfb f170f2bb feaffbbc eb5401b6
(14140) CVSRAM: read push: id 0, da 0dcdfec0 f7e1fc53 115904bd ff39f9cb
(14142) CVSRAM: read push: id 0, da 08c2016f 016a0049 fc560123 fda80c0e
(14144) CVSRAM: read push: id 0, da 0250f7a6 fe210363 ff92fd79 f86afe29
(14146) CVSRAM: read push: id 0, da fddc00ab ff6af8bd 0731fe9d 0787fd14
(14148) CVSRAM: read push: id 0, da 080b039d f753fd2a f5a0f583 f610fdd8
(14150) CVSRAM: read push: id 0, da fbc4fd04 fcbb05c7 fdb6f578 fc62fb8f
(14152) CVSRAM: read push: id 0, da fba8f84b fd7efc72 07ce08ba f08f08eb
(14154) CVSRAM: read push: id 0, da 033cfcae 053f0164 f55104c2 fd60fdd5
(14156) CVSRAM: read push: id 0, da 0b980472 11f4f939 031ffdac 014a0d57
(14158) CVSRAM: read push: id 0, da 0593f262 06ba05a4 0071f9e8 0aaff914
(14160) CVSRAM: read push: id 0, da 1667ff3c 146bf4df ecdb23fb fecf02f9
(14162) CVSRAM: read push: id 0, da f5d20bae fbbd08d1 04fde5f5 f72102bb
(14164) CVSRAM: read push: id 0, da 07ede97f 02fd0741 f8760208 fc71fc79
(14166) CVSRAM: read push: id 0, da f1872aa7 03ea0183 0e3ffecf d0f30b09
(14168) CVSRAM: read push: id 0, da 0003fe4b fdfbfae4 fb20fded 069fff7d
(14170) CVSRAM: read push: id 0, da 2670d211 fe070315 fc49f8c1 f563e8d7
(14172) CVSRAM: read push: id 0, da 04b10e89 0a3afd61 fff0f82a 0e4df5f3
(14174) CVSRAM: read push: id 0, da f9f8f8a3 10e80b01 fd01ec29 03cbfc52
(14176) CVSRAM: read push: id 0, da f9b0009c fedb01ed fa3afc41 fb1ef11c
(14178) CVSRAM: read push: id 0, da 027801ca f7d7f93a fa88ff98 fe81f91d
(14180) CVSRAM: read push: id 0, da 04e0060d 0ec8fbac f034f52b fdf60869
(14182) CVSRAM: read push: id 0, da 07e4fba0 0ac00a44 089c16f8 eea0fd1e
(14184) CVSRAM: read push: id 0, da f5c0fa69 fdb40939 eecaf4fc ec6404d1
(14186) CVSRAM: read push: id 0, da 040906c7 ecb2ee77 f6d50816 06abf72d
(14188) CVSRAM: read push: id 0, da fd150261 fe720d2a fb41f09f 007cfe80
(14190) CVSRAM: read push: id 0, da 02f1ff9b ebe8f3b5 0365ff2d eed50463
(14192) CVSRAM: read push: id 0, da fd800696 f5a0fe63 f9a71f1f 005bfc56
(14194) CVSRAM: read push: id 0, da fc7701e5 f951fa1b f94afff5 0560faaf
(14196) CVSRAM: read push: id 0, da 0125f752 07ae033e 04d10bcc 0134fb3b
(14198) CVSRAM: read push: id 0, da f84af77a 027ffc36 b55101fe 040b01a8
(14200) CVSRAM: read push: id 0, da f7ef06c8 f8f009f9 11d9ee02 eca9f62c
(14202) CVSRAM: read push: id 0, da dc07f297 0bbdfd97 f622fd23 0a8410b7
(14204) CVSRAM: read push: id 0, da 0a97fccd edbbf240 00ba0654 fe4e17c3
(14206) CVSRAM: read push: id 0, da 054101f3 09b4faad 01ac0357 f78dfa6a
(14208) CVSRAM: read push: id 0, da ff6a0b30 0313fcb4 063ef9bf 043f02b9
(14210) CVSRAM: read push: id 0, da 0786fb62 01d1f33b 174eed8c 0b13f4a0
(14212) CVSRAM: read push: id 0, da 064b04ea f08ff1c8 fb9b0492 fd9efcb5
(14214) CVSRAM: read push: id 0, da fa1d0730 f08aff4e 04b5fa82 fdedf9de
(14216) CVSRAM: read push: id 0, da 02b3fea1 26e006b1 064ff6de f920f692
(14218) CVSRAM: read push: id 0, da 0b9206aa e9ad02a3 0c4af72d fbb61b4e
(14220) CVSRAM: read push: id 0, da 1b7f0ad1 0e8df88b f7a4f7d9 fd710d70
(14222) CVSRAM: read push: id 0, da e816edea 03a9057e f40cfaf0 0be8fdc0
(14224) CVSRAM: read push: id 0, da 028702e4 079cf38f f2ccf1ae f8e00469
(14226) CVSRAM: read push: id 0, da 0116fd8d 081600ab 0372f89f 0a6b06a3
(14228) CVSRAM: read push: id 0, da fa500d59 fce404f0 ee18f0d8 fb8cf51a
(14230) CVSRAM: read push: id 0, da 0cf217f0 ff87f86b 065c06c9 d2faf8d7
(14232) CVSRAM: read push: id 0, da fa2d1708 ff4dfed6 05c80a1c 045e076e
(14234) CVSRAM: read push: id 0, da f0d9d69f fce20134 0019f319 389f0365
(14236) CVSRAM: read push: id 0, da fe461062 0714fd05 03fffd2e 0d02f50c
(14238) CVSRAM: read push: id 0, da fa47fe78 04f5098c 010df8df 0405f866
(14240) CVSRAM: read push: id 0, da fbbdfca5 fea4ff5d 00c004f5 09ceed7a
(14242) CVSRAM: read push: id 0, da fb0705ec f5a5fb3e ff29fc79 0230fc48
(14244) CVSRAM: read push: id 0, da fab10134 f200f7a6 f35b00b3 fc54f934
(14246) CVSRAM: read push: id 0, da 01770306 107d0b8d ff54f27e f711fa37
(14248) CVSRAM: read push: id 0, da 050bfea0 f874133d effef61f f2a0084f
(14250) CVSRAM: read push: id 0, da 015e045f f12aee3b fc7d06a3 f78af9da
(14252) CVSRAM: read push: id 0, da fd59fccc f49efb39 fd1bf43f 0ac5f144
(14254) CVSRAM: read push: id 0, da 06bbf9c6 0709f561 ff6d014f f978f777
(14256) CVSRAM: read push: id 0, da f3ce14cf eaeffa9e f83912d9 00260d00
(14258) CVSRAM: read push: id 0, da f262061b ed3efcf1 019503a5 0a1cf7c8
(14260) CVSRAM: read push: id 0, da 03cc0107 062c07f9 ff11072d ffa0f061
(14262) CVSRAM: read push: id 0, da f9deed91 006df980 b6a504d7 08a40a31
(14264) CVSRAM: read push: id 0, da ef91f136 0be1fdd1 0b9c05a0 0750fd29
(14266) CVSRAM: read push: id 0, da 00f00271 ff7ffc3b 099c08d2 002c14dd
(14268) CVSRAM: read push: id 0, da 0dfb0a87 df490471 fe180ba8 fd211372
(14270) CVSRAM: read push: id 0, da fa220310 d4aaffdd 020d029e f8bdf976
(14272) CVSRAM: read push: id 0, da 04611a5e fdeaf59d 07a9f82c 023a0012
(14274) CVSRAM: read push: id 0, da f575f41a 019ff0f3 022ef3d6 145e0a7b
(14276) CVSRAM: read push: id 0, da ff8b02ba fd4e009b f7150545 f0adfcba
(14278) CVSRAM: read push: id 0, da fba70204 f1f0fdbc 046cf893 fcc40383
(14280) CVSRAM: read push: id 0, da 0f5f0658 fb4fff4b fa2fe9da 07ec0289
(14282) CVSRAM: read push: id 0, da fde00982 06270044 0abcf674 f33afccb
(14284) CVSRAM: read push: id 0, da 049cf2b8 fef4052d fb14f28a fd3afe47
(14286) CVSRAM: read push: id 0, da f777ed50 07c101bb 043afb6a 00e00c17
(14288) CVSRAM: read push: id 0, da fcb4fc10 feddfe16 132aee7b 11210255
(14290) CVSRAM: read push: id 0, da fbbcfc9d ef04f168 04711043 09f0045b
(14292) CVSRAM: read push: id 0, da 08b41fc0 f761ff3f 0129f985 00a2f671
(14294) CVSRAM: read push: id 0, da 2638fcf2 fcaff8bf 089e0284 00e6ef7a
(14296) CVSRAM: read push: id 0, da ffcc0c94 004e07dd ff56032c 002c0059
(14298) CVSRAM: read push: id 0, da e643f397 f60bf69f f16ce156 393b1e66
(14300) CVSRAM: read push: id 0, da 0a6405c2 079afdb3 05d207cd 08baf219
(14302) CVSRAM: read push: id 0, da fe84fafe 00a70cf9 fc95f9af 0080f7f2
(14304) CVSRAM: read push: id 0, da 023500e0 fb44fafb 00cbfc8a 0c5efa15
(14306) CVSRAM: read push: id 0, da fe250042 0b82fcc7 0105f6f4 01c703c1
(14308) CVSRAM: read push: id 0, da f59301b1 f840f9b5 f67c0be8 01b3f638
(14310) CVSRAM: read push: id 0, da febb0b36 f67e0603 018ff35f 00a003ae
(14312) CVSRAM: read push: id 0, da 0416010b e9990e09 ed49f3db ec3b0972
(14314) CVSRAM: read push: id 0, da f7cefaeb f728f1ce f162f2e6 fcbe04ff
(14316) CVSRAM: read push: id 0, da fc78fba8 fadef229 fddd0543 facef0f0
(14318) CVSRAM: read push: id 0, da f926fbf7 1754004e ee6e093c 086cf508
(14320) CVSRAM: read push: id 0, da fee3fd10 f71ef77c 00790c07 01ea081b
(14322) CVSRAM: read push: id 0, da fb8e066d fa43f427 fc600799 0150fc24
(14324) CVSRAM: read push: id 0, da 017e064c 040803d0 00f5044d fe99fc23
(14326) CVSRAM: read push: id 0, da 143a0290 fcb90553 f49e0616 ffd40572
(14328) CVSRAM: read push: id 0, da f3cb003b 06edff80 f1a70fba 019ffa9f
(14330) CVSRAM: read push: id 0, da 19011131 fe87fefa 020800bf f7e2e880
(14332) CVSRAM: read push: id 0, da 0de00047 0052f5db 059d0bea 039ff5e7
(14334) CVSRAM: read push: id 0, da fefffa97 fa1405b3 0037f6d7 ff190365
(14336) CVSRAM: read push: id 0, da 016bfb25 f65ff349 fb8b00ba ff0efdce
(14340) CVSRAM: read request from dla, addr 50045fc0 burst 255 id 0
(14404) CVSRAM: read push: id 0, da f2bfeeb0 0544fba2 fe39f507 148b0ced
(14406) CVSRAM: read push: id 0, da fa50015e ea8ffc8b fae2fc26 f3b3f1a9
(14408) CVSRAM: read push: id 0, da 050ffd09 f45ffe2f fef2fce6 fcf300e3
(14410) CVSRAM: read push: id 0, da efe9fb0b ec07f1b3 ff2001b2 f1dbfa07
(14412) CVSRAM: read push: id 0, da fb1bf0ce 15b10c34 f16d0656 0486f83a
(14414) CVSRAM: read push: id 0, da 104def48 0e300072 faa7fad5 fb6d0c5a
(14416) CVSRAM: read push: id 0, da fec0f2e3 ff9d0498 0258054e faaef9d3
(14418) CVSRAM: read push: id 0, da 0794002e 14d1f148 f922f879 ef3408da
(14420) CVSRAM: read push: id 0, da 04a5033a 0505054b 0676f836 ffbfff0b
(14422) CVSRAM: read push: id 0, da fd2b0611 00780afb 0113f3a3 f63bfb4f
(14424) CVSRAM: read push: id 0, da 0c890f58 fdb0f5d8 074c0e85 dcd00528
(14426) CVSRAM: read push: id 0, da fdbde495 0141f4bc fa550816 07fc040a
(14428) CVSRAM: read push: id 0, da 0f00da3e 00acf9da 0019f928 db78ea99
(14430) CVSRAM: read push: id 0, da fe240ab0 0edffa82 057a0081 0d8cf428
(14432) CVSRAM: read push: id 0, da f59eff8d 183efdf5 006df4c7 068ff99c
(14434) CVSRAM: read push: id 0, da 035105db fcd30521 f3e7fb6f f0f0eed0
(14436) CVSRAM: read push: id 0, da 086b04a3 ef03fb81 f947fa5f fd28f528
(14438) CVSRAM: read push: id 0, da 07e302ac 01c7fb9b ebe405dc 021bf3df
(14440) CVSRAM: read push: id 0, da 03f0f81b 09441607 090bf9a7 f237ffc5
(14442) CVSRAM: read push: id 0, da ed8bf68b fbdd0be5 ea1ef292 f74afbad
(14444) CVSRAM: read push: id 0, da fddc0ac0 f5c20372 0011f50c 00fc0584
(14446) CVSRAM: read push: id 0, da 11b306c9 09f3004f f119fe02 06f7f8b8
(14448) CVSRAM: read push: id 0, da f001028a eb44ffac fc73f524 face09c4
(14450) CVSRAM: read push: id 0, da fb37fc84 f91c07d3 fee6f065 ec6f029a
(14452) CVSRAM: read push: id 0, da 12c4fded ef98f709 f9fe0ab1 f39eec59
(14454) CVSRAM: read push: id 0, da fd78f810 ff58f5e6 fbc70413 fb98021b
(14456) CVSRAM: read push: id 0, da 0737f843 f6880208 da7ef7a8 f52ef3ce
(14458) CVSRAM: read push: id 0, da f0f8f841 f96f0b96 18e9f13c f028fb6b
(14460) CVSRAM: read push: id 0, da d9d2f6c0 0de0ef93 fa2e0755 09680885
(14462) CVSRAM: read push: id 0, da fc24f45e 0ff70f21 f49cf477 ec57fb20
(14464) CVSRAM: read push: id 0, da fe380879 0057feed fce30021 fafdfaa7
(14466) CVSRAM: read push: id 0, da 01baeb5e 0e02f6b8 0968f8ae f31ff87b
(14468) CVSRAM: read push: id 0, da 2279f46c fb6807c9 e596f3d7 0dbaf08b
(14470) CVSRAM: read push: id 0, da 06a5f8bc ee45e4ce f7ff0c24 01f5f6c0
(14472) CVSRAM: read push: id 0, da efc7fbea fc6cff73 fcd100c2 048beea3
(14474) CVSRAM: read push: id 0, da 02eeef7e 199cedbc 0312062b 1a9df67f
(14476) CVSRAM: read push: id 0, da fdfe0257 ed1aee8c fb9bfde6 01be186a
(14478) CVSRAM: read push: id 0, da 1971f4cd 0823f9ea f424f604 f56907f4
(14480) CVSRAM: read push: id 0, da eb28ea14 040205e1 f20d0136 02b8e850
(14482) CVSRAM: read push: id 0, da f822f6c2 edc3f710 323ee09d 05d8fc64
(14484) CVSRAM: read push: id 0, da f517eea0 f91bf08e fccb2923 0cc5f97f
(14486) CVSRAM: read push: id 0, da f28e2514 fb6bf9d4 f627e146 0437fbb6
(14488) CVSRAM: read push: id 0, da 3664f981 0137efca f61d049f f509ebde
(14490) CVSRAM: read push: id 0, da f7c0e955 07a703d7 0dc2041a 052b08e6
(14492) CVSRAM: read push: id 0, da f2cfcf62 fec30204 16a7f25b 2596f51d
(14494) CVSRAM: read push: id 0, da f7a8084a 0df0f587 014404be 0c89f59d
(14496) CVSRAM: read push: id 0, da f1a50319 0f23f944 fe82f98e 03a7f4b7
(14498) CVSRAM: read push: id 0, da fb2d036d fc2503ac fe5a022b fc47ed23
(14500) CVSRAM: read push: id 0, da fcad09ff f3a2feb4 075dfb68 0610fd30
(14502) CVSRAM: read push: id 0, da f953fd61 ebb9f4c7 fcc92d3e 0102e7e3
(14504) CVSRAM: read push: id 0, da f20c0cfd f53e0614 f66beba9 0208f5bd
(14506) CVSRAM: read push: id 0, da 098cf6e2 f9610107 efc1f3bc fc9903e4
(14508) CVSRAM: read push: id 0, da fa4e0f26 f64308fb 07b3fe03 f4b9052d
(14510) CVSRAM: read push: id 0, da fa2f0715 f5f40896 f73df56b 0f7afe21
(14512) CVSRAM: read push: id 0, da ebf7fab2 e574f034 07cdf92c f3e21405
(14514) CVSRAM: read push: id 0, da 09f1127d ed53149a ed63ebae fceb1a93
(14516) CVSRAM: read push: id 0, da f09ff330 e847fa37 fcf2fb9d f47d037b
(14518) CVSRAM: read push: id 0, da f96ffd23 faf9f76e ff4ffcdc f829f7c0
(14520) CVSRAM: read push: id 0, da 07c201b2 fdc0f9f3 0162faff ea8aecc4
(14522) CVSRAM: read push: id 0, da ec0ff002 07dafbd9 170a01b2 10c4fc38
(14524) CVSRAM: read push: id 0, da 055b0671 fc26f137 09df0c3a 030c12a7
(14526) CVSRAM: read push: id 0, da f89cf7fa f65f1e67 f286f098 f320efe4
(14528) CVSRAM: read push: id 0, da f69eff29 eb0efafd f81dfe3f 055ffaff
(14530) CVSRAM: read push: id 0, da 0fa9f86c 01e3f83b 0a6dfb49 f70dfe90
(14532) CVSRAM: read push: id 0, da f57ded6f fd480e81 e51ff48d 295ff4ec
(14534) CVSRAM: read push: id 0, da ff2b004c ffcef84d f9710515 01f7f6c2
(14536) CVSRAM: read push: id 0, da 066efe5d f8aff941 0056fe2e 021cfa6e
(14538) CVSRAM: read push: id 0, da f5380bfd 049412f1 ff02ee87 fd6a0c35
(14540) CVSRAM: read push: id 0, da fe370af6 ec60f567 08d8f7ba f613151c
(14542) CVSRAM: read push: id 0, da fe8eeded f5c40183 efbaed9b f477081f
(14544) CVSRAM: read push: id 0, da f82af21b 095a00aa f90ffa75 ff3c0804
(14546) CVSRAM: read push: id 0, da 02effa5f f92af430 f343080a 0106ff21
(14548) CVSRAM: read push: id 0, da 0022ff4e 02a0f8f1 fcd30116 f5cbf8c6
(14550) CVSRAM: read push: id 0, da 0229fd0f 0017fc25 082e01a0 03c1fc57
(14552) CVSRAM: read push: id 0, da 0f46ed70 fd8e05a7 f81ff9a7 1a6cf8a6
(14554) CVSRAM: read push: id 0, da fde6f471 ffcc0efa 02540187 007afee3
(14556) CVSRAM: read push: id 0, da ea5bf1e2 ffdefd41 021dd993 3b3f178f
(14558) CVSRAM: read push: id 0, da 08360939 0ec8fbdf 044509b3 08d3f17e
(14560) CVSRAM: read push: id 0, da fdf7fe45 04520184 fc2ffe73 011bfb02
(14562) CVSRAM: read push: id 0, da 0b590428 fcf0fc1b f649fa64 0308fdc0
(14564) CVSRAM: read push: id 0, da faa0020c 0bd5043f fd4af94e 015d0472
(14566) CVSRAM: read push: id 0, da f759fcd6 0697fcd5 f14f134c 02aef10b
(14568) CVSRAM: read push: id 0, da 083e00c4 fa7ef274 fcbceaef 08b5032b
(14570) CVSRAM: read push: id 0, da f6520689 f033047a f737eb91 ef7d0611
(14572) CVSRAM: read push: id 0, da 036102a5 f906ff21 008eecda fa1e0dca
(14574) CVSRAM: read push: id 0, da 02c6f902 f5b4097e f636f206 03b80969
(14576) CVSRAM: read push: id 0, da f794f9b0 f8eee982 0b6c01ca f5d5015e
(14578) CVSRAM: read push: id 0, da f972f128 f1a8f63e fe96fb09 0947fac5
(14580) CVSRAM: read push: id 0, da f969fe5e f744ff52 0012fafb f78a1281
(14582) CVSRAM: read push: id 0, da ff15014b fc340039 ff1dfe59 01850228
(14584) CVSRAM: read push: id 0, da fe910b65 feb9072a 1fcffdb4 ef3becfd
(14586) CVSRAM: read push: id 0, da ef2cf4ff 055afc6e f89f063f fc0fffee
(14588) CVSRAM: read push: id 0, da 12321241 0159fbb7 ff1a0018 f995ecf2
(14590) CVSRAM: read push: id 0, da 108df22d 0af4f1ac 04d60013 165dd93a
(14592) CVSRAM: read push: id 0, da f990faa1 ff41fc4e 0e61fc86 0e73105b
(14594) CVSRAM: read push: id 0, da 02baf5bd fcd9fb6e fc0dfb13 fcfbfc72
(14596) CVSRAM: read push: id 0, da fa41e7eb 05ef0ab9 0142f507 1af11a9d
(14598) CVSRAM: read push: id 0, da 0734fb2c f026fedc f55cf8a9 e417055a
(14600) CVSRAM: read push: id 0, da fd59f84a f7c5f9c2 f70cf818 fadffc27
(14602) CVSRAM: read push: id 0, da f72f02d7 fedf0889 fcea0576 f7f0fda7
(14604) CVSRAM: read push: id 0, da 00adeecc 0620076e f57df5e8 076bf87e
(14606) CVSRAM: read push: id 0, da faac0074 02360d9f f6080132 f77affb9
(14608) CVSRAM: read push: id 0, da eb3dfc7e 0049005d f8c8fcc4 e8cffc35
(14610) CVSRAM: read push: id 0, da 0caffe12 f073f959 122ce965 051ef812
(14612) CVSRAM: read push: id 0, da f984f7ce 06d9f71e fe1016a8 054effb9
(14614) CVSRAM: read push: id 0, da 07d622ec 00e8ffcc 0474f409 03d7fef3
(14616) CVSRAM: read push: id 0, da 2ea000c6 ff3bf06d fe8806a6 efeefc67
(14618) CVSRAM: read push: id 0, da ffd2f76d f6040028 01bb04a5 fd8a013c
(14620) CVSRAM: read push: id 0, da fed4ef56 01ebee84 063ff20d dd49f242
(14622) CVSRAM: read push: id 0, da 018505ca 045a01cb fd370457 00b2fc2a
(14624) CVSRAM: read push: id 0, da f47bfa9b 0c5ef3da 0468fa93 fdb2f73d
(14626) CVSRAM: read push: id 0, da f370ffbf 076d063c f63ef816 efa8e772
(14628) CVSRAM: read push: id 0, da 0323f916 f23bf42a eb64f959 f85df5c7
(14630) CVSRAM: read push: id 0, da 05df0036 f7ecf975 f0050a51 02b30447
(14632) CVSRAM: read push: id 0, da fb03f81b 03e00edf 0001f706 0453ff7f
(14634) CVSRAM: read push: id 0, da fd1bfa45 f1b80bc6 efeaf2ed f85603ab
(14636) CVSRAM: read push: id 0, da 02b4fb44 f5011009 006e0061 000709ad
(14638) CVSRAM: read push: id 0, da f8c30090 f290fc66 04f806b2 fc7af312
(14640) CVSRAM: read push: id 0, da f2de0471 1e3d1284 04310484 08bbfe7f
(14642) CVSRAM: read push: id 0, da 035efaa5 1a020139 08b2f666 f236f597
(14644) CVSRAM: read push: id 0, da fb72fde9 07060b59 00d90c9e f538020c
(14646) CVSRAM: read push: id 0, da 00dd0608 00e7fd31 0535fac4 005500a6
(14648) CVSRAM: read push: id 0, da 07b2050e 0155ffd4 271dfb1b 02e801c1
(14650) CVSRAM: read push: id 0, da 066d0e28 fb470f00 fa62f713 faecfe27
(14652) CVSRAM: read push: id 0, da e40301a4 08e7fe2e ff6d0b30 0d510748
(14654) CVSRAM: read push: id 0, da fac3fe54 0a390432 f993f133 f1e2f8fa
(14656) CVSRAM: read push: id 0, da 09e9f728 f006f31d 02ddfd91 fa730d5e
(14658) CVSRAM: read push: id 0, da f3c2eabc 09de03cc 0a510408 eb04ffba
(14660) CVSRAM: read push: id 0, da 090fee83 fd5f07fa d8c2fb86 f6a5f6db
(14662) CVSRAM: read push: id 0, da fc25070f ea82ff74 f23b02c2 f906ff98
(14664) CVSRAM: read push: id 0, da fe6cfa6e f171feec fb29fb39 0009f934
(14666) CVSRAM: read push: id 0, da fd3cf4b6 e3c9f249 0eb8119e ff5a0835
(14668) CVSRAM: read push: id 0, da f6eefae9 068b08cc f00b0c3e 035bf371
(14670) CVSRAM: read push: id 0, da fe0dffd3 044e095a f063f77c fe700384
(14672) CVSRAM: read push: id 0, da e92d0487 fcf006a8 f912fcd9 eb2eea5c
(14674) CVSRAM: read push: id 0, da 0369f8ef fec7f46c eb8f06c2 fedeffe3
(14676) CVSRAM: read push: id 0, da 0024fe63 f3bbf961 f6ab0676 f681fd10
(14678) CVSRAM: read push: id 0, da 04cb0c65 f684f5d3 03260022 061af73e
(14680) CVSRAM: read push: id 0, da 1e32e491 f939ff9e f5e8fa34 15d2ecbc
(14682) CVSRAM: read push: id 0, da fc01ef5d fd0f077a 06870233 001a07c6
(14684) CVSRAM: read push: id 0, da f0dfecf2 0309eba8 03abed70 ec6eef8b
(14686) CVSRAM: read push: id 0, da fe280b7d 0421f5df f8efff30 ff5cf920
(14688) CVSRAM: read push: id 0, da f4580000 0945f97a 013af75e 02ecf572
(14690) CVSRAM: read push: id 0, da f122f7be fe9a00a3 005d01ea f81be766
(14692) CVSRAM: read push: id 0, da f9ae0199 f2e2f84c 07f700ce 00e70188
(14694) CVSRAM: read push: id 0, da fcc10123 f1bbf7de f7fe0a9f f9c80038
(14696) CVSRAM: read push: id 0, da f75efeb6 ff65fc90 f29aef43 0a6ff565
(14698) CVSRAM: read push: id 0, da 188e0a2e f8ac015d fb21eae7 02f30310
(14700) CVSRAM: read push: id 0, da 02710f03 fea91dd7 095a168c fce3147a
(14702) CVSRAM: read push: id 0, da 0968f646 08bafbd1 fb8afc16 0c72f51d
(14704) CVSRAM: read push: id 0, da ea780256 f4e6041a fc6a005f 0259032e
(14706) CVSRAM: read push: id 0, da 1a84fc60 10eaf8ba f5c6fa3a 04d307d8
(14708) CVSRAM: read push: id 0, da f697fed5 05c506b4 fbcb043a fb3a042e
(14710) CVSRAM: read push: id 0, da 037800d7 f1cbfdd7 031f009e 06950068
(14712) CVSRAM: read push: id 0, da fe930d0e 0339fb43 5ab200f9 fab2002b
(14714) CVSRAM: read push: id 0, da 0b7f0a8c fdb2fea3 01b4053e 0e630a95
(14716) CVSRAM: read push: id 0, da 028f0a94 f8dcf885 067f085a 00910b6d
(14718) CVSRAM: read push: id 0, da fd76fd36 f5d20a89 fbaef060 f01703b5
(14720) CVSRAM: read push: id 0, da fda5ff0f ffa9f6dd f568f7d7 f7b4f424
(14722) CVSRAM: read push: id 0, da fce6efc2 ff290587 0b48fcb7 f84802a4
(14724) CVSRAM: read push: id 0, da f5adece6 fcc40db5 e758fa8b 1176e47d
(14726) CVSRAM: read push: id 0, da 0c6503d1 f500f6d0 f135f78f 00b4ff85
(14728) CVSRAM: read push: id 0, da feebf9b3 fb55fee2 005df4d6 0241015a
(14730) CVSRAM: read push: id 0, da 037308ad 111efc8e 03dbfebe 0aa906a9
(14732) CVSRAM: read push: id 0, da 05e30c67 f038fbb0 087a002a f8a1166e
(14734) CVSRAM: read push: id 0, da f087fc89 f7be0b5c f179ee23 f84efe14
(14736) CVSRAM: read push: id 0, da f1e0fd1c fa4cf351 f484f43f f2bbf2cb
(14738) CVSRAM: read push: id 0, da e1740332 faf0fba1 e2f216f9 f4160270
(14740) CVSRAM: read push: id 0, da 03db0e0c 0efa052b f9a9f810 029b054a
(14742) CVSRAM: read push: id 0, da 005ce7c4 01a900ac 07a40cf9 0a4f0542
(14744) CVSRAM: read push: id 0, da ee0fe239 fe070c70 fdcefe6c 247704bb
(14746) CVSRAM: read push: id 0, da fcd3f54e fa9a0ce6 fedafdc5 fe99fccf
(14748) CVSRAM: read push: id 0, da ef4702f1 fd87f831 f9ade280 0243f924
(14750) CVSRAM: read push: id 0, da 0c760955 03f4fb70 fc9bfea0 fbaafc99
(14752) CVSRAM: read push: id 0, da fc4a009b fa2a04c9 01d1f791 ffd6fc0e
(14754) CVSRAM: read push: id 0, da ff2ef95a fcdefc20 fc0af9d1 f8ed01c5
(14756) CVSRAM: read push: id 0, da f461fce1 0b05fcd0 0384f8c3 f8c6054c
(14758) CVSRAM: read push: id 0, da fee3fc8a 0e3001e1 f1aa050a f9ac0c1a
(14760) CVSRAM: read push: id 0, da 04b1ff5b 0b83f720 f81fe9de 04a0ff51
(14762) CVSRAM: read push: id 0, da 09440d05 0262ffbf f6b2ed48 fa21068d
(14764) CVSRAM: read push: id 0, da 0d4e065b f6c208f6 025d0386 fd340cf1
(14766) CVSRAM: read push: id 0, da 008506ec 04000513 f9ceee3f fc13f74f
(14768) CVSRAM: read push: id 0, da fa37fddd f394f73a fde1f9e4 f68d0c3e
(14770) CVSRAM: read push: id 0, da ff81fa77 0b13f638 00a30496 0191f354
(14772) CVSRAM: read push: id 0, da 037500d6 143a0466 0885013b 035a0648
(14774) CVSRAM: read push: id 0, da 0253f8ac 050bfffe 017f05b6 020706f5
(14776) CVSRAM: read push: id 0, da f89d0a7f fd09fc46 1842065f f926f88e
(14778) CVSRAM: read push: id 0, da 0af7131c ff84f8eb f903045b 01d10abb
(14780) CVSRAM: read push: id 0, da 0b6708a7 0072014c ffc2fe2f f776f17a
(14782) CVSRAM: read push: id 0, da 0964f6b4 0df0e7c0 09c30905 0a69f6b6
(14784) CVSRAM: read push: id 0, da 04f200c1 1764fdcb 075dfc89 01420129
(14786) CVSRAM: read push: id 0, da fc48f8a1 fad10945 fbb8fdab fd990054
(14788) CVSRAM: read push: id 0, da fe89e812 ff0408ee 09d1f95b 0fdff377
(14790) CVSRAM: read push: id 0, da 11a90c0a 0c1ef91b f462eb70 f3fcf6eb
(14792) CVSRAM: read push: id 0, da 0451ffc2 f80c0d3e 03d9f0ec 0578009a
(14794) CVSRAM: read push: id 0, da 0aa4087f 089cf9f5 ff380cab f9381573
(14796) CVSRAM: read push: id 0, da 00190ce1 ef1d0379 054609fd 0413ff1a
(14798) CVSRAM: read push: id 0, da 006f0a01 fbfcfef2 07280037 0ea60829
(14800) CVSRAM: read push: id 0, da f7c60b7c f868fd78 f6fffb6d f317e8fd
(14802) CVSRAM: read push: id 0, da fe88ff85 2a29f51f 0396faae 16eee744
(14804) CVSRAM: read push: id 0, da 055afdf4 f8a8f5bd fdeaff00 04010099
(14806) CVSRAM: read push: id 0, da 065c02da 00a40d2d 093513b1 015211b3
(14808) CVSRAM: read push: id 0, da 12140d36 06020a7b 05040651 03a502de
(14810) CVSRAM: read push: id 0, da fad70659 f9450194 ef2dfc90 0b0c0561
(14812) CVSRAM: read push: id 0, da 08caf4e0 fc70f08c 09a5f84a fc6c0a87
(14814) CVSRAM: read push: id 0, da ff3fff9a fee6ff78 0095fbf4 022a004b
(14816) CVSRAM: read push: id 0, da 00c6066f fc93fabc f228eee0 f9c6fc55
(14818) CVSRAM: read push: id 0, da ef92069d eee8f1df 0e01f660 1106f300
(14820) CVSRAM: read push: id 0, da 05f20bda 0343f2b4 037e0698 073cfb2f
(14822) CVSRAM: read push: id 0, da 02ec0238 f3ac0432 fcc0036b ea0e0b34
(14824) CVSRAM: read push: id 0, da 0630fb9d 07de0063 01a4fe71 fd6bfb82
(14826) CVSRAM: read push: id 0, da 03ba00a7 0c53f23a 0ae50933 fde7019e
(14828) CVSRAM: read push: id 0, da ff450506 1bfdfbbd 00810548 0160fc9b
(14830) CVSRAM: read push: id 0, da fb7802ad f5d1035d 0920ef37 f945fb7b
(14832) CVSRAM: read push: id 0, da 098bf973 fa73fd99 fc36e89f fb0502d3
(14834) CVSRAM: read push: id 0, da 136c00a9 09550474 ef47f51b ef480b52
(14836) CVSRAM: read push: id 0, da 0cf50073 f41f0d3d fab10fba f7c9f9e7
(14838) CVSRAM: read push: id 0, da 20ac15a2 0c7e1309 0fad01d1 1090ff96
(14840) CVSRAM: read push: id 0, da 1229fcf4 0d3c18d7 fc3efa17 fc90063a
(14842) CVSRAM: read push: id 0, da 005df77a 0674fa2b f247016c e713049c
(14844) CVSRAM: read push: id 0, da 03520105 05e6250f 0f86fca8 f982042f
(14846) CVSRAM: read push: id 0, da 0942eede ff4e0197 00db0720 059ffc51
(14848) CVSRAM: read push: id 0, da 1b9cfafe 003d0a60 0b3ef075 f6e0f127
(14850) CVSRAM: read push: id 0, da 043f12ec f98e0586 fc3dfcbc f7a30e88
(14852) CVSRAM: read push: id 0, da 06f9f079 f4fbfeb1 031e003d 0cdffbde
(14854) CVSRAM: read push: id 0, da 19f50bb8 f70101c5 f9a6eeeb f704026d
(14856) CVSRAM: read push: id 0, da 0bc2f937 f9290f14 024ff2f6 028e0519
(14858) CVSRAM: read push: id 0, da d58afc4a 09eb13b6 f853eb28 fe76d4c6
(14860) CVSRAM: read push: id 0, da 0318eedc 0478faee f18ff2f4 f60100e3
(14862) CVSRAM: read push: id 0, da 0aff005c fe01fb10 040ff8b8 06390237
(14864) CVSRAM: read push: id 0, da d716fe13 fe2b008a 05310b5b f9940d0e
(14866) CVSRAM: read push: id 0, da fed80a37 0cfefe4d 01d2fac7 0ae2ea04
(14868) CVSRAM: read push: id 0, da faf2f688 ffc6fc0e fcf4fe7c 00270595
(14870) CVSRAM: read push: id 0, da efe60a6b 14e70aed 00071054 09fef9b1
(14872) CVSRAM: read push: id 0, da fa3a103e 147d073a fa9c0a4b 09a701c6
(14874) CVSRAM: read push: id 0, da fc4efcb3 d3a1ecb9 ff180034 059f068c
(14876) CVSRAM: read push: id 0, da f7ba00be 144efcfe 02c9035b 083efa48
(14878) CVSRAM: read push: id 0, da 0253f5c0 013cfe98 fdc7fe8a 0709fc5e
(14880) CVSRAM: read push: id 0, da f89305e8 042df5de f038f7d0 efade4ac
(14882) CVSRAM: read push: id 0, da f6c2119f eeedeb05 05fef458 0886f224
(14884) CVSRAM: read push: id 0, da face0891 fd07f76b 057406eb 06b3fd27
(14886) CVSRAM: read push: id 0, da ef41fb07 0ca6f5ae 038505b2 058deb47
(14888) CVSRAM: read push: id 0, da 0a6bfba3 0b6a06c6 fe41fb03 0374fdaf
(14890) CVSRAM: read push: id 0, da 042507d5 e98d0da6 fd02fa99 f5a01fe9
(14892) CVSRAM: read push: id 0, da f5ecfa97 ffc7fc7f ff94fdcf f8a5f560
(14894) CVSRAM: read push: id 0, da ecb203b8 f713fd64 0c26f69d 04e4fa8f
(14896) CVSRAM: read push: id 0, da 02ba006a e842f87d f6a4ef08 fa3ffd88
(14898) CVSRAM: read push: id 0, da 02e40212 0ebf01f9 f8baeff3 f08d093e
(14900) CVSRAM: read push: id 0, da 07f30755 ec0a0782 01dbf987 fde2029e
(14902) CVSRAM: read push: id 0, da 00cc22b8 06e210b2 0fc2fc41 0bd5fb94
(14904) CVSRAM: read push: id 0, da 004906c3 049f21cd f29cfdeb f8050702
(14906) CVSRAM: read push: id 0, da 0c21fce7 043df63f e8df0a5d e184ffd3
(14908) CVSRAM: read push: id 0, da 0007044e 04d52979 048ef37c 00f0ff02
(14910) CVSRAM: read push: id 0, da f5b0fbbc 0351fcec fcf30601 fd46fdad
(14912) CVSRAM: read push: id 0, da 1374dc3c 00060b52 0e6de9a6 f9e2eb13
(14914) CVSRAM: read push: id 0, da ff14fd17 f564001e f360fab8 027b04a3
(14918) CVSRAM: read request from dla, addr 50049fc0 burst 255 id 0
(14982) CVSRAM: read push: id 0, da ddf9013e fe04f2fd 0152ed71 048130da
(14984) CVSRAM: read push: id 0, da 0366fee3 00f70306 01d1fd6b 079afb62
(14986) CVSRAM: read push: id 0, da ff44f517 067904e2 0708fd72 efd5fe48
(14988) CVSRAM: read push: id 0, da 11600211 ecb7f39b f8c1ffca fe911200
(14990) CVSRAM: read push: id 0, da fb6202b1 f5d1fca5 050006b1 03750475
(14992) CVSRAM: read push: id 0, da efc1f3a4 fe8e0693 f8fdfff0 001507c7
(14994) CVSRAM: read push: id 0, da 0c7717fa fe18057b 01d50a6a f7c8e683
(14996) CVSRAM: read push: id 0, da 018d03fc fb8c045c f98e0164 fc690d19
(14998) CVSRAM: read push: id 0, da 06dd017e 14f50422 06c6fd52 f58c038a
(15000) CVSRAM: read push: id 0, da 0c5f06af 12850d32 ff6d093f 0be606ae
(15002) CVSRAM: read push: id 0, da 099a11b1 0ba908d0 1077ff97 07c1109c
(15004) CVSRAM: read push: id 0, da fa110665 1b98011c 026a031e eddc07e6
(15006) CVSRAM: read push: id 0, da fc3f0194 f7240644 ed001598 08d4f4f1
(15008) CVSRAM: read push: id 0, da fd6dfd91 fdc904d3 fcc7ff9f 01bd0452
(15010) CVSRAM: read push: id 0, da 0250f644 0450f576 dcfa0771 ec1fe27b
(15012) CVSRAM: read push: id 0, da f5a50ce2 fc5cfd0e 0057f8ca 00d6f776
(15014) CVSRAM: read push: id 0, da 0779ff76 f05dfd72 014009cb fea80609
(15016) CVSRAM: read push: id 0, da f861ff8a 06170e17 0ae3f9f2 111a04b4
(15018) CVSRAM: read push: id 0, da fa96fe53 e9e30612 035bff6b 086a0dc5
(15020) CVSRAM: read push: id 0, da 020303ca f48a040c f7e9fa95 02f1f764
(15022) CVSRAM: read push: id 0, da f8f3000a 01fdfa74 ff9afd1e 0560f789
(15024) CVSRAM: read push: id 0, da f79b084e 0661fd15 0da0fd27 0489f8c2
(15026) CVSRAM: read push: id 0, da 04dcfc0d ea10f985 f6e6f5d2 f8a30850
(15028) CVSRAM: read push: id 0, da f7c8007d fca9ff7f f8cbf6af 031afba9
(15030) CVSRAM: read push: id 0, da fe75038a f99d08a1 0898fb2e 087e05a8
(15032) CVSRAM: read push: id 0, da 071c03d3 fcbd0b25 07d1fbd4 11fdfd03
(15034) CVSRAM: read push: id 0, da f5e40435 0091112e 08320038 fb5c06a6
(15036) CVSRAM: read push: id 0, da 02fffb32 0323f3ac fb1cf7e3 e140ff81
(15038) CVSRAM: read push: id 0, da 022f0727 fb091c5a 0336faca 006e062a
(15040) CVSRAM: read push: id 0, da fa200a41 f869fe61 01630835 0856fccf
(15042) CVSRAM: read push: id 0, da f8b7d0b0 039d0b2b ffd9f6ac 1b4d09bc
(15044) CVSRAM: read push: id 0, da fc8af006 f623f9be 0536033d 01acfc9b
(15046) CVSRAM: read push: id 0, da 06fc073d 010ffc26 ffcd02e7 fa01ebc5
(15048) CVSRAM: read push: id 0, da 13ce0848 0ef1ee1d f508edff f52bf7a5
(15050) CVSRAM: read push: id 0, da 0b380b58 fc1dff37 f7faf35e 0a2f057d
(15052) CVSRAM: read push: id 0, da 1aad09da 09a4f3e0 fba31883 093c1dc9
(15054) CVSRAM: read push: id 0, da 03b008ed efb50cbe fdfa09d4 09d2fbdf
(15056) CVSRAM: read push: id 0, da f9c0fed3 1ea6ff43 fd7f1098 0043ff9f
(15058) CVSRAM: read push: id 0, da 23010a6c f6af099b f91fe619 f10ad031
(15060) CVSRAM: read push: id 0, da 01630612 ff2e0c02 fb5ef6e6 0e10dd1b
(15062) CVSRAM: read push: id 0, da f819fc60 e0a0021e 02adfed4 04edff6f
(15064) CVSRAM: read push: id 0, da efe2f887 f2fcfa97 fe550fba 116c0183
(15066) CVSRAM: read push: id 0, da 04110496 177efef5 037b0b98 fcb0fff0
(15068) CVSRAM: read push: id 0, da f7d5026d 15970a2b f399fe7f fe300188
(15070) CVSRAM: read push: id 0, da f8ae048a e894f6d8 fc2afda7 00ee0604
(15072) CVSRAM: read push: id 0, da fc55f88e fe15fb91 044cfd9c fae4fdc0
(15074) CVSRAM: read push: id 0, da ec090158 f545faf7 2b43f81c fc1b1c62
(15076) CVSRAM: read push: id 0, da 050efceb 0499f7ca 009cfd44 0c0ef400
(15078) CVSRAM: read push: id 0, da ff26facc fe20f9f7 fa9d013e f869fded
(15080) CVSRAM: read push: id 0, da 0a9b0957 e3c504a5 f808041b e3cf2188
(15082) CVSRAM: read push: id 0, da f598fcec ffb6f1dd f55ff97d f96aecf0
(15084) CVSRAM: read push: id 0, da 09d0026a f987f3b7 fc9a00fd f6dc15ce
(15086) CVSRAM: read push: id 0, da 0ac40678 0cdcfbc0 fe1c00c6 fdceffaa
(15088) CVSRAM: read push: id 0, da ecc3f8f9 00330a9c 0a6cf460 ff42ed48
(15090) CVSRAM: read push: id 0, da 0349fad5 edf9f80c fcabef18 01f90628
(15092) CVSRAM: read push: id 0, da f214fdcf 01b8206c f6a4f7c9 e9b60937
(15094) CVSRAM: read push: id 0, da 040307a2 ebf827e7 ffbbfa42 fb4701f5
(15096) CVSRAM: read push: id 0, da fd8cfd1e ef50fa48 2ce7ff0b 1173fa7e
(15098) CVSRAM: read push: id 0, da 0d50f71e 2975f8f9 1088f322 fe370b42
(15100) CVSRAM: read push: id 0, da f238f2a0 fb9bfc90 fe02146c e895fa67
(15102) CVSRAM: read push: id 0, da fc000155 11390a57 068cf64a fcb1040c
(15104) CVSRAM: read push: id 0, da fa6eec50 fd2905e3 03b8fea1 f694fee9
(15106) CVSRAM: read push: id 0, da 00951072 fc6cfedd ff37fabc f74c03e0
(15108) CVSRAM: read push: id 0, da 12b8fe1b 0aa2f7bb fb4ffe94 fa360271
(15110) CVSRAM: read push: id 0, da 0310f2e9 f6f8060d 00fefeee 0081fa8e
(15112) CVSRAM: read push: id 0, da 237c09e8 f81ce8b2 f92ef2c1 f0da055f
(15114) CVSRAM: read push: id 0, da 0ede0096 0379fe28 fd00ef6f fe040390
(15116) CVSRAM: read push: id 0, da d058fb14 1add0a98 02b8eb8f 0385d25e
(15118) CVSRAM: read push: id 0, da 012fee06 151a00fc f536f2fc f70b0235
(15120) CVSRAM: read push: id 0, da 05e911ce 0cdbfb0a 0d76fe57 f07af081
(15122) CVSRAM: read push: id 0, da c9eaeb91 0f071202 f22b0cdb f7614b5f
(15124) CVSRAM: read push: id 0, da f51d0114 da181262 f80e02f3 fe29fd45
(15126) CVSRAM: read push: id 0, da f0a3fd6c e14803c0 ff8803c3 fbb5fb03
(15128) CVSRAM: read push: id 0, da d34ced29 fbc3fa28 f6c2150c 0af4f149
(15130) CVSRAM: read push: id 0, da ec270c28 0d5df6f0 eee90ccb 01acddd6
(15132) CVSRAM: read push: id 0, da f0640397 f562fec8 e9edf135 2af2f0a2
(15134) CVSRAM: read push: id 0, da fe0afa6f e9c9efe8 0c7bf419 fc500ec6
(15136) CVSRAM: read push: id 0, da 06d6f6a3 074af1a1 fd8c0432 043afc5f
(15138) CVSRAM: read push: id 0, da ebc4fb6d fbd8f644 126ffb57 f125f6dd
(15140) CVSRAM: read push: id 0, da 1b300545 0768f4fd fb8dfec7 0dc2f1e8
(15142) CVSRAM: read push: id 0, da ff8ff6f8 fa10f99d f9abf951 ed3af6af
(15144) CVSRAM: read push: id 0, da f0b3ff59 f48bf263 fb250980 ed68e454
(15146) CVSRAM: read push: id 0, da 073604ca 128e0cc7 f6b4fb39 fb85f7ec
(15148) CVSRAM: read push: id 0, da fa5c07a3 d6f91071 f7c5f571 02b8fff5
(15150) CVSRAM: read push: id 0, da fab201c6 e1630050 fc77ff22 fe99fae1
(15152) CVSRAM: read push: id 0, da e1eef8ca f81c0823 0f95fba2 015af672
(15154) CVSRAM: read push: id 0, da 0432f886 ea84f297 f7eff447 ff19005f
(15156) CVSRAM: read push: id 0, da fa9f0389 fbc30b0b fa98058d f2590c47
(15158) CVSRAM: read push: id 0, da faa1093a f4451676 fb8cf057 ff33f8c0
(15160) CVSRAM: read push: id 0, da cfeae5d1 eb70e132 c9a705e5 fa37f413
(15162) CVSRAM: read push: id 0, da d2e9076e efc3f11d efedf7b4 0eded668
(15164) CVSRAM: read push: id 0, da f73df937 fd74f979 e9361733 ef01f1f9
(15166) CVSRAM: read push: id 0, da f938fe0d 0ecc11f7 010bf410 01b9faa7
(15168) CVSRAM: read push: id 0, da fb38e529 07690247 03fa0541 eaa20462
(15170) CVSRAM: read push: id 0, da f4f20b05 fd85f191 1036f937 df9fe2f8
(15172) CVSRAM: read push: id 0, da 04abed00 00a8ff1c ea3e01d6 f812f75c
(15174) CVSRAM: read push: id 0, da de4b00d2 1155eede 006bed86 01082223
(15176) CVSRAM: read push: id 0, da 051500f8 fb90f304 09b6f876 0473fa5f
(15178) CVSRAM: read push: id 0, da 0351fc58 02e7fc77 0245f841 f1bc04f4
(15180) CVSRAM: read push: id 0, da 1db10066 e241e921 04ab02e7 087d1add
(15182) CVSRAM: read push: id 0, da fdd10674 f78900c9 09160200 101c019d
(15184) CVSRAM: read push: id 0, da 090bf5c3 12f7fd46 fa4b0be1 085803e2
(15186) CVSRAM: read push: id 0, da 142f11a0 04b30219 fb510872 f5a1f42b
(15188) CVSRAM: read push: id 0, da 0046fdcd e352f9db fd9afc45 f6cb18ba
(15190) CVSRAM: read push: id 0, da f3720075 07f60558 0387004d f42300bb
(15192) CVSRAM: read push: id 0, da f0730411 09280c0b 088a0f5d 027dfec4
(15194) CVSRAM: read push: id 0, da 00e90ce8 fc5a03a8 03a21213 056913e8
(15196) CVSRAM: read push: id 0, da 055cf2bd f6eeebfb 01ce0965 fa2108e5
(15198) CVSRAM: read push: id 0, da f52203ca 0d0efe85 fe690475 0e3ef80e
(15200) CVSRAM: read push: id 0, da fba7fbf1 f629f818 ffb804e3 05dcf88b
(15202) CVSRAM: read push: id 0, da 1bc6f1d8 fab7f708 e7750328 ee1fdde5
(15204) CVSRAM: read push: id 0, da 02d1fd4c 06b7f8bb 02acfa2b 0c2cf109
(15206) CVSRAM: read push: id 0, da 01fefa02 051ff8a3 fd6b0353 f2ee01ed
(15208) CVSRAM: read push: id 0, da 0475fdc3 06c0feb2 048dfba1 1a85e2ec
(15210) CVSRAM: read push: id 0, da fb42000d fe8809c9 ffff0332 05580287
(15212) CVSRAM: read push: id 0, da fd8fff2d f22dfdf6 fefc0001 186ccabb
(15214) CVSRAM: read push: id 0, da fc9ef958 e2bbf8f1 00110582 06c70926
(15216) CVSRAM: read push: id 0, da e904f53b fce308b6 0a99022a fdd4f4b1
(15218) CVSRAM: read push: id 0, da 0986f7b6 f642ef51 fdb1fcb4 020c00a0
(15220) CVSRAM: read push: id 0, da f3620290 f8acfc8c ff920715 022a03a4
(15222) CVSRAM: read push: id 0, da fe71faa7 0ac60092 00e7ffc8 02d8fe41
(15224) CVSRAM: read push: id 0, da f170f98c 0a53ff2c f7eb0414 00670676
(15226) CVSRAM: read push: id 0, da fe01fd16 f1ff02c0 fc0803e9 ff3202dc
(15228) CVSRAM: read push: id 0, da f095fa43 0e76fbdd fe320993 efbff653
(15230) CVSRAM: read push: id 0, da 02b7ff08 ff8007aa ffeff6b0 0608fc36
(15232) CVSRAM: read push: id 0, da f070edb1 fe5b06eb 06ec0041 f9af0500
(15234) CVSRAM: read push: id 0, da fb2af770 fa0c045a fc1efd84 f70af04f
(15236) CVSRAM: read push: id 0, da f878f621 032a036f 026c0346 000af6b0
(15238) CVSRAM: read push: id 0, da 15fb08dd fb500669 040002e4 fbb3e844
(15240) CVSRAM: read push: id 0, da 06a0009f 0637ff38 fe1ffb10 ffecff36
(15242) CVSRAM: read push: id 0, da 02a90760 f6c9f667 f6d5ff58 05e30445
(15244) CVSRAM: read push: id 0, da 0722090b f728fbf2 fc651a89 ff641679
(15246) CVSRAM: read push: id 0, da ff9806db edca060c 06d80a0d 06b0f99a
(15248) CVSRAM: read push: id 0, da 0463e99c 08d3fc81 fc390e2b 0e711015
(15250) CVSRAM: read push: id 0, da 14e00528 e928f663 01b0f7a6 f59dd8ac
(15252) CVSRAM: read push: id 0, da 054706bb f01bfedf 00240811 f69c03b6
(15254) CVSRAM: read push: id 0, da fdbefed8 fac202bf 0247fd9d 00560145
(15256) CVSRAM: read push: id 0, da f99f0f22 02fd0492 fc980739 0cc8fe3b
(15258) CVSRAM: read push: id 0, da 086809c5 0eef1735 15c6fe5c 08280a53
(15260) CVSRAM: read push: id 0, da 0e7dfe6c 0ddef959 f983fcf8 0647041d
(15262) CVSRAM: read push: id 0, da f64c0ae9 f1700af3 f83c0c90 fffcf616
(15264) CVSRAM: read push: id 0, da fdd00a26 0164fc5e 07ee0193 f9aa0072
(15266) CVSRAM: read push: id 0, da ea92f513 fae107af 353b0293 066c145a
(15268) CVSRAM: read push: id 0, da efbb00e7 ff490a65 fe390d79 f87ff87c
(15270) CVSRAM: read push: id 0, da fd64f4b8 006efe86 fc7bfbbb 006dfdc4
(15272) CVSRAM: read push: id 0, da 0988071a deea0b24 f5da0054 f1f50f34
(15274) CVSRAM: read push: id 0, da fa08054d f242fa34 fe92002e f9cff4da
(15276) CVSRAM: read push: id 0, da f8e6fdb5 02150227 00ccfae7 f84506e4
(15278) CVSRAM: read push: id 0, da 06a3ff44 10e30016 0173fff5 f95c0630
(15280) CVSRAM: read push: id 0, da f795ff41 001307f4 06bcf250 fc0400a7
(15282) CVSRAM: read push: id 0, da 02eaf5f1 ee1bee37 fcddf589 010607a6
(15284) CVSRAM: read push: id 0, da f83f04f5 fb24f864 026eff43 005ff740
(15286) CVSRAM: read push: id 0, da 026d0166 01610579 f8420451 017bfc1d
(15288) CVSRAM: read push: id 0, da 033300ed f483f8e0 0741f697 0d6503c2
(15290) CVSRAM: read push: id 0, da fd8ffd31 0d4bf912 121aec1e 09390923
(15292) CVSRAM: read push: id 0, da f963079e ff290c45 f7141933 eb17088d
(15294) CVSRAM: read push: id 0, da febffb97 064cfd5d fe89f5de 068005dc
(15296) CVSRAM: read push: id 0, da 04630574 ff15020d 01a7f832 09d0029a
(15298) CVSRAM: read push: id 0, da eb6d1eaf fdb0f814 d89f085e f9b8137a
(15300) CVSRAM: read push: id 0, da 031f0199 fe2d0571 fa50fb31 f7ee0855
(15302) CVSRAM: read push: id 0, da f8ed0160 f01a0b7e fde9fae6 fe5afcca
(15304) CVSRAM: read push: id 0, da 10eeff65 fc86fdbf 002af979 f6af0377
(15306) CVSRAM: read push: id 0, da 0a91fe8a f63df988 fb3ff8b2 033bfc87
(15308) CVSRAM: read push: id 0, da d5150216 0c230d2e fc31f305 f182de9d
(15310) CVSRAM: read push: id 0, da fb70ecc8 1197fec6 f9e1f502 f2cd0554
(15312) CVSRAM: read push: id 0, da 0125eebc ff4408b4 0845fd2c fe5ef5a0
(15314) CVSRAM: read push: id 0, da d27cf9fd f80e0260 f14214fe ee27052b
(15316) CVSRAM: read push: id 0, da fcba03a8 dd0b013a 07850a0f f61c0d42
(15318) CVSRAM: read push: id 0, da f55e06e0 fea2053d f6c0021f ff90f325
(15320) CVSRAM: read push: id 0, da f94e028e 058cff4f f5510707 0e37f076
(15322) CVSRAM: read push: id 0, da f7220499 09ed09f0 ff7b07b5 0d81f2dd
(15324) CVSRAM: read push: id 0, da f06807d2 03ca0163 eecff901 fef1eeb4
(15326) CVSRAM: read push: id 0, da 04b2fcde f272f5fe fdc6f755 f7bb0e03
(15328) CVSRAM: read push: id 0, da 02ee25b3 0632f466 05380914 00d0fcdb
(15330) CVSRAM: read push: id 0, da fd17eb1f fce603d2 18130700 fc620c24
(15332) CVSRAM: read push: id 0, da f163081f 0b9dfbe7 f7a814b9 f001f437
(15334) CVSRAM: read push: id 0, da f30cf623 05540fa9 01a6fa79 0344fe8b
(15336) CVSRAM: read push: id 0, da fe06f9ed 03d7f2af f77f0478 f12bf597
(15338) CVSRAM: read push: id 0, da 067906db ff2102dd fcd8fe42 fc07f92b
(15340) CVSRAM: read push: id 0, da 051dfa5e f9f2006f f9baf9fd 0200f5ef
(15342) CVSRAM: read push: id 0, da fe6d00f5 f90c0abf fae5fe79 fee9ff20
(15344) CVSRAM: read push: id 0, da e9ae0440 f6a60d47 09fd0121 f9d603a2
(15346) CVSRAM: read push: id 0, da fde3f084 ea12eb0b f9f9f8ce 019b0839
(15348) CVSRAM: read push: id 0, da 03de058a f597f440 022f0a9c 09d6f8c8
(15350) CVSRAM: read push: id 0, da fa2ff85e 1690eb62 f27e0147 ff76f3d8
(15352) CVSRAM: read push: id 0, da f90e0427 f63bf21c e659fdb0 f698f582
(15354) CVSRAM: read push: id 0, da fa6a007d e6d0f345 ff53f9e4 0b2ee729
(15356) CVSRAM: read push: id 0, da fc2f0e2f fab1064d e07220bc ea050488
(15358) CVSRAM: read push: id 0, da f24bf775 13bb013a f866f1c7 0a09f955
(15360) CVSRAM: read push: id 0, da 02d00395 f92e050e 06990914 005cfebd
(15362) CVSRAM: read push: id 0, da f1481b85 fd51fc57 e81b038c f750feae
(15364) CVSRAM: read push: id 0, da fd11ff87 f8ec00e9 f6fafcec f278012f
(15366) CVSRAM: read push: id 0, da ea990e0d 1414f96e fa92f423 fba40e07
(15368) CVSRAM: read push: id 0, da fb53026b 01f70017 0a47ff7c fd5df9a4
(15370) CVSRAM: read push: id 0, da 0430f812 f4b1f5e4 01e3f638 ff71040c
(15372) CVSRAM: read push: id 0, da 003d0695 e60cf59c f6bb011e 05030af4
(15374) CVSRAM: read push: id 0, da fff4015a f1dafcb9 0a7fff5a 08c4ffc7
(15376) CVSRAM: read push: id 0, da 0221f9ed 0a59f6ed faef0a3e 06dafd9a
(15378) CVSRAM: read push: id 0, da 05c00f18 07fffef0 f8200b5e f7cbf89b
(15380) CVSRAM: read push: id 0, da fee3014b 0c65fa7b 0b640123 f805073f
(15382) CVSRAM: read push: id 0, da 056a0613 0fe00018 fe9bfd8d 006cf4b1
(15384) CVSRAM: read push: id 0, da ffeb0601 0b1a0e9d 0a2c0cca 08c8f9eb
(15386) CVSRAM: read push: id 0, da 0e300ff9 fb810dae 06611113 0c4bfdd4
(15388) CVSRAM: read push: id 0, da 0304f8b2 e32ffd3e f916f8f7 fb8f0644
(15390) CVSRAM: read push: id 0, da 04b8fcd3 17aefac3 0d2ffb8a 008c071a
(15392) CVSRAM: read push: id 0, da fb9f0830 fe79fa7d fe5406bf 079cff29
(15394) CVSRAM: read push: id 0, da 142cee9f f4b50232 e0d50983 f652eb32
(15396) CVSRAM: read push: id 0, da ed660759 0e40fc48 fec60a01 f222fc4b
(15398) CVSRAM: read push: id 0, da 01abf9df fa31fedc 0245fdfa ff1cffa9
(15400) CVSRAM: read push: id 0, da 0495f875 08e5fad6 08f0026b 14d3fc83
(15402) CVSRAM: read push: id 0, da 0be801b7 fef6fe84 016507af 03450a70
(15404) CVSRAM: read push: id 0, da f7dd01af 0d43f7a0 f71affc1 09bcee98
(15406) CVSRAM: read push: id 0, da 01a90070 0012fe0e 056504b9 ff240b99
(15408) CVSRAM: read push: id 0, da f1c900ba f99b093b 08db02da f8c701b3
(15410) CVSRAM: read push: id 0, da 072bf816 f506f79c fc77fef2 019306dc
(15412) CVSRAM: read push: id 0, da 086bf838 0eb4f9af 07300f83 0a87ff07
(15414) CVSRAM: read push: id 0, da 02aef8c4 fe0fee0c fb920aca fd5df7e6
(15416) CVSRAM: read push: id 0, da fdcdfd44 041d0147 ff0802d9 ee3807fc
(15418) CVSRAM: read push: id 0, da 0836f7af f341ffcd fca4fa91 fb7bfa6c
(15420) CVSRAM: read push: id 0, da f2a708cf 0e34075c f55c0879 f24b0b7d
(15422) CVSRAM: read push: id 0, da 038ffee8 01cbfc94 fa2dee29 0969fb0e
(15424) CVSRAM: read push: id 0, da 0168fd4c 066004f5 049f07ed feb404a4
(15426) CVSRAM: read push: id 0, da 0deb197b 0510083c fe670325 efa5eda5
(15428) CVSRAM: read push: id 0, da fe2f0489 ff43031d 07cf035f 022dfffa
(15430) CVSRAM: read push: id 0, da 03970612 fe45007a fe1401b7 f92deb22
(15432) CVSRAM: read push: id 0, da 05cd0891 0a9aec02 fe531034 021c0387
(15434) CVSRAM: read push: id 0, da 00480db8 fca5fcad 02910008 fa02fbb0
(15436) CVSRAM: read push: id 0, da fd410a19 f99efd13 06620570 fdf20315
(15438) CVSRAM: read push: id 0, da 0d8704e5 f915fa61 0453f8d5 0404fe28
(15440) CVSRAM: read push: id 0, da 1285081c fbd40163 17c40274 0a9d09cc
(15442) CVSRAM: read push: id 0, da 0763f2ba 0c3f024e 07c4eee7 05270a9a
(15444) CVSRAM: read push: id 0, da f3bd156b fd0cf5f4 fba80356 f4310067
(15446) CVSRAM: read push: id 0, da 0986fcad 0060ee62 172cf106 03affaf8
(15448) CVSRAM: read push: id 0, da f073f8fe f0d10553 03cfe95e fdcc0e45
(15450) CVSRAM: read push: id 0, da f8fff5f0 fe6dfabb 00bc07e7 04d60822
(15452) CVSRAM: read push: id 0, da 02f1f9c2 0df00bd4 fb3ef566 f56fed9a
(15454) CVSRAM: read push: id 0, da 01fe05af fd2c021f fd0bfeff 0721efeb
(15456) CVSRAM: read push: id 0, da fc25107f f6f30e7a 0addfaec 016ffe11
(15458) CVSRAM: read push: id 0, da 06670a81 048efc6a f100fa5a f5d70e6b
(15460) CVSRAM: read push: id 0, da fd22fef2 fd9ffe2d 052c07f9 06f8fe60
(15462) CVSRAM: read push: id 0, da fa27ed41 057ffc41 03c8f8ab 0af7f5ee
(15464) CVSRAM: read push: id 0, da 081bfd90 fe380208 f430f905 f409053f
(15466) CVSRAM: read push: id 0, da f8341c15 fa0bfe20 fc49f831 002a0529
(15468) CVSRAM: read push: id 0, da 0b970575 fe1804b1 f70303cb 0dc601af
(15470) CVSRAM: read push: id 0, da 00ecf528 f077fcaa 0109fbdb f3d2018e
(15472) CVSRAM: read push: id 0, da e4c9fb75 fe6c10cf 06bbf353 f9e4ffb6
(15474) CVSRAM: read push: id 0, da 08dfff2d 0527fdc4 032afe3a 0e3908ea
(15476) CVSRAM: read push: id 0, da e773f66b 01880246 0c40fcec 112fffc6
(15478) CVSRAM: read push: id 0, da 0bdb031b 088afc71 fc2c087e 08b005a2
(15480) CVSRAM: read push: id 0, da 06f9e70a fb1df620 fa52fa7b f2c8ffe4
(15482) CVSRAM: read push: id 0, da f5a90422 05980d00 0dfdf57f 0ece041f
(15484) CVSRAM: read push: id 0, da ff2306f8 f8f60037 fe94f95e 04dbf9b3
(15486) CVSRAM: read push: id 0, da 09d205f7 01d4fcb0 03f6002b fee904c1
(15488) CVSRAM: read push: id 0, da fdd507cc fc7ff8b2 09fc00c3 0b4a1059
(15490) CVSRAM: read push: id 0, da 014bd7f6 049207e1 0c03f205 0dbcfe82
(15492) CVSRAM: read push: id 0, da 0b3d01fd 0acd02a5 faa4ef7f f511062a
(15496) CVSRAM: read request from dla, addr 5004dfc0 burst 255 id 0
(15560) CVSRAM: read push: id 0, da 02220d8a fe1ffd8d fbabf4dd f6a01602
(15562) CVSRAM: read push: id 0, da 0012fc1e 103cf80e faee04b0 f0ca04b0
(15564) CVSRAM: read push: id 0, da 0a2709be 05d4fe80 0b18fa36 065ffecc
(15566) CVSRAM: read push: id 0, da f748fc82 10aafd88 fc86f97e 0219f601
(15568) CVSRAM: read push: id 0, da 06be0c24 08f2003c 044bf7e6 0733fb60
(15570) CVSRAM: read push: id 0, da 18980455 ee46f6dd 150719f2 043f19fe
(15572) CVSRAM: read push: id 0, da fbd704c3 fa69f994 fe8efd4c 030bec9f
(15574) CVSRAM: read push: id 0, da ed640f9e 0434f2ab fa8dff0a f653fe57
(15576) CVSRAM: read push: id 0, da fcfff865 01c6ee38 0638f426 181d091c
(15578) CVSRAM: read push: id 0, da 03f5003d 11b4f4b6 e66728b9 f7ca0406
(15580) CVSRAM: read push: id 0, da f4bc122d f05906d3 fac2e5fb f258f2e3
(15582) CVSRAM: read push: id 0, da f2f9f97c fcc40724 ff06eac8 eecbf606
(15584) CVSRAM: read push: id 0, da f9f6feaf ff8af597 fdd3f9de 0445fb59
(15586) CVSRAM: read push: id 0, da 03254ef6 0b14fd66 004c0a5f fe9bf48f
(15588) CVSRAM: read push: id 0, da 160904c8 047c0bcd f17eed40 ef0e1276
(15590) CVSRAM: read push: id 0, da f2c03c64 0be50727 01c20516 06bdfef6
(15592) CVSRAM: read push: id 0, da d9fcf34b f4d8007b ff690a33 0a764b33
(15594) CVSRAM: read push: id 0, da f580f0df eeb30dbd f621fcb1 ee680764
(15596) CVSRAM: read push: id 0, da fd23194b f5c1ff01 fec100e7 dacaeca9
(15598) CVSRAM: read push: id 0, da fa170146 fd0f04d1 f668feef 0e36fc8e
(15600) CVSRAM: read push: id 0, da fb4afcd5 fe0afcda ff40049b fbdffb41
(15602) CVSRAM: read push: id 0, da e90a0e06 e91b02ec 0de3fd97 0cf1f998
(15604) CVSRAM: read push: id 0, da f8a4008b 0266f8cb ff0f0c41 054ffbd1
(15606) CVSRAM: read push: id 0, da f05af3f1 093c010a 0f42fe4b 1b6efcfe
(15608) CVSRAM: read push: id 0, da 01e0fd81 0c7dfa28 fed71046 097f065a
(15610) CVSRAM: read push: id 0, da 0760d281 016cf921 fd55fdf3 ecd0fed8
(15612) CVSRAM: read push: id 0, da fe1d0a4b 057c1908 1c4ff751 f9c5dd3b
(15614) CVSRAM: read push: id 0, da ff12f4c1 e8cb0777 051afd4c fd712a68
(15616) CVSRAM: read push: id 0, da 08a6fbcf fb29fa6e fe9e02a8 f7950a9d
(15618) CVSRAM: read push: id 0, da f622f7fb 08a9fdea 03970ebd fdbb05ad
(15620) CVSRAM: read push: id 0, da f2e1f01a 018b0335 f8eefa66 08bc13f4
(15622) CVSRAM: read push: id 0, da ffdf0c86 01160752 f832f0c8 fa1700ae
(15624) CVSRAM: read push: id 0, da 14f00b71 0484ff54 02f7fc01 f25a082e
(15626) CVSRAM: read push: id 0, da 00f80138 f6a50096 fd72f764 f85609a5
(15628) CVSRAM: read push: id 0, da f65ff2c8 00cbfb43 0c61f399 12720a06
(15630) CVSRAM: read push: id 0, da fbdd0978 ff1a0938 00b9fa7d 0999ffb4
(15632) CVSRAM: read push: id 0, da ffe3ff41 f829fb11 02c8fd85 fba106f6
(15634) CVSRAM: read push: id 0, da 0908093f f963fad9 04a31609 f2d20c57
(15636) CVSRAM: read push: id 0, da fac7fc53 fe39fd62 0346fc65 fa51f298
(15638) CVSRAM: read push: id 0, da f923ff5d fc87f59f f73cfbd8 f006ff18
(15640) CVSRAM: read push: id 0, da 00b4f7f3 fdc9f51c 089ff5fb 11a80db0
(15642) CVSRAM: read push: id 0, da ef5205e3 f4e402cf f5dcf2d8 ff83fcb4
(15644) CVSRAM: read push: id 0, da 0502f735 1365ffa7 00fc0418 fb130831
(15646) CVSRAM: read push: id 0, da 0822fb44 f9390433 fd3df27e 039ffc1b
(15648) CVSRAM: read push: id 0, da f97effa6 04a6f883 fd88fada 09490410
(15650) CVSRAM: read push: id 0, da f9c00731 01ddfe72 04bd0494 051f02ad
(15652) CVSRAM: read push: id 0, da 02f8f9f0 021b0253 0445fc1b eee10bb8
(15654) CVSRAM: read push: id 0, da 04d0ff40 0e26fd97 fa71f919 003f06a1
(15656) CVSRAM: read push: id 0, da 0d5a0494 01dbf998 07ca06ff 0056f5b9
(15658) CVSRAM: read push: id 0, da 02fbf27c f1320315 fbbf033d fd2cfb0c
(15660) CVSRAM: read push: id 0, da 03f6fb4e fab0fd13 fd2a0391 d4a3ee9c
(15662) CVSRAM: read push: id 0, da f319f9bf 0b5b08d4 024fff04 f4e5f995
(15664) CVSRAM: read push: id 0, da fe5008df 06a5f6cc 01410671 0624fe19
(15666) CVSRAM: read push: id 0, da e1a9021c 08e50718 fad1062c ff1104d2
(15668) CVSRAM: read push: id 0, da f3c206c0 e76fffcf 03180083 fc30016f
(15670) CVSRAM: read push: id 0, da f43ef2df 090a01f8 0482fc9a 103cecdd
(15672) CVSRAM: read push: id 0, da fd96fb31 032ffcee 06cd0650 f7bcfedf
(15674) CVSRAM: read push: id 0, da 11b5e62c 0707f832 0517f92c fe83fe42
(15676) CVSRAM: read push: id 0, da f5edfec2 0296ffa1 fc47fa62 f680fc5c
(15678) CVSRAM: read push: id 0, da 076e02e8 f8460d0c 02060082 0008006f
(15680) CVSRAM: read push: id 0, da 02d8ffd5 fb5effa4 0bba06c9 fd7309e7
(15682) CVSRAM: read push: id 0, da 0125f98a 048205a1 fb700546 ff4dfd80
(15684) CVSRAM: read push: id 0, da ee820f91 02eefa03 0924f912 f9ba1c97
(15686) CVSRAM: read push: id 0, da 08ea1256 fc6f0271 04fefa63 f7f8086b
(15688) CVSRAM: read push: id 0, da 0eebfaf4 020905ec 0402fa63 fc320576
(15690) CVSRAM: read push: id 0, da fe7e0d76 1034fba8 fabffd06 ee0906b4
(15692) CVSRAM: read push: id 0, da fe841432 fe34f2dc e6960125 fc88f956
(15694) CVSRAM: read push: id 0, da 0ab1fc19 ed41fb6c fcc90212 fad90978
(15696) CVSRAM: read push: id 0, da 06f2fbcc fc13f373 f7e9f6a7 f9ecfba8
(15698) CVSRAM: read push: id 0, da 084202ee e590f58a 01010a6b fac50e2a
(15700) CVSRAM: read push: id 0, da fa8efd90 fc84ec7a 0479ffbe 0a21f24c
(15702) CVSRAM: read push: id 0, da f85afd91 fa78f20c fd97fedb f6d0f90b
(15704) CVSRAM: read push: id 0, da 01cdf8fe 05d9f72d 1e81f6a2 09cefda0
(15706) CVSRAM: read push: id 0, da 0e89fd6c fa2ff6f7 f6000eaf 020502d0
(15708) CVSRAM: read push: id 0, da fd5906db e9effc92 003af596 fea9fd83
(15710) CVSRAM: read push: id 0, da f94cf8ca 10570732 fd7afb3c f553e3d0
(15712) CVSRAM: read push: id 0, da f9cff6bf ea58129a 07f2f82f fde70315
(15714) CVSRAM: read push: id 0, da fb22f0e6 0a2802de fc14033d fcbbfc3d
(15716) CVSRAM: read push: id 0, da 225d00da f5f90101 0e9bf7b5 fbd6e8f2
(15718) CVSRAM: read push: id 0, da fc81cd45 f9bffb70 fea4ff6f f302fbc9
(15720) CVSRAM: read push: id 0, da 083c0358 0b0df7c1 0272f909 f56ad83d
(15722) CVSRAM: read push: id 0, da fcf80ef6 1d6e0332 f50c0160 f1abfeb6
(15724) CVSRAM: read push: id 0, da 01c3109d 01f0f953 fc78f718 f6501c77
(15726) CVSRAM: read push: id 0, da f731fa96 fdf5ffcb 0353f999 fb6ffb93
(15728) CVSRAM: read push: id 0, da f8b8fb94 eb46ffcc fd68ffcf 06d30433
(15730) CVSRAM: read push: id 0, da 0b1901a0 fa04eb44 050b1271 12da0233
(15732) CVSRAM: read push: id 0, da 033f0351 ff0beeae fbef04f1 02b9f72b
(15734) CVSRAM: read push: id 0, da 1c5dfbc7 081eebe3 009b12c4 fbeaf222
(15736) CVSRAM: read push: id 0, da fb0ffbf4 0f27fd1c fbc6f69b f8e705ce
(15738) CVSRAM: read push: id 0, da fd720dd5 f83eff59 f0bff447 140602e1
(15740) CVSRAM: read push: id 0, da e4b801f7 f8a9ef5b ec590333 0eab39f6
(15742) CVSRAM: read push: id 0, da fb35f69e f9b8fecb 01feffec ff39fa1d
(15744) CVSRAM: read push: id 0, da 0858ff31 ffaffab4 fc97ff86 03570757
(15746) CVSRAM: read push: id 0, da 03a9f67d f657f9a0 0b2006e4 081a06f6
(15748) CVSRAM: read push: id 0, da f9f1e213 03a7fe81 0aaefc45 0934fa77
(15750) CVSRAM: read push: id 0, da fc2b2a5e f0a80443 000ff69f f7ba100a
(15752) CVSRAM: read push: id 0, da ff7bfac5 f5f60796 e9faf9b9 ff6b03bc
(15754) CVSRAM: read push: id 0, da f17fffd3 f7012ce6 e8c7f50f e76b04d7
(15756) CVSRAM: read push: id 0, da 07170434 1288f8d5 f762f06e fe410541
(15758) CVSRAM: read push: id 0, da fe65eec3 19eeff99 f7b6fc1a fc67f0b6
(15760) CVSRAM: read push: id 0, da fdf905e9 0669fb9a 02e0fb6e 0069f906
(15762) CVSRAM: read push: id 0, da eb9c018a 02d50203 f7e209cc f82aec51
(15764) CVSRAM: read push: id 0, da 028c0167 e9b4ea39 fa7008af 046ef4a3
(15766) CVSRAM: read push: id 0, da fa13006d 029ff2ce f8cefd08 fd50f866
(15768) CVSRAM: read push: id 0, da febef341 0545fc60 0138f340 276700d4
(15770) CVSRAM: read push: id 0, da f6a8fd50 29fffe86 f13a0929 e90ffb1e
(15772) CVSRAM: read push: id 0, da 070a06a0 15fb0536 fc76ec08 f682f6de
(15774) CVSRAM: read push: id 0, da ee0a0390 019b17e3 00d6e660 ea36dd28
(15776) CVSRAM: read push: id 0, da f861eda9 fbc4079c fc75f5c5 f5e50331
(15778) CVSRAM: read push: id 0, da f0c3e693 08420dd2 0935fbf6 fae0fe87
(15780) CVSRAM: read push: id 0, da f36df2b6 fb4b03e9 0d11fb6e fc85e906
(15782) CVSRAM: read push: id 0, da ff70eadb f2b7fb79 0471068d 0acef720
(15784) CVSRAM: read push: id 0, da fa2aed86 01ea0364 0b65fdbd 0598e10b
(15786) CVSRAM: read push: id 0, da f3ad0d36 04d00c06 f447010b eed3099f
(15788) CVSRAM: read push: id 0, da 03a51716 0f47feab f56efa27 d8ae0258
(15790) CVSRAM: read push: id 0, da 01effb27 edab0992 ee73fb39 0c540244
(15792) CVSRAM: read push: id 0, da f547fa7e e206f7a2 fb6f0143 06a3ff5c
(15794) CVSRAM: read push: id 0, da 240210b4 e334eebb ef1113d7 f20728da
(15796) CVSRAM: read push: id 0, da 006bff49 07ee01ac f578ef38 f56edfbf
(15798) CVSRAM: read push: id 0, da 2dfcfda9 f408ea12 f9061469 ecfd0b4d
(15800) CVSRAM: read push: id 0, da ff42f4b2 0d13fb32 ff17f587 f37ef59e
(15802) CVSRAM: read push: id 0, da fdba0b8d f80bfc62 ff31fd8f f6a9058d
(15804) CVSRAM: read push: id 0, da 0a291428 fc020818 01900aba fe89f04c
(15806) CVSRAM: read push: id 0, da fe66e5d2 f082fe61 060b0535 f78e42e9
(15808) CVSRAM: read push: id 0, da 0c2bfb71 f826fd11 f7d5ff34 fe410bc8
(15810) CVSRAM: read push: id 0, da fc82f311 0691f6b9 f1f502c2 ff350141
(15812) CVSRAM: read push: id 0, da e4d7019e f95ffe35 fa79fae4 01ed129c
(15814) CVSRAM: read push: id 0, da 011927d2 f0bd03f9 0078fa8d 014a0b3d
(15816) CVSRAM: read push: id 0, da 06d5f269 f2e80634 f597fc2a ffc0e112
(15818) CVSRAM: read push: id 0, da feddfae4 ef3d02b0 fd4ff250 084bf2bb
(15820) CVSRAM: read push: id 0, da f086f7a9 0c6df65b 0876fa2e 1344fa1a
(15822) CVSRAM: read push: id 0, da 0aa4fffe 09f70b80 f7c103b4 ff87ffd9
(15824) CVSRAM: read push: id 0, da fde2fb62 f408fba0 028aff93 f5f403f2
(15826) CVSRAM: read push: id 0, da eed5fe7e f6c3fe8b feb4fdd7 ec7fea8d
(15828) CVSRAM: read push: id 0, da ff770036 fc76e928 ff56fe1e 0245fd70
(15830) CVSRAM: read push: id 0, da fa43ff1b fc7cfb11 f6b2f2d5 f9b7005d
(15832) CVSRAM: read push: id 0, da 0268f402 fcebfe75 05b4f49a 1e7b0fd5
(15834) CVSRAM: read push: id 0, da f6def9dc e8950103 1e85f124 042ffcd8
(15836) CVSRAM: read push: id 0, da f6aff440 12b9fc21 06d01b8f 0a250775
(15838) CVSRAM: read push: id 0, da 02faf094 fd0afb89 fb33f1e7 0126ecc1
(15840) CVSRAM: read push: id 0, da f8bffa97 0b400026 015df9c6 fa6e03c6
(15842) CVSRAM: read push: id 0, da fc86e034 f819fdd9 095cfec8 fdaffc16
(15844) CVSRAM: read push: id 0, da e3bcf49a fdeef868 fe990938 f56e0bdc
(15846) CVSRAM: read push: id 0, da fa10261e 01510741 02c30496 03640162
(15848) CVSRAM: read push: id 0, da e606f328 fa6d06fd 0157075d 04972be7
(15850) CVSRAM: read push: id 0, da f6d0fdd9 fe35015c ffaa04de fc6cff80
(15852) CVSRAM: read push: id 0, da 1063091d 0e28fe00 f39dfe8a d3d7f916
(15854) CVSRAM: read push: id 0, da 0cb603e1 f3770b68 f0a3fffd 0b100110
(15856) CVSRAM: read push: id 0, da faddf7a1 f62bf9c1 fec6fde7 fecd0448
(15858) CVSRAM: read push: id 0, da 1c0dfff9 f31ef793 025401f7 05c80482
(15860) CVSRAM: read push: id 0, da f964ea08 f9dff926 021cff94 0683ff77
(15862) CVSRAM: read push: id 0, da 0c6c06b0 0103f89d fd1705aa eb8606a7
(15864) CVSRAM: read push: id 0, da 08d9f226 002b008b 0b20f54d ec3ef9d2
(15866) CVSRAM: read push: id 0, da fdaefeca 0691fe87 12f3003d f744f899
(15868) CVSRAM: read push: id 0, da 22700728 05cd05c8 03690d4d f08eea1e
(15870) CVSRAM: read push: id 0, da 017df0a9 f8980dbf 01b4fe5d f98610b5
(15872) CVSRAM: read push: id 0, da 0560ff4e fdfafe4b ff830449 fff7ffec
(15874) CVSRAM: read push: id 0, da fbf0ff69 fc6c0c34 ecebf93f f54b027a
(15876) CVSRAM: read push: id 0, da e8c81dc6 f7caffba 0901f625 ed4a1b7e
(15878) CVSRAM: read push: id 0, da f812ffa0 fa4f0207 06fd05b8 0099fda6
(15880) CVSRAM: read push: id 0, da 02b9f14f f2170cb7 0279f8be 0c31f424
(15882) CVSRAM: read push: id 0, da f7ad03d5 fc2a0004 f89af22a ee5d0191
(15884) CVSRAM: read push: id 0, da 07270865 fd270211 e516029a fd46fae1
(15886) CVSRAM: read push: id 0, da 09810a89 00bb0452 f9000772 f09b0d9c
(15888) CVSRAM: read push: id 0, da 07660278 031ffc8c fa35f753 0239053b
(15890) CVSRAM: read push: id 0, da f7b6033c f6be038c fa760427 f191f271
(15892) CVSRAM: read push: id 0, da 076e053e f108f31f 00ec0b37 ff5cf7d1
(15894) CVSRAM: read push: id 0, da fa89fa3e f622fbcd fe00faac f8d3fb68
(15896) CVSRAM: read push: id 0, da f7f8fc21 04bd04ea 23b1f713 01eafa51
(15898) CVSRAM: read push: id 0, da 0906fd73 fdadff0f e8f2169b fb450293
(15900) CVSRAM: read push: id 0, da 01a20c8e ee01fa3b f7e9f2c1 fd94feab
(15902) CVSRAM: read push: id 0, da 172b00b6 e33df057 1198ff7c 21991f5d
(15904) CVSRAM: read push: id 0, da f98d07c6 0ab61839 028906ea 038b03f9
(15906) CVSRAM: read push: id 0, da 07b6d80d fd9dfc02 08f6fc12 08f4fa5f
(15908) CVSRAM: read push: id 0, da f11605d0 0127f26e fa800a36 fcca027f
(15910) CVSRAM: read push: id 0, da 01090b0f 07fafbdd fd60f511 efacfbf2
(15912) CVSRAM: read push: id 0, da faac0991 f559fef1 e74d0109 f0a316b8
(15914) CVSRAM: read push: id 0, da fc5e0d88 0f00ff2c fd8d0492 f999019b
(15916) CVSRAM: read push: id 0, da fba707bc f869f8d1 fa26fb33 fd110c12
(15918) CVSRAM: read push: id 0, da 004dfa7f 14e2f6f2 07a8f6f1 06ecf549
(15920) CVSRAM: read push: id 0, da 0106015c fd1ef2e3 fbe8fd4e fe440287
(15922) CVSRAM: read push: id 0, da fb5df733 1e89ed26 fcf50a35 fe4bf1af
(15924) CVSRAM: read push: id 0, da 09e201ca fd69fecd 022702a4 043803aa
(15926) CVSRAM: read push: id 0, da e9cafff1 0171117e fa16f5fc ef38029f
(15928) CVSRAM: read push: id 0, da 02770d2c f0aff9a6 fd96007e 01c7002b
(15930) CVSRAM: read push: id 0, da 00fa0cd4 f6ca0459 fff5f99e 0d09fac6
(15932) CVSRAM: read push: id 0, da 0225f810 fc49e5f0 ece501c3 0eff1021
(15934) CVSRAM: read push: id 0, da fe8b0416 f85afdec f962fd2c fcadf32d
(15936) CVSRAM: read push: id 0, da 019dfafe ffff00ba fdbbfdb1 02f60a57
(15938) CVSRAM: read push: id 0, da f075f86c fe7604d7 04c5030e fd210887
(15940) CVSRAM: read push: id 0, da f21cf9a3 ff01f551 fa020145 020bfa17
(15942) CVSRAM: read push: id 0, da fef7f7e0 fa7af592 03c608b6 0d08fa4b
(15944) CVSRAM: read push: id 0, da edabf435 06a20352 0fe7f4a8 0a9bf01b
(15946) CVSRAM: read push: id 0, da f431f9ce ee3c2508 ee2ff260 f30402e4
(15948) CVSRAM: read push: id 0, da fe01fae8 060af841 f72dfb83 f9050c1d
(15950) CVSRAM: read push: id 0, da 01c90392 197202a2 f753fd42 f926fad9
(15952) CVSRAM: read push: id 0, da f76b063a 0f8e0a76 081ffa4e 0656fa92
(15954) CVSRAM: read push: id 0, da eb77fb8a 15a20d36 f68eef45 f65fe66b
(15956) CVSRAM: read push: id 0, da 05ff0451 fa18ff73 fadb0014 014805b5
(15958) CVSRAM: read push: id 0, da f4fffd19 f62d0384 f47ef8be 0041fcb6
(15960) CVSRAM: read push: id 0, da fdaefa63 fe820887 0309f793 127afd8f
(15962) CVSRAM: read push: id 0, da f3b9058d fbfe1186 0bdbe5f6 f02bf229
(15964) CVSRAM: read push: id 0, da 0450f2dc 36250809 ff540127 05460548
(15966) CVSRAM: read push: id 0, da 16390d2a f5ccf169 0edc0a27 0ee324bd
(15968) CVSRAM: read push: id 0, da f95314df ec5e0f5e f8850623 f770f244
(15970) CVSRAM: read push: id 0, da 00b0cbb3 00d60486 0e01f489 100bf3f8
(15972) CVSRAM: read push: id 0, da e7630b68 f768e8ae f9a40b15 ef4bf36c
(15974) CVSRAM: read push: id 0, da fe78e920 fb89f8de fb79f8d2 ed33f870
(15976) CVSRAM: read push: id 0, da 23230b91 063e016c f54cfe40 eec7d96a
(15978) CVSRAM: read push: id 0, da fac80aec 0798087c fab5fbc9 f1890a2c
(15980) CVSRAM: read push: id 0, da f66511f0 03aafe4f 014ef7a9 f19f00d8
(15982) CVSRAM: read push: id 0, da f571ff44 0102ff8c 0773f638 f34efb62
(15984) CVSRAM: read push: id 0, da fd2009c6 f4d7fdbd 06b90273 098001ed
(15986) CVSRAM: read push: id 0, da eca9ff55 23851ddc fe10e821 f2880bee
(15988) CVSRAM: read push: id 0, da 00340324 074f0939 fa1dfc45 f6df0804
(15990) CVSRAM: read push: id 0, da ecf004eb f54e1b5b 01b3ed63 efe20832
(15992) CVSRAM: read push: id 0, da fd950ea9 f13d003d f51a0910 ff41fcf7
(15994) CVSRAM: read push: id 0, da fb082b26 f131036d 016c007e 0afffc81
(15996) CVSRAM: read push: id 0, da 0c7efdf5 fa0fe365 f5b30bcf 08231003
(15998) CVSRAM: read push: id 0, da 0436f59d ef3905bb fd66fe4c f64e1c84
(16000) CVSRAM: read push: id 0, da 0266f886 f21d0003 fca501b8 00560552
(16002) CVSRAM: read push: id 0, da f99affa7 fd5bff04 f99f02d0 f09e0464
(16004) CVSRAM: read push: id 0, da e8b00cb2 fbd9fba0 fbfdff23 f4a10f7a
(16006) CVSRAM: read push: id 0, da fc54ef33 01dffb25 f90305b7 0086fdfa
(16008) CVSRAM: read push: id 0, da e771f13c fcb8feb9 0806f380 0bc9eaab
(16010) CVSRAM: read push: id 0, da f53c012f ee9a00bf e7aff521 0d2efb11
(16012) CVSRAM: read push: id 0, da fcbbfc37 fe73017a 0a9dfd4f fdf202ab
(16014) CVSRAM: read push: id 0, da 061e1094 f9230351 fd780512 01b4072e
(16016) CVSRAM: read push: id 0, da 02aafaca fd79f581 07a906d4 03e10743
(16018) CVSRAM: read push: id 0, da f41ef394 fa46fd6e 0012ee35 02d1f48e
(16020) CVSRAM: read push: id 0, da ef8dff0d 0f96f78f fc72fe04 ffce0a0d
(16022) CVSRAM: read push: id 0, da f6d3f9c7 fa2a0738 f02eee44 f7b0fc5a
(16024) CVSRAM: read push: id 0, da 0131f8e8 ff23030a 08c2f1be 1b53014f
(16026) CVSRAM: read push: id 0, da 0dfc0234 f611f7a7 090a0319 141d06ea
(16028) CVSRAM: read push: id 0, da f64904a5 d82afffb 01ca1776 020af92f
(16030) CVSRAM: read push: id 0, da f79a0976 112dfab4 06e305aa 08820fd2
(16032) CVSRAM: read push: id 0, da 04de0ca2 fbe20618 043d0832 f3e4fb58
(16034) CVSRAM: read push: id 0, da 0069e445 ffb9f7e3 031e006e 07e0f9d2
(16036) CVSRAM: read push: id 0, da 02c20af6 fa43f931 f43b0998 e8d7f526
(16038) CVSRAM: read push: id 0, da f4f9f317 fcf4f9a1 015a082d 04fdfae8
(16040) CVSRAM: read push: id 0, da 0030fb20 005cfeb4 0484051d feccf2b8
(16042) CVSRAM: read push: id 0, da f866fab3 f6e6000f fd4cf662 fe85fe63
(16044) CVSRAM: read push: id 0, da ff65010a 0a33fd0d fa25f82c f018002c
(16046) CVSRAM: read push: id 0, da fd5f07bd fd3302e0 002cfa69 ed8cfe25
(16048) CVSRAM: read push: id 0, da 07500185 efcf0591 0190faed 07d8023d
(16050) CVSRAM: read push: id 0, da 0708fc74 0a8408ed 07f0fa3c fcededa4
(16052) CVSRAM: read push: id 0, da 01e1f7bf 13fff7e4 057c0b58 f49f0d12
(16054) CVSRAM: read push: id 0, da e74b0242 f7c91411 00b5fc46 ebf80b4e
(16056) CVSRAM: read push: id 0, da f9980d7a ee26ffb6 fb790b3c 01fdfcee
(16058) CVSRAM: read push: id 0, da 035c01b4 f8310799 06da0330 ffb4f86f
(16060) CVSRAM: read push: id 0, da 00f9027a fc55f719 fd23fc20 01d701ce
(16062) CVSRAM: read push: id 0, da 0510fda0 f951098e ff50fe1c fab3f835
(16064) CVSRAM: read push: id 0, da 05fbfe3b fcf6fc71 00c501c1 0372fea4
(16066) CVSRAM: read push: id 0, da fd740b8b 0ab70044 fa45f8df ecfafb5b
(16068) CVSRAM: read push: id 0, da ee1a1fab 039ff652 ff600110 e65d1b02
(16070) CVSRAM: read push: id 0, da ed94e348 03fc0463 0097012f fd8e03c7
(16074) CVSRAM: read request from dla, addr 50051fc0 burst 255 id 0
(16138) CVSRAM: read push: id 0, da fdefed43 029505d4 0939f606 095d0231
(16140) CVSRAM: read push: id 0, da 063cfc43 2013ee88 f78c033e 0987f2fa
(16142) CVSRAM: read push: id 0, da 03ecfc4a f973089f 0606f801 ff1b03c2
(16144) CVSRAM: read push: id 0, da 01500b6e ed4e05ec 05e202d3 fe321fc6
(16146) CVSRAM: read push: id 0, da 029fffc9 00c404ac 0094fbbd 049b00ac
(16148) CVSRAM: read push: id 0, da fc1f0ddf f94701b5 fe5e0450 0694fffd
(16150) CVSRAM: read push: id 0, da f9a71007 f9aafb7f 4166044c f5370289
(16152) CVSRAM: read push: id 0, da fbde0614 15800add f930003b 009cf527
(16154) CVSRAM: read push: id 0, da 019a0921 03850251 fee7fead fc1cfb3b
(16156) CVSRAM: read push: id 0, da fb280784 0ec7ff61 e6d4ffce 077e085f
(16158) CVSRAM: read push: id 0, da ee7713e0 e88c0129 fc5bfaad fa0304c6
(16160) CVSRAM: read push: id 0, da f9d5000e ff30ffd2 fa8efeae 00bd0be0
(16162) CVSRAM: read push: id 0, da fc93016e ff230845 fe12fe2a fe3cf9fc
(16164) CVSRAM: read push: id 0, da 0a15fc85 01e5f399 ef9e0367 1ec50127
(16166) CVSRAM: read push: id 0, da 09be01a6 fc51f8f1 06bff8cc 00a7f987
(16168) CVSRAM: read push: id 0, da fc91f725 ff42ffb2 fc26fcab 05b308bf
(16170) CVSRAM: read push: id 0, da 01500c37 002a0052 09ec023d f866f6e1
(16172) CVSRAM: read push: id 0, da 02d4014d 0158f724 ebd006ae 0cc80026
(16174) CVSRAM: read push: id 0, da fe79ffce fe72041d f915ec88 f7fef089
(16176) CVSRAM: read push: id 0, da f61b04fd f80a0e1d f637ee48 f7c9fe37
(16178) CVSRAM: read push: id 0, da 27bdf62e 05ec0385 e741eea0 fff6f2f9
(16180) CVSRAM: read push: id 0, da 030cf3ee 09e6f98e fc63fe33 028df3ad
(16182) CVSRAM: read push: id 0, da 043302eb 05bffa88 034dfbac 0b44072c
(16184) CVSRAM: read push: id 0, da f9620c3a 02fc1776 f699f013 fa8a067d
(16186) CVSRAM: read push: id 0, da f7defb0c ec8d008d 03dffa7f 010d09b8
(16188) CVSRAM: read push: id 0, da 0ac60ac3 fd0e09d1 ff89ea62 fb0902c1
(16190) CVSRAM: read push: id 0, da 0e810456 01d8070e ffaffd54 f8baff80
(16192) CVSRAM: read push: id 0, da fabcfd56 072e0005 169bf48c f465f8bc
(16194) CVSRAM: read push: id 0, da 0937fe0f 0439f9e7 010eff53 0321f8ac
(16196) CVSRAM: read push: id 0, da fd9cf873 13aef6c0 02f8f94b f862ef9b
(16198) CVSRAM: read push: id 0, da 072807fc fc6005e7 07f1ff91 f85c0134
(16200) CVSRAM: read push: id 0, da 08a0f55b f657f699 004d1869 15d707ba
(16202) CVSRAM: read push: id 0, da fac30e1a 06140446 fb44f9b8 01b3fa58
(16204) CVSRAM: read push: id 0, da f5b2f70c f4050fc6 f162fa7a f8880873
(16206) CVSRAM: read push: id 0, da f346f8d5 fc65f7af fd4afc98 f102fd61
(16208) CVSRAM: read push: id 0, da eb23070d 1af202d9 06a2fcb7 0a77f62f
(16210) CVSRAM: read push: id 0, da fc11fc01 101cfe54 f893f33c 0786fe49
(16212) CVSRAM: read push: id 0, da f850023a ff370164 038ffcb8 032afc1b
(16214) CVSRAM: read push: id 0, da fb520d33 fad90178 54ed01cc fc79fcc5
(16216) CVSRAM: read push: id 0, da e8240ce9 13201236 057dfa28 fd38ea97
(16218) CVSRAM: read push: id 0, da 04490469 102bff85 01ed01a9 fa7401e5
(16220) CVSRAM: read push: id 0, da 050c06ac fbe501b7 0890e805 ea34f83d
(16222) CVSRAM: read push: id 0, da 1b6feb02 0c09ff82 02ef0f39 0c13dcea
(16224) CVSRAM: read push: id 0, da eb58fc7a faa30049 fd64fd76 ff8e066f
(16226) CVSRAM: read push: id 0, da f2d10c0c e250fbcb 030ff5f2 00bc0387
(16228) CVSRAM: read push: id 0, da f8980232 077bf35a fc53f429 fa520432
(16230) CVSRAM: read push: id 0, da 065c0c11 f4f30514 04a4f5aa fb32f780
(16232) CVSRAM: read push: id 0, da ff35efc4 ffbf02f0 01b60a60 00540376
(16234) CVSRAM: read push: id 0, da 07490542 f82dfba9 f0160465 e5eeddc2
(16236) CVSRAM: read push: id 0, da ec4cffdb f007068c fea4f6b5 fd0611a6
(16238) CVSRAM: read push: id 0, da f6fb03c3 fa0f04b6 fd05fef0 fe2bf9d2
(16240) CVSRAM: read push: id 0, da ffd811a1 f9b61819 05b1f0d2 f2ac0d2b
(16242) CVSRAM: read push: id 0, da 09d1f462 fb56fec9 e57df344 f03efd8d
(16244) CVSRAM: read push: id 0, da 0a4afd34 dec4f45d f1d50378 efc5e91d
(16246) CVSRAM: read push: id 0, da fff20469 00640049 f2fafb26 fbf7f422
(16248) CVSRAM: read push: id 0, da 05391214 eb77ffff efb3f635 fc6a0eff
(16250) CVSRAM: read push: id 0, da f68ff3fd e24c02a9 10daf63a 00df0a33
(16252) CVSRAM: read push: id 0, da ef340f33 fad80942 f809e741 f84ef953
(16254) CVSRAM: read push: id 0, da 00ac0862 f7e20537 024ef900 fe0402a9
(16256) CVSRAM: read push: id 0, da efb6fd9a f9defb1d 1674f3fe e8aa0138
(16258) CVSRAM: read push: id 0, da 01c2f750 eef003f3 fb250a03 fe11eee0
(16260) CVSRAM: read push: id 0, da fa7f0dda 07e0164a f6e3f16c e8220255
(16262) CVSRAM: read push: id 0, da 01a3184f f66501c6 08d0e5c5 efbc0adc
(16264) CVSRAM: read push: id 0, da e94307a8 01e30f4d fc63f43a f3e2ee03
(16266) CVSRAM: read push: id 0, da 0ecafdee f90a0218 f10d093a f9d9f617
(16268) CVSRAM: read push: id 0, da f399fcb4 f38a0858 f424fdc1 effb0075
(16270) CVSRAM: read push: id 0, da ee76f4ee 011fedd0 f1b6f8e0 00f4f7b8
(16272) CVSRAM: read push: id 0, da f9d40f80 ff291821 f91bf44c f8210cc9
(16274) CVSRAM: read push: id 0, da fb7a01fb f0da0484 010e0061 f55a03af
(16276) CVSRAM: read push: id 0, da 00dd055b fcfdfc77 049affc7 07aafff1
(16278) CVSRAM: read push: id 0, da f44a131d fbb80207 263c011c fab5f40e
(16280) CVSRAM: read push: id 0, da fbf30870 075e0805 fff1fb07 0032eedc
(16282) CVSRAM: read push: id 0, da 052d0e34 09060151 fe0f02c4 faa50108
(16284) CVSRAM: read push: id 0, da fdaa044d f515fa1c ee030cf3 0291fc4d
(16286) CVSRAM: read push: id 0, da f2d8ff2a f96a01c6 056ffc24 fd8d06c8
(16288) CVSRAM: read push: id 0, da ebaef6d4 00c10288 fcc6056f 0ce40551
(16290) CVSRAM: read push: id 0, da 07e5fa99 015aee25 005ff47e 00d10616
(16292) CVSRAM: read push: id 0, da 05160535 f867010f 11960d5a f020fcd2
(16294) CVSRAM: read push: id 0, da 055ef86f 1d51fdef fa300bec 0ab10248
(16296) CVSRAM: read push: id 0, da ff8a002e fe06073c fe790743 031001cd
(16298) CVSRAM: read push: id 0, da 10aceba9 054b077a d84e0173 05c6f715
(16300) CVSRAM: read push: id 0, da f41d0a26 ff11fe1d 1025fe64 f26ff468
(16302) CVSRAM: read push: id 0, da eb5dedfb f134000f 01fa15db 0fc20514
(16304) CVSRAM: read push: id 0, da fbe01dcd fcfc1516 09edf77a f5d20a09
(16306) CVSRAM: read push: id 0, da ea3cfb0f fe2c00b7 ef1ef6a6 f32610b8
(16308) CVSRAM: read push: id 0, da 09d40ce8 dad7fac3 fd2dfd7f f62921de
(16310) CVSRAM: read push: id 0, da fd7e03dd e418ff7a 0112ff27 fec9f58a
(16312) CVSRAM: read push: id 0, da 0eb407c1 ed65f899 f3df0325 f9e0046a
(16314) CVSRAM: read push: id 0, da fa75ffda f9c30820 0816fb50 09c90942
(16316) CVSRAM: read push: id 0, da fdc208e3 ff85014a ff9de0bd fe27ffea
(16318) CVSRAM: read push: id 0, da fe3706d4 fcdf0365 0b36fc65 fb8706ce
(16320) CVSRAM: read push: id 0, da f7cb063f 1099042c 033ef0ba fad0feb9
(16322) CVSRAM: read push: id 0, da fcd2040b fd5e01e1 ff9900e6 f93607c0
(16324) CVSRAM: read push: id 0, da 0ab4ffe9 01a7fdc9 01cef932 f2ebfef2
(16326) CVSRAM: read push: id 0, da 0fd90a12 1070ffb3 09bef5d4 f531fc88
(16328) CVSRAM: read push: id 0, da ff050e33 f00b0fd5 f9e1f7e8 f7e0047a
(16330) CVSRAM: read push: id 0, da ffdaf822 ec3ffedb 0517fdc8 feb9fae5
(16332) CVSRAM: read push: id 0, da 101effdc 1764e94b 092f0905 1c52de43
(16334) CVSRAM: read push: id 0, da 04e7fbc7 010614da 0021ffcf 0a2702f9
(16336) CVSRAM: read push: id 0, da 07d1085d ff16fb42 10a70be2 0bf50d5c
(16338) CVSRAM: read push: id 0, da ff300197 178702b1 fba4ffec 098bfcc0
(16340) CVSRAM: read push: id 0, da f97807ae 01d3fd55 fc8afcd7 fdd1fe10
(16342) CVSRAM: read push: id 0, da ff63f9ef 0212066f f92ff995 f8eafeac
(16344) CVSRAM: read push: id 0, da fbeefd19 f75bfd7c fef001b1 f9c0f3f7
(16346) CVSRAM: read push: id 0, da fa3bf55b f764062f 0b03fb0f fb0bfae9
(16348) CVSRAM: read push: id 0, da fa1a05a7 1dedffd4 ed630e7d 12a30b08
(16350) CVSRAM: read push: id 0, da e8ad13d5 ee54fe58 0071faf9 ff0f031c
(16352) CVSRAM: read push: id 0, da 0fbdfa45 fc94fdec ec03023d 1689015a
(16354) CVSRAM: read push: id 0, da 03ab005f 0a8efbbe 005ff7e2 f967fef3
(16356) CVSRAM: read push: id 0, da 02bb0397 1022f659 fcedfe9d f24c0324
(16358) CVSRAM: read push: id 0, da ff6afcca f67202fe fbe900e0 007f039b
(16360) CVSRAM: read push: id 0, da 00d1fc16 efb2fc25 f5c8f75c 07ad02b5
(16362) CVSRAM: read push: id 0, da f2cf1175 04fbf5a6 2f0f0319 fb4b05e3
(16364) CVSRAM: read push: id 0, da 1200ff88 fdf9f63f ee500dfa 1c5f08e0
(16366) CVSRAM: read push: id 0, da fa460338 fbf3fded f825eab5 f769f771
(16368) CVSRAM: read push: id 0, da f60af3ff f9c40597 fa2bf1bc 089ef4df
(16370) CVSRAM: read push: id 0, da 249cf82e 0add02dd 021aea0d 05ebe678
(16372) CVSRAM: read push: id 0, da f503fb9a 16cf0775 02ed0620 07050032
(16374) CVSRAM: read push: id 0, da fc7b0121 0266f82f 079bffcc 03f5059b
(16376) CVSRAM: read push: id 0, da fce9ee6a 06010b0e ffe2fca4 116600a8
(16378) CVSRAM: read push: id 0, da f290fb9d fe01f0ee f3dbfd67 fcaaf1e7
(16380) CVSRAM: read push: id 0, da f7000485 f5e2fc87 00d9f6bc f347edca
(16382) CVSRAM: read push: id 0, da 109703ed 024b09de fb29f530 07180003
(16384) CVSRAM: read push: id 0, da f3570046 047c0335 1ca1f767 f0bcf5c0
(16386) CVSRAM: read push: id 0, da 0d56f16a 0f69f6fd 08f0fce2 0a31067d
(16388) CVSRAM: read push: id 0, da fee0f0d8 f8f0dc58 08bffcda 075cf0f6
(16390) CVSRAM: read push: id 0, da fccbfa77 07330385 fed7fec5 00160b97
(16392) CVSRAM: read push: id 0, da ffeaf167 068afd26 139b18c3 1278fb83
(16394) CVSRAM: read push: id 0, da 01430e7b 0e42fa17 f9b406ba 002c0097
(16396) CVSRAM: read push: id 0, da eed1fa8c f9e10cb9 f97dfb44 f6a40845
(16398) CVSRAM: read push: id 0, da fc4bfc70 ed5203cf 0549fec3 f68507f3
(16400) CVSRAM: read push: id 0, da fd5dfbef 4a9cdac7 1b55ffff 205fedbc
(16402) CVSRAM: read push: id 0, da ff4b0004 3a00f74d fc38f6fb 086bfbfc
(16404) CVSRAM: read push: id 0, da ff980ff1 fdad01b0 ff90f9e8 fd85f8d0
(16406) CVSRAM: read push: id 0, da f65fe99b f9da0f07 e4a7f46d ffa00aae
(16408) CVSRAM: read push: id 0, da e1150e3d ff15ff67 06b00528 00abe4db
(16410) CVSRAM: read push: id 0, da f392f169 ff69041b 0416fadc f74cfc04
(16412) CVSRAM: read push: id 0, da 0bd7fb8f 006900bb 32ebe625 ebb3f9ba
(16414) CVSRAM: read push: id 0, da 24fbe450 269f0369 02001212 0e62dfdd
(16416) CVSRAM: read push: id 0, da f98efe1b f1e9f589 fd70fea1 18590696
(16418) CVSRAM: read push: id 0, da 03c80c5d e49bf2ec 0404ef23 0120064d
(16420) CVSRAM: read push: id 0, da 243ef5ba f431e45f ebcc03c0 4e20fd8a
(16422) CVSRAM: read push: id 0, da 0601fe94 e668f018 082df3f4 f895ef00
(16424) CVSRAM: read push: id 0, da 019cf11b 0310f3d0 fdce0645 0613069b
(16426) CVSRAM: read push: id 0, da 07d403bb f906fc9a fe7d04c6 e545eb1c
(16428) CVSRAM: read push: id 0, da efe60317 f8b00ed8 059dfc76 f9341320
(16430) CVSRAM: read push: id 0, da ff57089d ff6e05c8 fd31fd15 fa95011e
(16432) CVSRAM: read push: id 0, da ff68ee50 f80df82a 11a3f69b 07810213
(16434) CVSRAM: read push: id 0, da 01d8f0b6 fb7a0179 0b10f63b fc5cf4f7
(16436) CVSRAM: read push: id 0, da fc7df5b3 03adece5 06d306ce ec47d5f4
(16438) CVSRAM: read push: id 0, da 043dfc63 247106ca f97afd5d fe27fa58
(16440) CVSRAM: read push: id 0, da ef7ffc8d 02fe17f5 fbd000de fc3cfb77
(16442) CVSRAM: read push: id 0, da fd8102de ed230117 f5dcf7f2 fbeffd9b
(16444) CVSRAM: read push: id 0, da d3d80325 fe93fbf7 ff120af4 f28bda60
(16446) CVSRAM: read push: id 0, da ffd606f5 fb690776 fe52f951 0d34fad6
(16448) CVSRAM: read push: id 0, da e3c3f74c e65afb1d 4910f25e e096ff1c
(16450) CVSRAM: read push: id 0, da facff1ac f2560081 031a1791 0938ea10
(16452) CVSRAM: read push: id 0, da 056913ee f31e141b fb4ff1ac 05ec1113
(16454) CVSRAM: read push: id 0, da e904fe30 dbfce905 f7f4ed71 f0f712d0
(16456) CVSRAM: read push: id 0, da f49ff952 131c13c5 104beffd e809f04a
(16458) CVSRAM: read push: id 0, da 153ff111 08c401e5 020c0ccb f34301b3
(16460) CVSRAM: read push: id 0, da f02800c6 f0bb09fe f73bfbb3 eb3911ff
(16462) CVSRAM: read push: id 0, da f2f3fd9f 0433f3ec ec47f63c fac0f805
(16464) CVSRAM: read push: id 0, da 015e03b8 18460a8e 0da1fdda 041cff6b
(16466) CVSRAM: read push: id 0, da 00740153 ffe10265 0115007a f993fa56
(16468) CVSRAM: read push: id 0, da fb0e065a fb01fb8a 024dfce1 f9aaf910
(16470) CVSRAM: read push: id 0, da f424eeb7 f8c30e48 0408fa68 010e10f8
(16472) CVSRAM: read push: id 0, da f800050f faaafa8d 026dffa5 fe53f19c
(16474) CVSRAM: read push: id 0, da fe28f9d2 01be016a 0615fa9a f81effa8
(16476) CVSRAM: read push: id 0, da 027f0247 fbc8f395 f64d132e 10f30666
(16478) CVSRAM: read push: id 0, da f30202c4 03330558 0ac4fd35 fdfa11bc
(16480) CVSRAM: read push: id 0, da f1cc0242 0a66fe13 fcd7033f 01ebfbce
(16482) CVSRAM: read push: id 0, da 0f03fdc6 f923f9c6 0059ef98 02380a53
(16484) CVSRAM: read push: id 0, da f78c0162 fff5eff9 0034fdbc e7baf9eb
(16486) CVSRAM: read push: id 0, da fc8e0972 04e50390 048b0a71 f601f990
(16488) CVSRAM: read push: id 0, da fafef771 0a4e0264 fb81055b fdc5ff4e
(16490) CVSRAM: read push: id 0, da 1349fe23 fae301f2 df90feb5 f906e36c
(16492) CVSRAM: read push: id 0, da fa14066e fcccfd87 212b0000 f8b1f47c
(16494) CVSRAM: read push: id 0, da f354ee7d f336fd80 021e18dd 126ff9b7
(16496) CVSRAM: read push: id 0, da f55efc25 0d59019f 0f7efd50 fdd408e3
(16498) CVSRAM: read push: id 0, da e5b8f60f 08b10173 0006001d f86c107c
(16500) CVSRAM: read push: id 0, da 071b016c eb2003f3 fba8fc56 f84700af
(16502) CVSRAM: read push: id 0, da ff210078 f893017b f89afed7 fcc6f9ec
(16504) CVSRAM: read push: id 0, da efac00a4 fc800ccd 026cf875 eccdf7fe
(16506) CVSRAM: read push: id 0, da 005109d7 f7a4007b f6cafbee f70107e5
(16508) CVSRAM: read push: id 0, da f28bfc30 0dddf54d 049efbbe f1abf0ec
(16510) CVSRAM: read push: id 0, da 031403a8 fa65003c 0107f9d5 03f502a4
(16512) CVSRAM: read push: id 0, da fabcff2e 103c02ad 165fea5a f520f5c3
(16514) CVSRAM: read push: id 0, da fcd5ff51 f95d0805 03100e46 f927fba2
(16516) CVSRAM: read push: id 0, da fb660aec f0aa19af 0625f76b f3230e13
(16518) CVSRAM: read push: id 0, da f7920177 f4b8fc40 fd18efe2 f031f2ff
(16520) CVSRAM: read push: id 0, da 0b3e0a6c f7000c4a 021dfdbb ff840bc5
(16522) CVSRAM: read push: id 0, da f9dcf19b ea7d0374 fea3f61f fdf9fd34
(16524) CVSRAM: read push: id 0, da 1dcf089a 071eeefc 13830d15 2301f647
(16526) CVSRAM: read push: id 0, da 06a2fc5a 0b980577 08f5fea2 0df402cb
(16528) CVSRAM: read push: id 0, da fe2b0315 efdd06e2 035f0791 01861c71
(16530) CVSRAM: read push: id 0, da 04a7fe10 f7b1fd4f 0005024b 021bfd07
(16532) CVSRAM: read push: id 0, da fb0cfafb 090ef687 0a140572 fd68fe09
(16534) CVSRAM: read push: id 0, da 08f300ec 043e02e3 d8f6fca2 03e4ed6c
(16536) CVSRAM: read push: id 0, da 0dd2f8d2 eaf5f97a 0a13fcf2 00b91a28
(16538) CVSRAM: read push: id 0, da 0640027f 01730a11 fa640234 071806d3
(16540) CVSRAM: read push: id 0, da 0223062a 07b8fd6c e18a00d8 07ba0d33
(16542) CVSRAM: read push: id 0, da e7d00d73 efa80342 fcb5fb8f fecffde3
(16544) CVSRAM: read push: id 0, da 078ef866 f53c0379 ed55fbe2 07cf0a31
(16546) CVSRAM: read push: id 0, da 03d2f99a 09bc07dc 01f50330 fd1bfd64
(16548) CVSRAM: read push: id 0, da dd8c0a7f 00cb0b2f 1385f905 d56dfb1b
(16550) CVSRAM: read push: id 0, da f883fee2 03d914c3 040e0b05 06080c5f
(16552) CVSRAM: read push: id 0, da 046a0f70 f2e90605 f67bf75c ff11fc34
(16554) CVSRAM: read push: id 0, da e8540530 ff87ee10 2edd0c45 08de11fa
(16556) CVSRAM: read push: id 0, da 13e90185 facaf846 e6560063 12140476
(16558) CVSRAM: read push: id 0, da fb7304a5 0278fc4f 01f9f006 f9eafbb7
(16560) CVSRAM: read push: id 0, da f862f3cb 03c40bc7 fcb4f224 fb57fd65
(16562) CVSRAM: read push: id 0, da 13eafde9 fc7ff6c1 08faeb43 0838f1de
(16564) CVSRAM: read push: id 0, da 01720541 0cce1088 058e061e 0cc3250c
(16566) CVSRAM: read push: id 0, da fc6f01ce f69bfc35 002d06d8 03f505d7
(16568) CVSRAM: read push: id 0, da f950fe0c fc5cfae8 030d05af f307fcbd
(16570) CVSRAM: read push: id 0, da 029cfdfd fdc40076 0707fe3c 02eeffcc
(16572) CVSRAM: read push: id 0, da ff95010e fa64feb5 006f0304 f6ddfa26
(16574) CVSRAM: read push: id 0, da 007bfaa8 0699f18a 04f8f9d4 02ec070a
(16576) CVSRAM: read push: id 0, da f8f705ea 0c5105f5 02e8fe54 fcd5fcfc
(16578) CVSRAM: read push: id 0, da 096af8c9 064ffa92 03c5f9ef 0580048f
(16580) CVSRAM: read push: id 0, da f0f3fd22 fe0902b6 0c10ffc4 0abf0497
(16582) CVSRAM: read push: id 0, da fe23fbfd 0ee10809 0336fc58 0b30fe06
(16584) CVSRAM: read push: id 0, da 0640ffcb 1c31082c 01aa0b94 021a0a7c
(16586) CVSRAM: read push: id 0, da 08670bfb fbc010d0 00f90638 feb7004b
(16588) CVSRAM: read push: id 0, da 12aef8b5 0e01fa80 08df0238 03b608ce
(16590) CVSRAM: read push: id 0, da ffdbfab1 f395093e 116b008e 00350198
(16592) CVSRAM: read push: id 0, da f0e3015e 1299fc2c fca1ffc5 0652f6c3
(16594) CVSRAM: read push: id 0, da fc40f7f0 0942fc58 fac9f45d 0017fbdf
(16596) CVSRAM: read push: id 0, da 00fff487 02defce6 00650372 00cbfc76
(16598) CVSRAM: read push: id 0, da 0d44efa9 0222fff3 b9fbfa6a 0601ec3a
(16600) CVSRAM: read push: id 0, da 144bfa96 dee7fb82 ff5f0511 06cb203a
(16602) CVSRAM: read push: id 0, da 01560565 f2aa0583 fc73ff8d 110efa76
(16604) CVSRAM: read push: id 0, da 009dfeb8 f6aa0214 03e9e862 ee69fd6a
(16606) CVSRAM: read push: id 0, da 145ee977 072f0301 fe89069f 0051e5ba
(16608) CVSRAM: read push: id 0, da 0720f9b7 e3c4f864 fc0b048d 1b8c0b72
(16610) CVSRAM: read push: id 0, da 0069f869 f478fa1f f854f668 054d0306
(16612) CVSRAM: read push: id 0, da 0ba7f9ec feb1f22a fc91fcdc 04adfd4f
(16614) CVSRAM: read push: id 0, da f664f2c9 faf3010c f76bfd54 07ea07e2
(16616) CVSRAM: read push: id 0, da fe1303fa f9f2fc4d 01d80d26 04e904d7
(16618) CVSRAM: read push: id 0, da 0344ff2d fd6df75b 02ed0b5b 0080fb31
(16620) CVSRAM: read push: id 0, da f9bb0762 f7e50acc f78cf2d3 ebf10b6b
(16622) CVSRAM: read push: id 0, da fe5d045d 024c068c fc6cfea9 fc2ffad5
(16624) CVSRAM: read push: id 0, da 0267e64a fe460014 0758fc23 fed30b18
(16626) CVSRAM: read push: id 0, da faaef4ae f9ddf69a 0c99f583 00d0f78f
(16628) CVSRAM: read push: id 0, da fba6f5f7 20d7f761 0b2f0541 0017ec28
(16630) CVSRAM: read push: id 0, da 01b1f660 0ecffb6f 04a7f725 010f01b2
(16632) CVSRAM: read push: id 0, da 03b2fcad 070ef242 0c9d091d f67bf5d5
(16634) CVSRAM: read push: id 0, da 086ef6f6 1592fa1e ff35fe2a ffa4fad3
(16636) CVSRAM: read push: id 0, da fb870ac4 f9400771 f9ca0a27 eca8f4d4
(16638) CVSRAM: read push: id 0, da 0436fb2b 0167ee99 fe45fa06 fd91095c
(16640) CVSRAM: read push: id 0, da eff90260 f4c1fcab 1061f73a eaa70642
(16642) CVSRAM: read push: id 0, da f4d7f124 fb9e0577 088a0b13 0786f20e
(16644) CVSRAM: read push: id 0, da fdc0062d ec66ee29 02b6074b 10250184
(16646) CVSRAM: read push: id 0, da fb5cf91e 0a2608db 017e07a4 1081f95f
(16648) CVSRAM: read push: id 0, da f20af8cd 00cf0b27 06f6f4fa e811ff72
(16652) CVSRAM: read request from dla, addr 50055fc0 burst 255 id 0
(16716) CVSRAM: read push: id 0, da 0446f77e 07c20774 0fedfb0c f91d08d4
(16718) CVSRAM: read push: id 0, da fd0dff7b ed4d10cd 009004da edd81def
(16720) CVSRAM: read push: id 0, da 00e0fcc0 f97f02a2 00e1f89a f50ffdfa
(16722) CVSRAM: read push: id 0, da 0048fe83 ede60d0b 0154fbbd f86709d8
(16724) CVSRAM: read push: id 0, da f99dfe9a eb25fa32 0136ff79 f86f0294
(16726) CVSRAM: read push: id 0, da 02f0fe18 03f303ad 003a0779 fffb0158
(16728) CVSRAM: read push: id 0, da fb71f927 018e0c30 d486ff16 01620cd8
(16730) CVSRAM: read push: id 0, da 08eefd41 fd20fb13 fd130037 009520e5
(16732) CVSRAM: read push: id 0, da 0115fb6b f70ffce7 fc550039 0e5f03c8
(16734) CVSRAM: read push: id 0, da fdd6023c edeaf99a ea1c0814 0a4b026d
(16736) CVSRAM: read push: id 0, da f8af0267 fca6ffee 05c6fbb2 fdec0ce5
(16738) CVSRAM: read push: id 0, da fb86039a 04e1f7d2 00180cb0 01df04f8
(16740) CVSRAM: read push: id 0, da 0e68f93b fb76fa34 02e2f797 04aa05fa
(16742) CVSRAM: read push: id 0, da 0ff9fd1f fd05f709 ee5602a3 0ccd059b
(16744) CVSRAM: read push: id 0, da 00e40603 f538fc5b 02a4feba fa18ef55
(16746) CVSRAM: read push: id 0, da f705fa25 034cfb53 0266077e fd430188
(16748) CVSRAM: read push: id 0, da 103af9b2 013f0126 e06d05ca 04bbf012
(16750) CVSRAM: read push: id 0, da fd280905 f9daffc9 0e20fa59 f365f499
(16752) CVSRAM: read push: id 0, da fa20ef75 fc560272 044d1295 0985f61b
(16754) CVSRAM: read push: id 0, da fa69f502 03480663 071c0476 f38a0374
(16756) CVSRAM: read push: id 0, da eacef106 02190071 f74d02af faf910a8
(16758) CVSRAM: read push: id 0, da fea7fde7 013d14a7 02fbfb76 f1bbff55
(16760) CVSRAM: read push: id 0, da faed00a3 fc3f03cc fed600f8 fcf201d9
(16762) CVSRAM: read push: id 0, da 0710f734 1519f4d5 14e20a4b 02a6e86c
(16764) CVSRAM: read push: id 0, da 08a4fd4e 0814ff4b ff430106 f969f6f1
(16766) CVSRAM: read push: id 0, da 06f2022a fc120577 fe060d5e f25dfcc5
(16768) CVSRAM: read push: id 0, da 0736fca5 02fef4ee fbeefd25 f735fddf
(16770) CVSRAM: read push: id 0, da f888041b 03800702 0d0dedc4 f8e603bd
(16772) CVSRAM: read push: id 0, da f863fefe fa860887 04f80944 fb66fa6b
(16774) CVSRAM: read push: id 0, da f28107b0 0dfdfac6 f7da1219 070907d8
(16776) CVSRAM: read push: id 0, da f74400a9 f279038b ff8303ed 065ff646
(16778) CVSRAM: read push: id 0, da 0c530059 f2ccfebd fed10998 0b540433
(16780) CVSRAM: read push: id 0, da f592fd77 f971fac5 0732f4a4 0008f669
(16782) CVSRAM: read push: id 0, da 06d3f0da 00e0f67a 04bd08b4 0807f41d
(16784) CVSRAM: read push: id 0, da 05b8f6e3 1bf8edff fc9f0051 0787fca4
(16786) CVSRAM: read push: id 0, da 1b740b33 011af524 04ea062d fcad1726
(16788) CVSRAM: read push: id 0, da 02a4fc38 00f414da 09ccfc1d fcd5026a
(16790) CVSRAM: read push: id 0, da f48afd4c 00b2ff3d faeeff50 055602d7
(16792) CVSRAM: read push: id 0, da e40f1979 012df855 fc58eb45 fab1fe13
(16794) CVSRAM: read push: id 0, da 05af3a84 0382f7b5 030301fd fd0efe8e
(16796) CVSRAM: read push: id 0, da f3a1fe31 0217f1ce 0a17f8d6 f6e527b6
(16798) CVSRAM: read push: id 0, da 071bf197 f78402f6 fca90724 ed09fcd6
(16800) CVSRAM: read push: id 0, da 00fef5c5 0362069c fc05f55a f6c5fafe
(16802) CVSRAM: read push: id 0, da f74bfd4c 1de0fb90 0a530a85 0f87f58c
(16804) CVSRAM: read push: id 0, da 05820900 f5b60757 02fc014f 002e0760
(16806) CVSRAM: read push: id 0, da fd82ffec fdda0b65 fab4ff2c fedf0220
(16808) CVSRAM: read push: id 0, da fd260c06 1343081d 007dfe8d 04d6ff2c
(16810) CVSRAM: read push: id 0, da 0d430368 f47509ce fd6508f2 f728033a
(16812) CVSRAM: read push: id 0, da feac05a6 024f0255 fba8fc17 00b2f476
(16814) CVSRAM: read push: id 0, da 006f01f6 f31b0187 0837f2a3 0a130a89
(16816) CVSRAM: read push: id 0, da 042df97f 0c830423 01eafb16 fc8803ba
(16818) CVSRAM: read push: id 0, da f97908bb 030b090d f3d8fc60 f866fd48
(16820) CVSRAM: read push: id 0, da f3bdfcd0 fe8409f1 fc1f0753 01f0078f
(16822) CVSRAM: read push: id 0, da 084a01fa 0488f398 01a10519 02220891
(16824) CVSRAM: read push: id 0, da 05e207d2 147701ae fa19fdbe 02c4fc3e
(16826) CVSRAM: read push: id 0, da 00a40322 02b00982 fbc0f176 fd15018b
(16828) CVSRAM: read push: id 0, da 046806b8 fafb033c ff260042 fa970be3
(16830) CVSRAM: read push: id 0, da 09d90719 da39f5b9 fbbffc23 03161ad7
(16832) CVSRAM: read push: id 0, da f36b0064 04cf0146 02b8091e 0486f8a9
(16834) CVSRAM: read push: id 0, da 041803d5 fa290477 ee2b0bc2 eb621ce5
(16836) CVSRAM: read push: id 0, da 01f0f7ca f4dcfa65 fc88f7cb 0343f819
(16838) CVSRAM: read push: id 0, da 002d07df f694f533 1098e83b 040d03ba
(16840) CVSRAM: read push: id 0, da 0477fb65 0cdef4e5 f42a1a58 fa77fc71
(16842) CVSRAM: read push: id 0, da ebf8fc0b eaedfcc5 0aaafb3e 024ef490
(16844) CVSRAM: read push: id 0, da fb90f658 f6fdefa4 fe61f42e 0b7cf636
(16846) CVSRAM: read push: id 0, da e3c0f980 132a0c75 feac01f8 f74f066a
(16848) CVSRAM: read push: id 0, da fe790378 f482043e fb4e08a6 02f7f3da
(16850) CVSRAM: read push: id 0, da fbfb01ef 081b0346 f618fd07 fadb077a
(16852) CVSRAM: read push: id 0, da 01f8fa8e f0940021 fbbb000d fe310066
(16854) CVSRAM: read push: id 0, da f922ef2f 035c0cbe 073b0035 fec90163
(16856) CVSRAM: read push: id 0, da 08fc0663 032d0d21 03a002cd ddf0e747
(16858) CVSRAM: read push: id 0, da 07b328e3 fe16f747 fc660979 fc7efac9
(16860) CVSRAM: read push: id 0, da e0220ea0 026ef3ac 02f704f9 e92d2ead
(16862) CVSRAM: read push: id 0, da 009befeb 03690118 f1511505 f3e2f84a
(16864) CVSRAM: read push: id 0, da f90ef9f2 fef8102c 00a8f49f 048af9d4
(16866) CVSRAM: read push: id 0, da fbe6f2eb 01b100a6 0af1fad4 ff0eff41
(16868) CVSRAM: read push: id 0, da 04d1f163 0638f280 034aff98 f98613da
(16870) CVSRAM: read push: id 0, da 19270959 fa0f078a f986fc90 fff40587
(16872) CVSRAM: read push: id 0, da fbde093b 086405e1 007d031d f45df9ff
(16874) CVSRAM: read push: id 0, da 03c1fe61 f7e9fa74 038e12d3 e36f0916
(16876) CVSRAM: read push: id 0, da 07810103 0cc1fc20 01a8fb7f faf9f778
(16878) CVSRAM: read push: id 0, da 05bd0e52 f21ef303 fcb8f946 0cd3f4b2
(16880) CVSRAM: read push: id 0, da 03e1ffe0 0eb91200 0008fc65 fa8d0198
(16882) CVSRAM: read push: id 0, da 0547085a fa7c02cc ed8afd89 fc54fc1e
(16884) CVSRAM: read push: id 0, da f7c9fe91 02c409e6 04490f0d f6b6121d
(16886) CVSRAM: read push: id 0, da 04490b7b d9fd07f7 fa9401bb f4fb20f2
(16888) CVSRAM: read push: id 0, da eeca05db f503fa55 f9e20324 f3e3edb4
(16890) CVSRAM: read push: id 0, da fe9efb85 039efd19 0030fff5 f6e3e679
(16892) CVSRAM: read push: id 0, da 08590409 15e8fefc fe28f98c 002a01fa
(16894) CVSRAM: read push: id 0, da f4e90177 1aab0b11 01c20bed e2ef00f6
(16896) CVSRAM: read push: id 0, da 0731fe45 0a71fe10 f1e5054b fccaf87b
(16898) CVSRAM: read push: id 0, da e4e40374 fbd4099a fbfbe41e 03acf6df
(16900) CVSRAM: read push: id 0, da fa6e016b ec17fccd 051cf05b f2a608e1
(16902) CVSRAM: read push: id 0, da fa390bbc fc48f54a 0eabec3c 09c1ffef
(16904) CVSRAM: read push: id 0, da 06d7fb0f 03e8fb8b fb4b1904 04840bb4
(16906) CVSRAM: read push: id 0, da ea53fa51 ea8af78b 0bd3028e 065eecc5
(16908) CVSRAM: read push: id 0, da ffdff461 ed56f0a6 fbb3f541 0d4400cf
(16910) CVSRAM: read push: id 0, da f848fa20 f7dc0377 040c032f fbb60957
(16912) CVSRAM: read push: id 0, da 0325fbb9 ef8e021a f9b600ff f983054b
(16914) CVSRAM: read push: id 0, da db29f54a f83d0d36 02abf9a1 f784ead5
(16916) CVSRAM: read push: id 0, da 037df63d fcd1f21c fa7500be f7a0011a
(16918) CVSRAM: read push: id 0, da 04160c49 feb90dc4 00a4f36d fb45f92b
(16920) CVSRAM: read push: id 0, da 32b0de66 fed70839 ff180d08 f612eb40
(16922) CVSRAM: read push: id 0, da 0be5f920 0254fea7 036a03bd 0dd80154
(16924) CVSRAM: read push: id 0, da 105820fb ffa803b6 0d1c0a28 df3af101
(16926) CVSRAM: read push: id 0, da fcc8f64d 0c95075d 021c08f4 f244f9cb
(16928) CVSRAM: read push: id 0, da ff34fa16 fc8b0604 014cf827 0397030e
(16930) CVSRAM: read push: id 0, da f7adfff0 ef6602d2 e40aff29 f1e7f734
(16932) CVSRAM: read push: id 0, da f6fbfab7 fca6f480 f8870175 01d5e791
(16934) CVSRAM: read push: id 0, da 07e703bb f8ab07bd ffb6f936 000c06dd
(16936) CVSRAM: read push: id 0, da fbc307d3 069210b2 0261074a f9e6fd77
(16938) CVSRAM: read push: id 0, da f5a505d5 0029fa36 fea70186 ef1a12e5
(16940) CVSRAM: read push: id 0, da 161a01fb 13b50673 067efceb fd5603ea
(16942) CVSRAM: read push: id 0, da fc51012b 05e9f5ca 03c2001d 07a6f8dd
(16944) CVSRAM: read push: id 0, da fb890816 f928053e ff6a0382 fdea08fa
(16946) CVSRAM: read push: id 0, da 2d1707e1 fd37fdeb fa4e0628 0185fec1
(16948) CVSRAM: read push: id 0, da 04a10091 097affb3 0aaa0b88 fda40349
(16950) CVSRAM: read push: id 0, da 09b203e0 fe6af69e faac07fd 0d8e173b
(16952) CVSRAM: read push: id 0, da ff8804d6 e7350649 0adf008f fda9fe70
(16954) CVSRAM: read push: id 0, da fdaaf849 12c2fa19 08560b24 0525e1af
(16956) CVSRAM: read push: id 0, da 0601ff22 22560cc8 0bb4fa00 0303017e
(16958) CVSRAM: read push: id 0, da ffaff7ce 0362fa5d 0d72fb84 f968f877
(16960) CVSRAM: read push: id 0, da 0b7bfeb3 1d7afe7a 05f202be f8270dfa
(16962) CVSRAM: read push: id 0, da 1242fa67 e707e56d 043105c9 0d7df753
(16964) CVSRAM: read push: id 0, da f5ab07f6 0b2f01b8 fa670837 06e2f695
(16966) CVSRAM: read push: id 0, da f2da04c3 fd02f738 fb50ef06 f67d0686
(16968) CVSRAM: read push: id 0, da 0032f7d3 f98bfcb5 f2ab0ae5 ff2b0abe
(16970) CVSRAM: read push: id 0, da fcf7ff01 1857fea6 1a8e0874 0a1efdf1
(16972) CVSRAM: read push: id 0, da fee0f5fe faf8fe49 05f7f8f1 044806d6
(16974) CVSRAM: read push: id 0, da 07bf190b ef13fd3c f3beffb5 f1f903ba
(16976) CVSRAM: read push: id 0, da 03a8f80e ff33fc2e 07250066 fe7b1070
(16978) CVSRAM: read push: id 0, da 3d420541 f8f9e412 03b2029d 0a3f2e83
(16980) CVSRAM: read push: id 0, da 00c00528 0c090966 0483ff6e 0a1afdca
(16982) CVSRAM: read push: id 0, da f2a1019f ffa9fb7f f6cf0800 09f2fe55
(16984) CVSRAM: read push: id 0, da e50a1a9e 0200ef9c f8a4eb86 fd551a66
(16986) CVSRAM: read push: id 0, da fa720cf7 fd140318 0326fda1 fed800c9
(16988) CVSRAM: read push: id 0, da 0176e3c8 02c8ff49 fde0edb8 0ce2f53f
(16990) CVSRAM: read push: id 0, da fde905c7 0a77f793 fd3ff7b1 efc5f1b4
(16992) CVSRAM: read push: id 0, da 05610518 f50cfc40 fdb3ff8c fa76018e
(16994) CVSRAM: read push: id 0, da fa28fa40 1a96ed89 15da0732 16dae52f
(16996) CVSRAM: read push: id 0, da 05e00592 035eff8b 01230479 04ea00e8
(16998) CVSRAM: read push: id 0, da 1285f9ec 0394fdda f79202c6 0af605ac
(17000) CVSRAM: read push: id 0, da fffb0db2 0a39fdf7 fb8dfdb6 03d9f54c
(17002) CVSRAM: read push: id 0, da 01d7fc21 062a01a9 00b2fe29 e7bffffe
(17004) CVSRAM: read push: id 0, da 090efe5e fd3700c3 0062feaf fd84febf
(17006) CVSRAM: read push: id 0, da 04b603ed f9f2ffb1 fe51f7e0 05eff882
(17008) CVSRAM: read push: id 0, da 0886fd0f fb7bf821 ff7ef7f9 f957fe3e
(17010) CVSRAM: read push: id 0, da ecfafeb4 070011d0 f9c6fde2 f7a1f9a5
(17012) CVSRAM: read push: id 0, da f12afcb4 f9f106e3 fd1807d4 0ea7057c
(17014) CVSRAM: read push: id 0, da 0410ef81 34d2f1d8 0302075f fe99eae9
(17016) CVSRAM: read push: id 0, da 07ea0eeb 0d57fceb ffac05c3 026cfea0
(17018) CVSRAM: read push: id 0, da 084cfff9 eeaa126f fd56f516 f9151600
(17020) CVSRAM: read push: id 0, da fec603f1 e3d0fd17 013e0145 fd3ff204
(17022) CVSRAM: read push: id 0, da 05c2fca8 f2400876 fc9a0463 0c441bc2
(17024) CVSRAM: read push: id 0, da f4fe0352 eea5f884 01a8076a 0873fca7
(17026) CVSRAM: read push: id 0, da 212afc7e e7c6eedf 07d61063 f51c1a6f
(17028) CVSRAM: read push: id 0, da fe60fc1a 09ab08c1 fa150970 03afef8b
(17030) CVSRAM: read push: id 0, da 0969093c f7eaf5be 0ee0ea2f 023f02f0
(17032) CVSRAM: read push: id 0, da 003002f3 13cf0492 00411495 f994fd3b
(17034) CVSRAM: read push: id 0, da f414fe1d e6a6fdfe 111f020d 06ace7ba
(17036) CVSRAM: read push: id 0, da fb5bfe4b f891e780 fd90ef8a 0c26f6f8
(17038) CVSRAM: read push: id 0, da 296c06c3 f68ee529 fabe1275 0affeb01
(17040) CVSRAM: read push: id 0, da ef43f65c 1218e601 04eb0301 0623febf
(17042) CVSRAM: read push: id 0, da f704fc4b 129d0683 f2510917 f5cdf976
(17044) CVSRAM: read push: id 0, da 01780706 f6a50a14 002d01f7 fbb6fbcf
(17046) CVSRAM: read push: id 0, da f608f176 02c90035 08e304e3 02290295
(17048) CVSRAM: read push: id 0, da 0831135c fbe40d38 02eb00ce e421f473
(17050) CVSRAM: read push: id 0, da ffe83a1a febffa37 ff0d045a e83200ff
(17052) CVSRAM: read push: id 0, da e31beb9e 05d9ebae f517faf3 fad54150
(17054) CVSRAM: read push: id 0, da f8a50875 fdbcf6d4 f6adf8be ef8ef1e1
(17056) CVSRAM: read push: id 0, da 038a0b27 f786fcaa 0283fbad 0079027e
(17058) CVSRAM: read push: id 0, da f6e5fb0a ef6701fe ff57f0c4 ff7cf7b0
(17060) CVSRAM: read push: id 0, da 06b9f6bc f6e8fd93 04d8fcff f5881207
(17062) CVSRAM: read push: id 0, da 17ccfff9 0dcff979 f6a1fa50 007a0ae1
(17064) CVSRAM: read push: id 0, da f2d50f0f 0f4c090b f7cffc52 0206f610
(17066) CVSRAM: read push: id 0, da f7050180 f8d2fdd2 03c7f971 eeae083d
(17068) CVSRAM: read push: id 0, da 12b8f6d5 09c503ca fcd90290 fd44031b
(17070) CVSRAM: read push: id 0, da fd200e8f 0ee8f087 fb4010cd fcf8dea0
(17072) CVSRAM: read push: id 0, da 04b104e1 0fcc0b14 0009f64f fe6cee81
(17074) CVSRAM: read push: id 0, da ee81031c fcab0405 f24cf990 f7cff8a6
(17076) CVSRAM: read push: id 0, da f171038b fa561b8f ff270f29 fa060c66
(17078) CVSRAM: read push: id 0, da f503f93a 03fd2932 e90be4ee e79af0d8
(17080) CVSRAM: read push: id 0, da eed8fa2a 0072f71b ed8cf961 f62c010c
(17082) CVSRAM: read push: id 0, da 03530033 ce5d0012 05150309 eaddfc2e
(17084) CVSRAM: read push: id 0, da fc6dff63 f659f4b2 f66dfa67 fa94f154
(17086) CVSRAM: read push: id 0, da ecfafdfc 11690ace 044309f9 e365f660
(17088) CVSRAM: read push: id 0, da 0826f859 23f2fbc6 f2b6fade f890f91d
(17090) CVSRAM: read push: id 0, da e52907c7 1973081a f771f2b7 115ffe8a
(17092) CVSRAM: read push: id 0, da fee40ae4 e4b9f76d ffcff174 f57e14b1
(17094) CVSRAM: read push: id 0, da 075e0738 f4fef5dd 0720eacb 04defd2d
(17096) CVSRAM: read push: id 0, da 03f803f4 11dd06e3 06741052 008a03a8
(17098) CVSRAM: read push: id 0, da f0b8f9b6 e7b0fa86 0c250a7c fd45e7ad
(17100) CVSRAM: read push: id 0, da 01edfce8 ee13ea21 f754f2b3 1188f5ed
(17102) CVSRAM: read push: id 0, da f317edc4 008cf0da 0576116c 161aedde
(17104) CVSRAM: read push: id 0, da 00440859 10f0f2f5 01b109f5 faa4f4a9
(17106) CVSRAM: read push: id 0, da cca6ef5e f75b2473 fbc4fa69 f275de1d
(17108) CVSRAM: read push: id 0, da 024ff557 f3dff8e5 f6f7ff38 ee4c0462
(17110) CVSRAM: read push: id 0, da 01a6ed8b 067401b8 0018f414 efc0fa42
(17112) CVSRAM: read push: id 0, da 4046e481 ffba1943 017b07df f47dddf1
(17114) CVSRAM: read push: id 0, da fef41e87 0545fac2 fe680268 f9ed0233
(17116) CVSRAM: read push: id 0, da 022eff96 fe6ef569 014301d1 ea951f6a
(17118) CVSRAM: read push: id 0, da f97e009f fb8bfbcc 0167f0d8 f36ef1f5
(17120) CVSRAM: read push: id 0, da 05790127 01f7fda5 fd55fd9b 034100e9
(17122) CVSRAM: read push: id 0, da 0d210b98 ec14fe77 e30f00a3 e5e80f99
(17124) CVSRAM: read push: id 0, da f087ff1a f6dff852 f6fcfcc4 faf8ebfa
(17126) CVSRAM: read push: id 0, da 11befe6d 0074f8c1 fe2e00b3 01e2fef5
(17128) CVSRAM: read push: id 0, da 01af047e 0d9e04f1 ff360765 00a0fb6d
(17130) CVSRAM: read push: id 0, da 093dfa38 fea3fdf2 0306f400 0dba05c5
(17132) CVSRAM: read push: id 0, da f6f6f6b4 fb18f9f0 009f021f 084a000e
(17134) CVSRAM: read push: id 0, da ff1504e8 1268f6b1 06e902ca f379e9c5
(17136) CVSRAM: read push: id 0, da f7930069 f7e2f90f 017f00c1 05780505
(17138) CVSRAM: read push: id 0, da 0ae71287 0395fd72 027ffad5 f6ed0228
(17140) CVSRAM: read push: id 0, da fead00d7 fac20c40 07f10fca f5080f06
(17142) CVSRAM: read push: id 0, da faf9eb9f 0b8d0042 f181fb8c 033ee216
(17144) CVSRAM: read push: id 0, da 0267f597 0f4ef37b fe9cfc1b 0a1e0a99
(17146) CVSRAM: read push: id 0, da 0187fe48 f3fbec57 088c094d fcb9daf8
(17148) CVSRAM: read push: id 0, da 034c0088 06770494 05f9fa46 039901bb
(17150) CVSRAM: read push: id 0, da 0d7bf634 f2aefc65 021af698 09790ee7
(17152) CVSRAM: read push: id 0, da ffcbfba7 064e04d7 03f80134 fed806c2
(17154) CVSRAM: read push: id 0, da f7a0f9ad ef35024f 06a6f423 0bd0f235
(17156) CVSRAM: read push: id 0, da feb6ff1b 0afd057e 086cffa7 0750f9ed
(17158) CVSRAM: read push: id 0, da f7d702be fc34f834 f97ceb4a fbeaffc0
(17160) CVSRAM: read push: id 0, da 03a0f9e7 fdad0d84 ff030891 020f03d7
(17162) CVSRAM: read push: id 0, da 0bc105ab 18a6fb98 14e40ae9 0571f7e7
(17164) CVSRAM: read push: id 0, da fe32fb2d fd7df6c6 01dff9a6 08d00617
(17166) CVSRAM: read push: id 0, da f67404d3 fcd7161c f1fde95e f46b05c2
(17168) CVSRAM: read push: id 0, da 001b059d e6ef08fc f235023e 00ea0346
(17170) CVSRAM: read push: id 0, da 23340aab f6aeeebd 01710419 074113d5
(17172) CVSRAM: read push: id 0, da 01720185 0278f295 08c40188 07b108ab
(17174) CVSRAM: read push: id 0, da f40b0b65 ff7e0521 fb1e0195 0a1401db
(17176) CVSRAM: read push: id 0, da dd0b1693 fbcbe8ad f0fbf512 0a5b01fd
(17178) CVSRAM: read push: id 0, da fdc9fcb4 0540068b 03f3fd24 036106a4
(17180) CVSRAM: read push: id 0, da 0d75e29b ffa905ce f1e6f60d 14b5eda3
(17182) CVSRAM: read push: id 0, da 06ccfd5d ea2df86e 0957fc14 2487fb8a
(17184) CVSRAM: read push: id 0, da ff8cf74e fcf4f20b f788055f fe860303
(17186) CVSRAM: read push: id 0, da 0172fa5f 0b25fead 07310660 03acf323
(17188) CVSRAM: read push: id 0, da fde50623 ff8105eb fa1803ff fe97fa34
(17190) CVSRAM: read push: id 0, da 198903f2 fd8ef5c9 fdcb0bc0 0bd400c9
(17192) CVSRAM: read push: id 0, da ff090acc 138303fc 0a9503ab 08450363
(17194) CVSRAM: read push: id 0, da f987036b 007106a1 f82fef73 1676e74b
(17196) CVSRAM: read push: id 0, da f787ff06 ff65fd9f 013f0360 024f061b
(17198) CVSRAM: read push: id 0, da 020dfd98 00d7fda2 fc84fe25 fa40fbcc
(17200) CVSRAM: read push: id 0, da 0946fd86 f79bf50c 08b4f917 fc7afbfa
(17202) CVSRAM: read push: id 0, da f2b1fd77 0cc60b17 f93b08fa fae6fcf5
(17204) CVSRAM: read push: id 0, da ef79f85e f917fb91 f0bcfbe8 0e9afa2d
(17206) CVSRAM: read push: id 0, da 0211f920 0f26ec6f 06200aaf 0bdaecb2
(17208) CVSRAM: read push: id 0, da 01dafe52 00990b5e 06f50030 084608b0
(17210) CVSRAM: read push: id 0, da f94600d2 0f7805c8 fd5bf83b 0ae8028a
(17212) CVSRAM: read push: id 0, da fd580408 ea540602 07fd0412 04700404
(17214) CVSRAM: read push: id 0, da 06b80396 19690a21 03cb04f8 fd570283
(17216) CVSRAM: read push: id 0, da 0fc90834 f25f0425 ff4604cb 051501e6
(17218) CVSRAM: read push: id 0, da f3b6ffb2 def9021e 09ea0864 fab9ff34
(17220) CVSRAM: read push: id 0, da 0359fb44 0cbb120f 0aecffc2 0566f7cd
(17222) CVSRAM: read push: id 0, da f81706a3 f2e9f6a8 089deb3d 0288030f
(17224) CVSRAM: read push: id 0, da 0158fc77 09d40226 fa280bc4 f524ff06
(17226) CVSRAM: read push: id 0, da 140604c8 f611f527 0c8c062d 1062fe02
(17230) CVSRAM: read request from dla, addr 50059fc0 burst 255 id 0
(17294) CVSRAM: read push: id 0, da 05dc0104 0788e38d 00f6ec46 020cf5e9
(17296) CVSRAM: read push: id 0, da ed0e064a fcb11399 f53af3cd ee130350
(17298) CVSRAM: read push: id 0, da f71703d5 ed68f952 fb6efe0c 03250d40
(17300) CVSRAM: read push: id 0, da 0d5a0044 0f79fd43 03190b6e f6dc0bb8
(17302) CVSRAM: read push: id 0, da 047f0816 0598fdfd f1e0003b fc10f784
(17304) CVSRAM: read push: id 0, da f667138d 04620506 fb1f0642 083f089a
(17306) CVSRAM: read push: id 0, da ff990f06 f807fb44 f73f006b fa720273
(17308) CVSRAM: read push: id 0, da fd31038c f8a10c32 01caff11 0047027b
(17310) CVSRAM: read push: id 0, da ee93e30a 05230284 f876fbe5 1b01f653
(17312) CVSRAM: read push: id 0, da 04c3fe69 eb74f78d 0ab8fc5c 1636f647
(17314) CVSRAM: read push: id 0, da f82afe71 f7dff658 f709058c fd36fa09
(17316) CVSRAM: read push: id 0, da f271fe08 fc5504fe feddf0c7 f3aaf5c3
(17318) CVSRAM: read push: id 0, da 0ba7f9b6 f6cc04ed 0357fcd8 f7781741
(17320) CVSRAM: read push: id 0, da 037e0325 0103fbf6 f98a03e2 0d12062f
(17322) CVSRAM: read push: id 0, da f9220a47 1db90448 098504f4 03ebf925
(17324) CVSRAM: read push: id 0, da 056bf3af 0e64007c f765efda 22f8eac4
(17326) CVSRAM: read push: id 0, da e210fc90 ea8dfc56 fdfb00ba fff5f8fe
(17328) CVSRAM: read push: id 0, da f55c0ce7 224bf83e fa77f6de e861ec3b
(17330) CVSRAM: read push: id 0, da 0440010d 02d604b7 0385f592 06a2f00e
(17332) CVSRAM: read push: id 0, da f4020168 ffee082a f234fc7b f9d0fc72
(17334) CVSRAM: read push: id 0, da ecaefa60 fa900227 fc09fef2 0b7f004b
(17336) CVSRAM: read push: id 0, da fdc10e6a dba90f8a efacfc41 fd360c29
(17338) CVSRAM: read push: id 0, da ed2e00ad e2ae0557 fcbdf934 fc83fea6
(17340) CVSRAM: read push: id 0, da 006004ab e4580554 fb73f3e1 05940afb
(17342) CVSRAM: read push: id 0, da fc160432 da3201b1 f9f4fef3 fd50f9f3
(17344) CVSRAM: read push: id 0, da f775ff47 0290fba8 0cfdfecc f10deda4
(17346) CVSRAM: read push: id 0, da 006ef503 368904e0 fdeef494 f7210717
(17348) CVSRAM: read push: id 0, da 0a3a0897 1ea9f3a9 f5db0a7d feac21f9
(17350) CVSRAM: read push: id 0, da ff0009a7 e8c1f830 f78af90c fcb407da
(17352) CVSRAM: read push: id 0, da f28e029b f1dbf6a8 06bde96c 009aff55
(17354) CVSRAM: read push: id 0, da 0492fcc7 084708f8 02820c5c f787fbcb
(17356) CVSRAM: read push: id 0, da 082e04ab fa5ef5fb 05d20f51 0eabfd12
(17358) CVSRAM: read push: id 0, da 092a0164 fd7dea05 fe49f045 02f5f914
(17360) CVSRAM: read push: id 0, da 0996f9bb f25cf83b 0aacfc46 fdebfe8c
(17362) CVSRAM: read push: id 0, da f9dff62f 050cf4ec 06a4f815 00fe0c8f
(17364) CVSRAM: read push: id 0, da de5af2d3 ff071016 00e3f918 f55fed3f
(17366) CVSRAM: read push: id 0, da 037cf73c f384f819 f4ddfe2d f8b7fdac
(17368) CVSRAM: read push: id 0, da 0233f5f3 0c980370 0c66fd46 e841fc67
(17370) CVSRAM: read push: id 0, da 1f65f1fe 05c1132b fc2f015b 0382defe
(17372) CVSRAM: read push: id 0, da fe9b09e2 036a0db0 f90cffe6 fc86fd06
(17374) CVSRAM: read push: id 0, da f661efb3 038cff78 fda2029a 093b19b0
(17376) CVSRAM: read push: id 0, da 0390fce5 f365fbc3 0f57f58d 1579f9b4
(17378) CVSRAM: read push: id 0, da fbb8fb40 f6f2f702 f4f10497 f8f1fc9c
(17380) CVSRAM: read push: id 0, da 0fb503c7 df7bffe4 efbcfdbb f2d002d5
(17382) CVSRAM: read push: id 0, da f3c306d4 004cfbbd f6c3f853 f67df7b5
(17384) CVSRAM: read push: id 0, da 13d90207 0e70f61a fac90e08 09d003bf
(17386) CVSRAM: read push: id 0, da fc7c075a 1289045b 1060095d 0066fe2c
(17388) CVSRAM: read push: id 0, da 02f0faf7 00990913 f9bcf95c fcd8f70f
(17390) CVSRAM: read push: id 0, da fa8cfde3 ec97ff47 fb7bffc9 fb8303c3
(17392) CVSRAM: read push: id 0, da ff400d34 027102c8 0463f4a1 f4def675
(17394) CVSRAM: read push: id 0, da 01a4fcb0 0cfef848 07a6f721 04dffea7
(17396) CVSRAM: read push: id 0, da ff3f08e2 fc2b0524 06a4f92a f7d0fc35
(17398) CVSRAM: read push: id 0, da f3ddf97e fdcd0647 012b0484 046b0a75
(17400) CVSRAM: read push: id 0, da 02b1023c 08d7f34e fd5b0dfd fa9a0d45
(17402) CVSRAM: read push: id 0, da fe470474 17810223 f824fa92 f693f6b4
(17404) CVSRAM: read push: id 0, da fdea03e0 fd45fdc0 f8180468 0739fffd
(17406) CVSRAM: read push: id 0, da ff3e01d4 edb5fbcf fb86fc3c 0054fa8f
(17408) CVSRAM: read push: id 0, da 024802db f14b0a64 f153f935 05b818cf
(17410) CVSRAM: read push: id 0, da ef19076e d9d600e5 f5f20148 062ef4d9
(17412) CVSRAM: read push: id 0, da f5e70174 f67e08fb fe2bf86f fb5608c0
(17414) CVSRAM: read push: id 0, da 021bff8a fed9f6f5 038bfefa fbb30138
(17416) CVSRAM: read push: id 0, da f07c0216 f7befa53 f8fff236 f8e2fb65
(17418) CVSRAM: read push: id 0, da fe19f8ac f612ffc3 feb808a9 f7da0093
(17420) CVSRAM: read push: id 0, da 16d20707 1d9ffb60 1d070c86 09590dda
(17422) CVSRAM: read push: id 0, da ffb003d6 03bef000 0881fef7 fa550add
(17424) CVSRAM: read push: id 0, da f8840b2f fe5400a5 000bebd3 ffb0fb63
(17426) CVSRAM: read push: id 0, da 0f25e7da fe510992 da89f11b fe42fbff
(17428) CVSRAM: read push: id 0, da 029f1296 ffd1098f 02a4f176 06c10340
(17430) CVSRAM: read push: id 0, da 2db9f702 01f7028e 1089e203 03abe6c8
(17432) CVSRAM: read push: id 0, da fa50ff61 180008b9 fc31ffbf f47df559
(17434) CVSRAM: read push: id 0, da fa2b1025 ede10b0c fcc5fc80 0392fee8
(17436) CVSRAM: read push: id 0, da 017d0962 ef9dffd1 fd0f00be 0385f97d
(17438) CVSRAM: read push: id 0, da fae4062d f55b03bb fb5e0045 019cf618
(17440) CVSRAM: read push: id 0, da fc670377 014e02d9 fce0f745 00db0292
(17442) CVSRAM: read push: id 0, da 05790145 00a3f921 0296f741 fe58ff75
(17444) CVSRAM: read push: id 0, da f0c00a4f 0b24027b 0b590775 fc921bd5
(17446) CVSRAM: read push: id 0, da 087bf861 062bf7a8 ff0df98c ffe9051f
(17448) CVSRAM: read push: id 0, da 04cdfb7c 1c4ff324 0444094b fab301f5
(17450) CVSRAM: read push: id 0, da f755fc14 f7bef911 f5c6fe30 055d0b15
(17452) CVSRAM: read push: id 0, da 0afefb41 f89cf36e 033e04c4 1592fc59
(17454) CVSRAM: read push: id 0, da 0127f395 0f6cfedd 0309f0ca fd6cef4a
(17456) CVSRAM: read push: id 0, da 0e990d38 fbcb092c fb65fb30 f1b70afa
(17458) CVSRAM: read push: id 0, da fb9e109e f766fd09 0779ffb8 f79bf892
(17460) CVSRAM: read push: id 0, da 016507b7 da6c07bc f7adfe31 e89b2b67
(17462) CVSRAM: read push: id 0, da f97bf4d4 ec94fd02 086af7e1 f3f70316
(17464) CVSRAM: read push: id 0, da 0eb5f4ca 289705bd 011f0b93 f621fdf1
(17466) CVSRAM: read push: id 0, da f4e40972 edf8f7ec f19c0220 0000f0f5
(17468) CVSRAM: read push: id 0, da f103fe28 095f08df fe55ec16 ec21f8bb
(17470) CVSRAM: read push: id 0, da 0278f1e4 f4ba09c2 f4fde7d2 fbbe0229
(17472) CVSRAM: read push: id 0, da 05b7073b f597ff8d 08b00083 0d8b02a7
(17474) CVSRAM: read push: id 0, da eb40009f 0c59f44a d292f4df 06f2039b
(17476) CVSRAM: read push: id 0, da 008a0455 04b4025c f3920422 f8c3fe33
(17478) CVSRAM: read push: id 0, da f5c3f00e ef60f9ff 10ec00a3 017c040d
(17480) CVSRAM: read push: id 0, da 07950a51 e6a50629 0588f5b4 fdc51ef7
(17482) CVSRAM: read push: id 0, da ff0c01c8 ec86fba9 071f0185 064c02cb
(17484) CVSRAM: read push: id 0, da 01aff2f6 0dcbfb00 fad60ad6 0e83f51e
(17486) CVSRAM: read push: id 0, da 064307f3 07bdfa97 fd7cfa42 fc761484
(17488) CVSRAM: read push: id 0, da fd0129cc 04fafc45 0191f987 faa307f2
(17490) CVSRAM: read push: id 0, da 058ae782 f94c02c1 f0baf880 08ca0988
(17492) CVSRAM: read push: id 0, da 04b14d89 f892048c 0d0dfe79 01c801c3
(17494) CVSRAM: read push: id 0, da fb0ae833 fd880570 098de915 0fdf2019
(17496) CVSRAM: read push: id 0, da f6befeab f3821b44 ff08ed7c f626f2aa
(17498) CVSRAM: read push: id 0, da 1713e9df 04eef5b9 04b9ff58 0378146b
(17500) CVSRAM: read push: id 0, da 00550ddd f3dcfa48 f8effee3 07b3141e
(17502) CVSRAM: read push: id 0, da f7660796 e0d3fd1a ffe70027 fef0f7b0
(17504) CVSRAM: read push: id 0, da ecf405c6 fc99ff30 f7e8f875 f4c0f440
(17506) CVSRAM: read push: id 0, da fd5e08aa f61ef08f 03c7f64c 03a70504
(17508) CVSRAM: read push: id 0, da ec6a0328 0b19fe54 06bc0316 01a31724
(17510) CVSRAM: read push: id 0, da f8b3f7dc 096cf7b4 f50efc49 f7dcfbd2
(17512) CVSRAM: read push: id 0, da 044ffb4d eb9a0113 f474f8bc f6970a7f
(17514) CVSRAM: read push: id 0, da f31b0273 0207fdab 04c4f85b f3b500e1
(17516) CVSRAM: read push: id 0, da 16d60180 fb8ae907 07fa0e4e 10b0f972
(17518) CVSRAM: read push: id 0, da fd1eee80 fc37ffac 023afa4a 00b00447
(17520) CVSRAM: read push: id 0, da 0882f3a6 f52df75d f30201b2 0138fc08
(17522) CVSRAM: read push: id 0, da ff7ae585 039af9bd 0052efae 10ddfd97
(17524) CVSRAM: read push: id 0, da fbdf0560 d8db13e3 fcf3f9ea ef3c1c54
(17526) CVSRAM: read push: id 0, da faecf98f e5f101b6 02c7faa1 f7ba04b0
(17528) CVSRAM: read push: id 0, da ece50126 f94100c6 f7560133 fd8a0600
(17530) CVSRAM: read push: id 0, da 1fccfd56 faecfee4 fbeee8ef fad4023e
(17532) CVSRAM: read push: id 0, da f97c0cb9 eb6b0d1f 0471fba9 f4cd1375
(17534) CVSRAM: read push: id 0, da fc2af767 ed791c0e f963f490 f3cd03f9
(17536) CVSRAM: read push: id 0, da 17e4fbe4 ff3afb95 0d95fdb5 0fb005b8
(17538) CVSRAM: read push: id 0, da faba0751 02a1fcd7 e579fbb8 fb98f164
(17540) CVSRAM: read push: id 0, da 0287f1fd 030d0096 fe310222 f1abfd66
(17542) CVSRAM: read push: id 0, da f66eee6a ff0801f0 074efd0c 0552fe65
(17544) CVSRAM: read push: id 0, da 08a90214 e87bfb02 fd7afa00 06e9dfc2
(17546) CVSRAM: read push: id 0, da f727fef5 d5fafa18 fe150309 ffb1029b
(17548) CVSRAM: read push: id 0, da f2d8f414 14c7f1b3 03e20b27 028cfe39
(17550) CVSRAM: read push: id 0, da 0a8117ef 095807b9 fb8e02a8 f89e08c0
(17552) CVSRAM: read push: id 0, da 025a126e 01c6ff55 00fafbe3 f992fdff
(17554) CVSRAM: read push: id 0, da f8f6fcc3 fe33f906 e408fa72 0dc90aa1
(17556) CVSRAM: read push: id 0, da 012b0df1 fd9c044d 03df0a94 03e300be
(17558) CVSRAM: read push: id 0, da d8ebf9ad fd6eff56 1c5ffb3d 004f28b8
(17560) CVSRAM: read push: id 0, da ff4a0306 f954fb93 f49003dd fd4c11f2
(17562) CVSRAM: read push: id 0, da fa500257 f151fe92 023efa30 05f003bc
(17564) CVSRAM: read push: id 0, da fd38fdfe 154e06ac 03ba02af 0f1efda6
(17566) CVSRAM: read push: id 0, da fb43feeb ffc9fa11 0c3d03aa 059e0bdc
(17568) CVSRAM: read push: id 0, da ff260231 06761349 fac50444 f42bff8e
(17570) CVSRAM: read push: id 0, da 00df0619 f9eaf7ff ff02f4f9 0704166b
(17572) CVSRAM: read push: id 0, da f0b9007c fe5307ca 001f020c fc4f0d73
(17574) CVSRAM: read push: id 0, da 0869f70e 0249f954 0239f7e9 f32d06aa
(17576) CVSRAM: read push: id 0, da 069701d9 f1befd88 fd49fca4 f007083f
(17578) CVSRAM: read push: id 0, da fc6c06b6 0024ff90 047f04c2 f04cf019
(17580) CVSRAM: read push: id 0, da f8de0198 04d3fff0 05e31234 08f80396
(17582) CVSRAM: read push: id 0, da ff47eb92 ff6f095d 041002d2 fea90d6e
(17584) CVSRAM: read push: id 0, da f5cbfc45 0344f9a5 fb990857 06f0fe4e
(17586) CVSRAM: read push: id 0, da f7c2f937 ff1d0650 0135044e 095807e8
(17588) CVSRAM: read push: id 0, da fa1d0728 e25e1080 f438fb12 f3e108c3
(17590) CVSRAM: read push: id 0, da fcacfa77 f0520263 0743f81b fdcd0474
(17592) CVSRAM: read push: id 0, da fb260d62 e6920015 fe75f6d5 04a218b5
(17594) CVSRAM: read push: id 0, da ff27fadf fa1bf673 073afff9 0c26ff2b
(17596) CVSRAM: read push: id 0, da f1f5ff65 fde217f7 043cf72b fb72fe74
(17598) CVSRAM: read push: id 0, da 04a1fa7f ed690f72 f79efeb2 ef5c0719
(17600) CVSRAM: read push: id 0, da 18def680 0aca0176 0a6500ea 0c0b0a79
(17602) CVSRAM: read push: id 0, da 077409bf fac0ff31 d916fc9e fb76f836
(17604) CVSRAM: read push: id 0, da 0a7af048 fcc90602 057fff59 f5d0f91c
(17606) CVSRAM: read push: id 0, da f4b9f5c0 fd8ff7c4 f044f670 105eef56
(17608) CVSRAM: read push: id 0, da 071efc88 027cefb5 0597040f f95cf6a1
(17610) CVSRAM: read push: id 0, da 06ae024a fd1afe73 fe83ffba 00ecf8ef
(17612) CVSRAM: read push: id 0, da 0121f18a 0fd4fcd5 0b3ffc3b fce6e52d
(17614) CVSRAM: read push: id 0, da 1112ff52 0959fb1b 025306ce fa930580
(17616) CVSRAM: read push: id 0, da ff06fc77 026bfe76 f85af9a5 03c5fe64
(17618) CVSRAM: read push: id 0, da 2aade501 ff0b0178 52e2ed4a fee1e274
(17620) CVSRAM: read push: id 0, da 0662de19 087c01f8 f919ff19 04780323
(17622) CVSRAM: read push: id 0, da 5f67e445 03e80674 be3be726 0d64d184
(17624) CVSRAM: read push: id 0, da f7edfb59 111e17eb 047df13b f10bf333
(17626) CVSRAM: read push: id 0, da 0fecf9f8 122f0637 f62cfccb fd020141
(17628) CVSRAM: read push: id 0, da 04aaf607 ede4fa7b 06d0075c fb26d6f1
(17630) CVSRAM: read push: id 0, da 06a905c9 074afb5e f4b9f9ba fcedf99b
(17632) CVSRAM: read push: id 0, da 009101c9 0466fb6e fe00f568 007004fd
(17634) CVSRAM: read push: id 0, da 09330348 05ecfb0c fb9dfb4b f9d80649
(17636) CVSRAM: read push: id 0, da f84ff851 0a92049c 0fbf0191 fb2c2547
(17638) CVSRAM: read push: id 0, da ff2afa24 0922f9cb ff7dfc88 00b808af
(17640) CVSRAM: read push: id 0, da 01b3eb70 277ff7f3 f8c108bb fd9bf140
(17642) CVSRAM: read push: id 0, da f7c3fce7 fa33f9e5 f33dfbaf 0473119a
(17644) CVSRAM: read push: id 0, da ff83f3e3 fe5808ff f6e5f1a9 ee8f1346
(17646) CVSRAM: read push: id 0, da f3330883 f997fcb6 fa3af1d4 f91bf2fd
(17648) CVSRAM: read push: id 0, da f4a3139c 0fb82e83 f397ea1d e565172e
(17650) CVSRAM: read push: id 0, da 03981650 ff120402 fdc4f625 f00cfb63
(17652) CVSRAM: read push: id 0, da fdf6f4be fb3803cc 00affc22 f7f8fe31
(17654) CVSRAM: read push: id 0, da 00420024 fc260699 f623fac6 feba0043
(17656) CVSRAM: read push: id 0, da 024ef901 18790971 fe870582 f5650879
(17658) CVSRAM: read push: id 0, da 0e86fb2b fd31ffb2 ee6bf5f2 f74dfa5d
(17660) CVSRAM: read push: id 0, da eb04fc6a fc82fb5a 0877fa7c 09fdee77
(17662) CVSRAM: read push: id 0, da fd04fc6e 0e79f564 fae3f726 05210821
(17664) CVSRAM: read push: id 0, da f1b315d0 03040724 fad40634 f55aff4f
(17666) CVSRAM: read push: id 0, da 08cdf317 f87ff4c7 0074fd16 fe4f0166
(17668) CVSRAM: read push: id 0, da fc9a04da 04bf0021 ee9405ea 0377039c
(17670) CVSRAM: read push: id 0, da ef09f306 fe93f4d6 feccfa92 f266ec00
(17672) CVSRAM: read push: id 0, da 03f8fe0b f18605f2 fabdfb76 0561fa5f
(17674) CVSRAM: read push: id 0, da 012ffc8b edbd07c3 fddffc13 fda20252
(17676) CVSRAM: read push: id 0, da f74f03e5 05320048 fb94ebd3 03daec80
(17678) CVSRAM: read push: id 0, da 0060fac2 f7aaea43 00350f74 fc5307d3
(17680) CVSRAM: read push: id 0, da fbf50178 05ed007c 03350b62 03eb0551
(17682) CVSRAM: read push: id 0, da fb0edcd6 04c20617 4f45fa48 188ef160
(17684) CVSRAM: read push: id 0, da 063ef4e2 043afec6 08b6073f ffae0512
(17686) CVSRAM: read push: id 0, da fb1fcca8 008715a4 d66af4f5 1ac9f450
(17688) CVSRAM: read push: id 0, da 1b4ff429 ef31f95b 2c1bf4e1 080ffd99
(17690) CVSRAM: read push: id 0, da 1776ecf8 1182ffa5 00ca0534 041cff63
(17692) CVSRAM: read push: id 0, da 01eb00ba da440232 00a8fce1 eac31020
(17694) CVSRAM: read push: id 0, da 00020967 ebc6f36e f729f8a3 f873f23e
(17696) CVSRAM: read push: id 0, da e9defe7f eb08f088 fc9af374 196bed9e
(17698) CVSRAM: read push: id 0, da ff5e0222 f3c1f4a2 016af752 fa6df651
(17700) CVSRAM: read push: id 0, da f4abf2f9 0d8400c0 0828ffa2 fb2125d6
(17702) CVSRAM: read push: id 0, da f695f976 0784f95d fa71fe1b f7b7f731
(17704) CVSRAM: read push: id 0, da f5effc25 f48f0531 f05af931 faddff05
(17706) CVSRAM: read push: id 0, da f05d09e5 fe330981 044ef519 f8931237
(17708) CVSRAM: read push: id 0, da ed65e1ee f93f1506 f3c7f941 e3c00e4a
(17710) CVSRAM: read push: id 0, da fd8c00a0 0413ffc0 fb84f714 f949ed11
(17712) CVSRAM: read push: id 0, da ffa2f05b f265052f fe8cecec f81eef9f
(17714) CVSRAM: read push: id 0, da 046de84d 2ad8f869 fbfaef4d 117603f8
(17716) CVSRAM: read push: id 0, da fb20f487 031e0784 013cfd19 fd7ff4da
(17718) CVSRAM: read push: id 0, da 04510708 03090825 f63dffd9 fd8703e0
(17720) CVSRAM: read push: id 0, da ead6fc8d e4ddf10e ede4ff10 fe28fc33
(17722) CVSRAM: read push: id 0, da 1f42f9cf 23b40181 05dee8d7 086b0276
(17724) CVSRAM: read push: id 0, da 31ceea9b ef93ccc7 0e7b1805 20f8f7d3
(17726) CVSRAM: read push: id 0, da ea630f37 2450f490 02ea0d0c 19fef09f
(17728) CVSRAM: read push: id 0, da fd340823 fbe5f70c 094408df fb55fb3c
(17730) CVSRAM: read push: id 0, da f5b3f7ba 078bebfa ee1efc3f fb1c0ae1
(17732) CVSRAM: read push: id 0, da f587f917 05e4fd8d 006c0cb7 fbf0ff87
(17734) CVSRAM: read push: id 0, da edeeecc8 ff1a0537 f19cfd77 f4f3fe37
(17736) CVSRAM: read push: id 0, da fd0b050d 1f14ef73 f842ff84 0f38d5a1
(17738) CVSRAM: read push: id 0, da 01f60408 e777011a 0419fa81 02d20caf
(17740) CVSRAM: read push: id 0, da ef020e69 f26a0ad0 efcfeb75 f8ba0ba1
(17742) CVSRAM: read push: id 0, da 0077fcf9 fdaceef9 01090dc8 f42bf838
(17744) CVSRAM: read push: id 0, da fc36058d ff230149 01aa0b54 fd660126
(17746) CVSRAM: read push: id 0, da e666f5ee 066d00e4 fbc3fdfe 1ad01e14
(17748) CVSRAM: read push: id 0, da 0da30769 02740111 fe190b1f 0031fdbb
(17750) CVSRAM: read push: id 0, da c956e6b9 03cdfe6a 10f70956 ff075ec6
(17752) CVSRAM: read push: id 0, da f0840480 05e0f461 ee6609f6 fa0d03a9
(17754) CVSRAM: read push: id 0, da eec006e6 f87c0046 00b3ffd6 0271fb15
(17756) CVSRAM: read push: id 0, da f8cc00ba ea5402fe f9a8fee9 054d1b95
(17758) CVSRAM: read push: id 0, da fd07ff64 ecfffc33 0b61fea5 0413fc2d
(17760) CVSRAM: read push: id 0, da f35407f6 09b30be7 f9bf01c4 e914fa4d
(17762) CVSRAM: read push: id 0, da fe071193 f0b2f2ff 0542f6c1 f9de0d68
(17764) CVSRAM: read push: id 0, da f162f7be 02900bfc 07a5fffc fd6a2081
(17766) CVSRAM: read push: id 0, da 0c73fc4b fa25f9e0 fc71fa8c f6bc022e
(17768) CVSRAM: read push: id 0, da 01db0fa0 f728fbfd f51aff60 f9960b13
(17770) CVSRAM: read push: id 0, da 04250e11 fdb4037e 02cb07dc f449f3c4
(17772) CVSRAM: read push: id 0, da 0a6eeb97 fe43f319 06b40304 00ddf174
(17774) CVSRAM: read push: id 0, da 0970e8e1 05cc03c1 03a60160 098bf620
(17776) CVSRAM: read push: id 0, da fe30f613 04baecac 02bc0c3f 0d78ec7d
(17778) CVSRAM: read push: id 0, da 06aafda3 febf043d fd5d035e 0516050a
(17780) CVSRAM: read push: id 0, da fb51fbcf 13df0196 fe9cfb5f 02c6e6f5
(17782) CVSRAM: read push: id 0, da 048404c7 0d7c0102 fe7a03cb 015efc45
(17784) CVSRAM: read push: id 0, da f848f9c5 fbbbfc4e 03f8f94a 00b3f52f
(17786) CVSRAM: read push: id 0, da f3ea0626 ec1df935 fd6d1330 10f8f67d
(17788) CVSRAM: read push: id 0, da f102f67a 2886007b 1b530c39 0cd5eeca
(17790) CVSRAM: read push: id 0, da 0cb5099a 00bb0af5 00200b6d f86f0947
(17792) CVSRAM: read push: id 0, da 0f65ef2a fbd9f7c1 fab80b9f 05c4fc3a
(17794) CVSRAM: read push: id 0, da 00b601c0 fff2fa4d f1890561 f9b2f661
(17796) CVSRAM: read push: id 0, da 039efefe 037c039e 0485066d f0d8f7ed
(17798) CVSRAM: read push: id 0, da fd53fb50 ff4bfc4e fbc3f8b3 f9eeece2
(17800) CVSRAM: read push: id 0, da fb30f64c 0e7bed7e 030b00ae fef20445
(17802) CVSRAM: read push: id 0, da 056f0025 0cf5fab1 ff6aff8e 02f2f934
(17804) CVSRAM: read push: id 0, da fda6fd97 f4900d3c 0127ebdc 02a7f644
(17808) CVSRAM: read request from dla, addr 5005dfc0 burst 255 id 0
(17872) CVSRAM: read push: id 0, da 0560f638 fcc0f465 fee70b33 f907fb83
(17874) CVSRAM: read push: id 0, da 01f4eeb1 ffc70314 f7c6ff8a f7fff929
(17876) CVSRAM: read push: id 0, da 0137011f fc88fc9a 4df1f807 f7efe92c
(17878) CVSRAM: read push: id 0, da ffe1e17a 08ce0012 00ee051b f7a8fe02
(17880) CVSRAM: read push: id 0, da 1b1f0366 f9c3f094 b7d2f2eb f2a7de97
(17882) CVSRAM: read push: id 0, da fafafdef 0325125d 1146e961 f8e5fcf8
(17884) CVSRAM: read push: id 0, da 127ef4f6 0f2b030f ff3b0239 fb8007d0
(17886) CVSRAM: read push: id 0, da fd05f213 208ef766 082a04d1 fd51e840
(17888) CVSRAM: read push: id 0, da 105c0385 1835016f fd55fb72 04c401bf
(17890) CVSRAM: read push: id 0, da 06a40512 0f9701eb 045eede9 fa570374
(17892) CVSRAM: read push: id 0, da 06b5fd6b fe530d8a fad304eb 03cb01c7
(17894) CVSRAM: read push: id 0, da 008fffc8 09b2f644 0667f919 fece03d6
(17896) CVSRAM: read push: id 0, da fdf3fcaf 06edfbe4 fce6fa79 fd3505da
(17898) CVSRAM: read push: id 0, da fb4d004b 19fdfc42 f9df0079 081cfd4b
(17900) CVSRAM: read push: id 0, da f863f86d f16bed7f f3380252 06370fc2
(17902) CVSRAM: read push: id 0, da 0050111a 198603cc f7a8f373 eeb6fb87
(17904) CVSRAM: read push: id 0, da f7bf16de fa89f438 f9fbfc57 f69509a8
(17906) CVSRAM: read push: id 0, da 07de07ad 03d306c8 fbd3f35c fda80606
(17908) CVSRAM: read push: id 0, da fe520723 f9fffcfc fc9b03bb f378fe08
(17910) CVSRAM: read push: id 0, da 01ccfd13 01cdfe47 02dbfdef 0ee6e701
(17912) CVSRAM: read push: id 0, da 0013fcaf 0d06fd88 fb18ff73 fdfefe0c
(17914) CVSRAM: read push: id 0, da 008800b8 09f20168 f459f857 f48409c1
(17916) CVSRAM: read push: id 0, da 144f07a2 0f3014d9 ffdeec8c fc9a050d
(17918) CVSRAM: read push: id 0, da eb11fa4e f8f604e9 f7f5f264 f9a9fceb
(17920) CVSRAM: read push: id 0, da ffd3eec9 f1ccec06 06abf6f6 052301d3
(17922) CVSRAM: read push: id 0, da e86cf3ac 042e0e19 f53bfc94 f6c0f332
(17924) CVSRAM: read push: id 0, da 020aff4e edfafb1e 4021feb4 007af071
(17926) CVSRAM: read push: id 0, da 0160f743 f448ff8b f1a3fff9 0388029c
(17928) CVSRAM: read push: id 0, da 00bc0266 fca8e699 ff83f838 efbde1ee
(17930) CVSRAM: read push: id 0, da 032101c8 f1da068b fd7603f4 032ffafe
(17932) CVSRAM: read push: id 0, da fb84fecc fd45078e f811ff97 fe0af879
(17934) CVSRAM: read push: id 0, da 09b2052a f86603f9 fc5ff23c 04ac0eb5
(17936) CVSRAM: read push: id 0, da f32df73d f2d2fb15 ff54ffc1 fe68003d
(17938) CVSRAM: read push: id 0, da fc18e6be f7ef0394 00480739 fc8e00ca
(17940) CVSRAM: read push: id 0, da f635fb28 fc84fc1d 3d8000fc 058ef1db
(17942) CVSRAM: read push: id 0, da 03ced691 04b101c5 069c0e88 fcad06a6
(17944) CVSRAM: read push: id 0, da f75bf5d3 0694fb2e d9fdfd99 07f2cdb5
(17946) CVSRAM: read push: id 0, da 08e6fac6 e6e2f25e f5780865 174e1929
(17948) CVSRAM: read push: id 0, da f412018a e239fac5 feb1ff7e feabee93
(17950) CVSRAM: read push: id 0, da 075ff9e3 ffc7f835 030afd03 f35fe647
(17952) CVSRAM: read push: id 0, da 0708fa76 090dfcd3 f507fd70 fd3d00cb
(17954) CVSRAM: read push: id 0, da 037dfe67 f987fbd2 fcdcecf8 03a1ff2f
(17956) CVSRAM: read push: id 0, da 024ff86d f2aff820 fbb7003b fda8fa1a
(17958) CVSRAM: read push: id 0, da fb29fb6b 125cfba7 fec3f646 fb23166d
(17960) CVSRAM: read push: id 0, da f785006b 0a78fd40 fad2f834 f83df5e8
(17962) CVSRAM: read push: id 0, da f7460b28 e7fd0ae4 f16efa06 f48c0215
(17964) CVSRAM: read push: id 0, da efb3fe79 fb7af286 0007f6bd f996066a
(17966) CVSRAM: read push: id 0, da fa630669 0c231002 e9eded79 e819f7d4
(17968) CVSRAM: read push: id 0, da 07de1a3b 07de03f7 fcf8fd04 ef6e0238
(17970) CVSRAM: read push: id 0, da f4b6fca0 fa1dfe1e 0817f9d0 08fcfdcf
(17972) CVSRAM: read push: id 0, da 0076fb2f fc93f6bb 02bdfe69 f3c7fc26
(17974) CVSRAM: read push: id 0, da 080f02d7 0fbaf4a7 0b520469 0c2aed51
(17976) CVSRAM: read push: id 0, da 040efae9 117efaec 04120526 02e401f4
(17978) CVSRAM: read push: id 0, da f8e7ff11 d5d3fb6f 00d3edf2 0595079b
(17980) CVSRAM: read push: id 0, da fe7af889 080ef88c 105901f5 0cf7f8f4
(17982) CVSRAM: read push: id 0, da 01530a4c dd27fd24 f4f90a73 f5960854
(17984) CVSRAM: read push: id 0, da fb52f1ca ef8eee9f 07d4fda8 089201fa
(17986) CVSRAM: read push: id 0, da e801fb2c fb2d0894 f61cf9d1 f5dcf512
(17988) CVSRAM: read push: id 0, da f93cfae6 fba1f90a 02510033 02e905c1
(17990) CVSRAM: read push: id 0, da f897f376 feb4017b fc2404f6 0132fe40
(17992) CVSRAM: read push: id 0, da 068b00cb f50be77b fc720089 ec90f627
(17994) CVSRAM: read push: id 0, da fac2fca2 0e93f739 07f1ffb1 f92ef326
(17996) CVSRAM: read push: id 0, da ff8500db 293c0079 0053fd02 0852faa5
(17998) CVSRAM: read push: id 0, da 05cc085d e77e0504 f6b6f702 ffa21782
(18000) CVSRAM: read push: id 0, da ef5cfb18 f37afc88 f6b1f4d3 fb77eedd
(18002) CVSRAM: read push: id 0, da fd13f3b4 fe4d02f5 fc1705f9 fa89fe32
(18004) CVSRAM: read push: id 0, da f1a1fd99 062d06ed e1bffd02 06780e9c
(18006) CVSRAM: read push: id 0, da 0400f01b 033a05d2 ff5d0a09 fdd2f9bb
(18008) CVSRAM: read push: id 0, da db2703d8 041900d9 1bbe0898 002e0553
(18010) CVSRAM: read push: id 0, da f14101a0 0962fe23 f126ffad f80af643
(18012) CVSRAM: read push: id 0, da f57afbda 00ba000b 0336fb92 03830186
(18014) CVSRAM: read push: id 0, da fd39025f fbb0021c 00fdfbc3 fc180204
(18016) CVSRAM: read push: id 0, da 0502009a f6ac01ce 064f009b ff7008b7
(18018) CVSRAM: read push: id 0, da fea9feeb f2beffa5 0180f8a2 f45e07bd
(18020) CVSRAM: read push: id 0, da f673feb0 f807f7e0 022b005c f9d0fdaf
(18022) CVSRAM: read push: id 0, da f85cf9f7 011402c8 019ef5c1 fc17f8da
(18024) CVSRAM: read push: id 0, da 098d00e2 fe040132 fda6f47e faebfd28
(18026) CVSRAM: read push: id 0, da fb581102 ea220553 f7b2f7db f9d107fc
(18028) CVSRAM: read push: id 0, da f436049d 0257f875 fc5807af f61bf500
(18030) CVSRAM: read push: id 0, da 0a88ef71 f720f8ab f632fb1a ff77f370
(18032) CVSRAM: read push: id 0, da 00a808fb 04a200d8 071f03a3 fa05f83c
(18034) CVSRAM: read push: id 0, da faf8fba5 0076f8e2 03dd0776 0dc6024d
(18036) CVSRAM: read push: id 0, da 0800fa7c 0001fbac ffb60317 089cfabe
(18038) CVSRAM: read push: id 0, da 06f3ff5a 1118f63a 06fb007a 10b5e69a
(18040) CVSRAM: read push: id 0, da 0499fc65 111fff38 077f0838 055afd8e
(18042) CVSRAM: read push: id 0, da fc3701c0 0baf018d 00ddf9b8 fe8cfcfd
(18044) CVSRAM: read push: id 0, da f9ee0380 f125eb0b f3400c83 01e001da
(18046) CVSRAM: read push: id 0, da f8d5ff1b 01f70a8b 0d970824 ec9f0b1a
(18048) CVSRAM: read push: id 0, da 03eaf684 fdc5face f1d4ff0c f393f6c7
(18050) CVSRAM: read push: id 0, da 01effb08 f8aefccf f38ff93b fd45f0aa
(18052) CVSRAM: read push: id 0, da 06b502fc 0073fea4 f0bf013e 078c0f46
(18054) CVSRAM: read push: id 0, da fd06051e fd560ce9 fcaafdb1 fc48fee2
(18056) CVSRAM: read push: id 0, da 05030aa1 fa64f021 febff5d8 f560fa91
(18058) CVSRAM: read push: id 0, da fb6b00dc f79e0c2c 06b0f9ad f4092ac5
(18060) CVSRAM: read push: id 0, da fb89fd09 0a12fb56 fc6f01ce fd4ef393
(18062) CVSRAM: read push: id 0, da 07b10196 eeee0494 ff05fd1e fee90003
(18064) CVSRAM: read push: id 0, da f7d4015d f77e0423 f843fd3b 010af095
(18066) CVSRAM: read push: id 0, da fa1dee24 15990661 fc2bfc1d 0348f859
(18068) CVSRAM: read push: id 0, da fd920361 06fef97e fc59fd72 0ab2fea5
(18070) CVSRAM: read push: id 0, da 113ff31c fde50041 0bf10120 09050c70
(18072) CVSRAM: read push: id 0, da fd2afcbd 059e0654 cf1df0d9 068e05c5
(18074) CVSRAM: read push: id 0, da 1000080c 0790f31a 06a51031 0860fc5b
(18076) CVSRAM: read push: id 0, da 080bfaaf f9c00618 06eb03aa 0473efd2
(18078) CVSRAM: read push: id 0, da 009a1f0b fbba0453 08690929 0a38033d
(18080) CVSRAM: read push: id 0, da 2e2af2e2 0425fb74 fbc0f05e 1044ef96
(18082) CVSRAM: read push: id 0, da feb7f909 fc7ffb1b f498f87e 0d810ae4
(18084) CVSRAM: read push: id 0, da ec881156 f150fce2 faaafa19 03df00e3
(18086) CVSRAM: read push: id 0, da f709e30a fde0076f f470fcd5 fca3f86a
(18088) CVSRAM: read push: id 0, da ffe8e945 f657f368 00090151 1ed3fbe3
(18090) CVSRAM: read push: id 0, da 03600230 0102f8bd fc37fa53 ffa7f580
(18092) CVSRAM: read push: id 0, da fd50f6e5 0adaf666 f344f7be fd3bf8d0
(18094) CVSRAM: read push: id 0, da 01bb049b ec3bff34 ff2a0411 0a57fb08
(18096) CVSRAM: read push: id 0, da fee9042f 070bf5b4 0abcfdec 067809fa
(18098) CVSRAM: read push: id 0, da 097a1cab f08100cc ef0bf8d7 0596159a
(18100) CVSRAM: read push: id 0, da f8850492 e30e030e 05c802cf f85402a2
(18102) CVSRAM: read push: id 0, da fc7a06e8 02f7f66b 06d9166f 0657f0f0
(18104) CVSRAM: read push: id 0, da 06f0fabc 19affa39 0086fdc4 08450795
(18106) CVSRAM: read push: id 0, da 062af9a1 f986feb2 fa49f957 f565022f
(18108) CVSRAM: read push: id 0, da 06c7fd73 fc890b06 fd92fa85 f8190285
(18110) CVSRAM: read push: id 0, da fc190306 f4bc01b1 05c7f816 0209fd63
(18112) CVSRAM: read push: id 0, da 0344f44f ed6200cb 0228f982 fe6fff6d
(18114) CVSRAM: read push: id 0, da 086c04ab fc370b8a ef46e98c f45ffc9d
(18116) CVSRAM: read push: id 0, da 173f0121 0c2e0173 08f6fcbe fa18fc8a
(18118) CVSRAM: read push: id 0, da fbee0300 229003dc 01effc26 0dfefb4c
(18120) CVSRAM: read push: id 0, da 087b02c7 e34700cb 0a6afa73 024203b0
(18122) CVSRAM: read push: id 0, da fd75fbe7 fd00f985 fb8cf2ad f5a70149
(18124) CVSRAM: read push: id 0, da 0435050a 0f8fff65 fd96f9ca f6ad0151
(18126) CVSRAM: read push: id 0, da fe7101ba fd18ffc9 00000562 edf30085
(18128) CVSRAM: read push: id 0, da 032ffaea 0cb80b1a 062e0c68 011706e8
(18130) CVSRAM: read push: id 0, da f33dffa2 04dd032b f9e9f0bc 063cee71
(18132) CVSRAM: read push: id 0, da f176faf5 0112fa91 ff9202e3 0d0b0146
(18134) CVSRAM: read push: id 0, da 0a2b0255 0852f8f4 0d7e08ac 0d9e02bc
(18136) CVSRAM: read push: id 0, da f7d0ff6b 0791fc60 e4be0501 fc85facc
(18138) CVSRAM: read push: id 0, da 07710d0b 12a4e63c fc7006d9 010bf465
(18140) CVSRAM: read push: id 0, da f02af6c8 13f90968 046af565 086bf8fb
(18142) CVSRAM: read push: id 0, da f873fee8 fb57fb51 084e0a95 00befc56
(18144) CVSRAM: read push: id 0, da ef06ed2a 0104fff3 f304f55e 144cf0c6
(18146) CVSRAM: read push: id 0, da effa0460 082c0ed2 21b1ec12 ec7b015d
(18148) CVSRAM: read push: id 0, da fce4f907 f67cfd48 02c21570 06d8f11b
(18150) CVSRAM: read push: id 0, da f859dc23 03230f1a f432eb63 ff5a00c8
(18152) CVSRAM: read push: id 0, da ee4ff19f fb92f8ea fd7d064b 0c28fc68
(18154) CVSRAM: read push: id 0, da 0a810227 f1b5039f f4effecc 05230a75
(18156) CVSRAM: read push: id 0, da e837fde0 0097ff60 fc880143 fbf7f6a1
(18158) CVSRAM: read push: id 0, da f6f7f551 0d7de0fd 10080915 202a05fa
(18160) CVSRAM: read push: id 0, da fd760e04 f2c2fdf7 0841fc5f 0df50557
(18162) CVSRAM: read push: id 0, da 04461901 fa870a67 f0ecf37d 0d0d0df1
(18164) CVSRAM: read push: id 0, da f25301ee f4ebff52 09150071 f5e8036e
(18166) CVSRAM: read push: id 0, da fcfcfde4 1715fa66 0e481ba8 f2cdfa59
(18168) CVSRAM: read push: id 0, da 025b0240 0b8407f5 f82503bd ff2502bf
(18170) CVSRAM: read push: id 0, da fab20416 fa09ff0e fa7dfcbf 029e01d8
(18172) CVSRAM: read push: id 0, da fdc7f80f 006cfeb8 fdfb0238 f306fd44
(18174) CVSRAM: read push: id 0, da f59c00bc f414fda3 0c5107c9 04a2f713
(18176) CVSRAM: read push: id 0, da 034afc18 e22901c3 fe02fd68 03a5f2cc
(18178) CVSRAM: read push: id 0, da 0b5513c1 0a9dfa61 f399f413 ee56fd75
(18180) CVSRAM: read push: id 0, da 0d1404ce f0820a13 0122f7b3 f893fa3f
(18182) CVSRAM: read push: id 0, da 08800b31 ff13f129 fbe4fabf 1d67efd8
(18184) CVSRAM: read push: id 0, da fa1efd7c fd5ff7d9 0894f65c 069510d7
(18186) CVSRAM: read push: id 0, da f8c00577 ee100beb f5d1fd19 f6380eaf
(18188) CVSRAM: read push: id 0, da f5ac0411 ea42fe00 f4020361 f573fc02
(18190) CVSRAM: read push: id 0, da 0b4a06a5 06f4023d ed7906c0 1d700185
(18192) CVSRAM: read push: id 0, da f6e5fa5f ed00f249 fedb01f3 fa5a0907
(18194) CVSRAM: read push: id 0, da fd660a13 f8ee027d f70af74f f861f567
(18196) CVSRAM: read push: id 0, da 0458fbe9 fb2cfb32 fc0bfd94 fc6fff0e
(18198) CVSRAM: read push: id 0, da fe200add 0341f6dc 0e39043d ff7a012a
(18200) CVSRAM: read push: id 0, da 0ad8010b fd2efbbe fbc90aa0 fb75fa05
(18202) CVSRAM: read push: id 0, da 035604af 0561ec39 0460006d ff1800d4
(18204) CVSRAM: read push: id 0, da f416fa7d 004a01af 08def2b2 103c0f85
(18206) CVSRAM: read push: id 0, da 0800ebef 051604d7 ff5afe3e 0462fbfe
(18208) CVSRAM: read push: id 0, da d5fbfcc5 f70f01d7 fda903a6 f7081a08
(18210) CVSRAM: read push: id 0, da fc1c02ae 0a6dfd70 0862022d e8c3f86e
(18212) CVSRAM: read push: id 0, da 15b7fcf7 17841007 0c53fb11 f5c50584
(18214) CVSRAM: read push: id 0, da fa39dd94 f38c0bdd f850f0e5 fc7e0353
(18216) CVSRAM: read push: id 0, da ee15fb06 f6f001c4 02a6087d 00430a77
(18218) CVSRAM: read push: id 0, da f53c023b 0acb1484 050904e7 fec9fda4
(18220) CVSRAM: read push: id 0, da 13a50774 f0fefcd2 124f030d f05c19c3
(18222) CVSRAM: read push: id 0, da ecba02bb 08c81c41 fbfdf85f e2621766
(18224) CVSRAM: read push: id 0, da ffc6fcb4 db34069d f460fea2 f3ae0204
(18226) CVSRAM: read push: id 0, da 09a51cec f75e170a faf8ef2f ff181f8d
(18228) CVSRAM: read push: id 0, da f5ce068e ee5206e1 0d380462 f1ea0015
(18230) CVSRAM: read push: id 0, da f4cdff8b 0af80726 08030578 fbcb0617
(18232) CVSRAM: read push: id 0, da 08bb0284 f5ad027a f56b0445 ed590711
(18234) CVSRAM: read push: id 0, da ed4ff353 f5fc08e8 05fdfef9 0864058b
(18236) CVSRAM: read push: id 0, da fe4d0646 05b2ff22 fa74050d eef1fbc4
(18238) CVSRAM: read push: id 0, da fec006ac fe89027d 0e6900f9 ffae05e2
(18240) CVSRAM: read push: id 0, da 0671fe60 f2fdf8e6 09ca041e ffe0fffc
(18242) CVSRAM: read push: id 0, da 01e7051d 08e00cc4 f5fdeb22 f4d3ff2e
(18244) CVSRAM: read push: id 0, da 015af578 eaa9f4b3 01d2fa46 fe6f0e7e
(18246) CVSRAM: read push: id 0, da f65df9c9 f4ec00b0 f5a0085e d51f155e
(18248) CVSRAM: read push: id 0, da f1860653 0eaa01ee f7e2fc3e fe3eeb5b
(18250) CVSRAM: read push: id 0, da 08fbfbd6 0a74ef76 f398062f 0ed4f42e
(18252) CVSRAM: read push: id 0, da 0565f9c1 f384fed0 02320061 fbfd0c55
(18254) CVSRAM: read push: id 0, da e510f963 fe2307ea f4f4f6d7 04e21517
(18256) CVSRAM: read push: id 0, da 03760c05 f32af673 f96704ea fb83f1f9
(18258) CVSRAM: read push: id 0, da fb6a00bc f6060e2a 0711f8b2 f8600691
(18260) CVSRAM: read push: id 0, da 0383f75d f246f1bb f9aa0711 f269f854
(18262) CVSRAM: read push: id 0, da 1397f1cd fe30f6fa 099606b3 09b2fbf8
(18264) CVSRAM: read push: id 0, da fec602d4 07e5f775 d5f4ff14 078bfb6a
(18266) CVSRAM: read push: id 0, da ff9ee46c 0f17fef4 fe51f32a f60c194f
(18268) CVSRAM: read push: id 0, da fad3021b e367f251 f9cff828 fff6fc32
(18270) CVSRAM: read push: id 0, da f6eaf6f1 0032006c 01350e5c 03f4ff50
(18272) CVSRAM: read push: id 0, da fd3bef73 fe570326 eee6f810 0ff0f2d5
(18274) CVSRAM: read push: id 0, da f3a8ff18 ff3f1027 0373f360 078f0964
(18276) CVSRAM: read push: id 0, da f87cfde4 f7f6f381 fa740eb0 063903f9
(18278) CVSRAM: read push: id 0, da f842dc86 f7de0b39 feb0e9e7 fa45fecc
(18280) CVSRAM: read push: id 0, da e99dfe5e f6f5f373 0218032c 03bffd95
(18282) CVSRAM: read push: id 0, da 04dbfefe 0330f1eb 01aef7a2 00a0f6f8
(18284) CVSRAM: read push: id 0, da f968f8f2 0ac2fddd f9b3fb57 fc4ffedd
(18286) CVSRAM: read push: id 0, da 03fd10d3 f4d118df ebcdf73b e60a0baa
(18288) CVSRAM: read push: id 0, da 050603f7 f873f472 f9ccfa69 ff6af587
(18290) CVSRAM: read push: id 0, da f57903fb f9bbf1fb fb690a34 02ddee9c
(18292) CVSRAM: read push: id 0, da f9b201f0 0589fd39 f0bb01b2 055efa4d
(18294) CVSRAM: read push: id 0, da fef20619 f2b10668 fd61fe5d 0e080635
(18296) CVSRAM: read push: id 0, da 009ef075 02d4df7b ff3307dc f9e1fe9f
(18298) CVSRAM: read push: id 0, da 17c4fc66 ec51e965 0a5bf237 ef53eedf
(18300) CVSRAM: read push: id 0, da 090bfd41 fcc20ccb 05c6f3d0 0cda0c96
(18302) CVSRAM: read push: id 0, da 01effe87 ff5403f2 028ffc52 0a06ff47
(18304) CVSRAM: read push: id 0, da 03d8f9ea ea35fc5b fd8cfdd2 fcd2ffce
(18306) CVSRAM: read push: id 0, da 111a0233 ff6cf999 f0fcf6bf fb9505c8
(18308) CVSRAM: read push: id 0, da 10ad05fb 01700354 1e10eddd f60d0957
(18310) CVSRAM: read push: id 0, da 016ef33b 024702af 011ffb61 f7330822
(18312) CVSRAM: read push: id 0, da fa580ea1 eee9fffc fcfffdcb ff70f1d4
(18314) CVSRAM: read push: id 0, da f135f596 1d76fae0 0327f78f 01def898
(18316) CVSRAM: read push: id 0, da 0303f930 f3b9f5f3 0dad012a fcb20657
(18318) CVSRAM: read push: id 0, da f50bf722 153a06c8 f8c9f3f9 f0d7097e
(18320) CVSRAM: read push: id 0, da 03240452 fa81f803 0f00f97c fa42f8d2
(18322) CVSRAM: read push: id 0, da feaa0e96 f1ba0284 032f0386 f148fafb
(18324) CVSRAM: read push: id 0, da 050302d8 f8040291 fe0cfe97 f6edf519
(18326) CVSRAM: read push: id 0, da fa3605f0 0d2af160 f977011f 01d4f817
(18328) CVSRAM: read push: id 0, da 2164fb4f f7aafcfb 2045fa7e ecf2f078
(18330) CVSRAM: read push: id 0, da fa3fd7c2 086827e2 f19de6c0 df6c0d27
(18332) CVSRAM: read push: id 0, da dd27f152 0ffcf815 ed2ceef1 fb20ec15
(18334) CVSRAM: read push: id 0, da fa83e11b 00c5fead ef50f301 06bdf5b3
(18336) CVSRAM: read push: id 0, da d979f3e2 f179fa2e f16800fd f4f005d4
(18338) CVSRAM: read push: id 0, da f8b2f3f5 0b18fd0a 149ffab1 f407f7a7
(18340) CVSRAM: read push: id 0, da 14c2f215 0fb1f28e fe4e06d5 f30af79d
(18342) CVSRAM: read push: id 0, da 008ce665 fb5b05f6 ff3cf3c7 fdbb0093
(18344) CVSRAM: read push: id 0, da e83f0df5 fe25f7ea f63707bd f3b5edad
(18346) CVSRAM: read push: id 0, da 0f05f88d e342f25f f00bfa2e 031b1ab5
(18348) CVSRAM: read push: id 0, da e63e012b fa9cfd7e ff890308 faf5e34a
(18350) CVSRAM: read push: id 0, da 1750f03e e259eb37 10d007e7 23b8e403
(18352) CVSRAM: read push: id 0, da 047ffd7e 2ce5eb21 1289fb1f 1bbd13b0
(18354) CVSRAM: read push: id 0, da f825077c fa68f8c4 fade0556 0353ea03
(18356) CVSRAM: read push: id 0, da f4d7ff5e 06e20647 f7070261 01b4f79f
(18358) CVSRAM: read push: id 0, da ff510446 ecd4e8b8 feb901d2 24a3ffc3
(18360) CVSRAM: read push: id 0, da f616fe21 0efceedd 124cfb28 02a500a0
(18362) CVSRAM: read push: id 0, da 10a000c1 0feaf548 02d5f9d5 edc2ee20
(18364) CVSRAM: read push: id 0, da ff7ffe61 ed2800ce f95ffe05 000b0965
(18366) CVSRAM: read push: id 0, da f66efb4c f5affb2e 05c209af 0af5f62a
(18368) CVSRAM: read push: id 0, da 0422fba8 e30bfdaa f8db0045 fd9df130
(18370) CVSRAM: read push: id 0, da ec3604c3 f4fb14d3 f8adf399 e9ae0793
(18372) CVSRAM: read push: id 0, da 0077fcce fbd10305 011ff6c6 fe78fede
(18374) CVSRAM: read push: id 0, da f0cb08e0 0725ff1a f8fdf62d 131cec31
(18376) CVSRAM: read push: id 0, da 0230f934 e536ffaa 00d6f5a8 ff1a0eed
(18378) CVSRAM: read push: id 0, da f9e90111 f0da1484 ecd4f497 e3a30d11
(18380) CVSRAM: read push: id 0, da fa30fc60 ff03fb47 f78b0593 f9fef00b
(18382) CVSRAM: read push: id 0, da fb0cfaca f6f2ef2f 0f440448 dd0ceb8e
(18386) CVSRAM: read request from dla, addr 50061fc0 burst 128 id 0
(18450) CVSRAM: read push: id 0, da f40cf18c 2e891ba3 0907fcf2 0e620291
(18452) CVSRAM: read push: id 0, da 0e440cab f428f70e fade0d10 edff0a8a
(18454) CVSRAM: read push: id 0, da 04460ca7 f7df0c96 0359f4f6 fe9ef940
(18456) CVSRAM: read push: id 0, da ed000fcc f6110951 fa56fbfc f74005e7
(18458) CVSRAM: read push: id 0, da 068bf682 edd4fb4c 0dc2fe28 f7b4ff41
(18460) CVSRAM: read push: id 0, da 06d8e885 eb28ff81 0a7af473 ea650445
(18462) CVSRAM: read push: id 0, da 0395f6c0 ff7af4e4 fd18fd18 0938ff6f
(18464) CVSRAM: read push: id 0, da 0730f4e3 fa8503c1 fba20339 047cffe3
(18466) CVSRAM: read push: id 0, da f3870f79 f900086f 039b0a67 dbaefb6a
(18468) CVSRAM: read push: id 0, da 0086f60c ffc4f5d0 f97a15a2 f9d3f753
(18470) CVSRAM: read push: id 0, da 0828071c 1bb60b1d 00bbf2aa f8b3fcff
(18472) CVSRAM: read push: id 0, da 0095f5e5 fc76050a 05d5024b f8ceff63
(18474) CVSRAM: read push: id 0, da fec41142 f959fa3a 06cb05f1 f05af22e
(18476) CVSRAM: read push: id 0, da f2e9fab0 1b840ba0 117c0607 f779eaf9
(18478) CVSRAM: read push: id 0, da 1dc10a9e fe9e0584 0a6d0325 f1301400
(18480) CVSRAM: read push: id 0, da f0f4eb66 097efb82 00e200c5 072df0b9
(18482) CVSRAM: read push: id 0, da fd760b4e df69064a f8df0a55 053b061a
(18484) CVSRAM: read push: id 0, da 060d0cc7 f97cf80e fdd3fe29 04f6eea0
(18486) CVSRAM: read push: id 0, da 029a042c f7350b56 055f02d6 0634fdcd
(18488) CVSRAM: read push: id 0, da 033f05ca 05fce94a 0e9408fd 036fef0f
(18490) CVSRAM: read push: id 0, da 02cc056a 172bfea3 05cb06b0 09aa003c
(18492) CVSRAM: read push: id 0, da efb0fcf5 ff3807f4 0668fad6 07bafbd6
(18494) CVSRAM: read push: id 0, da fec700db fe890032 fd0a010c e6ef07c9
(18496) CVSRAM: read push: id 0, da fb76076d 0620ffde 0e9a0923 0c2ff24a
(18498) CVSRAM: read push: id 0, da 0308fe1f ec38fd76 fce60a89 0040f42d
(18500) CVSRAM: read push: id 0, da fe5efcbf 05520147 f479f480 f7740068
(18502) CVSRAM: read push: id 0, da 06b40057 fc3f0609 0277fd59 fde80e0c
(18504) CVSRAM: read push: id 0, da 0f29ee37 ef21feaa ff9005ea fad90c40
(18506) CVSRAM: read push: id 0, da fd17fbc1 1416fc43 0364fa2e 02630244
(18508) CVSRAM: read push: id 0, da 03a5ea59 1396ecec f80f0aee fe76f2e7
(18510) CVSRAM: read push: id 0, da 0bcafe2c 27030532 fba3f606 fa590444
(18512) CVSRAM: read push: id 0, da 068cff75 096af733 fb810a21 103ffc34
(18514) CVSRAM: read push: id 0, da fedaeff4 f8fef4bc fb1efb8f ffaa09f1
(18516) CVSRAM: read push: id 0, da 13100c92 eb4ffc9c fb9608b5 f1bb13bb
(18518) CVSRAM: read push: id 0, da 0b2a081f fffeff2a fdf2f912 ef92faf5
(18520) CVSRAM: read push: id 0, da 041fff6b fe53f3d7 02de0506 f9d7fd6c
(18522) CVSRAM: read push: id 0, da 0f1902f2 fcd5edd5 f7360139 08760552
(18524) CVSRAM: read push: id 0, da 058cfc55 fee7f1ab fd6b02cc 16a204fd
(18526) CVSRAM: read push: id 0, da f4910432 0346fb35 0934fcc5 010b0d19
(18528) CVSRAM: read push: id 0, da ff31e919 072102d1 f90bfd9e 0063f7dd
(18530) CVSRAM: read push: id 0, da e52ffb6f ff18fba3 f83c05cf 01780dad
(18532) CVSRAM: read push: id 0, da 01b10011 fd1910e4 0b79ebbc 05bafeea
(18534) CVSRAM: read push: id 0, da 0711fa0a e7edfae2 ff1a0735 0581f9be
(18536) CVSRAM: read push: id 0, da f807f805 fe430b15 ff3df555 0087fbd5
(18538) CVSRAM: read push: id 0, da f80c08ec 03e0fa30 009d05b9 03f80d9f
(18540) CVSRAM: read push: id 0, da 06690546 05bbf536 fb3ff5da 01def627
(18542) CVSRAM: read push: id 0, da f86bf3e5 067ff5d7 fed6fb1f fd02fa2d
(18544) CVSRAM: read push: id 0, da 05d810dd 09510b21 fba0f671 eea10bd4
(18546) CVSRAM: read push: id 0, da 03ec063c e0fefc08 e896fffe f3daed5b
(18548) CVSRAM: read push: id 0, da f992efc9 044dfd79 01c504b8 00bdffef
(18550) CVSRAM: read push: id 0, da fa8cfa92 0171f796 fbdbf70d 02adfe2c
(18552) CVSRAM: read push: id 0, da fd18f867 fe441892 f7a1f8a0 f67301a6
(18554) CVSRAM: read push: id 0, da f9230765 ee03fcbf ed25049c fc15fdee
(18556) CVSRAM: read push: id 0, da 0170ffb0 064a0a00 f9740403 efe4fed5
(18558) CVSRAM: read push: id 0, da 0a30f76e f985ef5e 1026ec97 025e06c1
(18560) CVSRAM: read push: id 0, da 075efede f595076f 05eaf987 007c0d6d
(18562) CVSRAM: read push: id 0, da 069dfeac eae3fe13 faa4ff23 fed5f86f
(18564) CVSRAM: read push: id 0, da 0614035f 00ad08f1 f1a2edf8 fd7902a1
(18566) CVSRAM: read push: id 0, da ffb7fda4 f5f6f81d 1568f31b 016b11b6
(18568) CVSRAM: read push: id 0, da 0150fca0 d80f04f7 fd370336 f01b1ad0
(18570) CVSRAM: read push: id 0, da f812046b 1a8f04b0 f82d01ac f91cf402
(18572) CVSRAM: read push: id 0, da f8fe0238 014609d1 f6fb04bf 0a510180
(18574) CVSRAM: read push: id 0, da f233fd3e e7c20620 0bdf06d3 fc20ff7b
(18576) CVSRAM: read push: id 0, da 1303f515 eebcfba7 fd670c87 1ead0085
(18578) CVSRAM: read push: id 0, da 01bf0322 f749e734 f3620669 ff5ff812
(18580) CVSRAM: read push: id 0, da 03b302ce f74000ce fee100a3 003301e9
(18582) CVSRAM: read push: id 0, da fcf50d60 01050d71 004ff9a0 009df51b
(18584) CVSRAM: read push: id 0, da efe8f924 0e51ffdd f959032d ec74f3a4
(18586) CVSRAM: read push: id 0, da 090a044a e97e029a 38170016 f70bfde0
(18588) CVSRAM: read push: id 0, da fdad0891 0a8c0845 fe63f32f 0e9af22e
(18590) CVSRAM: read push: id 0, da f3a90050 0c1dfa52 f821f59b fb59f53c
(18592) CVSRAM: read push: id 0, da fbb3ffab 039a078c eec1fc89 fc0dfd09
(18594) CVSRAM: read push: id 0, da e4ec09fe f8c5ff10 04fa0a62 e58a1563
(18596) CVSRAM: read push: id 0, da 0374fe22 f85df310 f19a114a f9cff7a4
(18598) CVSRAM: read push: id 0, da 0c54ff8b 1c6dfd54 fdeaeb81 f1a10057
(18600) CVSRAM: read push: id 0, da 02200d28 fe93021a 0523050d 0642f944
(18602) CVSRAM: read push: id 0, da 074410f2 0168f04e 005b0a2c f458f542
(18604) CVSRAM: read push: id 0, da 06360584 f6b3fd36 f0410346 fe39fb6c
(18606) CVSRAM: read push: id 0, da f3a602c6 f782fe41 ffe404cd fc03eeb6
(18608) CVSRAM: read push: id 0, da fa6303a7 f38f090a fec3f598 0407facd
(18610) CVSRAM: read push: id 0, da 0a1cf9fb 112ff3ba 0a05f14f fe670853
(18612) CVSRAM: read push: id 0, da f671f51c 001eff75 fb550118 f907f88a
(18614) CVSRAM: read push: id 0, da fb5cf92f 0c6efee9 f950f77e fac302d6
(18616) CVSRAM: read push: id 0, da f97bf9a8 fcb61a10 fb4ef3c5 f683047a
(18618) CVSRAM: read push: id 0, da fa360165 e925ee04 f5ebfe53 fbd60019
(18620) CVSRAM: read push: id 0, da 150ffe7b f8c5e9fa 0037f7ad eb9df31f
(18622) CVSRAM: read push: id 0, da ff10f627 f723fc19 0621faff 15b805e0
(18624) CVSRAM: read push: id 0, da fd8b05eb ff860b4a fcb8034f 0a7e0030
(18626) CVSRAM: read push: id 0, da 0d930229 e153feef 007ffd8f 032f004f
(18628) CVSRAM: read push: id 0, da 03a309f1 ea2900e3 f33bf079 f3e50164
(18630) CVSRAM: read push: id 0, da fb3efe50 f458f48b 0409f6de f4d4fc82
(18632) CVSRAM: read push: id 0, da fa300bfe 1b33f6a7 f471f6f6 0c3ff1b1
(18634) CVSRAM: read push: id 0, da f9030124 df260280 f96bffdc 0445ffba
(18636) CVSRAM: read push: id 0, da 08250ca9 dab01263 028e0cd5 f1e42d53
(18638) CVSRAM: read push: id 0, da ea1afed1 edf8fbd1 fd400076 f636ec14
(18640) CVSRAM: read push: id 0, da f8dbf605 122a0b1f e941f8b2 f45811de
(18642) CVSRAM: read push: id 0, da f9cb04b6 ef70f817 01250079 f425f0b7
(18644) CVSRAM: read push: id 0, da 031dff55 126d049f 0c26fd54 04bdf047
(18646) CVSRAM: read push: id 0, da 079601e7 07880301 029ffc5a 0ad2f6e8
(18648) CVSRAM: read push: id 0, da ed23fb1f f90c124e f5bdfb16 efb904fb
(18650) CVSRAM: read push: id 0, da f774feb7 f9380223 05afff05 03a6fe99
(18652) CVSRAM: read push: id 0, da fc6702bc f6cafe6c fafcfe15 fa96fb47
(18654) CVSRAM: read push: id 0, da 0a4a008a f10e03cb 041ffc15 fd35f483
(18656) CVSRAM: read push: id 0, da 09391540 fadbf8b7 fb0f05d2 fd2306e9
(18658) CVSRAM: read push: id 0, da 251818c2 0990fffe 08be0535 e0d4e772
(18660) CVSRAM: read push: id 0, da f189fc88 ec3cfc29 ee790a19 fe960e4b
(18662) CVSRAM: read push: id 0, da f3160c57 fcccfb59 f86ff159 0058054d
(18664) CVSRAM: read push: id 0, da 01860cfa 0021059c 0019067d 069efd76
(18666) CVSRAM: read push: id 0, da 11940df7 ff4ef976 066502d5 f7d6ff2f
(18668) CVSRAM: read push: id 0, da f76d0104 1ce10775 0a52082a f802f6b9
(18670) CVSRAM: read push: id 0, da 1af60b4e fe41fe8f 10e7fa60 f7f10b2f
(18672) CVSRAM: read push: id 0, da 003cf689 0155f2af fdb4fe4c 04e7efde
(18674) CVSRAM: read push: id 0, da 09a9fdec f589fbe7 0502fd5f 03a8090d
(18676) CVSRAM: read push: id 0, da f716f3ca 0778fbcb 0283068d f587f6c0
(18678) CVSRAM: read push: id 0, da 031dfddf 0419fbe1 fe17f6fc faa9019b
(18680) CVSRAM: read push: id 0, da 01750111 ec3c0698 f7f1f6ca fa250703
(18682) CVSRAM: read push: id 0, da fda80638 ffdaf135 fdf7f7a2 fd33081c
(18684) CVSRAM: read push: id 0, da fd7c0094 073efd1f fe48fde7 fb20f54f
(18686) CVSRAM: read push: id 0, da 012df719 f9f3fb2a 01bc064c fdb00a7e
(18688) CVSRAM: read push: id 0, da fe1e04bb 05ec06b3 00e6066e 0843f99e
(18690) CVSRAM: read push: id 0, da ffb8ff0d ed8e010c 011602cf 050bf506
(18692) CVSRAM: read push: id 0, da 02e800b8 054eff4d f44cf950 f7fd073c
(18694) CVSRAM: read push: id 0, da 0a0c0114 fdde01f4 fe59f94d f697032e
(18696) CVSRAM: read push: id 0, da ff970226 fd11ffad 076df30a 189ff1fb
(18698) CVSRAM: read push: id 0, da 09d8f876 f70ff4e2 05d6fd20 ff210dd5
(18700) CVSRAM: read push: id 0, da 09a1ff57 0088eef7 09b01173 005efc22
(18702) CVSRAM: read push: id 0, da 044d0329 1de50263 fe7dfdcc fa0beef3
(18704) CVSRAM: read push: id 0, da fec1fdcd 0a07fa74 022901ec e817f019
(18706) CVSRAM: read push: id 0, da fcb1f9bc 0ca90c86 04fc0279 067dfdda
(18708) interrupt!
(18710) write to nvdla: addr ffff0003, data ffffffff
(18712) read from nvdla: addr ffff0003
(18714) read response from nvdla: 00000000
(18716) waiting for interrupt...
(18716) interrupt!
(18718) write to nvdla: addr ffff0003, data ffffffff
(18720) read from nvdla: addr ffff0003
(18722) read response from nvdla: 00000000
(18724) waiting for interrupt...
(18724) CVSRAM: write request from dla, addr 500000c0 id 0
(18726) CVSRAM: write data from dla (00000000 00000000...)
(18726) CVSRAM: write, ticks remaining
(18728) CVSRAM: write data from dla (80008000 897e8000...)
(18728) CVSRAM: write, ticks remaining
(18730) CVSRAM: write data from dla (80008000 80008000...)
(18730) CVSRAM: write, ticks remaining
(18732) CVSRAM: write data from dla (80008000 85728000...)
(18732) CVSRAM: write, ticks remaining
(18734) CVSRAM: write data from dla (80058000 80548000...)
(18734) CVSRAM: write, ticks remaining
(18736) CVSRAM: write data from dla (80008000 80008000...)
(18736) CVSRAM: write, ticks remaining
(18738) CVSRAM: write data from dla (80008000 80008000...)
(18738) CVSRAM: write, ticks remaining
(18740) CVSRAM: write data from dla (80008000 80008000...)
(18740) CVSRAM: write, ticks remaining
(18742) CVSRAM: write data from dla (80008000 80008000...)
(18742) CVSRAM: write, ticks remaining
(18744) CVSRAM: write data from dla (80008000 80008000...)
(18744) CVSRAM: write, ticks remaining
(18746) CVSRAM: write data from dla (00000000 00000000...)
(18746) CVSRAM: write, ticks remaining
(18748) CVSRAM: write data from dla (00000000 00000000...)
(18748) CVSRAM: write, ticks remaining
(18750) CVSRAM: write data from dla (00000000 00000000...)
(18750) CVSRAM: write, ticks remaining
(18752) CVSRAM: write data from dla (80008000 80008000...)
(18752) CVSRAM: write, ticks remaining
(18754) CVSRAM: write data from dla (80008000 80008000...)
(18754) CVSRAM: write, ticks remaining
(18756) CVSRAM: write data from dla (966d8000 80008000...)
(18756) CVSRAM: write, ticks remaining
(18758) CVSRAM: write data from dla (88488000 80008000...)
(18758) CVSRAM: write, ticks remaining
(18760) CVSRAM: write data from dla (80008000 80008000...)
(18760) CVSRAM: write, ticks remaining
(18762) CVSRAM: write data from dla (80008000 80008000...)
(18762) CVSRAM: write, ticks remaining
(18764) CVSRAM: write data from dla (83808000 80008000...)
(18764) CVSRAM: write, ticks remaining
(18766) CVSRAM: write data from dla (87438000 80008000...)
(18766) CVSRAM: write, ticks remaining
(18768) CVSRAM: write data from dla (8b108000 80008000...)
(18768) CVSRAM: write, ticks remaining
(18770) CVSRAM: write data from dla (8ed98000 80008000...)
(18770) CVSRAM: write, ticks remaining
(18772) CVSRAM: write data from dla (00000000 00000000...)
(18772) CVSRAM: write, ticks remaining
(18774) CVSRAM: write data from dla (00000000 00000000...)
(18774) CVSRAM: write, ticks remaining
(18776) CVSRAM: write data from dla (00000000 00000000...)
(18776) CVSRAM: write, ticks remaining
(18778) CVSRAM: write data from dla (a8458000 801b8000...)
(18778) CVSRAM: write, ticks remaining
(18780) CVSRAM: write data from dla (80008000 936b8000...)
(18780) CVSRAM: write, ticks remaining
(18782) CVSRAM: write data from dla (80008000 80008000...)
(18782) CVSRAM: write, ticks remaining
(18784) CVSRAM: write data from dla (80008000 80008000...)
(18784) CVSRAM: write, ticks remaining
(18786) CVSRAM: write data from dla (80008000 81bf8000...)
(18786) CVSRAM: write, ticks remaining
(18788) CVSRAM: write data from dla (80008000 88cb8000...)
(18788) CVSRAM: write, ticks remaining
(18790) CVSRAM: write data from dla (80008000 84898000...)
(18790) CVSRAM: write, ticks remaining
(18792) CVSRAM: write data from dla (80008000 83228000...)
(18792) CVSRAM: write, ticks remaining
(18794) CVSRAM: write data from dla (80008000 80008000...)
(18794) CVSRAM: write, ticks remaining
(18796) CVSRAM: write data from dla (00000000 00000000...)
(18796) CVSRAM: write, ticks remaining
(18798) CVSRAM: write data from dla (00000000 00000000...)
(18798) CVSRAM: write, ticks remaining
(18800) CVSRAM: write data from dla (00000000 00000000...)
(18800) CVSRAM: write, ticks remaining
(18802) CVSRAM: write data from dla (80008000 80238000...)
(18802) CVSRAM: write, ticks remaining
(18804) CVSRAM: write data from dla (80008000 83e38000...)
(18804) CVSRAM: write, ticks remaining
(18806) CVSRAM: write data from dla (80008000 80008000...)
(18806) CVSRAM: write, ticks remaining
(18808) CVSRAM: write data from dla (80008000 8ead8000...)
(18808) CVSRAM: write, ticks remaining
(18810) CVSRAM: write data from dla (80008000 84e88000...)
(18810) CVSRAM: write, ticks remaining
(18812) CVSRAM: write data from dla (80008000 80b88000...)
(18812) CVSRAM: write, ticks remaining
(18814) CVSRAM: write data from dla (80008000 84e38000...)
(18814) CVSRAM: write, ticks remaining
(18816) CVSRAM: write data from dla (80008000 80008000...)
(18816) CVSRAM: write, ticks remaining
(18818) CVSRAM: write data from dla (80008000 80008000...)
(18818) CVSRAM: write, ticks remaining
(18820) CVSRAM: write data from dla (80008000 80008000...)
(18820) CVSRAM: write, ticks remaining
(18822) CVSRAM: write data from dla (00000000 00000000...)
(18822) CVSRAM: write, ticks remaining
(18824) CVSRAM: write data from dla (00000000 00000000...)
(18824) CVSRAM: write, ticks remaining
(18826) CVSRAM: write data from dla (00000000 00000000...)
(18826) CVSRAM: write, ticks remaining
(18828) CVSRAM: write data from dla (8ad28000 80008000...)
(18828) CVSRAM: write, ticks remaining
(18830) CVSRAM: write data from dla (80008000 80008000...)
(18830) CVSRAM: write, ticks remaining
(18832) CVSRAM: write data from dla (82538000 80008000...)
(18832) CVSRAM: write, ticks remaining
(18834) CVSRAM: write data from dla (89cb8000 80008000...)
(18834) CVSRAM: write, ticks remaining
(18836) CVSRAM: write data from dla (95d58000 88db8000...)
(18836) CVSRAM: write, ticks remaining
(18838) CVSRAM: write data from dla (829d8000 82048000...)
(18838) CVSRAM: write, ticks remaining
(18840) CVSRAM: write data from dla (93208000 80008000...)
(18840) CVSRAM: write, ticks remaining
(18842) CVSRAM: write data from dla (94918000 82178000...)
(18842) CVSRAM: write, ticks remaining
(18844) CVSRAM: write data from dla (80008000 866b803c...)
(18844) CVSRAM: write, ticks remaining
(18846) CVSRAM: write data from dla (00000000 00000000...)
(18846) CVSRAM: write, ticks remaining
(18848) CVSRAM: write data from dla (00000000 00000000...)
(18848) CVSRAM: write, ticks remaining
(18850) CVSRAM: write data from dla (00000000 00000000...)
(18850) CVSRAM: write, ticks remaining
(18852) CVSRAM: write data from dla (84618000 9a4b8000...)
(18852) CVSRAM: write, ticks remaining
(18854) CVSRAM: write data from dla (80008000 80008000...)
(18854) CVSRAM: write, ticks remaining
(18856) CVSRAM: write data from dla (80008000 85448000...)
(18856) CVSRAM: write, ticks remaining
(18858) CVSRAM: write data from dla (80008000 80008000...)
(18858) CVSRAM: write, ticks remaining
(18860) CVSRAM: write data from dla (80008000 80d58000...)
(18860) CVSRAM: write, ticks remaining
(18862) CVSRAM: write data from dla (80008000 81cc8000...)
(18862) CVSRAM: write, ticks remaining
(18864) CVSRAM: write data from dla (80008000 80348000...)
(18864) CVSRAM: write, ticks remaining
(18866) CVSRAM: write data from dla (8000829f 87b18000...)
(18866) CVSRAM: write, ticks remaining
(18868) CVSRAM: write data from dla (80008000 86ce8000...)
(18868) CVSRAM: write, ticks remaining
(18870) CVSRAM: write data from dla (800087d4 80008000...)
(18870) CVSRAM: write, ticks remaining
(18872) CVSRAM: write data from dla (00000000 00000000...)
(18872) CVSRAM: write, ticks remaining
(18874) CVSRAM: write data from dla (00000000 00000000...)
(18874) CVSRAM: write, ticks remaining
(18876) CVSRAM: write data from dla (00000000 00000000...)
(18876) CVSRAM: write, ticks remaining
(18878) CVSRAM: write data from dla (80008712 80008000...)
(18878) CVSRAM: write, ticks remaining
(18880) CVSRAM: write data from dla (80008138 80008000...)
(18880) CVSRAM: write, ticks remaining
(18882) CVSRAM: write data from dla (80008000 80008a8b...)
(18882) CVSRAM: write, ticks remaining
(18884) CVSRAM: write data from dla (80008000 832b8000...)
(18884) CVSRAM: write, ticks remaining
(18886) CVSRAM: write data from dla (80008000 842c8000...)
(18886) CVSRAM: write, ticks remaining
(18888) CVSRAM: write data from dla (80008000 81d88000...)
(18888) CVSRAM: write, ticks remaining
(18890) CVSRAM: write data from dla (80008000 80008000...)
(18890) CVSRAM: write, ticks remaining
(18892) CVSRAM: write data from dla (80008000 80008000...)
(18892) CVSRAM: write, ticks remaining
(18894) CVSRAM: write data from dla (80008000 80008000...)
(18894) CVSRAM: write, ticks remaining
(18896) CVSRAM: write data from dla (00000000 00000000...)
(18896) CVSRAM: write, ticks remaining
(18898) CVSRAM: write data from dla (00000000 00000000...)
(18898) CVSRAM: write, ticks remaining
(18900) CVSRAM: write data from dla (00000000 00000000...)
(18900) CVSRAM: write, ticks remaining
(18902) CVSRAM: write data from dla (89628000 80008000...)
(18902) CVSRAM: write, ticks remaining
(18904) CVSRAM: write data from dla (80008000 80008000...)
(18904) CVSRAM: write, ticks remaining
(18906) CVSRAM: write data from dla (a4058000 864b8000...)
(18906) CVSRAM: write, ticks remaining
(18908) CVSRAM: write data from dla (9af98000 89658000...)
(18908) CVSRAM: write, ticks remaining
(18910) CVSRAM: write data from dla (8eef8000 847d8000...)
(18910) CVSRAM: write, ticks remaining
(18912) CVSRAM: write data from dla (94ab8000 80008000...)
(18912) CVSRAM: write, ticks remaining
(18914) CVSRAM: write data from dla (88508000 80008000...)
(18914) CVSRAM: write, ticks remaining
(18916) CVSRAM: write data from dla (88628000 80008000...)
(18916) CVSRAM: write, ticks remaining
(18918) CVSRAM: write data from dla (828f8000 822a8537...)
(18918) CVSRAM: write, ticks remaining
(18920) CVSRAM: write data from dla (82a98000 8f8a8000...)
(18920) CVSRAM: write, ticks remaining
(18922) CVSRAM: write data from dla (00000000 00000000...)
(18922) CVSRAM: write, ticks remaining
(18924) CVSRAM: write data from dla (00000000 00000000...)
(18924) CVSRAM: write, ticks remaining
(18926) CVSRAM: write data from dla (00000000 00000000...)
(18926) CVSRAM: write, ticks remaining
(18928) CVSRAM: write data from dla (80008000 85ed8000...)
(18928) CVSRAM: write, ticks remaining
(18930) CVSRAM: write data from dla (80008000 8fe08000...)
(18930) CVSRAM: write, ticks remaining
(18932) CVSRAM: write data from dla (80008000 80008000...)
(18932) CVSRAM: write, ticks remaining
(18934) CVSRAM: write data from dla (80008000 80008000...)
(18934) CVSRAM: write, ticks remaining
(18936) CVSRAM: write data from dla (80008000 80c48000...)
(18936) CVSRAM: write, ticks remaining
(18938) CVSRAM: write data from dla (80008000 80308000...)
(18938) CVSRAM: write, ticks remaining
(18940) CVSRAM: write data from dla (80008000 813e8000...)
(18940) CVSRAM: write, ticks remaining
(18942) CVSRAM: write data from dla (80008000 83b98000...)
(18942) CVSRAM: write, ticks remaining
(18944) CVSRAM: write data from dla (80008a29 80008900...)
(18944) CVSRAM: write, ticks remaining
(18946) CVSRAM: write data from dla (00000000 00000000...)
(18946) CVSRAM: write, ticks remaining
(18948) CVSRAM: write data from dla (00000000 00000000...)
(18948) CVSRAM: write, ticks remaining
(18950) CVSRAM: write data from dla (00000000 00000000...)
(18950) CVSRAM: write, ticks remaining
(18952) CVSRAM: write data from dla (80008000 80008000...)
(18952) CVSRAM: write, ticks remaining
(18954) CVSRAM: write data from dla (80008000 8000845e...)
(18954) CVSRAM: write, ticks remaining
(18956) CVSRAM: write data from dla (80008000 80008000...)
(18956) CVSRAM: write, ticks remaining
(18958) CVSRAM: write data from dla (80008000 808684b1...)
(18958) CVSRAM: write, ticks remaining
(18960) CVSRAM: write data from dla (80008000 80008000...)
(18960) CVSRAM: write, ticks remaining
(18962) CVSRAM: write data from dla (80008000 80008000...)
(18962) CVSRAM: write, ticks remaining
(18964) CVSRAM: write data from dla (80008000 80008000...)
(18964) CVSRAM: write, ticks remaining
(18966) CVSRAM: write data from dla (80008000 80008000...)
(18966) CVSRAM: write, ticks remaining
(18968) CVSRAM: write data from dla (80008000 80008000...)
(18968) CVSRAM: write, ticks remaining
(18970) CVSRAM: write data from dla (80008000 80008000...)
(18970) CVSRAM: write, ticks remaining
(18972) CVSRAM: write data from dla (00000000 00000000...)
(18972) CVSRAM: write, ticks remaining
(18974) CVSRAM: write data from dla (00000000 00000000...)
(18974) CVSRAM: write, ticks remaining
(18976) CVSRAM: write data from dla (00000000 00000000...)
(18976) CVSRAM: write, ticks remaining
(18978) CVSRAM: write data from dla (8fb78000 80008000...)
(18978) CVSRAM: write, ticks remaining
(18980) CVSRAM: write data from dla (a0db8000 80008000...)
(18980) CVSRAM: write, ticks remaining
(18982) CVSRAM: write data from dla (915f8000 832a8000...)
(18982) CVSRAM: write, ticks remaining
(18984) CVSRAM: write data from dla (86338000 80008000...)
(18984) CVSRAM: write, ticks remaining
(18986) CVSRAM: write data from dla (833b8000 80008000...)
(18986) CVSRAM: write, ticks remaining
(18988) CVSRAM: write data from dla (80008000 80008000...)
(18988) CVSRAM: write, ticks remaining
(18990) CVSRAM: write data from dla (80008000 80008000...)
(18990) CVSRAM: write, ticks remaining
(18992) CVSRAM: write data from dla (82158000 893f8000...)
(18992) CVSRAM: write, ticks remaining
(18994) CVSRAM: write data from dla (80a28000 962c8034...)
(18994) CVSRAM: write, ticks remaining
(18996) CVSRAM: write data from dla (00000000 00000000...)
(18996) CVSRAM: write, ticks remaining
(18998) CVSRAM: write data from dla (00000000 00000000...)
(18998) CVSRAM: write, ticks remaining
(19000) CVSRAM: write data from dla (00000000 00000000...)
(19000) CVSRAM: write, ticks remaining
(19002) CVSRAM: write data from dla (89f78000 9b118000...)
(19002) CVSRAM: write, ticks remaining
(19004) CVSRAM: write data from dla (80008000 97138000...)
(19004) CVSRAM: write, ticks remaining
(19006) CVSRAM: write data from dla (80008000 832f8000...)
(19006) CVSRAM: write, ticks remaining
(19008) CVSRAM: write data from dla (80008000 80008000...)
(19008) CVSRAM: write, ticks remaining
(19010) CVSRAM: write data from dla (80008174 86c78000...)
(19010) CVSRAM: write, ticks remaining
(19012) CVSRAM: write data from dla (80008000 86f08000...)
(19012) CVSRAM: write, ticks remaining
(19014) CVSRAM: write data from dla (80008000 80bf8000...)
(19014) CVSRAM: write, ticks remaining
(19016) CVSRAM: write data from dla (80008000 80008000...)
(19016) CVSRAM: write, ticks remaining
(19018) CVSRAM: write data from dla (80008228 80008393...)
(19018) CVSRAM: write, ticks remaining
(19020) CVSRAM: write data from dla (80008000 80008000...)
(19020) CVSRAM: write, ticks remaining
(19022) CVSRAM: write data from dla (00000000 00000000...)
(19022) CVSRAM: write, ticks remaining
(19024) CVSRAM: write data from dla (00000000 00000000...)
(19024) CVSRAM: write, ticks remaining
(19026) CVSRAM: write data from dla (00000000 00000000...)
(19026) CVSRAM: write, ticks remaining
(19028) CVSRAM: write data from dla (80008000 8000864c...)
(19028) CVSRAM: write, ticks remaining
(19030) CVSRAM: write data from dla (80008000 80008000...)
(19030) CVSRAM: write, ticks remaining
(19032) CVSRAM: write data from dla (80008000 80008000...)
(19032) CVSRAM: write, ticks remaining
(19034) CVSRAM: write data from dla (80008000 80008000...)
(19034) CVSRAM: write, ticks remaining
(19036) CVSRAM: write data from dla (80008000 80008000...)
(19036) CVSRAM: write, ticks remaining
(19038) CVSRAM: write data from dla (80008000 80008000...)
(19038) CVSRAM: write, ticks remaining
(19040) CVSRAM: write data from dla (80008000 80008000...)
(19040) CVSRAM: write, ticks remaining
(19042) CVSRAM: write data from dla (80008000 80008000...)
(19042) CVSRAM: write, ticks remaining
(19044) CVSRAM: write data from dla (80008000 80008000...)
(19044) CVSRAM: write, ticks remaining
(19046) CVSRAM: write data from dla (00000000 00000000...)
(19046) CVSRAM: write, ticks remaining
(19048) CVSRAM: write data from dla (00000000 00000000...)
(19048) CVSRAM: write, ticks remaining
(19050) CVSRAM: write data from dla (00000000 00000000...)
(19050) CVSRAM: write, ticks remaining
(19052) CVSRAM: write data from dla (90648000 80008000...)
(19052) CVSRAM: write, ticks remaining
(19054) CVSRAM: write data from dla (8ebf8000 80008000...)
(19054) CVSRAM: write, ticks remaining
(19056) CVSRAM: write data from dla (960a8000 80008000...)
(19056) CVSRAM: write, ticks remaining
(19058) CVSRAM: write data from dla (80008000 89e88000...)
(19058) CVSRAM: write, ticks remaining
(19060) CVSRAM: write data from dla (80008000 80008000...)
(19060) CVSRAM: write, ticks remaining
(19062) CVSRAM: write data from dla (80008000 80008000...)
(19062) CVSRAM: write, ticks remaining
(19064) CVSRAM: write data from dla (80008000 837d8000...)
(19064) CVSRAM: write, ticks remaining
(19066) CVSRAM: write data from dla (80008000 882c8000...)
(19066) CVSRAM: write, ticks remaining
(19068) CVSRAM: write data from dla (80008000 9d228000...)
(19068) CVSRAM: write, ticks remaining
(19070) CVSRAM: write data from dla (84088000 9ae08000...)
(19070) CVSRAM: write, ticks remaining
(19072) CVSRAM: write data from dla (00000000 00000000...)
(19072) CVSRAM: write, ticks remaining
(19074) CVSRAM: write data from dla (00000000 00000000...)
(19074) CVSRAM: write, ticks remaining
(19076) CVSRAM: write data from dla (00000000 00000000...)
(19076) CVSRAM: write, ticks remaining
(19078) CVSRAM: write data from dla (80008000 976f8000...)
(19078) CVSRAM: write, ticks remaining
(19080) CVSRAM: write data from dla (80008000 8d2a8000...)
(19080) CVSRAM: write, ticks remaining
(19082) CVSRAM: write data from dla (80008000 8c4f8000...)
(19082) CVSRAM: write, ticks remaining
(19084) CVSRAM: write data from dla (800086b6 80008000...)
(19084) CVSRAM: write, ticks remaining
(19086) CVSRAM: write data from dla (80008000 80008000...)
(19086) CVSRAM: write, ticks remaining
(19088) CVSRAM: write data from dla (80008000 80008000...)
(19088) CVSRAM: write, ticks remaining
(19090) CVSRAM: write data from dla (80008000 80008000...)
(19090) CVSRAM: write, ticks remaining
(19092) CVSRAM: write data from dla (80008000 80008000...)
(19092) CVSRAM: write, ticks remaining
(19094) CVSRAM: write data from dla (80008000 800089d7...)
(19094) CVSRAM: write, ticks remaining
(19096) CVSRAM: write data from dla (00000000 00000000...)
(19096) CVSRAM: write, ticks remaining
(19098) CVSRAM: write data from dla (00000000 00000000...)
(19098) CVSRAM: write, ticks remaining
(19100) CVSRAM: write data from dla (00000000 00000000...)
(19100) CVSRAM: write, ticks remaining
(19102) CVSRAM: write data from dla (80008000 80008000...)
(19102) CVSRAM: write, ticks remaining
(19104) CVSRAM: write data from dla (80008000 80008000...)
(19104) CVSRAM: write, ticks remaining
(19106) CVSRAM: write data from dla (80008000 80008000...)
(19106) CVSRAM: write, ticks remaining
(19108) CVSRAM: write data from dla (80008000 80008000...)
(19108) CVSRAM: write, ticks remaining
(19110) CVSRAM: write data from dla (80008000 80008000...)
(19110) CVSRAM: write, ticks remaining
(19112) CVSRAM: write data from dla (80008000 80008000...)
(19112) CVSRAM: write, ticks remaining
(19114) CVSRAM: write data from dla (80c48000 80008000...)
(19114) CVSRAM: write, ticks remaining
(19116) CVSRAM: write data from dla (836a8000 80008000...)
(19116) CVSRAM: write, ticks remaining
(19118) CVSRAM: write data from dla (80008000 80008000...)
(19118) CVSRAM: write, ticks remaining
(19120) CVSRAM: write data from dla (80008000 80008000...)
(19120) CVSRAM: write, ticks remaining
(19122) CVSRAM: write data from dla (00000000 00000000...)
(19122) CVSRAM: write, ticks remaining
(19124) CVSRAM: write data from dla (00000000 00000000...)
(19124) CVSRAM: write, ticks remaining
(19126) CVSRAM: write data from dla (00000000 00000000...)
(19126) CVSRAM: write, ticks remaining
(19128) CVSRAM: write data from dla (97398000 80008577...)
(19128) CVSRAM: write, ticks remaining
(19130) CVSRAM: write data from dla (80008000 83838000...)
(19130) CVSRAM: write, ticks remaining
(19132) CVSRAM: write data from dla (8c548000 80008000...)
(19132) CVSRAM: write, ticks remaining
(19134) CVSRAM: write data from dla (80008000 80008000...)
(19134) CVSRAM: write, ticks remaining
(19136) CVSRAM: write data from dla (80008000 95178000...)
(19136) CVSRAM: write, ticks remaining
(19138) CVSRAM: write data from dla (80008000 80008000...)
(19138) CVSRAM: write, ticks remaining
(19140) CVSRAM: write data from dla (80008000 8cee8000...)
(19140) CVSRAM: write, ticks remaining
(19142) CVSRAM: write data from dla (80008000 96938000...)
(19142) CVSRAM: write, ticks remaining
(19144) CVSRAM: write data from dla (80008000 9d778000...)
(19144) CVSRAM: write, ticks remaining
(19146) CVSRAM: write data from dla (00000000 00000000...)
(19146) CVSRAM: write, ticks remaining
(19148) CVSRAM: write data from dla (00000000 00000000...)
(19148) CVSRAM: write, ticks remaining
(19150) CVSRAM: write data from dla (00000000 00000000...)
(19150) CVSRAM: write, ticks remaining
(19152) CVSRAM: write data from dla (80008000 99468000...)
(19152) CVSRAM: write, ticks remaining
(19154) CVSRAM: write data from dla (800085ca 85478000...)
(19154) CVSRAM: write, ticks remaining
(19156) CVSRAM: write data from dla (80008000 80008000...)
(19156) CVSRAM: write, ticks remaining
(19158) CVSRAM: write data from dla (80008000 80008000...)
(19158) CVSRAM: write, ticks remaining
(19160) CVSRAM: write data from dla (80008089 84838000...)
(19160) CVSRAM: write, ticks remaining
(19162) CVSRAM: write data from dla (80008000 80008000...)
(19162) CVSRAM: write, ticks remaining
(19164) CVSRAM: write data from dla (800081dc 80008031...)
(19164) CVSRAM: write, ticks remaining
(19166) CVSRAM: write data from dla (80008735 80008000...)
(19166) CVSRAM: write, ticks remaining
(19168) CVSRAM: write data from dla (80008000 800083e9...)
(19168) CVSRAM: write, ticks remaining
(19170) CVSRAM: write data from dla (80008000 80008000...)
(19170) CVSRAM: write, ticks remaining
(19172) CVSRAM: write data from dla (00000000 00000000...)
(19172) CVSRAM: write, ticks remaining
(19174) CVSRAM: write data from dla (00000000 00000000...)
(19174) CVSRAM: write, ticks remaining
(19176) CVSRAM: write data from dla (00000000 00000000...)
(19176) CVSRAM: write, ticks remaining
(19178) CVSRAM: write data from dla (80008000 80008000...)
(19178) CVSRAM: write, ticks remaining
(19180) CVSRAM: write data from dla (80008000 80008000...)
(19180) CVSRAM: write, ticks remaining
(19182) CVSRAM: write data from dla (80008000 80008170...)
(19182) CVSRAM: write, ticks remaining
(19184) CVSRAM: write data from dla (80008000 80008000...)
(19184) CVSRAM: write, ticks remaining
(19186) CVSRAM: write data from dla (805a8000 80008000...)
(19186) CVSRAM: write, ticks remaining
(19188) CVSRAM: write data from dla (80008000 80008000...)
(19188) CVSRAM: write, ticks remaining
(19190) CVSRAM: write data from dla (80008000 83968000...)
(19190) CVSRAM: write, ticks remaining
(19192) CVSRAM: write data from dla (80008000 88e38794...)
(19192) CVSRAM: write, ticks remaining
(19194) CVSRAM: write data from dla (80008000 80008ce2...)
(19194) CVSRAM: write, ticks remaining
(19196) CVSRAM: write data from dla (00000000 00000000...)
(19196) CVSRAM: write, ticks remaining
(19198) CVSRAM: write data from dla (00000000 00000000...)
(19198) CVSRAM: write, ticks remaining
(19200) CVSRAM: write data from dla (00000000 00000000...)
(19200) CVSRAM: write, ticks remaining
(19202) CVSRAM: write data from dla (00000000 00000000...)
(19202) CVSRAM: write, ticks remaining
(19204) CVSRAM: write data from dla (00000000 00000000...)
(19204) CVSRAM: write, ticks remaining
(19206) CVSRAM: write data from dla (00000000 00000000...)
(19206) CVSRAM: write, ticks remaining
(19208) CVSRAM: write data from dla (00000000 00000000...)
(19208) CVSRAM: write, ticks remaining
(19210) CVSRAM: write data from dla (00000000 00000000...)
(19210) CVSRAM: write, ticks remaining
(19212) CVSRAM: write data from dla (00000000 00000000...)
(19212) CVSRAM: write, ticks remaining
(19214) CVSRAM: write data from dla (80008000 80008000...)
(19214) CVSRAM: write, ticks remaining
(19216) CVSRAM: write data from dla (80008000 80008000...)
(19216) CVSRAM: write, ticks remaining
(19218) CVSRAM: write data from dla (80008000 80008000...)
(19218) CVSRAM: write, ticks remaining
(19220) CVSRAM: write data from dla (80008000 80008000...)
(19220) CVSRAM: write, ticks remaining
(19222) CVSRAM: write data from dla (80008000 82488000...)
(19222) CVSRAM: write, ticks remaining
(19224) CVSRAM: write data from dla (80008000 80008000...)
(19224) CVSRAM: write, ticks remaining
(19226) CVSRAM: write data from dla (80008000 80008000...)
(19226) CVSRAM: write, ticks remaining
(19228) CVSRAM: write data from dla (80008000 80008000...)
(19228) CVSRAM: write, ticks remaining
(19230) CVSRAM: write data from dla (80008000 80008000...)
(19230) CVSRAM: write, ticks remaining
(19232) CVSRAM: write data from dla (80008000 80008000...)
(19232) CVSRAM: write, ticks remaining
(19234) CVSRAM: write data from dla (00000000 00000000...)
(19234) CVSRAM: write, ticks remaining
(19236) CVSRAM: write data from dla (00000000 00000000...)
(19236) CVSRAM: write, last tick
(19240) CVSRAM: write request from dla, addr 500040c0 id 0
(19242) CVSRAM: write data from dla (00000000 00000000...)
(19242) CVSRAM: write, ticks remaining
(19244) CVSRAM: write data from dla (80008007 80008000...)
(19244) CVSRAM: write, ticks remaining
(19246) CVSRAM: write data from dla (80008000 80008000...)
(19246) CVSRAM: write, ticks remaining
(19248) CVSRAM: write data from dla (80008ace 80008000...)
(19248) CVSRAM: write, ticks remaining
(19250) CVSRAM: write data from dla (800082a7 80008000...)
(19250) CVSRAM: write, ticks remaining
(19252) CVSRAM: write data from dla (80008374 80008000...)
(19252) CVSRAM: write, ticks remaining
(19254) CVSRAM: write data from dla (800086fa 80008000...)
(19254) CVSRAM: write, ticks remaining
(19256) CVSRAM: write data from dla (80008000 80008000...)
(19256) CVSRAM: write, ticks remaining
(19258) CVSRAM: write data from dla (80008000 80008000...)
(19258) CVSRAM: write, ticks remaining
(19260) CVSRAM: write data from dla (80008000 80008000...)
(19260) CVSRAM: write, ticks remaining
(19262) CVSRAM: write data from dla (00000000 00000000...)
(19262) CVSRAM: write, ticks remaining
(19264) CVSRAM: write data from dla (00000000 00000000...)
(19264) CVSRAM: write, ticks remaining
(19266) CVSRAM: write data from dla (00000000 00000000...)
(19266) CVSRAM: write, ticks remaining
(19268) CVSRAM: write data from dla (80008000 80008000...)
(19268) CVSRAM: write, ticks remaining
(19270) CVSRAM: write data from dla (80008000 80008000...)
(19270) CVSRAM: write, ticks remaining
(19272) CVSRAM: write data from dla (80008000 80008000...)
(19272) CVSRAM: write, ticks remaining
(19274) CVSRAM: write data from dla (80008000 80008000...)
(19274) CVSRAM: write, ticks remaining
(19276) CVSRAM: write data from dla (80008000 80008000...)
(19276) CVSRAM: write, ticks remaining
(19278) CVSRAM: write data from dla (80008914 80008000...)
(19278) CVSRAM: write, ticks remaining
(19280) CVSRAM: write data from dla (800084b3 80008000...)
(19280) CVSRAM: write, ticks remaining
(19282) CVSRAM: write data from dla (80008000 80008000...)
(19282) CVSRAM: write, ticks remaining
(19284) CVSRAM: write data from dla (80008000 80008000...)
(19284) CVSRAM: write, ticks remaining
(19286) CVSRAM: write data from dla (80008838 80008000...)
(19286) CVSRAM: write, ticks remaining
(19288) CVSRAM: write data from dla (00000000 00000000...)
(19288) CVSRAM: write, ticks remaining
(19290) CVSRAM: write data from dla (00000000 00000000...)
(19290) CVSRAM: write, ticks remaining
(19292) CVSRAM: write data from dla (00000000 00000000...)
(19292) CVSRAM: write, ticks remaining
(19294) CVSRAM: write data from dla (80008000 80008000...)
(19294) CVSRAM: write, ticks remaining
(19296) CVSRAM: write data from dla (80008000 80008000...)
(19296) CVSRAM: write, ticks remaining
(19298) CVSRAM: write data from dla (80008000 80008000...)
(19298) CVSRAM: write, ticks remaining
(19300) CVSRAM: write data from dla (80008000 80008000...)
(19300) CVSRAM: write, ticks remaining
(19302) CVSRAM: write data from dla (80008000 80008000...)
(19302) CVSRAM: write, ticks remaining
(19304) CVSRAM: write data from dla (80008000 80008000...)
(19304) CVSRAM: write, ticks remaining
(19306) CVSRAM: write data from dla (80008000 80008000...)
(19306) CVSRAM: write, ticks remaining
(19308) CVSRAM: write data from dla (80008000 80008000...)
(19308) CVSRAM: write, ticks remaining
(19310) CVSRAM: write data from dla (80008000 80008652...)
(19310) CVSRAM: write, ticks remaining
(19312) CVSRAM: write data from dla (00000000 00000000...)
(19312) CVSRAM: write, ticks remaining
(19314) CVSRAM: write data from dla (00000000 00000000...)
(19314) CVSRAM: write, ticks remaining
(19316) CVSRAM: write data from dla (00000000 00000000...)
(19316) CVSRAM: write, ticks remaining
(19318) CVSRAM: write data from dla (80008000 80008000...)
(19318) CVSRAM: write, ticks remaining
(19320) CVSRAM: write data from dla (80008000 80008000...)
(19320) CVSRAM: write, ticks remaining
(19322) CVSRAM: write data from dla (80008000 80008000...)
(19322) CVSRAM: write, ticks remaining
(19324) CVSRAM: write data from dla (80008000 800082dc...)
(19324) CVSRAM: write, ticks remaining
(19326) CVSRAM: write data from dla (80008000 80008000...)
(19326) CVSRAM: write, ticks remaining
(19328) CVSRAM: write data from dla (80008000 80008000...)
(19328) CVSRAM: write, ticks remaining
(19330) CVSRAM: write data from dla (80008000 80008000...)
(19330) CVSRAM: write, ticks remaining
(19332) CVSRAM: write data from dla (80008000 80008000...)
(19332) CVSRAM: write, ticks remaining
(19334) CVSRAM: write data from dla (80008000 80008000...)
(19334) CVSRAM: write, ticks remaining
(19336) CVSRAM: write data from dla (80008000 80008000...)
(19336) CVSRAM: write, ticks remaining
(19338) CVSRAM: write data from dla (00000000 00000000...)
(19338) CVSRAM: write, ticks remaining
(19340) CVSRAM: write data from dla (00000000 00000000...)
(19340) CVSRAM: write, ticks remaining
(19342) CVSRAM: write data from dla (00000000 00000000...)
(19342) CVSRAM: write, ticks remaining
(19344) CVSRAM: write data from dla (80008000 80008000...)
(19344) CVSRAM: write, ticks remaining
(19346) CVSRAM: write data from dla (80008000 80008000...)
(19346) CVSRAM: write, ticks remaining
(19348) CVSRAM: write data from dla (80008000 80008000...)
(19348) CVSRAM: write, ticks remaining
(19350) CVSRAM: write data from dla (80008000 80008000...)
(19350) CVSRAM: write, ticks remaining
(19352) CVSRAM: write data from dla (80008000 80008000...)
(19352) CVSRAM: write, ticks remaining
(19354) CVSRAM: write data from dla (80008000 80008000...)
(19354) CVSRAM: write, ticks remaining
(19356) CVSRAM: write data from dla (80008000 80008000...)
(19356) CVSRAM: write, ticks remaining
(19358) CVSRAM: write data from dla (80008000 80008000...)
(19358) CVSRAM: write, ticks remaining
(19360) CVSRAM: write data from dla (80008000 80008c6f...)
(19360) CVSRAM: write, ticks remaining
(19362) CVSRAM: write data from dla (00000000 00000000...)
(19362) CVSRAM: write, ticks remaining
(19364) CVSRAM: write data from dla (00000000 00000000...)
(19364) CVSRAM: write, ticks remaining
(19366) CVSRAM: write data from dla (00000000 00000000...)
(19366) CVSRAM: write, ticks remaining
(19368) CVSRAM: write data from dla (80008000 80008000...)
(19368) CVSRAM: write, ticks remaining
(19370) CVSRAM: write data from dla (80008000 80008000...)
(19370) CVSRAM: write, ticks remaining
(19372) CVSRAM: write data from dla (80008000 80008000...)
(19372) CVSRAM: write, ticks remaining
(19374) CVSRAM: write data from dla (80008000 80008000...)
(19374) CVSRAM: write, ticks remaining
(19376) CVSRAM: write data from dla (80008000 80008000...)
(19376) CVSRAM: write, ticks remaining
(19378) CVSRAM: write data from dla (80008000 80008000...)
(19378) CVSRAM: write, ticks remaining
(19380) CVSRAM: write data from dla (80008000 80008000...)
(19380) CVSRAM: write, ticks remaining
(19382) CVSRAM: write data from dla (80008000 80008000...)
(19382) CVSRAM: write, ticks remaining
(19384) CVSRAM: write data from dla (800084b6 80008000...)
(19384) CVSRAM: write, ticks remaining
(19386) CVSRAM: write data from dla (80008000 80008000...)
(19386) CVSRAM: write, ticks remaining
(19388) CVSRAM: write data from dla (00000000 00000000...)
(19388) CVSRAM: write, ticks remaining
(19390) CVSRAM: write data from dla (00000000 00000000...)
(19390) CVSRAM: write, ticks remaining
(19392) CVSRAM: write data from dla (00000000 00000000...)
(19392) CVSRAM: write, ticks remaining
(19394) CVSRAM: write data from dla (80008000 80008000...)
(19394) CVSRAM: write, ticks remaining
(19396) CVSRAM: write data from dla (80008000 80008000...)
(19396) CVSRAM: write, ticks remaining
(19398) CVSRAM: write data from dla (80008000 80008000...)
(19398) CVSRAM: write, ticks remaining
(19400) CVSRAM: write data from dla (80008000 80008000...)
(19400) CVSRAM: write, ticks remaining
(19402) CVSRAM: write data from dla (80008000 80008000...)
(19402) CVSRAM: write, ticks remaining
(19404) CVSRAM: write data from dla (80008000 80008000...)
(19404) CVSRAM: write, ticks remaining
(19406) CVSRAM: write data from dla (80008000 80008000...)
(19406) CVSRAM: write, ticks remaining
(19408) CVSRAM: write data from dla (80008000 80008000...)
(19408) CVSRAM: write, ticks remaining
(19410) CVSRAM: write data from dla (80008000 80008000...)
(19410) CVSRAM: write, ticks remaining
(19412) CVSRAM: write data from dla (00000000 00000000...)
(19412) CVSRAM: write, ticks remaining
(19414) CVSRAM: write data from dla (00000000 00000000...)
(19414) CVSRAM: write, ticks remaining
(19416) CVSRAM: write data from dla (00000000 00000000...)
(19416) CVSRAM: write, ticks remaining
(19418) CVSRAM: write data from dla (80008000 80008000...)
(19418) CVSRAM: write, ticks remaining
(19420) CVSRAM: write data from dla (80008000 80008000...)
(19420) CVSRAM: write, ticks remaining
(19422) CVSRAM: write data from dla (80008000 80008000...)
(19422) CVSRAM: write, ticks remaining
(19424) CVSRAM: write data from dla (80008000 80008000...)
(19424) CVSRAM: write, ticks remaining
(19426) CVSRAM: write data from dla (80008000 80008000...)
(19426) CVSRAM: write, ticks remaining
(19428) CVSRAM: write data from dla (80008000 80008000...)
(19428) CVSRAM: write, ticks remaining
(19430) CVSRAM: write data from dla (80008000 80008000...)
(19430) CVSRAM: write, ticks remaining
(19432) CVSRAM: write data from dla (80008000 80008000...)
(19432) CVSRAM: write, ticks remaining
(19434) CVSRAM: write data from dla (80008000 80008000...)
(19434) CVSRAM: write, ticks remaining
(19436) CVSRAM: write data from dla (80008000 80008000...)
(19436) CVSRAM: write, ticks remaining
(19438) CVSRAM: write data from dla (00000000 00000000...)
(19438) CVSRAM: write, ticks remaining
(19440) CVSRAM: write data from dla (00000000 00000000...)
(19440) CVSRAM: write, ticks remaining
(19442) CVSRAM: write data from dla (00000000 00000000...)
(19442) CVSRAM: write, ticks remaining
(19444) CVSRAM: write data from dla (80008000 80008000...)
(19444) CVSRAM: write, ticks remaining
(19446) CVSRAM: write data from dla (80008000 80008000...)
(19446) CVSRAM: write, ticks remaining
(19448) CVSRAM: write data from dla (80008000 80008000...)
(19448) CVSRAM: write, ticks remaining
(19450) CVSRAM: write data from dla (80008000 80008000...)
(19450) CVSRAM: write, ticks remaining
(19452) CVSRAM: write data from dla (80008000 80008000...)
(19452) CVSRAM: write, ticks remaining
(19454) CVSRAM: write data from dla (80008000 80008000...)
(19454) CVSRAM: write, ticks remaining
(19456) CVSRAM: write data from dla (80008000 80008000...)
(19456) CVSRAM: write, ticks remaining
(19458) CVSRAM: write data from dla (80008000 80008000...)
(19458) CVSRAM: write, ticks remaining
(19460) CVSRAM: write data from dla (80008000 8000858a...)
(19460) CVSRAM: write, ticks remaining
(19462) CVSRAM: write data from dla (00000000 00000000...)
(19462) CVSRAM: write, ticks remaining
(19464) CVSRAM: write data from dla (00000000 00000000...)
(19464) CVSRAM: write, ticks remaining
(19466) CVSRAM: write data from dla (00000000 00000000...)
(19466) CVSRAM: write, ticks remaining
(19468) CVSRAM: write data from dla (80008000 80008000...)
(19468) CVSRAM: write, ticks remaining
(19470) CVSRAM: write data from dla (800082bf 80008000...)
(19470) CVSRAM: write, ticks remaining
(19472) CVSRAM: write data from dla (80008000 80008000...)
(19472) CVSRAM: write, ticks remaining
(19474) CVSRAM: write data from dla (80008000 80008000...)
(19474) CVSRAM: write, ticks remaining
(19476) CVSRAM: write data from dla (80008000 80008000...)
(19476) CVSRAM: write, ticks remaining
(19478) CVSRAM: write data from dla (80008000 80008000...)
(19478) CVSRAM: write, ticks remaining
(19480) CVSRAM: write data from dla (80008000 80008000...)
(19480) CVSRAM: write, ticks remaining
(19482) CVSRAM: write data from dla (80008000 80008000...)
(19482) CVSRAM: write, ticks remaining
(19484) CVSRAM: write data from dla (80008000 80008000...)
(19484) CVSRAM: write, ticks remaining
(19486) CVSRAM: write data from dla (80008000 80008000...)
(19486) CVSRAM: write, ticks remaining
(19488) CVSRAM: write data from dla (00000000 00000000...)
(19488) CVSRAM: write, ticks remaining
(19490) CVSRAM: write data from dla (00000000 00000000...)
(19490) CVSRAM: write, ticks remaining
(19492) CVSRAM: write data from dla (00000000 00000000...)
(19492) CVSRAM: write, ticks remaining
(19494) CVSRAM: write data from dla (80008000 80008000...)
(19494) CVSRAM: write, ticks remaining
(19496) CVSRAM: write data from dla (80008a93 80008000...)
(19496) CVSRAM: write, ticks remaining
(19498) CVSRAM: write data from dla (80008000 80008000...)
(19498) CVSRAM: write, ticks remaining
(19500) CVSRAM: write data from dla (80008000 80008000...)
(19500) CVSRAM: write, ticks remaining
(19502) CVSRAM: write data from dla (80008000 80008000...)
(19502) CVSRAM: write, ticks remaining
(19504) CVSRAM: write data from dla (80008000 80008000...)
(19504) CVSRAM: write, ticks remaining
(19506) CVSRAM: write data from dla (80008000 80008000...)
(19506) CVSRAM: write, ticks remaining
(19508) CVSRAM: write data from dla (80008000 80008000...)
(19508) CVSRAM: write, ticks remaining
(19510) CVSRAM: write data from dla (80008000 8000843b...)
(19510) CVSRAM: write, ticks remaining
(19512) CVSRAM: write data from dla (00000000 00000000...)
(19512) CVSRAM: write, ticks remaining
(19514) CVSRAM: write data from dla (00000000 00000000...)
(19514) CVSRAM: write, ticks remaining
(19516) CVSRAM: write data from dla (00000000 00000000...)
(19516) CVSRAM: write, ticks remaining
(19518) CVSRAM: write data from dla (80008000 80008000...)
(19518) CVSRAM: write, ticks remaining
(19520) CVSRAM: write data from dla (80008000 80008000...)
(19520) CVSRAM: write, ticks remaining
(19522) CVSRAM: write data from dla (80008000 80008000...)
(19522) CVSRAM: write, ticks remaining
(19524) CVSRAM: write data from dla (80008000 80008000...)
(19524) CVSRAM: write, ticks remaining
(19526) CVSRAM: write data from dla (80008000 80008000...)
(19526) CVSRAM: write, ticks remaining
(19528) CVSRAM: write data from dla (80008000 80008000...)
(19528) CVSRAM: write, ticks remaining
(19530) CVSRAM: write data from dla (80008000 80008000...)
(19530) CVSRAM: write, ticks remaining
(19532) CVSRAM: write data from dla (80008000 80008000...)
(19532) CVSRAM: write, ticks remaining
(19534) CVSRAM: write data from dla (80008000 80008000...)
(19534) CVSRAM: write, ticks remaining
(19536) CVSRAM: write data from dla (80008000 80008000...)
(19536) CVSRAM: write, ticks remaining
(19538) CVSRAM: write data from dla (00000000 00000000...)
(19538) CVSRAM: write, ticks remaining
(19540) CVSRAM: write data from dla (00000000 00000000...)
(19540) CVSRAM: write, ticks remaining
(19542) CVSRAM: write data from dla (00000000 00000000...)
(19542) CVSRAM: write, ticks remaining
(19544) CVSRAM: write data from dla (80008000 80008000...)
(19544) CVSRAM: write, ticks remaining
(19546) CVSRAM: write data from dla (80008000 80008000...)
(19546) CVSRAM: write, ticks remaining
(19548) CVSRAM: write data from dla (80008000 80008000...)
(19548) CVSRAM: write, ticks remaining
(19550) CVSRAM: write data from dla (80008000 80008000...)
(19550) CVSRAM: write, ticks remaining
(19552) CVSRAM: write data from dla (80008000 80008000...)
(19552) CVSRAM: write, ticks remaining
(19554) CVSRAM: write data from dla (80008000 80008000...)
(19554) CVSRAM: write, ticks remaining
(19556) CVSRAM: write data from dla (80008000 80008000...)
(19556) CVSRAM: write, ticks remaining
(19558) CVSRAM: write data from dla (80008000 80008000...)
(19558) CVSRAM: write, ticks remaining
(19560) CVSRAM: write data from dla (80008000 800080ce...)
(19560) CVSRAM: write, ticks remaining
(19562) CVSRAM: write data from dla (00000000 00000000...)
(19562) CVSRAM: write, ticks remaining
(19564) CVSRAM: write data from dla (00000000 00000000...)
(19564) CVSRAM: write, ticks remaining
(19566) CVSRAM: write data from dla (00000000 00000000...)
(19566) CVSRAM: write, ticks remaining
(19568) CVSRAM: write data from dla (80008000 80008000...)
(19568) CVSRAM: write, ticks remaining
(19570) CVSRAM: write data from dla (800080b3 80008000...)
(19570) CVSRAM: write, ticks remaining
(19572) CVSRAM: write data from dla (80008000 80008000...)
(19572) CVSRAM: write, ticks remaining
(19574) CVSRAM: write data from dla (80008000 80008000...)
(19574) CVSRAM: write, ticks remaining
(19576) CVSRAM: write data from dla (80008000 80008000...)
(19576) CVSRAM: write, ticks remaining
(19578) CVSRAM: write data from dla (80008000 80008000...)
(19578) CVSRAM: write, ticks remaining
(19580) CVSRAM: write data from dla (80008000 80008000...)
(19580) CVSRAM: write, ticks remaining
(19582) CVSRAM: write data from dla (80008000 80008000...)
(19582) CVSRAM: write, ticks remaining
(19584) CVSRAM: write data from dla (80008000 80008000...)
(19584) CVSRAM: write, ticks remaining
(19586) CVSRAM: write data from dla (80008000 80008000...)
(19586) CVSRAM: write, ticks remaining
(19588) CVSRAM: write data from dla (00000000 00000000...)
(19588) CVSRAM: write, ticks remaining
(19590) CVSRAM: write data from dla (00000000 00000000...)
(19590) CVSRAM: write, ticks remaining
(19592) CVSRAM: write data from dla (00000000 00000000...)
(19592) CVSRAM: write, ticks remaining
(19594) CVSRAM: write data from dla (824e8000 80008000...)
(19594) CVSRAM: write, ticks remaining
(19596) CVSRAM: write data from dla (80008000 80008000...)
(19596) CVSRAM: write, ticks remaining
(19598) CVSRAM: write data from dla (80008000 80008000...)
(19598) CVSRAM: write, ticks remaining
(19600) CVSRAM: write data from dla (80008000 80008000...)
(19600) CVSRAM: write, ticks remaining
(19602) CVSRAM: write data from dla (80008000 80008000...)
(19602) CVSRAM: write, ticks remaining
(19604) CVSRAM: write data from dla (80008000 80008000...)
(19604) CVSRAM: write, ticks remaining
(19606) CVSRAM: write data from dla (80008000 80008000...)
(19606) CVSRAM: write, ticks remaining
(19608) CVSRAM: write data from dla (80008000 80008000...)
(19608) CVSRAM: write, ticks remaining
(19610) CVSRAM: write data from dla (80008000 80008014...)
(19610) CVSRAM: write, ticks remaining
(19612) CVSRAM: write data from dla (00000000 00000000...)
(19612) CVSRAM: write, ticks remaining
(19614) CVSRAM: write data from dla (00000000 00000000...)
(19614) CVSRAM: write, ticks remaining
(19616) CVSRAM: write data from dla (00000000 00000000...)
(19616) CVSRAM: write, ticks remaining
(19618) CVSRAM: write data from dla (80008000 80008000...)
(19618) CVSRAM: write, ticks remaining
(19620) CVSRAM: write data from dla (80008000 80008000...)
(19620) CVSRAM: write, ticks remaining
(19622) CVSRAM: write data from dla (80008000 80008000...)
(19622) CVSRAM: write, ticks remaining
(19624) CVSRAM: write data from dla (80008000 80008000...)
(19624) CVSRAM: write, ticks remaining
(19626) CVSRAM: write data from dla (80008000 80008000...)
(19626) CVSRAM: write, ticks remaining
(19628) CVSRAM: write data from dla (80008000 80008000...)
(19628) CVSRAM: write, ticks remaining
(19630) CVSRAM: write data from dla (80008000 80008000...)
(19630) CVSRAM: write, ticks remaining
(19632) CVSRAM: write data from dla (80008000 80008000...)
(19632) CVSRAM: write, ticks remaining
(19634) CVSRAM: write data from dla (80008000 80008000...)
(19634) CVSRAM: write, ticks remaining
(19636) CVSRAM: write data from dla (80008000 800080b9...)
(19636) CVSRAM: write, ticks remaining
(19638) CVSRAM: write data from dla (00000000 00000000...)
(19638) CVSRAM: write, ticks remaining
(19640) CVSRAM: write data from dla (00000000 00000000...)
(19640) CVSRAM: write, ticks remaining
(19642) CVSRAM: write data from dla (00000000 00000000...)
(19642) CVSRAM: write, ticks remaining
(19644) CVSRAM: write data from dla (80008000 80008000...)
(19644) CVSRAM: write, ticks remaining
(19646) CVSRAM: write data from dla (80008000 80008000...)
(19646) CVSRAM: write, ticks remaining
(19648) CVSRAM: write data from dla (80008000 80008000...)
(19648) CVSRAM: write, ticks remaining
(19650) CVSRAM: write data from dla (80008000 80008000...)
(19650) CVSRAM: write, ticks remaining
(19652) CVSRAM: write data from dla (80008000 80008000...)
(19652) CVSRAM: write, ticks remaining
(19654) CVSRAM: write data from dla (80008000 80008000...)
(19654) CVSRAM: write, ticks remaining
(19656) CVSRAM: write data from dla (80008000 80008000...)
(19656) CVSRAM: write, ticks remaining
(19658) CVSRAM: write data from dla (80008000 80008000...)
(19658) CVSRAM: write, ticks remaining
(19660) CVSRAM: write data from dla (80008000 8000809c...)
(19660) CVSRAM: write, ticks remaining
(19662) CVSRAM: write data from dla (00000000 00000000...)
(19662) CVSRAM: write, ticks remaining
(19664) CVSRAM: write data from dla (00000000 00000000...)
(19664) CVSRAM: write, ticks remaining
(19666) CVSRAM: write data from dla (00000000 00000000...)
(19666) CVSRAM: write, ticks remaining
(19668) CVSRAM: write data from dla (80008000 80008000...)
(19668) CVSRAM: write, ticks remaining
(19670) CVSRAM: write data from dla (86a48000 80008000...)
(19670) CVSRAM: write, ticks remaining
(19672) CVSRAM: write data from dla (80008000 80008000...)
(19672) CVSRAM: write, ticks remaining
(19674) CVSRAM: write data from dla (80008000 80008000...)
(19674) CVSRAM: write, ticks remaining
(19676) CVSRAM: write data from dla (80008000 80008000...)
(19676) CVSRAM: write, ticks remaining
(19678) CVSRAM: write data from dla (80008000 80008000...)
(19678) CVSRAM: write, ticks remaining
(19680) CVSRAM: write data from dla (80008000 80008000...)
(19680) CVSRAM: write, ticks remaining
(19682) CVSRAM: write data from dla (80008000 80008000...)
(19682) CVSRAM: write, ticks remaining
(19684) CVSRAM: write data from dla (80008000 80008000...)
(19684) CVSRAM: write, ticks remaining
(19686) CVSRAM: write data from dla (80008000 80008000...)
(19686) CVSRAM: write, ticks remaining
(19688) CVSRAM: write data from dla (00000000 00000000...)
(19688) CVSRAM: write, ticks remaining
(19690) CVSRAM: write data from dla (00000000 00000000...)
(19690) CVSRAM: write, ticks remaining
(19692) CVSRAM: write data from dla (00000000 00000000...)
(19692) CVSRAM: write, ticks remaining
(19694) CVSRAM: write data from dla (00000000 00000000...)
(19694) CVSRAM: write, ticks remaining
(19696) CVSRAM: write data from dla (00000000 00000000...)
(19696) CVSRAM: write, ticks remaining
(19698) CVSRAM: write data from dla (00000000 00000000...)
(19698) CVSRAM: write, ticks remaining
(19700) CVSRAM: write data from dla (00000000 00000000...)
(19700) CVSRAM: write, ticks remaining
(19702) CVSRAM: write data from dla (00000000 00000000...)
(19702) CVSRAM: write, ticks remaining
(19704) CVSRAM: write data from dla (00000000 00000000...)
(19704) CVSRAM: write, ticks remaining
(19706) CVSRAM: write data from dla (80009609 800093f1...)
(19706) CVSRAM: write, ticks remaining
(19708) CVSRAM: write data from dla (800097f4 80008b08...)
(19708) CVSRAM: write, ticks remaining
(19710) CVSRAM: write data from dla (80009961 800092f2...)
(19710) CVSRAM: write, ticks remaining
(19712) CVSRAM: write data from dla (80009999 80008742...)
(19712) CVSRAM: write, ticks remaining
(19714) CVSRAM: write data from dla (80009540 80008000...)
(19714) CVSRAM: write, ticks remaining
(19716) CVSRAM: write data from dla (80009859 80008e4a...)
(19716) CVSRAM: write, ticks remaining
(19718) CVSRAM: write data from dla (8000a275 800084e0...)
(19718) CVSRAM: write, ticks remaining
(19720) CVSRAM: write data from dla (8000a0b8 80008581...)
(19720) CVSRAM: write, ticks remaining
(19722) CVSRAM: write data from dla (8000a5e9 80008518...)
(19722) CVSRAM: write, ticks remaining
(19724) CVSRAM: write data from dla (00000000 00000000...)
(19724) CVSRAM: write, ticks remaining
(19726) CVSRAM: write data from dla (00000000 00000000...)
(19726) CVSRAM: write, ticks remaining
(19728) CVSRAM: write data from dla (00000000 00000000...)
(19728) CVSRAM: write, ticks remaining
(19730) CVSRAM: write data from dla (80b9917d 800091ea...)
(19730) CVSRAM: write, ticks remaining
(19732) CVSRAM: write data from dla (8000a0f1 80008d8f...)
(19732) CVSRAM: write, ticks remaining
(19734) CVSRAM: write data from dla (80009bdc 800095bd...)
(19734) CVSRAM: write, ticks remaining
(19736) CVSRAM: write data from dla (80009f7f 80008474...)
(19736) CVSRAM: write, ticks remaining
(19738) CVSRAM: write data from dla (80009100 800086b7...)
(19738) CVSRAM: write, ticks remaining
(19740) CVSRAM: write data from dla (800098be 80008254...)
(19740) CVSRAM: write, ticks remaining
(19742) CVSRAM: write data from dla (800097d2 80008a20...)
(19742) CVSRAM: write, ticks remaining
(19744) CVSRAM: write data from dla (800091fa 80008ae2...)
(19744) CVSRAM: write, ticks remaining
(19746) CVSRAM: write data from dla (80009497 8000849a...)
(19746) CVSRAM: write, ticks remaining
(19748) CVSRAM: write data from dla (8a408000 80009723...)
(19748) CVSRAM: write, ticks remaining
(19750) CVSRAM: write data from dla (00000000 00000000...)
(19750) CVSRAM: write, ticks remaining
(19752) CVSRAM: write data from dla (00000000 00000000...)
(19752) CVSRAM: write, last tick
(19756) CVSRAM: write request from dla, addr 500080c0 id 0
(19758) CVSRAM: write data from dla (00000000 00000000...)
(19758) CVSRAM: write, ticks remaining
(19760) CVSRAM: write data from dla (800092e7 80008e61...)
(19760) CVSRAM: write, ticks remaining
(19762) CVSRAM: write data from dla (80008a3d 800082bc...)
(19762) CVSRAM: write, ticks remaining
(19764) CVSRAM: write data from dla (800096db 860c8e40...)
(19764) CVSRAM: write, ticks remaining
(19766) CVSRAM: write data from dla (80008d2b 80008246...)
(19766) CVSRAM: write, ticks remaining
(19768) CVSRAM: write data from dla (80008f8a 80008920...)
(19768) CVSRAM: write, ticks remaining
(19770) CVSRAM: write data from dla (80009867 80008468...)
(19770) CVSRAM: write, ticks remaining
(19772) CVSRAM: write data from dla (8000901b 800092ef...)
(19772) CVSRAM: write, ticks remaining
(19774) CVSRAM: write data from dla (80009864 800098ea...)
(19774) CVSRAM: write, ticks remaining
(19776) CVSRAM: write data from dla (80009993 8000af70...)
(19776) CVSRAM: write, ticks remaining
(19778) CVSRAM: write data from dla (00000000 00000000...)
(19778) CVSRAM: write, ticks remaining
(19780) CVSRAM: write data from dla (00000000 00000000...)
(19780) CVSRAM: write, ticks remaining
(19782) CVSRAM: write data from dla (00000000 00000000...)
(19782) CVSRAM: write, ticks remaining
(19784) CVSRAM: write data from dla (80008215 80009620...)
(19784) CVSRAM: write, ticks remaining
(19786) CVSRAM: write data from dla (800093a2 800095f7...)
(19786) CVSRAM: write, ticks remaining
(19788) CVSRAM: write data from dla (8000943b 800092a0...)
(19788) CVSRAM: write, ticks remaining
(19790) CVSRAM: write data from dla (80008942 80008000...)
(19790) CVSRAM: write, ticks remaining
(19792) CVSRAM: write data from dla (85068940 80008147...)
(19792) CVSRAM: write, ticks remaining
(19794) CVSRAM: write data from dla (80009404 80008bdb...)
(19794) CVSRAM: write, ticks remaining
(19796) CVSRAM: write data from dla (800096f0 80008ce1...)
(19796) CVSRAM: write, ticks remaining
(19798) CVSRAM: write data from dla (80009539 80008b1a...)
(19798) CVSRAM: write, ticks remaining
(19800) CVSRAM: write data from dla (800097ea 80009a3e...)
(19800) CVSRAM: write, ticks remaining
(19802) CVSRAM: write data from dla (80008000 8000a98d...)
(19802) CVSRAM: write, ticks remaining
(19804) CVSRAM: write data from dla (00000000 00000000...)
(19804) CVSRAM: write, ticks remaining
(19806) CVSRAM: write data from dla (00000000 00000000...)
(19806) CVSRAM: write, ticks remaining
(19808) CVSRAM: write data from dla (00000000 00000000...)
(19808) CVSRAM: write, ticks remaining
(19810) CVSRAM: write data from dla (8e4ba4d4 85e09c9d...)
(19810) CVSRAM: write, ticks remaining
(19812) CVSRAM: write data from dla (8000b1d6 8000835a...)
(19812) CVSRAM: write, ticks remaining
(19814) CVSRAM: write data from dla (8797a1a7 800096ae...)
(19814) CVSRAM: write, ticks remaining
(19816) CVSRAM: write data from dla (83a4951f 80008924...)
(19816) CVSRAM: write, ticks remaining
(19818) CVSRAM: write data from dla (83b6982b 80008d0a...)
(19818) CVSRAM: write, ticks remaining
(19820) CVSRAM: write data from dla (800095c5 8000902c...)
(19820) CVSRAM: write, ticks remaining
(19822) CVSRAM: write data from dla (800091f2 80009cff...)
(19822) CVSRAM: write, ticks remaining
(19824) CVSRAM: write data from dla (8000943c 80009db4...)
(19824) CVSRAM: write, ticks remaining
(19826) CVSRAM: write data from dla (8000a4d5 80009e1f...)
(19826) CVSRAM: write, ticks remaining
(19828) CVSRAM: write data from dla (00000000 00000000...)
(19828) CVSRAM: write, ticks remaining
(19830) CVSRAM: write data from dla (00000000 00000000...)
(19830) CVSRAM: write, ticks remaining
(19832) CVSRAM: write data from dla (00000000 00000000...)
(19832) CVSRAM: write, ticks remaining
(19834) CVSRAM: write data from dla (800095de 80008425...)
(19834) CVSRAM: write, ticks remaining
(19836) CVSRAM: write data from dla (80009f22 800094e7...)
(19836) CVSRAM: write, ticks remaining
(19838) CVSRAM: write data from dla (8000a39e 800088ba...)
(19838) CVSRAM: write, ticks remaining
(19840) CVSRAM: write data from dla (8000a2f8 80008130...)
(19840) CVSRAM: write, ticks remaining
(19842) CVSRAM: write data from dla (845a9c4d 8000941c...)
(19842) CVSRAM: write, ticks remaining
(19844) CVSRAM: write data from dla (8000a870 800096c8...)
(19844) CVSRAM: write, ticks remaining
(19846) CVSRAM: write data from dla (8108a36c 8000a27c...)
(19846) CVSRAM: write, ticks remaining
(19848) CVSRAM: write data from dla (80009d61 80f5ae16...)
(19848) CVSRAM: write, ticks remaining
(19850) CVSRAM: write data from dla (86a19d00 8000b118...)
(19850) CVSRAM: write, ticks remaining
(19852) CVSRAM: write data from dla (86c98000 80009a31...)
(19852) CVSRAM: write, ticks remaining
(19854) CVSRAM: write data from dla (00000000 00000000...)
(19854) CVSRAM: write, ticks remaining
(19856) CVSRAM: write data from dla (00000000 00000000...)
(19856) CVSRAM: write, ticks remaining
(19858) CVSRAM: write data from dla (00000000 00000000...)
(19858) CVSRAM: write, ticks remaining
(19860) CVSRAM: write data from dla (80008f27 800096c7...)
(19860) CVSRAM: write, ticks remaining
(19862) CVSRAM: write data from dla (80009d21 8000919b...)
(19862) CVSRAM: write, ticks remaining
(19864) CVSRAM: write data from dla (80009fa7 80009c5a...)
(19864) CVSRAM: write, ticks remaining
(19866) CVSRAM: write data from dla (80009902 80009168...)
(19866) CVSRAM: write, ticks remaining
(19868) CVSRAM: write data from dla (80009484 80009231...)
(19868) CVSRAM: write, ticks remaining
(19870) CVSRAM: write data from dla (80009934 80008e94...)
(19870) CVSRAM: write, ticks remaining
(19872) CVSRAM: write data from dla (80009f07 8682a0db...)
(19872) CVSRAM: write, ticks remaining
(19874) CVSRAM: write data from dla (8000a200 80009d8e...)
(19874) CVSRAM: write, ticks remaining
(19876) CVSRAM: write data from dla (80009e6b 8151ba2a...)
(19876) CVSRAM: write, ticks remaining
(19878) CVSRAM: write data from dla (00000000 00000000...)
(19878) CVSRAM: write, ticks remaining
(19880) CVSRAM: write data from dla (00000000 00000000...)
(19880) CVSRAM: write, ticks remaining
(19882) CVSRAM: write data from dla (00000000 00000000...)
(19882) CVSRAM: write, ticks remaining
(19884) CVSRAM: write data from dla (918ba07b 8000848b...)
(19884) CVSRAM: write, ticks remaining
(19886) CVSRAM: write data from dla (8000b09d 80009bd0...)
(19886) CVSRAM: write, ticks remaining
(19888) CVSRAM: write data from dla (884ec0d2 80008f55...)
(19888) CVSRAM: write, ticks remaining
(19890) CVSRAM: write data from dla (800095ce 80008d82...)
(19890) CVSRAM: write, ticks remaining
(19892) CVSRAM: write data from dla (800095c5 80008f2f...)
(19892) CVSRAM: write, ticks remaining
(19894) CVSRAM: write data from dla (8000957b 80009caf...)
(19894) CVSRAM: write, ticks remaining
(19896) CVSRAM: write data from dla (80008e5d 80009da1...)
(19896) CVSRAM: write, ticks remaining
(19898) CVSRAM: write data from dla (80009c14 8000a229...)
(19898) CVSRAM: write, ticks remaining
(19900) CVSRAM: write data from dla (8000a4d5 80009f4f...)
(19900) CVSRAM: write, ticks remaining
(19902) CVSRAM: write data from dla (85df8000 80009d8b...)
(19902) CVSRAM: write, ticks remaining
(19904) CVSRAM: write data from dla (00000000 00000000...)
(19904) CVSRAM: write, ticks remaining
(19906) CVSRAM: write data from dla (00000000 00000000...)
(19906) CVSRAM: write, ticks remaining
(19908) CVSRAM: write data from dla (00000000 00000000...)
(19908) CVSRAM: write, ticks remaining
(19910) CVSRAM: write data from dla (82dca1f8 8000841e...)
(19910) CVSRAM: write, ticks remaining
(19912) CVSRAM: write data from dla (80009fa5 80008b14...)
(19912) CVSRAM: write, ticks remaining
(19914) CVSRAM: write data from dla (8639a2ce 8000924f...)
(19914) CVSRAM: write, ticks remaining
(19916) CVSRAM: write data from dla (8000a1bb 80008fca...)
(19916) CVSRAM: write, ticks remaining
(19918) CVSRAM: write data from dla (85c6ad2a 8000a194...)
(19918) CVSRAM: write, ticks remaining
(19920) CVSRAM: write data from dla (8000a84f 8379af8b...)
(19920) CVSRAM: write, ticks remaining
(19922) CVSRAM: write data from dla (84b39afb 8000ad8e...)
(19922) CVSRAM: write, ticks remaining
(19924) CVSRAM: write data from dla (80009c9c 8000b099...)
(19924) CVSRAM: write, ticks remaining
(19926) CVSRAM: write data from dla (8000928d 8000b04a...)
(19926) CVSRAM: write, ticks remaining
(19928) CVSRAM: write data from dla (00000000 00000000...)
(19928) CVSRAM: write, ticks remaining
(19930) CVSRAM: write data from dla (00000000 00000000...)
(19930) CVSRAM: write, ticks remaining
(19932) CVSRAM: write data from dla (00000000 00000000...)
(19932) CVSRAM: write, ticks remaining
(19934) CVSRAM: write data from dla (800083a0 84589957...)
(19934) CVSRAM: write, ticks remaining
(19936) CVSRAM: write data from dla (8000a124 8000a6d9...)
(19936) CVSRAM: write, ticks remaining
(19938) CVSRAM: write data from dla (80009ccd 80009e1b...)
(19938) CVSRAM: write, ticks remaining
(19940) CVSRAM: write data from dla (800099e2 800091c0...)
(19940) CVSRAM: write, ticks remaining
(19942) CVSRAM: write data from dla (80009acb 80009388...)
(19942) CVSRAM: write, ticks remaining
(19944) CVSRAM: write data from dla (800090b7 8000990e...)
(19944) CVSRAM: write, ticks remaining
(19946) CVSRAM: write data from dla (800091d2 80009b0f...)
(19946) CVSRAM: write, ticks remaining
(19948) CVSRAM: write data from dla (80009817 8000a17e...)
(19948) CVSRAM: write, ticks remaining
(19950) CVSRAM: write data from dla (80009a79 8328a48f...)
(19950) CVSRAM: write, ticks remaining
(19952) CVSRAM: write data from dla (80008000 8000a8f6...)
(19952) CVSRAM: write, ticks remaining
(19954) CVSRAM: write data from dla (00000000 00000000...)
(19954) CVSRAM: write, ticks remaining
(19956) CVSRAM: write data from dla (00000000 00000000...)
(19956) CVSRAM: write, ticks remaining
(19958) CVSRAM: write data from dla (00000000 00000000...)
(19958) CVSRAM: write, ticks remaining
(19960) CVSRAM: write data from dla (8b20b4c2 80008a99...)
(19960) CVSRAM: write, ticks remaining
(19962) CVSRAM: write data from dla (8000b755 80009dbd...)
(19962) CVSRAM: write, ticks remaining
(19964) CVSRAM: write data from dla (8a75a7b3 8000904b...)
(19964) CVSRAM: write, ticks remaining
(19966) CVSRAM: write data from dla (80009093 800094b4...)
(19966) CVSRAM: write, ticks remaining
(19968) CVSRAM: write data from dla (80008afb 80009d3e...)
(19968) CVSRAM: write, ticks remaining
(19970) CVSRAM: write data from dla (800092f3 8000a6cb...)
(19970) CVSRAM: write, ticks remaining
(19972) CVSRAM: write data from dla (80008f32 8000adb8...)
(19972) CVSRAM: write, ticks remaining
(19974) CVSRAM: write data from dla (80008c99 8000a4a0...)
(19974) CVSRAM: write, ticks remaining
(19976) CVSRAM: write data from dla (8000a165 8000a648...)
(19976) CVSRAM: write, ticks remaining
(19978) CVSRAM: write data from dla (00000000 00000000...)
(19978) CVSRAM: write, ticks remaining
(19980) CVSRAM: write data from dla (00000000 00000000...)
(19980) CVSRAM: write, ticks remaining
(19982) CVSRAM: write data from dla (00000000 00000000...)
(19982) CVSRAM: write, ticks remaining
(19984) CVSRAM: write data from dla (8a469b55 80008a73...)
(19984) CVSRAM: write, ticks remaining
(19986) CVSRAM: write data from dla (8000b3a3 80009047...)
(19986) CVSRAM: write, ticks remaining
(19988) CVSRAM: write data from dla (80009dcd 80008000...)
(19988) CVSRAM: write, ticks remaining
(19990) CVSRAM: write data from dla (8000a4ea 80008dcf...)
(19990) CVSRAM: write, ticks remaining
(19992) CVSRAM: write data from dla (80009ccd 85b493b1...)
(19992) CVSRAM: write, ticks remaining
(19994) CVSRAM: write data from dla (80009cdc 8000a488...)
(19994) CVSRAM: write, ticks remaining
(19996) CVSRAM: write data from dla (8b9e9bc8 8000ac4e...)
(19996) CVSRAM: write, ticks remaining
(19998) CVSRAM: write data from dla (8000a116 8000b6d3...)
(19998) CVSRAM: write, ticks remaining
(20000) CVSRAM: write data from dla (80009c67 8000b089...)
(20000) CVSRAM: write, ticks remaining
(20002) CVSRAM: write data from dla (80008000 80009fda...)
(20002) CVSRAM: write, ticks remaining
(20004) CVSRAM: write data from dla (00000000 00000000...)
(20004) CVSRAM: write, ticks remaining
(20006) CVSRAM: write data from dla (00000000 00000000...)
(20006) CVSRAM: write, ticks remaining
(20008) CVSRAM: write data from dla (00000000 00000000...)
(20008) CVSRAM: write, ticks remaining
(20010) CVSRAM: write data from dla (8000a199 8000a7d0...)
(20010) CVSRAM: write, ticks remaining
(20012) CVSRAM: write data from dla (8000a9ea 8000a3f4...)
(20012) CVSRAM: write, ticks remaining
(20014) CVSRAM: write data from dla (8000987c 8000966f...)
(20014) CVSRAM: write, ticks remaining
(20016) CVSRAM: write data from dla (80009141 80009839...)
(20016) CVSRAM: write, ticks remaining
(20018) CVSRAM: write data from dla (80009938 80009a31...)
(20018) CVSRAM: write, ticks remaining
(20020) CVSRAM: write data from dla (8000953f 800099e1...)
(20020) CVSRAM: write, ticks remaining
(20022) CVSRAM: write data from dla (8000963d 8277a5c8...)
(20022) CVSRAM: write, ticks remaining
(20024) CVSRAM: write data from dla (80009241 80009f05...)
(20024) CVSRAM: write, ticks remaining
(20026) CVSRAM: write data from dla (8000a528 8000bcd5...)
(20026) CVSRAM: write, ticks remaining
(20028) CVSRAM: write data from dla (00000000 00000000...)
(20028) CVSRAM: write, ticks remaining
(20030) CVSRAM: write data from dla (00000000 00000000...)
(20030) CVSRAM: write, ticks remaining
(20032) CVSRAM: write data from dla (00000000 00000000...)
(20032) CVSRAM: write, ticks remaining
(20034) CVSRAM: write data from dla (93389da3 80008d69...)
(20034) CVSRAM: write, ticks remaining
(20036) CVSRAM: write data from dla (8000afc5 8868a80f...)
(20036) CVSRAM: write, ticks remaining
(20038) CVSRAM: write data from dla (8000ab2c 80009155...)
(20038) CVSRAM: write, ticks remaining
(20040) CVSRAM: write data from dla (80008b98 8000929e...)
(20040) CVSRAM: write, ticks remaining
(20042) CVSRAM: write data from dla (80009930 80009d47...)
(20042) CVSRAM: write, ticks remaining
(20044) CVSRAM: write data from dla (800088d3 8000a781...)
(20044) CVSRAM: write, ticks remaining
(20046) CVSRAM: write data from dla (80009047 8000a9d9...)
(20046) CVSRAM: write, ticks remaining
(20048) CVSRAM: write data from dla (80009453 8000a8d9...)
(20048) CVSRAM: write, ticks remaining
(20050) CVSRAM: write data from dla (80009406 80009a44...)
(20050) CVSRAM: write, ticks remaining
(20052) CVSRAM: write data from dla (80008000 80009428...)
(20052) CVSRAM: write, ticks remaining
(20054) CVSRAM: write data from dla (00000000 00000000...)
(20054) CVSRAM: write, ticks remaining
(20056) CVSRAM: write data from dla (00000000 00000000...)
(20056) CVSRAM: write, ticks remaining
(20058) CVSRAM: write data from dla (00000000 00000000...)
(20058) CVSRAM: write, ticks remaining
(20060) CVSRAM: write data from dla (8000b3b7 8000924e...)
(20060) CVSRAM: write, ticks remaining
(20062) CVSRAM: write data from dla (800094a8 800087e3...)
(20062) CVSRAM: write, ticks remaining
(20064) CVSRAM: write data from dla (8000949d 80009148...)
(20064) CVSRAM: write, ticks remaining
(20066) CVSRAM: write data from dla (8000a1ed 82b99785...)
(20066) CVSRAM: write, ticks remaining
(20068) CVSRAM: write data from dla (80009d4b 8000a761...)
(20068) CVSRAM: write, ticks remaining
(20070) CVSRAM: write data from dla (8000a763 8237a7ba...)
(20070) CVSRAM: write, ticks remaining
(20072) CVSRAM: write data from dla (8000a319 8000ad03...)
(20072) CVSRAM: write, ticks remaining
(20074) CVSRAM: write data from dla (800095f8 8000ad81...)
(20074) CVSRAM: write, ticks remaining
(20076) CVSRAM: write data from dla (8000a68f 8000b740...)
(20076) CVSRAM: write, ticks remaining
(20078) CVSRAM: write data from dla (00000000 00000000...)
(20078) CVSRAM: write, ticks remaining
(20080) CVSRAM: write data from dla (00000000 00000000...)
(20080) CVSRAM: write, ticks remaining
(20082) CVSRAM: write data from dla (00000000 00000000...)
(20082) CVSRAM: write, ticks remaining
(20084) CVSRAM: write data from dla (80009780 8000a7ef...)
(20084) CVSRAM: write, ticks remaining
(20086) CVSRAM: write data from dla (8000adde 8088b208...)
(20086) CVSRAM: write, ticks remaining
(20088) CVSRAM: write data from dla (8000a049 80009d6a...)
(20088) CVSRAM: write, ticks remaining
(20090) CVSRAM: write data from dla (8000964c 80009540...)
(20090) CVSRAM: write, ticks remaining
(20092) CVSRAM: write data from dla (8000a258 8000a3b8...)
(20092) CVSRAM: write, ticks remaining
(20094) CVSRAM: write data from dla (80009374 80009928...)
(20094) CVSRAM: write, ticks remaining
(20096) CVSRAM: write data from dla (80009f4c 8000a6f6...)
(20096) CVSRAM: write, ticks remaining
(20098) CVSRAM: write data from dla (80009982 844aa4d8...)
(20098) CVSRAM: write, ticks remaining
(20100) CVSRAM: write data from dla (80009571 888ea39e...)
(20100) CVSRAM: write, ticks remaining
(20102) CVSRAM: write data from dla (80008000 8000ac79...)
(20102) CVSRAM: write, ticks remaining
(20104) CVSRAM: write data from dla (00000000 00000000...)
(20104) CVSRAM: write, ticks remaining
(20106) CVSRAM: write data from dla (00000000 00000000...)
(20106) CVSRAM: write, ticks remaining
(20108) CVSRAM: write data from dla (00000000 00000000...)
(20108) CVSRAM: write, ticks remaining
(20110) CVSRAM: write data from dla (8000b9e3 80009b74...)
(20110) CVSRAM: write, ticks remaining
(20112) CVSRAM: write data from dla (8000ae99 80009ba0...)
(20112) CVSRAM: write, ticks remaining
(20114) CVSRAM: write data from dla (82f58ef6 800091df...)
(20114) CVSRAM: write, ticks remaining
(20116) CVSRAM: write data from dla (80008ecb 80009fa2...)
(20116) CVSRAM: write, ticks remaining
(20118) CVSRAM: write data from dla (80009044 8000a247...)
(20118) CVSRAM: write, ticks remaining
(20120) CVSRAM: write data from dla (800098db 8000a4ce...)
(20120) CVSRAM: write, ticks remaining
(20122) CVSRAM: write data from dla (800098fe 8000a2fa...)
(20122) CVSRAM: write, ticks remaining
(20124) CVSRAM: write data from dla (80008fdf 80009d48...)
(20124) CVSRAM: write, ticks remaining
(20126) CVSRAM: write data from dla (8000a1fa 8000a2d5...)
(20126) CVSRAM: write, ticks remaining
(20128) CVSRAM: write data from dla (00000000 00000000...)
(20128) CVSRAM: write, ticks remaining
(20130) CVSRAM: write data from dla (00000000 00000000...)
(20130) CVSRAM: write, ticks remaining
(20132) CVSRAM: write data from dla (00000000 00000000...)
(20132) CVSRAM: write, ticks remaining
(20134) CVSRAM: write data from dla (8b9b94b0 800083b0...)
(20134) CVSRAM: write, ticks remaining
(20136) CVSRAM: write data from dla (80009961 800095e4...)
(20136) CVSRAM: write, ticks remaining
(20138) CVSRAM: write data from dla (800093a7 800085ff...)
(20138) CVSRAM: write, ticks remaining
(20140) CVSRAM: write data from dla (800092f2 80009bb3...)
(20140) CVSRAM: write, ticks remaining
(20142) CVSRAM: write data from dla (80009ae9 8000a0fc...)
(20142) CVSRAM: write, ticks remaining
(20144) CVSRAM: write data from dla (8000a2e1 8000a754...)
(20144) CVSRAM: write, ticks remaining
(20146) CVSRAM: write data from dla (80009f16 8000a528...)
(20146) CVSRAM: write, ticks remaining
(20148) CVSRAM: write data from dla (8000a6a2 8000b0e1...)
(20148) CVSRAM: write, ticks remaining
(20150) CVSRAM: write data from dla (8000a3e4 8000b4ad...)
(20150) CVSRAM: write, ticks remaining
(20152) CVSRAM: write data from dla (80008000 80009fed...)
(20152) CVSRAM: write, ticks remaining
(20154) CVSRAM: write data from dla (00000000 00000000...)
(20154) CVSRAM: write, ticks remaining
(20156) CVSRAM: write data from dla (00000000 00000000...)
(20156) CVSRAM: write, ticks remaining
(20158) CVSRAM: write data from dla (00000000 00000000...)
(20158) CVSRAM: write, ticks remaining
(20160) CVSRAM: write data from dla (80008000 82a9a45f...)
(20160) CVSRAM: write, ticks remaining
(20162) CVSRAM: write data from dla (8000820a 8000a25a...)
(20162) CVSRAM: write, ticks remaining
(20164) CVSRAM: write data from dla (80008000 800090bf...)
(20164) CVSRAM: write, ticks remaining
(20166) CVSRAM: write data from dla (80008000 80008f0b...)
(20166) CVSRAM: write, ticks remaining
(20168) CVSRAM: write data from dla (8a298000 8000a2d1...)
(20168) CVSRAM: write, ticks remaining
(20170) CVSRAM: write data from dla (800d8000 800094fe...)
(20170) CVSRAM: write, ticks remaining
(20172) CVSRAM: write data from dla (80008000 80f1a066...)
(20172) CVSRAM: write, ticks remaining
(20174) CVSRAM: write data from dla (80008000 80009402...)
(20174) CVSRAM: write, ticks remaining
(20176) CVSRAM: write data from dla (80008000 8000b6e9...)
(20176) CVSRAM: write, ticks remaining
(20178) CVSRAM: write data from dla (00000000 00000000...)
(20178) CVSRAM: write, ticks remaining
(20180) CVSRAM: write data from dla (00000000 00000000...)
(20180) CVSRAM: write, ticks remaining
(20182) CVSRAM: write data from dla (00000000 00000000...)
(20182) CVSRAM: write, ticks remaining
(20184) CVSRAM: write data from dla (00000000 00000000...)
(20184) CVSRAM: write, ticks remaining
(20186) CVSRAM: write data from dla (00000000 00000000...)
(20186) CVSRAM: write, ticks remaining
(20188) CVSRAM: write data from dla (00000000 00000000...)
(20188) CVSRAM: write, ticks remaining
(20190) CVSRAM: write data from dla (00000000 00000000...)
(20190) CVSRAM: write, ticks remaining
(20192) CVSRAM: write data from dla (00000000 00000000...)
(20192) CVSRAM: write, ticks remaining
(20194) CVSRAM: write data from dla (00000000 00000000...)
(20194) CVSRAM: write, ticks remaining
(20196) CVSRAM: write data from dla (81d38000 80008000...)
(20196) CVSRAM: write, ticks remaining
(20198) CVSRAM: write data from dla (80008000 80008000...)
(20198) CVSRAM: write, ticks remaining
(20200) CVSRAM: write data from dla (80008000 80008000...)
(20200) CVSRAM: write, ticks remaining
(20202) CVSRAM: write data from dla (80008000 80008000...)
(20202) CVSRAM: write, ticks remaining
(20204) CVSRAM: write data from dla (80008000 80008000...)
(20204) CVSRAM: write, ticks remaining
(20206) CVSRAM: write data from dla (80008000 80008000...)
(20206) CVSRAM: write, ticks remaining
(20208) CVSRAM: write data from dla (80008000 80008000...)
(20208) CVSRAM: write, ticks remaining
(20210) CVSRAM: write data from dla (80008000 80008000...)
(20210) CVSRAM: write, ticks remaining
(20212) CVSRAM: write data from dla (80008000 80008000...)
(20212) CVSRAM: write, ticks remaining
(20214) CVSRAM: write data from dla (80008959 80008000...)
(20214) CVSRAM: write, ticks remaining
(20216) CVSRAM: write data from dla (00000000 00000000...)
(20216) CVSRAM: write, ticks remaining
(20218) CVSRAM: write data from dla (00000000 00000000...)
(20218) CVSRAM: write, ticks remaining
(20220) CVSRAM: write data from dla (00000000 00000000...)
(20220) CVSRAM: write, ticks remaining
(20222) CVSRAM: write data from dla (80008000 80008000...)
(20222) CVSRAM: write, ticks remaining
(20224) CVSRAM: write data from dla (80008000 80008000...)
(20224) CVSRAM: write, ticks remaining
(20226) CVSRAM: write data from dla (80008000 80008000...)
(20226) CVSRAM: write, ticks remaining
(20228) CVSRAM: write data from dla (800081ff 80008000...)
(20228) CVSRAM: write, ticks remaining
(20230) CVSRAM: write data from dla (80008000 80008000...)
(20230) CVSRAM: write, ticks remaining
(20232) CVSRAM: write data from dla (80008000 8000807d...)
(20232) CVSRAM: write, ticks remaining
(20234) CVSRAM: write data from dla (80008000 80008000...)
(20234) CVSRAM: write, ticks remaining
(20236) CVSRAM: write data from dla (80008000 80008000...)
(20236) CVSRAM: write, ticks remaining
(20238) CVSRAM: write data from dla (80008000 80008000...)
(20238) CVSRAM: write, ticks remaining
(20240) CVSRAM: write data from dla (00000000 00000000...)
(20240) CVSRAM: write, ticks remaining
(20242) CVSRAM: write data from dla (00000000 00000000...)
(20242) CVSRAM: write, ticks remaining
(20244) CVSRAM: write data from dla (00000000 00000000...)
(20244) CVSRAM: write, ticks remaining
(20246) CVSRAM: write data from dla (80498000 80008000...)
(20246) CVSRAM: write, ticks remaining
(20248) CVSRAM: write data from dla (80008000 80008000...)
(20248) CVSRAM: write, ticks remaining
(20250) CVSRAM: write data from dla (80008000 80008000...)
(20250) CVSRAM: write, ticks remaining
(20252) CVSRAM: write data from dla (80008000 80008000...)
(20252) CVSRAM: write, ticks remaining
(20254) CVSRAM: write data from dla (80008657 80008000...)
(20254) CVSRAM: write, ticks remaining
(20256) CVSRAM: write data from dla (8000852c 80008000...)
(20256) CVSRAM: write, ticks remaining
(20258) CVSRAM: write data from dla (800083d2 80008000...)
(20258) CVSRAM: write, ticks remaining
(20260) CVSRAM: write data from dla (80008000 80008000...)
(20260) CVSRAM: write, ticks remaining
(20262) CVSRAM: write data from dla (80008000 80008000...)
(20262) CVSRAM: write, ticks remaining
(20264) CVSRAM: write data from dla (80008c76 80008000...)
(20264) CVSRAM: write, ticks remaining
(20266) CVSRAM: write data from dla (00000000 00000000...)
(20266) CVSRAM: write, ticks remaining
(20268) CVSRAM: write data from dla (00000000 00000000...)
(20268) CVSRAM: write, last tick
(20272) CVSRAM: write request from dla, addr 5000c0c0 id 0
(20274) CVSRAM: write data from dla (00000000 00000000...)
(20274) CVSRAM: write, ticks remaining
(20276) CVSRAM: write data from dla (80008000 800086c3...)
(20276) CVSRAM: write, ticks remaining
(20278) CVSRAM: write data from dla (80008000 80008224...)
(20278) CVSRAM: write, ticks remaining
(20280) CVSRAM: write data from dla (80008000 8000857a...)
(20280) CVSRAM: write, ticks remaining
(20282) CVSRAM: write data from dla (80008b17 80008000...)
(20282) CVSRAM: write, ticks remaining
(20284) CVSRAM: write data from dla (80008000 8000811b...)
(20284) CVSRAM: write, ticks remaining
(20286) CVSRAM: write data from dla (80008000 80008000...)
(20286) CVSRAM: write, ticks remaining
(20288) CVSRAM: write data from dla (80008000 80008733...)
(20288) CVSRAM: write, ticks remaining
(20290) CVSRAM: write data from dla (800081a0 80008d8c...)
(20290) CVSRAM: write, ticks remaining
(20292) CVSRAM: write data from dla (8000871c 80008000...)
(20292) CVSRAM: write, ticks remaining
(20294) CVSRAM: write data from dla (00000000 00000000...)
(20294) CVSRAM: write, ticks remaining
(20296) CVSRAM: write data from dla (00000000 00000000...)
(20296) CVSRAM: write, ticks remaining
(20298) CVSRAM: write data from dla (00000000 00000000...)
(20298) CVSRAM: write, ticks remaining
(20300) CVSRAM: write data from dla (805d8000 80008000...)
(20300) CVSRAM: write, ticks remaining
(20302) CVSRAM: write data from dla (80008000 800089b2...)
(20302) CVSRAM: write, ticks remaining
(20304) CVSRAM: write data from dla (80008000 80008000...)
(20304) CVSRAM: write, ticks remaining
(20306) CVSRAM: write data from dla (80008000 80008ab8...)
(20306) CVSRAM: write, ticks remaining
(20308) CVSRAM: write data from dla (80008000 80008000...)
(20308) CVSRAM: write, ticks remaining
(20310) CVSRAM: write data from dla (80008000 80008000...)
(20310) CVSRAM: write, ticks remaining
(20312) CVSRAM: write data from dla (80008000 80008000...)
(20312) CVSRAM: write, ticks remaining
(20314) CVSRAM: write data from dla (80008000 80008000...)
(20314) CVSRAM: write, ticks remaining
(20316) CVSRAM: write data from dla (80008000 80008000...)
(20316) CVSRAM: write, ticks remaining
(20318) CVSRAM: write data from dla (80008f74 80008000...)
(20318) CVSRAM: write, ticks remaining
(20320) CVSRAM: write data from dla (00000000 00000000...)
(20320) CVSRAM: write, ticks remaining
(20322) CVSRAM: write data from dla (00000000 00000000...)
(20322) CVSRAM: write, ticks remaining
(20324) CVSRAM: write data from dla (00000000 00000000...)
(20324) CVSRAM: write, ticks remaining
(20326) CVSRAM: write data from dla (80008000 80008000...)
(20326) CVSRAM: write, ticks remaining
(20328) CVSRAM: write data from dla (800081f5 80008000...)
(20328) CVSRAM: write, ticks remaining
(20330) CVSRAM: write data from dla (80008000 80008000...)
(20330) CVSRAM: write, ticks remaining
(20332) CVSRAM: write data from dla (80008539 80008718...)
(20332) CVSRAM: write, ticks remaining
(20334) CVSRAM: write data from dla (80008000 8000833e...)
(20334) CVSRAM: write, ticks remaining
(20336) CVSRAM: write data from dla (8000821a 800080c9...)
(20336) CVSRAM: write, ticks remaining
(20338) CVSRAM: write data from dla (80008000 80008000...)
(20338) CVSRAM: write, ticks remaining
(20340) CVSRAM: write data from dla (80008000 80008373...)
(20340) CVSRAM: write, ticks remaining
(20342) CVSRAM: write data from dla (800089a5 84218483...)
(20342) CVSRAM: write, ticks remaining
(20344) CVSRAM: write data from dla (00000000 00000000...)
(20344) CVSRAM: write, ticks remaining
(20346) CVSRAM: write data from dla (00000000 00000000...)
(20346) CVSRAM: write, ticks remaining
(20348) CVSRAM: write data from dla (00000000 00000000...)
(20348) CVSRAM: write, ticks remaining
(20350) CVSRAM: write data from dla (80008000 80008ee3...)
(20350) CVSRAM: write, ticks remaining
(20352) CVSRAM: write data from dla (80008000 80008000...)
(20352) CVSRAM: write, ticks remaining
(20354) CVSRAM: write data from dla (80008000 80008000...)
(20354) CVSRAM: write, ticks remaining
(20356) CVSRAM: write data from dla (80008000 80008000...)
(20356) CVSRAM: write, ticks remaining
(20358) CVSRAM: write data from dla (80008000 80008240...)
(20358) CVSRAM: write, ticks remaining
(20360) CVSRAM: write data from dla (80008000 8000898f...)
(20360) CVSRAM: write, ticks remaining
(20362) CVSRAM: write data from dla (80008000 80008dfc...)
(20362) CVSRAM: write, ticks remaining
(20364) CVSRAM: write data from dla (80008000 80008fbd...)
(20364) CVSRAM: write, ticks remaining
(20366) CVSRAM: write data from dla (80008137 800088c0...)
(20366) CVSRAM: write, ticks remaining
(20368) CVSRAM: write data from dla (8000868e 80008000...)
(20368) CVSRAM: write, ticks remaining
(20370) CVSRAM: write data from dla (00000000 00000000...)
(20370) CVSRAM: write, ticks remaining
(20372) CVSRAM: write data from dla (00000000 00000000...)
(20372) CVSRAM: write, ticks remaining
(20374) CVSRAM: write data from dla (00000000 00000000...)
(20374) CVSRAM: write, ticks remaining
(20376) CVSRAM: write data from dla (80008000 80008000...)
(20376) CVSRAM: write, ticks remaining
(20378) CVSRAM: write data from dla (8000817c 80008ae4...)
(20378) CVSRAM: write, ticks remaining
(20380) CVSRAM: write data from dla (80008000 80008000...)
(20380) CVSRAM: write, ticks remaining
(20382) CVSRAM: write data from dla (80008000 80008000...)
(20382) CVSRAM: write, ticks remaining
(20384) CVSRAM: write data from dla (80008000 80008000...)
(20384) CVSRAM: write, ticks remaining
(20386) CVSRAM: write data from dla (80008000 80008000...)
(20386) CVSRAM: write, ticks remaining
(20388) CVSRAM: write data from dla (80008000 80008000...)
(20388) CVSRAM: write, ticks remaining
(20390) CVSRAM: write data from dla (80008000 80008000...)
(20390) CVSRAM: write, ticks remaining
(20392) CVSRAM: write data from dla (80008000 8000812d...)
(20392) CVSRAM: write, ticks remaining
(20394) CVSRAM: write data from dla (00000000 00000000...)
(20394) CVSRAM: write, ticks remaining
(20396) CVSRAM: write data from dla (00000000 00000000...)
(20396) CVSRAM: write, ticks remaining
(20398) CVSRAM: write data from dla (00000000 00000000...)
(20398) CVSRAM: write, ticks remaining
(20400) CVSRAM: write data from dla (80eb8000 80008000...)
(20400) CVSRAM: write, ticks remaining
(20402) CVSRAM: write data from dla (80008163 80008000...)
(20402) CVSRAM: write, ticks remaining
(20404) CVSRAM: write data from dla (80008000 800080af...)
(20404) CVSRAM: write, ticks remaining
(20406) CVSRAM: write data from dla (80008000 800086a4...)
(20406) CVSRAM: write, ticks remaining
(20408) CVSRAM: write data from dla (80008000 80008000...)
(20408) CVSRAM: write, ticks remaining
(20410) CVSRAM: write data from dla (80008000 80008000...)
(20410) CVSRAM: write, ticks remaining
(20412) CVSRAM: write data from dla (80008000 80008000...)
(20412) CVSRAM: write, ticks remaining
(20414) CVSRAM: write data from dla (80008000 80008000...)
(20414) CVSRAM: write, ticks remaining
(20416) CVSRAM: write data from dla (80008000 8000864b...)
(20416) CVSRAM: write, ticks remaining
(20418) CVSRAM: write data from dla (80008528 80008000...)
(20418) CVSRAM: write, ticks remaining
(20420) CVSRAM: write data from dla (00000000 00000000...)
(20420) CVSRAM: write, ticks remaining
(20422) CVSRAM: write data from dla (00000000 00000000...)
(20422) CVSRAM: write, ticks remaining
(20424) CVSRAM: write data from dla (00000000 00000000...)
(20424) CVSRAM: write, ticks remaining
(20426) CVSRAM: write data from dla (80008000 80008b5d...)
(20426) CVSRAM: write, ticks remaining
(20428) CVSRAM: write data from dla (80008000 80008021...)
(20428) CVSRAM: write, ticks remaining
(20430) CVSRAM: write data from dla (80008000 80008f3e...)
(20430) CVSRAM: write, ticks remaining
(20432) CVSRAM: write data from dla (80008000 800088f0...)
(20432) CVSRAM: write, ticks remaining
(20434) CVSRAM: write data from dla (80008000 800098f2...)
(20434) CVSRAM: write, ticks remaining
(20436) CVSRAM: write data from dla (80008000 80009326...)
(20436) CVSRAM: write, ticks remaining
(20438) CVSRAM: write data from dla (80008000 800087ca...)
(20438) CVSRAM: write, ticks remaining
(20440) CVSRAM: write data from dla (80008000 80008000...)
(20440) CVSRAM: write, ticks remaining
(20442) CVSRAM: write data from dla (8000847e 80008000...)
(20442) CVSRAM: write, ticks remaining
(20444) CVSRAM: write data from dla (00000000 00000000...)
(20444) CVSRAM: write, ticks remaining
(20446) CVSRAM: write data from dla (00000000 00000000...)
(20446) CVSRAM: write, ticks remaining
(20448) CVSRAM: write data from dla (00000000 00000000...)
(20448) CVSRAM: write, ticks remaining
(20450) CVSRAM: write data from dla (80008000 80008000...)
(20450) CVSRAM: write, ticks remaining
(20452) CVSRAM: write data from dla (800082f8 80008000...)
(20452) CVSRAM: write, ticks remaining
(20454) CVSRAM: write data from dla (80008000 80008000...)
(20454) CVSRAM: write, ticks remaining
(20456) CVSRAM: write data from dla (80008000 80008000...)
(20456) CVSRAM: write, ticks remaining
(20458) CVSRAM: write data from dla (80008000 80008000...)
(20458) CVSRAM: write, ticks remaining
(20460) CVSRAM: write data from dla (80008000 80008000...)
(20460) CVSRAM: write, ticks remaining
(20462) CVSRAM: write data from dla (80008000 80008000...)
(20462) CVSRAM: write, ticks remaining
(20464) CVSRAM: write data from dla (80008000 80008000...)
(20464) CVSRAM: write, ticks remaining
(20466) CVSRAM: write data from dla (80008000 80008000...)
(20466) CVSRAM: write, ticks remaining
(20468) CVSRAM: write data from dla (80009dd9 81c68000...)
(20468) CVSRAM: write, ticks remaining
(20470) CVSRAM: write data from dla (00000000 00000000...)
(20470) CVSRAM: write, ticks remaining
(20472) CVSRAM: write data from dla (00000000 00000000...)
(20472) CVSRAM: write, ticks remaining
(20474) CVSRAM: write data from dla (00000000 00000000...)
(20474) CVSRAM: write, ticks remaining
(20476) CVSRAM: write data from dla (80008000 80008000...)
(20476) CVSRAM: write, ticks remaining
(20478) CVSRAM: write data from dla (80008000 800097c2...)
(20478) CVSRAM: write, ticks remaining
(20480) CVSRAM: write data from dla (80008000 80008000...)
(20480) CVSRAM: write, ticks remaining
(20482) CVSRAM: write data from dla (80008000 80008000...)
(20482) CVSRAM: write, ticks remaining
(20484) CVSRAM: write data from dla (80008000 800081e1...)
(20484) CVSRAM: write, ticks remaining
(20486) CVSRAM: write data from dla (80008000 80008000...)
(20486) CVSRAM: write, ticks remaining
(20488) CVSRAM: write data from dla (80008000 80008000...)
(20488) CVSRAM: write, ticks remaining
(20490) CVSRAM: write data from dla (80008000 80008751...)
(20490) CVSRAM: write, ticks remaining
(20492) CVSRAM: write data from dla (80008b80 8cc386ec...)
(20492) CVSRAM: write, ticks remaining
(20494) CVSRAM: write data from dla (00000000 00000000...)
(20494) CVSRAM: write, ticks remaining
(20496) CVSRAM: write data from dla (00000000 00000000...)
(20496) CVSRAM: write, ticks remaining
(20498) CVSRAM: write data from dla (00000000 00000000...)
(20498) CVSRAM: write, ticks remaining
(20500) CVSRAM: write data from dla (831f8000 800086fc...)
(20500) CVSRAM: write, ticks remaining
(20502) CVSRAM: write data from dla (80008000 800089b8...)
(20502) CVSRAM: write, ticks remaining
(20504) CVSRAM: write data from dla (80008000 80009d32...)
(20504) CVSRAM: write, ticks remaining
(20506) CVSRAM: write data from dla (80008000 80008000...)
(20506) CVSRAM: write, ticks remaining
(20508) CVSRAM: write data from dla (80008000 80008000...)
(20508) CVSRAM: write, ticks remaining
(20510) CVSRAM: write data from dla (80008000 800095d5...)
(20510) CVSRAM: write, ticks remaining
(20512) CVSRAM: write data from dla (80008000 80008000...)
(20512) CVSRAM: write, ticks remaining
(20514) CVSRAM: write data from dla (80008000 80008000...)
(20514) CVSRAM: write, ticks remaining
(20516) CVSRAM: write data from dla (80008093 80008000...)
(20516) CVSRAM: write, ticks remaining
(20518) CVSRAM: write data from dla (80009332 80008000...)
(20518) CVSRAM: write, ticks remaining
(20520) CVSRAM: write data from dla (00000000 00000000...)
(20520) CVSRAM: write, ticks remaining
(20522) CVSRAM: write data from dla (00000000 00000000...)
(20522) CVSRAM: write, ticks remaining
(20524) CVSRAM: write data from dla (00000000 00000000...)
(20524) CVSRAM: write, ticks remaining
(20526) CVSRAM: write data from dla (80008000 80008000...)
(20526) CVSRAM: write, ticks remaining
(20528) CVSRAM: write data from dla (80008000 80008000...)
(20528) CVSRAM: write, ticks remaining
(20530) CVSRAM: write data from dla (80008000 80008000...)
(20530) CVSRAM: write, ticks remaining
(20532) CVSRAM: write data from dla (80008000 80008000...)
(20532) CVSRAM: write, ticks remaining
(20534) CVSRAM: write data from dla (80008000 80008000...)
(20534) CVSRAM: write, ticks remaining
(20536) CVSRAM: write data from dla (80008000 80008000...)
(20536) CVSRAM: write, ticks remaining
(20538) CVSRAM: write data from dla (80008000 80008000...)
(20538) CVSRAM: write, ticks remaining
(20540) CVSRAM: write data from dla (80008000 80008000...)
(20540) CVSRAM: write, ticks remaining
(20542) CVSRAM: write data from dla (80008412 80008000...)
(20542) CVSRAM: write, ticks remaining
(20544) CVSRAM: write data from dla (00000000 00000000...)
(20544) CVSRAM: write, ticks remaining
(20546) CVSRAM: write data from dla (00000000 00000000...)
(20546) CVSRAM: write, ticks remaining
(20548) CVSRAM: write data from dla (00000000 00000000...)
(20548) CVSRAM: write, ticks remaining
(20550) CVSRAM: write data from dla (89af8000 800084a0...)
(20550) CVSRAM: write, ticks remaining
(20552) CVSRAM: write data from dla (80008000 80008b60...)
(20552) CVSRAM: write, ticks remaining
(20554) CVSRAM: write data from dla (80008000 80008000...)
(20554) CVSRAM: write, ticks remaining
(20556) CVSRAM: write data from dla (80008000 80008447...)
(20556) CVSRAM: write, ticks remaining
(20558) CVSRAM: write data from dla (80008000 800083b6...)
(20558) CVSRAM: write, ticks remaining
(20560) CVSRAM: write data from dla (80008000 800082c0...)
(20560) CVSRAM: write, ticks remaining
(20562) CVSRAM: write data from dla (80008000 80008000...)
(20562) CVSRAM: write, ticks remaining
(20564) CVSRAM: write data from dla (80008000 80008000...)
(20564) CVSRAM: write, ticks remaining
(20566) CVSRAM: write data from dla (80008000 8000892c...)
(20566) CVSRAM: write, ticks remaining
(20568) CVSRAM: write data from dla (80008615 8000838d...)
(20568) CVSRAM: write, ticks remaining
(20570) CVSRAM: write data from dla (00000000 00000000...)
(20570) CVSRAM: write, ticks remaining
(20572) CVSRAM: write data from dla (00000000 00000000...)
(20572) CVSRAM: write, ticks remaining
(20574) CVSRAM: write data from dla (00000000 00000000...)
(20574) CVSRAM: write, ticks remaining
(20576) CVSRAM: write data from dla (80008000 8000900b...)
(20576) CVSRAM: write, ticks remaining
(20578) CVSRAM: write data from dla (800083d6 80008926...)
(20578) CVSRAM: write, ticks remaining
(20580) CVSRAM: write data from dla (80008000 80008f74...)
(20580) CVSRAM: write, ticks remaining
(20582) CVSRAM: write data from dla (80008000 80008000...)
(20582) CVSRAM: write, ticks remaining
(20584) CVSRAM: write data from dla (80008000 80008000...)
(20584) CVSRAM: write, ticks remaining
(20586) CVSRAM: write data from dla (80008000 80008000...)
(20586) CVSRAM: write, ticks remaining
(20588) CVSRAM: write data from dla (80008000 80008000...)
(20588) CVSRAM: write, ticks remaining
(20590) CVSRAM: write data from dla (80008000 80008000...)
(20590) CVSRAM: write, ticks remaining
(20592) CVSRAM: write data from dla (800084b0 80008000...)
(20592) CVSRAM: write, ticks remaining
(20594) CVSRAM: write data from dla (00000000 00000000...)
(20594) CVSRAM: write, ticks remaining
(20596) CVSRAM: write data from dla (00000000 00000000...)
(20596) CVSRAM: write, ticks remaining
(20598) CVSRAM: write data from dla (00000000 00000000...)
(20598) CVSRAM: write, ticks remaining
(20600) CVSRAM: write data from dla (84218000 80008000...)
(20600) CVSRAM: write, ticks remaining
(20602) CVSRAM: write data from dla (80008000 80008000...)
(20602) CVSRAM: write, ticks remaining
(20604) CVSRAM: write data from dla (80008000 80008000...)
(20604) CVSRAM: write, ticks remaining
(20606) CVSRAM: write data from dla (80008000 80008000...)
(20606) CVSRAM: write, ticks remaining
(20608) CVSRAM: write data from dla (800081cb 80008000...)
(20608) CVSRAM: write, ticks remaining
(20610) CVSRAM: write data from dla (80008000 80008000...)
(20610) CVSRAM: write, ticks remaining
(20612) CVSRAM: write data from dla (80008000 80008000...)
(20612) CVSRAM: write, ticks remaining
(20614) CVSRAM: write data from dla (80008000 80008000...)
(20614) CVSRAM: write, ticks remaining
(20616) CVSRAM: write data from dla (80008000 80008000...)
(20616) CVSRAM: write, ticks remaining
(20618) CVSRAM: write data from dla (80008534 82ff8000...)
(20618) CVSRAM: write, ticks remaining
(20620) CVSRAM: write data from dla (00000000 00000000...)
(20620) CVSRAM: write, ticks remaining
(20622) CVSRAM: write data from dla (00000000 00000000...)
(20622) CVSRAM: write, ticks remaining
(20624) CVSRAM: write data from dla (00000000 00000000...)
(20624) CVSRAM: write, ticks remaining
(20626) CVSRAM: write data from dla (80008000 8000886e...)
(20626) CVSRAM: write, ticks remaining
(20628) CVSRAM: write data from dla (80008000 80008e24...)
(20628) CVSRAM: write, ticks remaining
(20630) CVSRAM: write data from dla (80008000 8000852c...)
(20630) CVSRAM: write, ticks remaining
(20632) CVSRAM: write data from dla (80008000 800086ca...)
(20632) CVSRAM: write, ticks remaining
(20634) CVSRAM: write data from dla (80008000 80008104...)
(20634) CVSRAM: write, ticks remaining
(20636) CVSRAM: write data from dla (80008000 8000844d...)
(20636) CVSRAM: write, ticks remaining
(20638) CVSRAM: write data from dla (80008000 800081fc...)
(20638) CVSRAM: write, ticks remaining
(20640) CVSRAM: write data from dla (80008000 80008672...)
(20640) CVSRAM: write, ticks remaining
(20642) CVSRAM: write data from dla (80008872 800090d0...)
(20642) CVSRAM: write, ticks remaining
(20644) CVSRAM: write data from dla (00000000 00000000...)
(20644) CVSRAM: write, ticks remaining
(20646) CVSRAM: write data from dla (00000000 00000000...)
(20646) CVSRAM: write, ticks remaining
(20648) CVSRAM: write data from dla (00000000 00000000...)
(20648) CVSRAM: write, ticks remaining
(20650) CVSRAM: write data from dla (8fee8000 8000a7ca...)
(20650) CVSRAM: write, ticks remaining
(20652) CVSRAM: write data from dla (80008000 80009a2a...)
(20652) CVSRAM: write, ticks remaining
(20654) CVSRAM: write data from dla (80008000 80009b8c...)
(20654) CVSRAM: write, ticks remaining
(20656) CVSRAM: write data from dla (80008000 8000809f...)
(20656) CVSRAM: write, ticks remaining
(20658) CVSRAM: write data from dla (80008000 800080ef...)
(20658) CVSRAM: write, ticks remaining
(20660) CVSRAM: write data from dla (80008000 80008000...)
(20660) CVSRAM: write, ticks remaining
(20662) CVSRAM: write data from dla (80008000 8000883f...)
(20662) CVSRAM: write, ticks remaining
(20664) CVSRAM: write data from dla (80008000 80008000...)
(20664) CVSRAM: write, ticks remaining
(20666) CVSRAM: write data from dla (80008000 80008000...)
(20666) CVSRAM: write, ticks remaining
(20668) CVSRAM: write data from dla (800082d5 80008000...)
(20668) CVSRAM: write, ticks remaining
(20670) CVSRAM: write data from dla (00000000 00000000...)
(20670) CVSRAM: write, ticks remaining
(20672) CVSRAM: write data from dla (00000000 00000000...)
(20672) CVSRAM: write, ticks remaining
(20674) CVSRAM: write data from dla (00000000 00000000...)
(20674) CVSRAM: write, ticks remaining
(20676) CVSRAM: write data from dla (00000000 00000000...)
(20676) CVSRAM: write, ticks remaining
(20678) CVSRAM: write data from dla (00000000 00000000...)
(20678) CVSRAM: write, ticks remaining
(20680) CVSRAM: write data from dla (00000000 00000000...)
(20680) CVSRAM: write, ticks remaining
(20682) CVSRAM: write data from dla (00000000 00000000...)
(20682) CVSRAM: write, ticks remaining
(20684) CVSRAM: write data from dla (00000000 00000000...)
(20684) CVSRAM: write, ticks remaining
(20686) CVSRAM: write data from dla (00000000 00000000...)
(20686) CVSRAM: write, ticks remaining
(20688) CVSRAM: write data from dla (80008000 80008000...)
(20688) CVSRAM: write, ticks remaining
(20690) CVSRAM: write data from dla (80008000 80008000...)
(20690) CVSRAM: write, ticks remaining
(20692) CVSRAM: write data from dla (80008000 80008000...)
(20692) CVSRAM: write, ticks remaining
(20694) CVSRAM: write data from dla (80008000 80008000...)
(20694) CVSRAM: write, ticks remaining
(20696) CVSRAM: write data from dla (80008000 80008000...)
(20696) CVSRAM: write, ticks remaining
(20698) CVSRAM: write data from dla (80008000 80008000...)
(20698) CVSRAM: write, ticks remaining
(20700) CVSRAM: write data from dla (80008000 80008000...)
(20700) CVSRAM: write, ticks remaining
(20702) CVSRAM: write data from dla (80008000 80008000...)
(20702) CVSRAM: write, ticks remaining
(20704) CVSRAM: write data from dla (80008000 80008000...)
(20704) CVSRAM: write, ticks remaining
(20706) CVSRAM: write data from dla (00000000 00000000...)
(20706) CVSRAM: write, ticks remaining
(20708) CVSRAM: write data from dla (00000000 00000000...)
(20708) CVSRAM: write, ticks remaining
(20710) CVSRAM: write data from dla (00000000 00000000...)
(20710) CVSRAM: write, ticks remaining
(20712) CVSRAM: write data from dla (80008000 80008000...)
(20712) CVSRAM: write, ticks remaining
(20714) CVSRAM: write data from dla (80008000 80008000...)
(20714) CVSRAM: write, ticks remaining
(20716) CVSRAM: write data from dla (80008000 80008000...)
(20716) CVSRAM: write, ticks remaining
(20718) CVSRAM: write data from dla (80008000 80008000...)
(20718) CVSRAM: write, ticks remaining
(20720) CVSRAM: write data from dla (80008000 80008000...)
(20720) CVSRAM: write, ticks remaining
(20722) CVSRAM: write data from dla (80008000 80008000...)
(20722) CVSRAM: write, ticks remaining
(20724) CVSRAM: write data from dla (80008000 80008000...)
(20724) CVSRAM: write, ticks remaining
(20726) CVSRAM: write data from dla (80008000 80008000...)
(20726) CVSRAM: write, ticks remaining
(20728) CVSRAM: write data from dla (80008000 80008000...)
(20728) CVSRAM: write, ticks remaining
(20730) CVSRAM: write data from dla (80008000 80008000...)
(20730) CVSRAM: write, ticks remaining
(20732) CVSRAM: write data from dla (00000000 00000000...)
(20732) CVSRAM: write, ticks remaining
(20734) CVSRAM: write data from dla (00000000 00000000...)
(20734) CVSRAM: write, ticks remaining
(20736) CVSRAM: write data from dla (00000000 00000000...)
(20736) CVSRAM: write, ticks remaining
(20738) CVSRAM: write data from dla (80008000 80008000...)
(20738) CVSRAM: write, ticks remaining
(20740) CVSRAM: write data from dla (80008000 80008000...)
(20740) CVSRAM: write, ticks remaining
(20742) CVSRAM: write data from dla (80008000 80008000...)
(20742) CVSRAM: write, ticks remaining
(20744) CVSRAM: write data from dla (80008000 80008000...)
(20744) CVSRAM: write, ticks remaining
(20746) CVSRAM: write data from dla (80008000 800082a3...)
(20746) CVSRAM: write, ticks remaining
(20748) CVSRAM: write data from dla (80008000 80008000...)
(20748) CVSRAM: write, ticks remaining
(20750) CVSRAM: write data from dla (80008000 80008000...)
(20750) CVSRAM: write, ticks remaining
(20752) CVSRAM: write data from dla (80008000 80008000...)
(20752) CVSRAM: write, ticks remaining
(20754) CVSRAM: write data from dla (80008000 80008000...)
(20754) CVSRAM: write, ticks remaining
(20756) CVSRAM: write data from dla (00000000 00000000...)
(20756) CVSRAM: write, ticks remaining
(20758) CVSRAM: write data from dla (00000000 00000000...)
(20758) CVSRAM: write, ticks remaining
(20760) CVSRAM: write data from dla (00000000 00000000...)
(20760) CVSRAM: write, ticks remaining
(20762) CVSRAM: write data from dla (80008000 80008000...)
(20762) CVSRAM: write, ticks remaining
(20764) CVSRAM: write data from dla (80008000 80008000...)
(20764) CVSRAM: write, ticks remaining
(20766) CVSRAM: write data from dla (80008000 80008000...)
(20766) CVSRAM: write, ticks remaining
(20768) CVSRAM: write data from dla (80008000 80008000...)
(20768) CVSRAM: write, ticks remaining
(20770) CVSRAM: write data from dla (800083e6 80008000...)
(20770) CVSRAM: write, ticks remaining
(20772) CVSRAM: write data from dla (80008000 80008000...)
(20772) CVSRAM: write, ticks remaining
(20774) CVSRAM: write data from dla (80008000 80008000...)
(20774) CVSRAM: write, ticks remaining
(20776) CVSRAM: write data from dla (80008000 80008000...)
(20776) CVSRAM: write, ticks remaining
(20778) CVSRAM: write data from dla (80008000 80008000...)
(20778) CVSRAM: write, ticks remaining
(20780) CVSRAM: write data from dla (88e68000 80008000...)
(20780) CVSRAM: write, ticks remaining
(20782) CVSRAM: write data from dla (00000000 00000000...)
(20782) CVSRAM: write, ticks remaining
(20784) CVSRAM: write data from dla (00000000 00000000...)
(20784) CVSRAM: write, last tick
(20788) CVSRAM: write request from dla, addr 500100c0 id 0
(20790) CVSRAM: write data from dla (00000000 00000000...)
(20790) CVSRAM: write, ticks remaining
(20792) CVSRAM: write data from dla (80008000 80008000...)
(20792) CVSRAM: write, ticks remaining
(20794) CVSRAM: write data from dla (80008000 80008000...)
(20794) CVSRAM: write, ticks remaining
(20796) CVSRAM: write data from dla (80008000 80008000...)
(20796) CVSRAM: write, ticks remaining
(20798) CVSRAM: write data from dla (80008000 80008000...)
(20798) CVSRAM: write, ticks remaining
(20800) CVSRAM: write data from dla (80008000 80008000...)
(20800) CVSRAM: write, ticks remaining
(20802) CVSRAM: write data from dla (80008000 80008000...)
(20802) CVSRAM: write, ticks remaining
(20804) CVSRAM: write data from dla (80008000 80008000...)
(20804) CVSRAM: write, ticks remaining
(20806) CVSRAM: write data from dla (80008000 80008000...)
(20806) CVSRAM: write, ticks remaining
(20808) CVSRAM: write data from dla (80008000 80008000...)
(20808) CVSRAM: write, ticks remaining
(20810) CVSRAM: write data from dla (00000000 00000000...)
(20810) CVSRAM: write, ticks remaining
(20812) CVSRAM: write data from dla (00000000 00000000...)
(20812) CVSRAM: write, ticks remaining
(20814) CVSRAM: write data from dla (00000000 00000000...)
(20814) CVSRAM: write, ticks remaining
(20816) CVSRAM: write data from dla (80008000 80008000...)
(20816) CVSRAM: write, ticks remaining
(20818) CVSRAM: write data from dla (80008000 80008000...)
(20818) CVSRAM: write, ticks remaining
(20820) CVSRAM: write data from dla (80008000 80008000...)
(20820) CVSRAM: write, ticks remaining
(20822) CVSRAM: write data from dla (80008000 80008000...)
(20822) CVSRAM: write, ticks remaining
(20824) CVSRAM: write data from dla (80008000 80008000...)
(20824) CVSRAM: write, ticks remaining
(20826) CVSRAM: write data from dla (80008000 80008000...)
(20826) CVSRAM: write, ticks remaining
(20828) CVSRAM: write data from dla (80008000 80008000...)
(20828) CVSRAM: write, ticks remaining
(20830) CVSRAM: write data from dla (80008000 80008000...)
(20830) CVSRAM: write, ticks remaining
(20832) CVSRAM: write data from dla (80008000 80008000...)
(20832) CVSRAM: write, ticks remaining
(20834) CVSRAM: write data from dla (80008000 80008000...)
(20834) CVSRAM: write, ticks remaining
(20836) CVSRAM: write data from dla (00000000 00000000...)
(20836) CVSRAM: write, ticks remaining
(20838) CVSRAM: write data from dla (00000000 00000000...)
(20838) CVSRAM: write, ticks remaining
(20840) CVSRAM: write data from dla (00000000 00000000...)
(20840) CVSRAM: write, ticks remaining
(20842) CVSRAM: write data from dla (80008000 80008000...)
(20842) CVSRAM: write, ticks remaining
(20844) CVSRAM: write data from dla (80008000 80008000...)
(20844) CVSRAM: write, ticks remaining
(20846) CVSRAM: write data from dla (80008000 80008000...)
(20846) CVSRAM: write, ticks remaining
(20848) CVSRAM: write data from dla (80008000 80008000...)
(20848) CVSRAM: write, ticks remaining
(20850) CVSRAM: write data from dla (80008000 80008000...)
(20850) CVSRAM: write, ticks remaining
(20852) CVSRAM: write data from dla (80008000 80008000...)
(20852) CVSRAM: write, ticks remaining
(20854) CVSRAM: write data from dla (80008000 80008000...)
(20854) CVSRAM: write, ticks remaining
(20856) CVSRAM: write data from dla (80008000 80008000...)
(20856) CVSRAM: write, ticks remaining
(20858) CVSRAM: write data from dla (80008000 80008000...)
(20858) CVSRAM: write, ticks remaining
(20860) CVSRAM: write data from dla (00000000 00000000...)
(20860) CVSRAM: write, ticks remaining
(20862) CVSRAM: write data from dla (00000000 00000000...)
(20862) CVSRAM: write, ticks remaining
(20864) CVSRAM: write data from dla (00000000 00000000...)
(20864) CVSRAM: write, ticks remaining
(20866) CVSRAM: write data from dla (80008000 80008000...)
(20866) CVSRAM: write, ticks remaining
(20868) CVSRAM: write data from dla (80008000 80008000...)
(20868) CVSRAM: write, ticks remaining
(20870) CVSRAM: write data from dla (80008000 80008447...)
(20870) CVSRAM: write, ticks remaining
(20872) CVSRAM: write data from dla (80008000 80008000...)
(20872) CVSRAM: write, ticks remaining
(20874) CVSRAM: write data from dla (80008000 80008000...)
(20874) CVSRAM: write, ticks remaining
(20876) CVSRAM: write data from dla (80008000 80008000...)
(20876) CVSRAM: write, ticks remaining
(20878) CVSRAM: write data from dla (80008000 80008000...)
(20878) CVSRAM: write, ticks remaining
(20880) CVSRAM: write data from dla (80008000 80008000...)
(20880) CVSRAM: write, ticks remaining
(20882) CVSRAM: write data from dla (80008000 80008000...)
(20882) CVSRAM: write, ticks remaining
(20884) CVSRAM: write data from dla (835a8000 8000860c...)
(20884) CVSRAM: write, ticks remaining
(20886) CVSRAM: write data from dla (00000000 00000000...)
(20886) CVSRAM: write, ticks remaining
(20888) CVSRAM: write data from dla (00000000 00000000...)
(20888) CVSRAM: write, ticks remaining
(20890) CVSRAM: write data from dla (00000000 00000000...)
(20890) CVSRAM: write, ticks remaining
(20892) CVSRAM: write data from dla (80008000 80008000...)
(20892) CVSRAM: write, ticks remaining
(20894) CVSRAM: write data from dla (80008000 80008000...)
(20894) CVSRAM: write, ticks remaining
(20896) CVSRAM: write data from dla (80008000 80008000...)
(20896) CVSRAM: write, ticks remaining
(20898) CVSRAM: write data from dla (80008000 80008000...)
(20898) CVSRAM: write, ticks remaining
(20900) CVSRAM: write data from dla (80008000 80008000...)
(20900) CVSRAM: write, ticks remaining
(20902) CVSRAM: write data from dla (80008000 80008000...)
(20902) CVSRAM: write, ticks remaining
(20904) CVSRAM: write data from dla (80008000 80008000...)
(20904) CVSRAM: write, ticks remaining
(20906) CVSRAM: write data from dla (80008000 80008000...)
(20906) CVSRAM: write, ticks remaining
(20908) CVSRAM: write data from dla (80008000 80008000...)
(20908) CVSRAM: write, ticks remaining
(20910) CVSRAM: write data from dla (00000000 00000000...)
(20910) CVSRAM: write, ticks remaining
(20912) CVSRAM: write data from dla (00000000 00000000...)
(20912) CVSRAM: write, ticks remaining
(20914) CVSRAM: write data from dla (00000000 00000000...)
(20914) CVSRAM: write, ticks remaining
(20916) CVSRAM: write data from dla (80008000 80008000...)
(20916) CVSRAM: write, ticks remaining
(20918) CVSRAM: write data from dla (80008000 80008000...)
(20918) CVSRAM: write, ticks remaining
(20920) CVSRAM: write data from dla (80008000 80008000...)
(20920) CVSRAM: write, ticks remaining
(20922) CVSRAM: write data from dla (80008000 80008000...)
(20922) CVSRAM: write, ticks remaining
(20924) CVSRAM: write data from dla (80008000 80008000...)
(20924) CVSRAM: write, ticks remaining
(20926) CVSRAM: write data from dla (80008000 80008000...)
(20926) CVSRAM: write, ticks remaining
(20928) CVSRAM: write data from dla (80008000 80008000...)
(20928) CVSRAM: write, ticks remaining
(20930) CVSRAM: write data from dla (80008000 80008000...)
(20930) CVSRAM: write, ticks remaining
(20932) CVSRAM: write data from dla (80008000 80008000...)
(20932) CVSRAM: write, ticks remaining
(20934) CVSRAM: write data from dla (80008000 80008000...)
(20934) CVSRAM: write, ticks remaining
(20936) CVSRAM: write data from dla (00000000 00000000...)
(20936) CVSRAM: write, ticks remaining
(20938) CVSRAM: write data from dla (00000000 00000000...)
(20938) CVSRAM: write, ticks remaining
(20940) CVSRAM: write data from dla (00000000 00000000...)
(20940) CVSRAM: write, ticks remaining
(20942) CVSRAM: write data from dla (80008000 80008000...)
(20942) CVSRAM: write, ticks remaining
(20944) CVSRAM: write data from dla (80008000 80008000...)
(20944) CVSRAM: write, ticks remaining
(20946) CVSRAM: write data from dla (80008000 80008000...)
(20946) CVSRAM: write, ticks remaining
(20948) CVSRAM: write data from dla (80008000 80008000...)
(20948) CVSRAM: write, ticks remaining
(20950) CVSRAM: write data from dla (80008000 80008000...)
(20950) CVSRAM: write, ticks remaining
(20952) CVSRAM: write data from dla (80008000 80008000...)
(20952) CVSRAM: write, ticks remaining
(20954) CVSRAM: write data from dla (80008000 80008000...)
(20954) CVSRAM: write, ticks remaining
(20956) CVSRAM: write data from dla (80008000 80008000...)
(20956) CVSRAM: write, ticks remaining
(20958) CVSRAM: write data from dla (80008000 80008000...)
(20958) CVSRAM: write, ticks remaining
(20960) CVSRAM: write data from dla (00000000 00000000...)
(20960) CVSRAM: write, ticks remaining
(20962) CVSRAM: write data from dla (00000000 00000000...)
(20962) CVSRAM: write, ticks remaining
(20964) CVSRAM: write data from dla (00000000 00000000...)
(20964) CVSRAM: write, ticks remaining
(20966) CVSRAM: write data from dla (80008000 80008000...)
(20966) CVSRAM: write, ticks remaining
(20968) CVSRAM: write data from dla (80008000 80008000...)
(20968) CVSRAM: write, ticks remaining
(20970) CVSRAM: write data from dla (80008000 80008000...)
(20970) CVSRAM: write, ticks remaining
(20972) CVSRAM: write data from dla (80008000 80008000...)
(20972) CVSRAM: write, ticks remaining
(20974) CVSRAM: write data from dla (80008000 80008000...)
(20974) CVSRAM: write, ticks remaining
(20976) CVSRAM: write data from dla (80008000 80008000...)
(20976) CVSRAM: write, ticks remaining
(20978) CVSRAM: write data from dla (80008000 80008000...)
(20978) CVSRAM: write, ticks remaining
(20980) CVSRAM: write data from dla (80008000 80008000...)
(20980) CVSRAM: write, ticks remaining
(20982) CVSRAM: write data from dla (80008000 80008000...)
(20982) CVSRAM: write, ticks remaining
(20984) CVSRAM: write data from dla (80008000 80008000...)
(20984) CVSRAM: write, ticks remaining
(20986) CVSRAM: write data from dla (00000000 00000000...)
(20986) CVSRAM: write, ticks remaining
(20988) CVSRAM: write data from dla (00000000 00000000...)
(20988) CVSRAM: write, ticks remaining
(20990) CVSRAM: write data from dla (00000000 00000000...)
(20990) CVSRAM: write, ticks remaining
(20992) CVSRAM: write data from dla (80008000 80008000...)
(20992) CVSRAM: write, ticks remaining
(20994) CVSRAM: write data from dla (80008000 80008000...)
(20994) CVSRAM: write, ticks remaining
(20996) CVSRAM: write data from dla (80008000 80008000...)
(20996) CVSRAM: write, ticks remaining
(20998) CVSRAM: write data from dla (80008000 80008000...)
(20998) CVSRAM: write, ticks remaining
(21000) CVSRAM: write data from dla (80008000 80008000...)
(21000) CVSRAM: write, ticks remaining
(21002) CVSRAM: write data from dla (80008000 80008000...)
(21002) CVSRAM: write, ticks remaining
(21004) CVSRAM: write data from dla (80008000 80008000...)
(21004) CVSRAM: write, ticks remaining
(21006) CVSRAM: write data from dla (80008000 80008000...)
(21006) CVSRAM: write, ticks remaining
(21008) CVSRAM: write data from dla (80008000 80008000...)
(21008) CVSRAM: write, ticks remaining
(21010) CVSRAM: write data from dla (00000000 00000000...)
(21010) CVSRAM: write, ticks remaining
(21012) CVSRAM: write data from dla (00000000 00000000...)
(21012) CVSRAM: write, ticks remaining
(21014) CVSRAM: write data from dla (00000000 00000000...)
(21014) CVSRAM: write, ticks remaining
(21016) CVSRAM: write data from dla (80008000 80008000...)
(21016) CVSRAM: write, ticks remaining
(21018) CVSRAM: write data from dla (80008000 80008000...)
(21018) CVSRAM: write, ticks remaining
(21020) CVSRAM: write data from dla (80008000 80008000...)
(21020) CVSRAM: write, ticks remaining
(21022) CVSRAM: write data from dla (80008000 80008000...)
(21022) CVSRAM: write, ticks remaining
(21024) CVSRAM: write data from dla (80008000 80008000...)
(21024) CVSRAM: write, ticks remaining
(21026) CVSRAM: write data from dla (80008000 80008000...)
(21026) CVSRAM: write, ticks remaining
(21028) CVSRAM: write data from dla (80008000 80008000...)
(21028) CVSRAM: write, ticks remaining
(21030) CVSRAM: write data from dla (80008000 80008000...)
(21030) CVSRAM: write, ticks remaining
(21032) CVSRAM: write data from dla (80008000 80008000...)
(21032) CVSRAM: write, ticks remaining
(21034) CVSRAM: write data from dla (8e1e8000 80009495...)
(21034) CVSRAM: write, ticks remaining
(21036) CVSRAM: write data from dla (00000000 00000000...)
(21036) CVSRAM: write, ticks remaining
(21038) CVSRAM: write data from dla (00000000 00000000...)
(21038) CVSRAM: write, ticks remaining
(21040) CVSRAM: write data from dla (00000000 00000000...)
(21040) CVSRAM: write, ticks remaining
(21042) CVSRAM: write data from dla (80008000 8000823a...)
(21042) CVSRAM: write, ticks remaining
(21044) CVSRAM: write data from dla (80008000 80008000...)
(21044) CVSRAM: write, ticks remaining
(21046) CVSRAM: write data from dla (80008000 80008000...)
(21046) CVSRAM: write, ticks remaining
(21048) CVSRAM: write data from dla (80008000 80008000...)
(21048) CVSRAM: write, ticks remaining
(21050) CVSRAM: write data from dla (80008000 80008000...)
(21050) CVSRAM: write, ticks remaining
(21052) CVSRAM: write data from dla (80008000 80008000...)
(21052) CVSRAM: write, ticks remaining
(21054) CVSRAM: write data from dla (80008000 80008000...)
(21054) CVSRAM: write, ticks remaining
(21056) CVSRAM: write data from dla (80008000 80008000...)
(21056) CVSRAM: write, ticks remaining
(21058) CVSRAM: write data from dla (80008000 80008000...)
(21058) CVSRAM: write, ticks remaining
(21060) CVSRAM: write data from dla (00000000 00000000...)
(21060) CVSRAM: write, ticks remaining
(21062) CVSRAM: write data from dla (00000000 00000000...)
(21062) CVSRAM: write, ticks remaining
(21064) CVSRAM: write data from dla (00000000 00000000...)
(21064) CVSRAM: write, ticks remaining
(21066) CVSRAM: write data from dla (80008000 80008000...)
(21066) CVSRAM: write, ticks remaining
(21068) CVSRAM: write data from dla (80008000 80008000...)
(21068) CVSRAM: write, ticks remaining
(21070) CVSRAM: write data from dla (80008000 80008000...)
(21070) CVSRAM: write, ticks remaining
(21072) CVSRAM: write data from dla (80008000 80008000...)
(21072) CVSRAM: write, ticks remaining
(21074) CVSRAM: write data from dla (80008000 80008000...)
(21074) CVSRAM: write, ticks remaining
(21076) CVSRAM: write data from dla (80008000 80008000...)
(21076) CVSRAM: write, ticks remaining
(21078) CVSRAM: write data from dla (80008000 80008000...)
(21078) CVSRAM: write, ticks remaining
(21080) CVSRAM: write data from dla (80008000 80008000...)
(21080) CVSRAM: write, ticks remaining
(21082) CVSRAM: write data from dla (80008000 80008000...)
(21082) CVSRAM: write, ticks remaining
(21084) CVSRAM: write data from dla (80008000 80008000...)
(21084) CVSRAM: write, ticks remaining
(21086) CVSRAM: write data from dla (00000000 00000000...)
(21086) CVSRAM: write, ticks remaining
(21088) CVSRAM: write data from dla (00000000 00000000...)
(21088) CVSRAM: write, ticks remaining
(21090) CVSRAM: write data from dla (00000000 00000000...)
(21090) CVSRAM: write, ticks remaining
(21092) CVSRAM: write data from dla (80008000 80008000...)
(21092) CVSRAM: write, ticks remaining
(21094) CVSRAM: write data from dla (80008000 80008000...)
(21094) CVSRAM: write, ticks remaining
(21096) CVSRAM: write data from dla (80008000 80008000...)
(21096) CVSRAM: write, ticks remaining
(21098) CVSRAM: write data from dla (80008000 80008000...)
(21098) CVSRAM: write, ticks remaining
(21100) CVSRAM: write data from dla (80008000 80008000...)
(21100) CVSRAM: write, ticks remaining
(21102) CVSRAM: write data from dla (80008000 80008000...)
(21102) CVSRAM: write, ticks remaining
(21104) CVSRAM: write data from dla (80008000 80008000...)
(21104) CVSRAM: write, ticks remaining
(21106) CVSRAM: write data from dla (80008000 8000821a...)
(21106) CVSRAM: write, ticks remaining
(21108) CVSRAM: write data from dla (80008000 80008c99...)
(21108) CVSRAM: write, ticks remaining
(21110) CVSRAM: write data from dla (00000000 00000000...)
(21110) CVSRAM: write, ticks remaining
(21112) CVSRAM: write data from dla (00000000 00000000...)
(21112) CVSRAM: write, ticks remaining
(21114) CVSRAM: write data from dla (00000000 00000000...)
(21114) CVSRAM: write, ticks remaining
(21116) CVSRAM: write data from dla (80008000 80008000...)
(21116) CVSRAM: write, ticks remaining
(21118) CVSRAM: write data from dla (80008000 80008000...)
(21118) CVSRAM: write, ticks remaining
(21120) CVSRAM: write data from dla (80008000 80008000...)
(21120) CVSRAM: write, ticks remaining
(21122) CVSRAM: write data from dla (80008000 80008000...)
(21122) CVSRAM: write, ticks remaining
(21124) CVSRAM: write data from dla (80008000 80008000...)
(21124) CVSRAM: write, ticks remaining
(21126) CVSRAM: write data from dla (80008000 80008000...)
(21126) CVSRAM: write, ticks remaining
(21128) CVSRAM: write data from dla (80008000 80008000...)
(21128) CVSRAM: write, ticks remaining
(21130) CVSRAM: write data from dla (80008000 80008000...)
(21130) CVSRAM: write, ticks remaining
(21132) CVSRAM: write data from dla (80008000 80008000...)
(21132) CVSRAM: write, ticks remaining
(21134) CVSRAM: write data from dla (80008000 80008000...)
(21134) CVSRAM: write, ticks remaining
(21136) CVSRAM: write data from dla (00000000 00000000...)
(21136) CVSRAM: write, ticks remaining
(21138) CVSRAM: write data from dla (00000000 00000000...)
(21138) CVSRAM: write, ticks remaining
(21140) CVSRAM: write data from dla (00000000 00000000...)
(21140) CVSRAM: write, ticks remaining
(21142) CVSRAM: write data from dla (80008000 80008000...)
(21142) CVSRAM: write, ticks remaining
(21144) CVSRAM: write data from dla (80008000 80008000...)
(21144) CVSRAM: write, ticks remaining
(21146) CVSRAM: write data from dla (80008000 80008000...)
(21146) CVSRAM: write, ticks remaining
(21148) CVSRAM: write data from dla (80008000 80008000...)
(21148) CVSRAM: write, ticks remaining
(21150) CVSRAM: write data from dla (80008000 80008000...)
(21150) CVSRAM: write, ticks remaining
(21152) CVSRAM: write data from dla (80008000 80008000...)
(21152) CVSRAM: write, ticks remaining
(21154) CVSRAM: write data from dla (80008000 80008000...)
(21154) CVSRAM: write, ticks remaining
(21156) CVSRAM: write data from dla (80008000 80008000...)
(21156) CVSRAM: write, ticks remaining
(21158) CVSRAM: write data from dla (80008000 80008000...)
(21158) CVSRAM: write, ticks remaining
(21160) CVSRAM: write data from dla (00000000 00000000...)
(21160) CVSRAM: write, ticks remaining
(21162) CVSRAM: write data from dla (00000000 00000000...)
(21162) CVSRAM: write, ticks remaining
(21164) CVSRAM: write data from dla (00000000 00000000...)
(21164) CVSRAM: write, ticks remaining
(21166) CVSRAM: write data from dla (00000000 00000000...)
(21166) CVSRAM: write, ticks remaining
(21168) CVSRAM: write data from dla (00000000 00000000...)
(21168) CVSRAM: write, ticks remaining
(21170) CVSRAM: write data from dla (00000000 00000000...)
(21170) CVSRAM: write, ticks remaining
(21172) CVSRAM: write data from dla (00000000 00000000...)
(21172) CVSRAM: write, ticks remaining
(21174) CVSRAM: write data from dla (00000000 00000000...)
(21174) CVSRAM: write, ticks remaining
(21176) CVSRAM: write data from dla (00000000 00000000...)
(21176) CVSRAM: write, ticks remaining
(21178) CVSRAM: write data from dla (80008cc9 80008000...)
(21178) CVSRAM: write, ticks remaining
(21180) CVSRAM: write data from dla (80008000 80008000...)
(21180) CVSRAM: write, ticks remaining
(21182) CVSRAM: write data from dla (80008000 80008000...)
(21182) CVSRAM: write, ticks remaining
(21184) CVSRAM: write data from dla (80008000 80008000...)
(21184) CVSRAM: write, ticks remaining
(21186) CVSRAM: write data from dla (80008000 80008000...)
(21186) CVSRAM: write, ticks remaining
(21188) CVSRAM: write data from dla (80008000 80008000...)
(21188) CVSRAM: write, ticks remaining
(21190) CVSRAM: write data from dla (80008000 80008000...)
(21190) CVSRAM: write, ticks remaining
(21192) CVSRAM: write data from dla (80008000 80008000...)
(21192) CVSRAM: write, ticks remaining
(21194) CVSRAM: write data from dla (80008000 80008000...)
(21194) CVSRAM: write, ticks remaining
(21196) CVSRAM: write data from dla (80008000 80008000...)
(21196) CVSRAM: write, ticks remaining
(21198) CVSRAM: write data from dla (00000000 00000000...)
(21198) CVSRAM: write, ticks remaining
(21200) CVSRAM: write data from dla (00000000 00000000...)
(21200) CVSRAM: write, ticks remaining
(21202) CVSRAM: write data from dla (00000000 00000000...)
(21202) CVSRAM: write, ticks remaining
(21204) CVSRAM: write data from dla (80008000 80008000...)
(21204) CVSRAM: write, ticks remaining
(21206) CVSRAM: write data from dla (80008000 80008000...)
(21206) CVSRAM: write, ticks remaining
(21208) CVSRAM: write data from dla (80008000 80008000...)
(21208) CVSRAM: write, ticks remaining
(21210) CVSRAM: write data from dla (80008000 80008000...)
(21210) CVSRAM: write, ticks remaining
(21212) CVSRAM: write data from dla (80008000 80008000...)
(21212) CVSRAM: write, ticks remaining
(21214) CVSRAM: write data from dla (80008000 80008000...)
(21214) CVSRAM: write, ticks remaining
(21216) CVSRAM: write data from dla (80008000 80008000...)
(21216) CVSRAM: write, ticks remaining
(21218) CVSRAM: write data from dla (80008000 80008000...)
(21218) CVSRAM: write, ticks remaining
(21220) CVSRAM: write data from dla (80008000 80008000...)
(21220) CVSRAM: write, ticks remaining
(21222) CVSRAM: write data from dla (00000000 00000000...)
(21222) CVSRAM: write, ticks remaining
(21224) CVSRAM: write data from dla (00000000 00000000...)
(21224) CVSRAM: write, ticks remaining
(21226) CVSRAM: write data from dla (00000000 00000000...)
(21226) CVSRAM: write, ticks remaining
(21228) CVSRAM: write data from dla (80008a62 83fe8000...)
(21228) CVSRAM: write, ticks remaining
(21230) CVSRAM: write data from dla (80008000 80008000...)
(21230) CVSRAM: write, ticks remaining
(21232) CVSRAM: write data from dla (80008000 80008000...)
(21232) CVSRAM: write, ticks remaining
(21234) CVSRAM: write data from dla (80008000 80008000...)
(21234) CVSRAM: write, ticks remaining
(21236) CVSRAM: write data from dla (80008000 80008000...)
(21236) CVSRAM: write, ticks remaining
(21238) CVSRAM: write data from dla (80008000 80008000...)
(21238) CVSRAM: write, ticks remaining
(21240) CVSRAM: write data from dla (80008000 80008000...)
(21240) CVSRAM: write, ticks remaining
(21242) CVSRAM: write data from dla (80008000 80008000...)
(21242) CVSRAM: write, ticks remaining
(21244) CVSRAM: write data from dla (80008a9f 80008000...)
(21244) CVSRAM: write, ticks remaining
(21246) CVSRAM: write data from dla (80009038 80008000...)
(21246) CVSRAM: write, ticks remaining
(21248) CVSRAM: write data from dla (00000000 00000000...)
(21248) CVSRAM: write, ticks remaining
(21250) CVSRAM: write data from dla (00000000 00000000...)
(21250) CVSRAM: write, ticks remaining
(21252) CVSRAM: write data from dla (00000000 00000000...)
(21252) CVSRAM: write, ticks remaining
(21254) CVSRAM: write data from dla (80008000 80008000...)
(21254) CVSRAM: write, ticks remaining
(21256) CVSRAM: write data from dla (80008000 80008000...)
(21256) CVSRAM: write, ticks remaining
(21258) CVSRAM: write data from dla (80008000 80008000...)
(21258) CVSRAM: write, ticks remaining
(21260) CVSRAM: write data from dla (80008000 80008000...)
(21260) CVSRAM: write, ticks remaining
(21262) CVSRAM: write data from dla (80008000 80008000...)
(21262) CVSRAM: write, ticks remaining
(21264) CVSRAM: write data from dla (80008000 80008000...)
(21264) CVSRAM: write, ticks remaining
(21266) CVSRAM: write data from dla (80008000 80008000...)
(21266) CVSRAM: write, ticks remaining
(21268) CVSRAM: write data from dla (80008000 80008000...)
(21268) CVSRAM: write, ticks remaining
(21270) CVSRAM: write data from dla (82258000 80008000...)
(21270) CVSRAM: write, ticks remaining
(21272) CVSRAM: write data from dla (00000000 00000000...)
(21272) CVSRAM: write, ticks remaining
(21274) CVSRAM: write data from dla (00000000 00000000...)
(21274) CVSRAM: write, ticks remaining
(21276) CVSRAM: write data from dla (00000000 00000000...)
(21276) CVSRAM: write, ticks remaining
(21278) CVSRAM: write data from dla (80008a96 80008000...)
(21278) CVSRAM: write, ticks remaining
(21280) CVSRAM: write data from dla (80008000 80008000...)
(21280) CVSRAM: write, ticks remaining
(21282) CVSRAM: write data from dla (80008000 80008000...)
(21282) CVSRAM: write, ticks remaining
(21284) CVSRAM: write data from dla (80008000 80008000...)
(21284) CVSRAM: write, ticks remaining
(21286) CVSRAM: write data from dla (80008000 80008000...)
(21286) CVSRAM: write, ticks remaining
(21288) CVSRAM: write data from dla (80008000 80008000...)
(21288) CVSRAM: write, ticks remaining
(21290) CVSRAM: write data from dla (80008000 80008000...)
(21290) CVSRAM: write, ticks remaining
(21292) CVSRAM: write data from dla (80008000 80008000...)
(21292) CVSRAM: write, ticks remaining
(21294) CVSRAM: write data from dla (80008000 80008000...)
(21294) CVSRAM: write, ticks remaining
(21296) CVSRAM: write data from dla (8000860f 80008cf4...)
(21296) CVSRAM: write, ticks remaining
(21298) CVSRAM: write data from dla (00000000 00000000...)
(21298) CVSRAM: write, ticks remaining
(21300) CVSRAM: write data from dla (00000000 00000000...)
(21300) CVSRAM: write, last tick
(21304) CVSRAM: write request from dla, addr 500140c0 id 0
(21306) CVSRAM: write data from dla (00000000 00000000...)
(21306) CVSRAM: write, ticks remaining
(21308) CVSRAM: write data from dla (80008000 80008000...)
(21308) CVSRAM: write, ticks remaining
(21310) CVSRAM: write data from dla (80008231 80008000...)
(21310) CVSRAM: write, ticks remaining
(21312) CVSRAM: write data from dla (80008120 80008000...)
(21312) CVSRAM: write, ticks remaining
(21314) CVSRAM: write data from dla (80008000 80008000...)
(21314) CVSRAM: write, ticks remaining
(21316) CVSRAM: write data from dla (80008000 80008000...)
(21316) CVSRAM: write, ticks remaining
(21318) CVSRAM: write data from dla (80008000 80008000...)
(21318) CVSRAM: write, ticks remaining
(21320) CVSRAM: write data from dla (800082d3 80008000...)
(21320) CVSRAM: write, ticks remaining
(21322) CVSRAM: write data from dla (80008095 80008000...)
(21322) CVSRAM: write, ticks remaining
(21324) CVSRAM: write data from dla (80008000 80008000...)
(21324) CVSRAM: write, ticks remaining
(21326) CVSRAM: write data from dla (00000000 00000000...)
(21326) CVSRAM: write, ticks remaining
(21328) CVSRAM: write data from dla (00000000 00000000...)
(21328) CVSRAM: write, ticks remaining
(21330) CVSRAM: write data from dla (00000000 00000000...)
(21330) CVSRAM: write, ticks remaining
(21332) CVSRAM: write data from dla (8000824b 80008000...)
(21332) CVSRAM: write, ticks remaining
(21334) CVSRAM: write data from dla (80008000 80008000...)
(21334) CVSRAM: write, ticks remaining
(21336) CVSRAM: write data from dla (80008000 80008000...)
(21336) CVSRAM: write, ticks remaining
(21338) CVSRAM: write data from dla (80008000 80008000...)
(21338) CVSRAM: write, ticks remaining
(21340) CVSRAM: write data from dla (80008000 80008000...)
(21340) CVSRAM: write, ticks remaining
(21342) CVSRAM: write data from dla (80008000 80008000...)
(21342) CVSRAM: write, ticks remaining
(21344) CVSRAM: write data from dla (80008000 80008000...)
(21344) CVSRAM: write, ticks remaining
(21346) CVSRAM: write data from dla (80008000 80008043...)
(21346) CVSRAM: write, ticks remaining
(21348) CVSRAM: write data from dla (80008000 80008000...)
(21348) CVSRAM: write, ticks remaining
(21350) CVSRAM: write data from dla (80008000 80008922...)
(21350) CVSRAM: write, ticks remaining
(21352) CVSRAM: write data from dla (00000000 00000000...)
(21352) CVSRAM: write, ticks remaining
(21354) CVSRAM: write data from dla (00000000 00000000...)
(21354) CVSRAM: write, ticks remaining
(21356) CVSRAM: write data from dla (00000000 00000000...)
(21356) CVSRAM: write, ticks remaining
(21358) CVSRAM: write data from dla (80008000 80008000...)
(21358) CVSRAM: write, ticks remaining
(21360) CVSRAM: write data from dla (80008000 80008000...)
(21360) CVSRAM: write, ticks remaining
(21362) CVSRAM: write data from dla (80008000 80668000...)
(21362) CVSRAM: write, ticks remaining
(21364) CVSRAM: write data from dla (80008000 80008000...)
(21364) CVSRAM: write, ticks remaining
(21366) CVSRAM: write data from dla (8000804c 80008000...)
(21366) CVSRAM: write, ticks remaining
(21368) CVSRAM: write data from dla (80008000 80008000...)
(21368) CVSRAM: write, ticks remaining
(21370) CVSRAM: write data from dla (80008000 80008000...)
(21370) CVSRAM: write, ticks remaining
(21372) CVSRAM: write data from dla (80008000 80008000...)
(21372) CVSRAM: write, ticks remaining
(21374) CVSRAM: write data from dla (80008000 80008000...)
(21374) CVSRAM: write, ticks remaining
(21376) CVSRAM: write data from dla (00000000 00000000...)
(21376) CVSRAM: write, ticks remaining
(21378) CVSRAM: write data from dla (00000000 00000000...)
(21378) CVSRAM: write, ticks remaining
(21380) CVSRAM: write data from dla (00000000 00000000...)
(21380) CVSRAM: write, ticks remaining
(21382) CVSRAM: write data from dla (800091fd 80008000...)
(21382) CVSRAM: write, ticks remaining
(21384) CVSRAM: write data from dla (80008000 80008000...)
(21384) CVSRAM: write, ticks remaining
(21386) CVSRAM: write data from dla (80008000 80008000...)
(21386) CVSRAM: write, ticks remaining
(21388) CVSRAM: write data from dla (80008000 80008000...)
(21388) CVSRAM: write, ticks remaining
(21390) CVSRAM: write data from dla (8000855e 80008000...)
(21390) CVSRAM: write, ticks remaining
(21392) CVSRAM: write data from dla (8000837d 80008000...)
(21392) CVSRAM: write, ticks remaining
(21394) CVSRAM: write data from dla (80008000 80008000...)
(21394) CVSRAM: write, ticks remaining
(21396) CVSRAM: write data from dla (80008000 80008000...)
(21396) CVSRAM: write, ticks remaining
(21398) CVSRAM: write data from dla (80008000 80008000...)
(21398) CVSRAM: write, ticks remaining
(21400) CVSRAM: write data from dla (800085cc 80008000...)
(21400) CVSRAM: write, ticks remaining
(21402) CVSRAM: write data from dla (00000000 00000000...)
(21402) CVSRAM: write, ticks remaining
(21404) CVSRAM: write data from dla (00000000 00000000...)
(21404) CVSRAM: write, ticks remaining
(21406) CVSRAM: write data from dla (00000000 00000000...)
(21406) CVSRAM: write, ticks remaining
(21408) CVSRAM: write data from dla (80008000 80008000...)
(21408) CVSRAM: write, ticks remaining
(21410) CVSRAM: write data from dla (80008000 80008000...)
(21410) CVSRAM: write, ticks remaining
(21412) CVSRAM: write data from dla (80008000 80008000...)
(21412) CVSRAM: write, ticks remaining
(21414) CVSRAM: write data from dla (80008000 80008000...)
(21414) CVSRAM: write, ticks remaining
(21416) CVSRAM: write data from dla (80008000 80008000...)
(21416) CVSRAM: write, ticks remaining
(21418) CVSRAM: write data from dla (80008000 80008000...)
(21418) CVSRAM: write, ticks remaining
(21420) CVSRAM: write data from dla (80008000 80008000...)
(21420) CVSRAM: write, ticks remaining
(21422) CVSRAM: write data from dla (80008000 80008000...)
(21422) CVSRAM: write, ticks remaining
(21424) CVSRAM: write data from dla (8aae8000 80008000...)
(21424) CVSRAM: write, ticks remaining
(21426) CVSRAM: write data from dla (00000000 00000000...)
(21426) CVSRAM: write, ticks remaining
(21428) CVSRAM: write data from dla (00000000 00000000...)
(21428) CVSRAM: write, ticks remaining
(21430) CVSRAM: write data from dla (00000000 00000000...)
(21430) CVSRAM: write, ticks remaining
(21432) CVSRAM: write data from dla (8000834b 80008000...)
(21432) CVSRAM: write, ticks remaining
(21434) CVSRAM: write data from dla (80008000 80008000...)
(21434) CVSRAM: write, ticks remaining
(21436) CVSRAM: write data from dla (80008000 86328000...)
(21436) CVSRAM: write, ticks remaining
(21438) CVSRAM: write data from dla (80008000 80008000...)
(21438) CVSRAM: write, ticks remaining
(21440) CVSRAM: write data from dla (80008331 80008000...)
(21440) CVSRAM: write, ticks remaining
(21442) CVSRAM: write data from dla (80008000 80008000...)
(21442) CVSRAM: write, ticks remaining
(21444) CVSRAM: write data from dla (80008000 80008000...)
(21444) CVSRAM: write, ticks remaining
(21446) CVSRAM: write data from dla (80008241 80008000...)
(21446) CVSRAM: write, ticks remaining
(21448) CVSRAM: write data from dla (80008442 81378000...)
(21448) CVSRAM: write, ticks remaining
(21450) CVSRAM: write data from dla (80008668 800080a6...)
(21450) CVSRAM: write, ticks remaining
(21452) CVSRAM: write data from dla (00000000 00000000...)
(21452) CVSRAM: write, ticks remaining
(21454) CVSRAM: write data from dla (00000000 00000000...)
(21454) CVSRAM: write, ticks remaining
(21456) CVSRAM: write data from dla (00000000 00000000...)
(21456) CVSRAM: write, ticks remaining
(21458) CVSRAM: write data from dla (80008000 80008000...)
(21458) CVSRAM: write, ticks remaining
(21460) CVSRAM: write data from dla (80008000 80008000...)
(21460) CVSRAM: write, ticks remaining
(21462) CVSRAM: write data from dla (80008000 80008000...)
(21462) CVSRAM: write, ticks remaining
(21464) CVSRAM: write data from dla (80008394 80008000...)
(21464) CVSRAM: write, ticks remaining
(21466) CVSRAM: write data from dla (80008000 80008000...)
(21466) CVSRAM: write, ticks remaining
(21468) CVSRAM: write data from dla (80008000 80008000...)
(21468) CVSRAM: write, ticks remaining
(21470) CVSRAM: write data from dla (80008000 80008000...)
(21470) CVSRAM: write, ticks remaining
(21472) CVSRAM: write data from dla (80008000 80008000...)
(21472) CVSRAM: write, ticks remaining
(21474) CVSRAM: write data from dla (80008000 80008000...)
(21474) CVSRAM: write, ticks remaining
(21476) CVSRAM: write data from dla (00000000 00000000...)
(21476) CVSRAM: write, ticks remaining
(21478) CVSRAM: write data from dla (00000000 00000000...)
(21478) CVSRAM: write, ticks remaining
(21480) CVSRAM: write data from dla (00000000 00000000...)
(21480) CVSRAM: write, ticks remaining
(21482) CVSRAM: write data from dla (80008312 80008000...)
(21482) CVSRAM: write, ticks remaining
(21484) CVSRAM: write data from dla (80008000 80008000...)
(21484) CVSRAM: write, ticks remaining
(21486) CVSRAM: write data from dla (80008000 80008000...)
(21486) CVSRAM: write, ticks remaining
(21488) CVSRAM: write data from dla (80008000 80008000...)
(21488) CVSRAM: write, ticks remaining
(21490) CVSRAM: write data from dla (80008000 80008000...)
(21490) CVSRAM: write, ticks remaining
(21492) CVSRAM: write data from dla (80008083 80008000...)
(21492) CVSRAM: write, ticks remaining
(21494) CVSRAM: write data from dla (80008000 80008000...)
(21494) CVSRAM: write, ticks remaining
(21496) CVSRAM: write data from dla (80008361 80008000...)
(21496) CVSRAM: write, ticks remaining
(21498) CVSRAM: write data from dla (80008000 80008000...)
(21498) CVSRAM: write, ticks remaining
(21500) CVSRAM: write data from dla (80008000 80008000...)
(21500) CVSRAM: write, ticks remaining
(21502) CVSRAM: write data from dla (00000000 00000000...)
(21502) CVSRAM: write, ticks remaining
(21504) CVSRAM: write data from dla (00000000 00000000...)
(21504) CVSRAM: write, ticks remaining
(21506) CVSRAM: write data from dla (00000000 00000000...)
(21506) CVSRAM: write, ticks remaining
(21508) CVSRAM: write data from dla (80008000 8ca28000...)
(21508) CVSRAM: write, ticks remaining
(21510) CVSRAM: write data from dla (80008000 80008000...)
(21510) CVSRAM: write, ticks remaining
(21512) CVSRAM: write data from dla (80008000 86038000...)
(21512) CVSRAM: write, ticks remaining
(21514) CVSRAM: write data from dla (80008000 80008000...)
(21514) CVSRAM: write, ticks remaining
(21516) CVSRAM: write data from dla (80008000 80008000...)
(21516) CVSRAM: write, ticks remaining
(21518) CVSRAM: write data from dla (80008570 80008000...)
(21518) CVSRAM: write, ticks remaining
(21520) CVSRAM: write data from dla (80008000 80008000...)
(21520) CVSRAM: write, ticks remaining
(21522) CVSRAM: write data from dla (800085f2 80008000...)
(21522) CVSRAM: write, ticks remaining
(21524) CVSRAM: write data from dla (80008000 80008000...)
(21524) CVSRAM: write, ticks remaining
(21526) CVSRAM: write data from dla (00000000 00000000...)
(21526) CVSRAM: write, ticks remaining
(21528) CVSRAM: write data from dla (00000000 00000000...)
(21528) CVSRAM: write, ticks remaining
(21530) CVSRAM: write data from dla (00000000 00000000...)
(21530) CVSRAM: write, ticks remaining
(21532) CVSRAM: write data from dla (80008d6f 862e8000...)
(21532) CVSRAM: write, ticks remaining
(21534) CVSRAM: write data from dla (80008000 80008000...)
(21534) CVSRAM: write, ticks remaining
(21536) CVSRAM: write data from dla (80008000 80008000...)
(21536) CVSRAM: write, ticks remaining
(21538) CVSRAM: write data from dla (80008000 80008000...)
(21538) CVSRAM: write, ticks remaining
(21540) CVSRAM: write data from dla (80008000 80008000...)
(21540) CVSRAM: write, ticks remaining
(21542) CVSRAM: write data from dla (80008000 80008000...)
(21542) CVSRAM: write, ticks remaining
(21544) CVSRAM: write data from dla (80008000 80008000...)
(21544) CVSRAM: write, ticks remaining
(21546) CVSRAM: write data from dla (80008000 80008000...)
(21546) CVSRAM: write, ticks remaining
(21548) CVSRAM: write data from dla (80008000 80008000...)
(21548) CVSRAM: write, ticks remaining
(21550) CVSRAM: write data from dla (80008000 80008000...)
(21550) CVSRAM: write, ticks remaining
(21552) CVSRAM: write data from dla (00000000 00000000...)
(21552) CVSRAM: write, ticks remaining
(21554) CVSRAM: write data from dla (00000000 00000000...)
(21554) CVSRAM: write, ticks remaining
(21556) CVSRAM: write data from dla (00000000 00000000...)
(21556) CVSRAM: write, ticks remaining
(21558) CVSRAM: write data from dla (80008000 8000810a...)
(21558) CVSRAM: write, ticks remaining
(21560) CVSRAM: write data from dla (80008000 80008000...)
(21560) CVSRAM: write, ticks remaining
(21562) CVSRAM: write data from dla (80008000 80008000...)
(21562) CVSRAM: write, ticks remaining
(21564) CVSRAM: write data from dla (80008000 80008000...)
(21564) CVSRAM: write, ticks remaining
(21566) CVSRAM: write data from dla (80008000 80008000...)
(21566) CVSRAM: write, ticks remaining
(21568) CVSRAM: write data from dla (80008000 80008000...)
(21568) CVSRAM: write, ticks remaining
(21570) CVSRAM: write data from dla (80008000 80008000...)
(21570) CVSRAM: write, ticks remaining
(21572) CVSRAM: write data from dla (80008000 80008000...)
(21572) CVSRAM: write, ticks remaining
(21574) CVSRAM: write data from dla (80008000 80008000...)
(21574) CVSRAM: write, ticks remaining
(21576) CVSRAM: write data from dla (00000000 00000000...)
(21576) CVSRAM: write, ticks remaining
(21578) CVSRAM: write data from dla (00000000 00000000...)
(21578) CVSRAM: write, ticks remaining
(21580) CVSRAM: write data from dla (00000000 00000000...)
(21580) CVSRAM: write, ticks remaining
(21582) CVSRAM: write data from dla (80008000 80008000...)
(21582) CVSRAM: write, ticks remaining
(21584) CVSRAM: write data from dla (80008000 80008000...)
(21584) CVSRAM: write, ticks remaining
(21586) CVSRAM: write data from dla (80008000 80008000...)
(21586) CVSRAM: write, ticks remaining
(21588) CVSRAM: write data from dla (80008000 80008000...)
(21588) CVSRAM: write, ticks remaining
(21590) CVSRAM: write data from dla (80008000 80008000...)
(21590) CVSRAM: write, ticks remaining
(21592) CVSRAM: write data from dla (8000829c 80008000...)
(21592) CVSRAM: write, ticks remaining
(21594) CVSRAM: write data from dla (80008000 80008000...)
(21594) CVSRAM: write, ticks remaining
(21596) CVSRAM: write data from dla (8000810d 80008000...)
(21596) CVSRAM: write, ticks remaining
(21598) CVSRAM: write data from dla (80008000 80008000...)
(21598) CVSRAM: write, ticks remaining
(21600) CVSRAM: write data from dla (80008000 80008000...)
(21600) CVSRAM: write, ticks remaining
(21602) CVSRAM: write data from dla (00000000 00000000...)
(21602) CVSRAM: write, ticks remaining
(21604) CVSRAM: write data from dla (00000000 00000000...)
(21604) CVSRAM: write, ticks remaining
(21606) CVSRAM: write data from dla (00000000 00000000...)
(21606) CVSRAM: write, ticks remaining
(21608) CVSRAM: write data from dla (80008000 80008000...)
(21608) CVSRAM: write, ticks remaining
(21610) CVSRAM: write data from dla (80008000 80008000...)
(21610) CVSRAM: write, ticks remaining
(21612) CVSRAM: write data from dla (80008000 80008000...)
(21612) CVSRAM: write, ticks remaining
(21614) CVSRAM: write data from dla (80008000 80008000...)
(21614) CVSRAM: write, ticks remaining
(21616) CVSRAM: write data from dla (80008000 80008000...)
(21616) CVSRAM: write, ticks remaining
(21618) CVSRAM: write data from dla (80008000 80008000...)
(21618) CVSRAM: write, ticks remaining
(21620) CVSRAM: write data from dla (80008000 80008000...)
(21620) CVSRAM: write, ticks remaining
(21622) CVSRAM: write data from dla (80008000 80008000...)
(21622) CVSRAM: write, ticks remaining
(21624) CVSRAM: write data from dla (80008000 80008000...)
(21624) CVSRAM: write, ticks remaining
(21626) CVSRAM: write data from dla (00000000 00000000...)
(21626) CVSRAM: write, ticks remaining
(21628) CVSRAM: write data from dla (00000000 00000000...)
(21628) CVSRAM: write, ticks remaining
(21630) CVSRAM: write data from dla (00000000 00000000...)
(21630) CVSRAM: write, ticks remaining
(21632) CVSRAM: write data from dla (80008000 80008000...)
(21632) CVSRAM: write, ticks remaining
(21634) CVSRAM: write data from dla (80008000 800093d4...)
(21634) CVSRAM: write, ticks remaining
(21636) CVSRAM: write data from dla (80008000 80008618...)
(21636) CVSRAM: write, ticks remaining
(21638) CVSRAM: write data from dla (80008000 80008f64...)
(21638) CVSRAM: write, ticks remaining
(21640) CVSRAM: write data from dla (80008000 800088da...)
(21640) CVSRAM: write, ticks remaining
(21642) CVSRAM: write data from dla (8000841e 80008000...)
(21642) CVSRAM: write, ticks remaining
(21644) CVSRAM: write data from dla (80008000 80008000...)
(21644) CVSRAM: write, ticks remaining
(21646) CVSRAM: write data from dla (800084a0 8000852b...)
(21646) CVSRAM: write, ticks remaining
(21648) CVSRAM: write data from dla (80008000 800084d5...)
(21648) CVSRAM: write, ticks remaining
(21650) CVSRAM: write data from dla (80008000 80009b2b...)
(21650) CVSRAM: write, ticks remaining
(21652) CVSRAM: write data from dla (00000000 00000000...)
(21652) CVSRAM: write, ticks remaining
(21654) CVSRAM: write data from dla (00000000 00000000...)
(21654) CVSRAM: write, ticks remaining
(21656) CVSRAM: write data from dla (00000000 00000000...)
(21656) CVSRAM: write, ticks remaining
(21658) CVSRAM: write data from dla (00000000 00000000...)
(21658) CVSRAM: write, ticks remaining
(21660) CVSRAM: write data from dla (00000000 00000000...)
(21660) CVSRAM: write, ticks remaining
(21662) CVSRAM: write data from dla (00000000 00000000...)
(21662) CVSRAM: write, ticks remaining
(21664) CVSRAM: write data from dla (00000000 00000000...)
(21664) CVSRAM: write, ticks remaining
(21666) CVSRAM: write data from dla (00000000 00000000...)
(21666) CVSRAM: write, ticks remaining
(21668) CVSRAM: write data from dla (00000000 00000000...)
(21668) CVSRAM: write, ticks remaining
(21670) CVSRAM: write data from dla (80008000 80008000...)
(21670) CVSRAM: write, ticks remaining
(21672) CVSRAM: write data from dla (800082ec 80008000...)
(21672) CVSRAM: write, ticks remaining
(21674) CVSRAM: write data from dla (80008735 80008000...)
(21674) CVSRAM: write, ticks remaining
(21676) CVSRAM: write data from dla (80008547 80008000...)
(21676) CVSRAM: write, ticks remaining
(21678) CVSRAM: write data from dla (80008000 80008000...)
(21678) CVSRAM: write, ticks remaining
(21680) CVSRAM: write data from dla (80008000 80008000...)
(21680) CVSRAM: write, ticks remaining
(21682) CVSRAM: write data from dla (80008000 80008000...)
(21682) CVSRAM: write, ticks remaining
(21684) CVSRAM: write data from dla (80008036 80008000...)
(21684) CVSRAM: write, ticks remaining
(21686) CVSRAM: write data from dla (8000842f 80008000...)
(21686) CVSRAM: write, ticks remaining
(21688) CVSRAM: write data from dla (00000000 00000000...)
(21688) CVSRAM: write, ticks remaining
(21690) CVSRAM: write data from dla (00000000 00000000...)
(21690) CVSRAM: write, ticks remaining
(21692) CVSRAM: write data from dla (00000000 00000000...)
(21692) CVSRAM: write, ticks remaining
(21694) CVSRAM: write data from dla (8000821a 80008000...)
(21694) CVSRAM: write, ticks remaining
(21696) CVSRAM: write data from dla (80008000 80008000...)
(21696) CVSRAM: write, ticks remaining
(21698) CVSRAM: write data from dla (80008000 80008000...)
(21698) CVSRAM: write, ticks remaining
(21700) CVSRAM: write data from dla (80008442 80008000...)
(21700) CVSRAM: write, ticks remaining
(21702) CVSRAM: write data from dla (80008000 80008000...)
(21702) CVSRAM: write, ticks remaining
(21704) CVSRAM: write data from dla (80008000 80008000...)
(21704) CVSRAM: write, ticks remaining
(21706) CVSRAM: write data from dla (80008000 80008000...)
(21706) CVSRAM: write, ticks remaining
(21708) CVSRAM: write data from dla (8000809c 80008000...)
(21708) CVSRAM: write, ticks remaining
(21710) CVSRAM: write data from dla (800080f8 80008000...)
(21710) CVSRAM: write, ticks remaining
(21712) CVSRAM: write data from dla (80008000 80008000...)
(21712) CVSRAM: write, ticks remaining
(21714) CVSRAM: write data from dla (00000000 00000000...)
(21714) CVSRAM: write, ticks remaining
(21716) CVSRAM: write data from dla (00000000 00000000...)
(21716) CVSRAM: write, ticks remaining
(21718) CVSRAM: write data from dla (00000000 00000000...)
(21718) CVSRAM: write, ticks remaining
(21720) CVSRAM: write data from dla (80008000 80008000...)
(21720) CVSRAM: write, ticks remaining
(21722) CVSRAM: write data from dla (80008000 80008000...)
(21722) CVSRAM: write, ticks remaining
(21724) CVSRAM: write data from dla (80008741 80008000...)
(21724) CVSRAM: write, ticks remaining
(21726) CVSRAM: write data from dla (8000904b 80008000...)
(21726) CVSRAM: write, ticks remaining
(21728) CVSRAM: write data from dla (80008000 80008000...)
(21728) CVSRAM: write, ticks remaining
(21730) CVSRAM: write data from dla (80008000 80008000...)
(21730) CVSRAM: write, ticks remaining
(21732) CVSRAM: write data from dla (80008147 80008000...)
(21732) CVSRAM: write, ticks remaining
(21734) CVSRAM: write data from dla (80008000 80008000...)
(21734) CVSRAM: write, ticks remaining
(21736) CVSRAM: write data from dla (800085d4 80008000...)
(21736) CVSRAM: write, ticks remaining
(21738) CVSRAM: write data from dla (00000000 00000000...)
(21738) CVSRAM: write, ticks remaining
(21740) CVSRAM: write data from dla (00000000 00000000...)
(21740) CVSRAM: write, ticks remaining
(21742) CVSRAM: write data from dla (00000000 00000000...)
(21742) CVSRAM: write, ticks remaining
(21744) CVSRAM: write data from dla (80008db9 8000811d...)
(21744) CVSRAM: write, ticks remaining
(21746) CVSRAM: write data from dla (800087e3 80008000...)
(21746) CVSRAM: write, ticks remaining
(21748) CVSRAM: write data from dla (80008000 80008000...)
(21748) CVSRAM: write, ticks remaining
(21750) CVSRAM: write data from dla (800099c8 80008000...)
(21750) CVSRAM: write, ticks remaining
(21752) CVSRAM: write data from dla (80008000 80008000...)
(21752) CVSRAM: write, ticks remaining
(21754) CVSRAM: write data from dla (80008000 80008000...)
(21754) CVSRAM: write, ticks remaining
(21756) CVSRAM: write data from dla (80008000 80008000...)
(21756) CVSRAM: write, ticks remaining
(21758) CVSRAM: write data from dla (800080c8 80008000...)
(21758) CVSRAM: write, ticks remaining
(21760) CVSRAM: write data from dla (80008000 80008000...)
(21760) CVSRAM: write, ticks remaining
(21762) CVSRAM: write data from dla (8000855b 80008000...)
(21762) CVSRAM: write, ticks remaining
(21764) CVSRAM: write data from dla (00000000 00000000...)
(21764) CVSRAM: write, ticks remaining
(21766) CVSRAM: write data from dla (00000000 00000000...)
(21766) CVSRAM: write, ticks remaining
(21768) CVSRAM: write data from dla (00000000 00000000...)
(21768) CVSRAM: write, ticks remaining
(21770) CVSRAM: write data from dla (8000858d 80008000...)
(21770) CVSRAM: write, ticks remaining
(21772) CVSRAM: write data from dla (80008000 80008000...)
(21772) CVSRAM: write, ticks remaining
(21774) CVSRAM: write data from dla (80008000 80008000...)
(21774) CVSRAM: write, ticks remaining
(21776) CVSRAM: write data from dla (800081df 80008000...)
(21776) CVSRAM: write, ticks remaining
(21778) CVSRAM: write data from dla (80008000 80008000...)
(21778) CVSRAM: write, ticks remaining
(21780) CVSRAM: write data from dla (80008000 80008000...)
(21780) CVSRAM: write, ticks remaining
(21782) CVSRAM: write data from dla (80008000 80008000...)
(21782) CVSRAM: write, ticks remaining
(21784) CVSRAM: write data from dla (8000878f 80008000...)
(21784) CVSRAM: write, ticks remaining
(21786) CVSRAM: write data from dla (80008000 80008000...)
(21786) CVSRAM: write, ticks remaining
(21788) CVSRAM: write data from dla (00000000 00000000...)
(21788) CVSRAM: write, ticks remaining
(21790) CVSRAM: write data from dla (00000000 00000000...)
(21790) CVSRAM: write, ticks remaining
(21792) CVSRAM: write data from dla (00000000 00000000...)
(21792) CVSRAM: write, ticks remaining
(21794) CVSRAM: write data from dla (80008000 80008000...)
(21794) CVSRAM: write, ticks remaining
(21796) CVSRAM: write data from dla (80008000 80008000...)
(21796) CVSRAM: write, ticks remaining
(21798) CVSRAM: write data from dla (80008000 80008000...)
(21798) CVSRAM: write, ticks remaining
(21800) CVSRAM: write data from dla (80008438 80008000...)
(21800) CVSRAM: write, ticks remaining
(21802) CVSRAM: write data from dla (80008000 80008000...)
(21802) CVSRAM: write, ticks remaining
(21804) CVSRAM: write data from dla (80008000 80008000...)
(21804) CVSRAM: write, ticks remaining
(21806) CVSRAM: write data from dla (80008000 80008000...)
(21806) CVSRAM: write, ticks remaining
(21808) CVSRAM: write data from dla (800081cb 80008000...)
(21808) CVSRAM: write, ticks remaining
(21810) CVSRAM: write data from dla (80008972 80008000...)
(21810) CVSRAM: write, ticks remaining
(21812) CVSRAM: write data from dla (80008702 80008000...)
(21812) CVSRAM: write, ticks remaining
(21814) CVSRAM: write data from dla (00000000 00000000...)
(21814) CVSRAM: write, ticks remaining
(21816) CVSRAM: write data from dla (00000000 00000000...)
(21816) CVSRAM: write, last tick
(21820) CVSRAM: write request from dla, addr 500180c0 id 0
(21822) CVSRAM: write data from dla (00000000 00000000...)
(21822) CVSRAM: write, ticks remaining
(21824) CVSRAM: write data from dla (80008000 80008000...)
(21824) CVSRAM: write, ticks remaining
(21826) CVSRAM: write data from dla (80008000 80008000...)
(21826) CVSRAM: write, ticks remaining
(21828) CVSRAM: write data from dla (80008000 80008000...)
(21828) CVSRAM: write, ticks remaining
(21830) CVSRAM: write data from dla (80008000 80008000...)
(21830) CVSRAM: write, ticks remaining
(21832) CVSRAM: write data from dla (80008000 80008000...)
(21832) CVSRAM: write, ticks remaining
(21834) CVSRAM: write data from dla (80008000 80008000...)
(21834) CVSRAM: write, ticks remaining
(21836) CVSRAM: write data from dla (80008000 80008000...)
(21836) CVSRAM: write, ticks remaining
(21838) CVSRAM: write data from dla (80008000 80008000...)
(21838) CVSRAM: write, ticks remaining
(21840) CVSRAM: write data from dla (80008000 80008000...)
(21840) CVSRAM: write, ticks remaining
(21842) CVSRAM: write data from dla (00000000 00000000...)
(21842) CVSRAM: write, ticks remaining
(21844) CVSRAM: write data from dla (00000000 00000000...)
(21844) CVSRAM: write, ticks remaining
(21846) CVSRAM: write data from dla (00000000 00000000...)
(21846) CVSRAM: write, ticks remaining
(21848) CVSRAM: write data from dla (800081dc 80008000...)
(21848) CVSRAM: write, ticks remaining
(21850) CVSRAM: write data from dla (80008000 80008000...)
(21850) CVSRAM: write, ticks remaining
(21852) CVSRAM: write data from dla (80008000 80008000...)
(21852) CVSRAM: write, ticks remaining
(21854) CVSRAM: write data from dla (800082bd 80008000...)
(21854) CVSRAM: write, ticks remaining
(21856) CVSRAM: write data from dla (80008000 80008000...)
(21856) CVSRAM: write, ticks remaining
(21858) CVSRAM: write data from dla (80008000 80008000...)
(21858) CVSRAM: write, ticks remaining
(21860) CVSRAM: write data from dla (80008000 80008000...)
(21860) CVSRAM: write, ticks remaining
(21862) CVSRAM: write data from dla (80008000 80008000...)
(21862) CVSRAM: write, ticks remaining
(21864) CVSRAM: write data from dla (80008000 80008000...)
(21864) CVSRAM: write, ticks remaining
(21866) CVSRAM: write data from dla (8000845b 80008000...)
(21866) CVSRAM: write, ticks remaining
(21868) CVSRAM: write data from dla (00000000 00000000...)
(21868) CVSRAM: write, ticks remaining
(21870) CVSRAM: write data from dla (00000000 00000000...)
(21870) CVSRAM: write, ticks remaining
(21872) CVSRAM: write data from dla (00000000 00000000...)
(21872) CVSRAM: write, ticks remaining
(21874) CVSRAM: write data from dla (80008000 80008000...)
(21874) CVSRAM: write, ticks remaining
(21876) CVSRAM: write data from dla (80008000 80008000...)
(21876) CVSRAM: write, ticks remaining
(21878) CVSRAM: write data from dla (80008000 80008000...)
(21878) CVSRAM: write, ticks remaining
(21880) CVSRAM: write data from dla (800086c3 80008000...)
(21880) CVSRAM: write, ticks remaining
(21882) CVSRAM: write data from dla (80008000 80008000...)
(21882) CVSRAM: write, ticks remaining
(21884) CVSRAM: write data from dla (80008000 80008000...)
(21884) CVSRAM: write, ticks remaining
(21886) CVSRAM: write data from dla (80008000 80008000...)
(21886) CVSRAM: write, ticks remaining
(21888) CVSRAM: write data from dla (80008000 80008000...)
(21888) CVSRAM: write, ticks remaining
(21890) CVSRAM: write data from dla (80008000 80008000...)
(21890) CVSRAM: write, ticks remaining
(21892) CVSRAM: write data from dla (00000000 00000000...)
(21892) CVSRAM: write, ticks remaining
(21894) CVSRAM: write data from dla (00000000 00000000...)
(21894) CVSRAM: write, ticks remaining
(21896) CVSRAM: write data from dla (00000000 00000000...)
(21896) CVSRAM: write, ticks remaining
(21898) CVSRAM: write data from dla (80008159 80008000...)
(21898) CVSRAM: write, ticks remaining
(21900) CVSRAM: write data from dla (815d8000 80008000...)
(21900) CVSRAM: write, ticks remaining
(21902) CVSRAM: write data from dla (80008000 80008000...)
(21902) CVSRAM: write, ticks remaining
(21904) CVSRAM: write data from dla (80008447 80008000...)
(21904) CVSRAM: write, ticks remaining
(21906) CVSRAM: write data from dla (80008000 80008000...)
(21906) CVSRAM: write, ticks remaining
(21908) CVSRAM: write data from dla (80008000 80008000...)
(21908) CVSRAM: write, ticks remaining
(21910) CVSRAM: write data from dla (80008000 80008000...)
(21910) CVSRAM: write, ticks remaining
(21912) CVSRAM: write data from dla (80008000 80008000...)
(21912) CVSRAM: write, ticks remaining
(21914) CVSRAM: write data from dla (80008000 80008000...)
(21914) CVSRAM: write, ticks remaining
(21916) CVSRAM: write data from dla (80008cb8 80008000...)
(21916) CVSRAM: write, ticks remaining
(21918) CVSRAM: write data from dla (00000000 00000000...)
(21918) CVSRAM: write, ticks remaining
(21920) CVSRAM: write data from dla (00000000 00000000...)
(21920) CVSRAM: write, ticks remaining
(21922) CVSRAM: write data from dla (00000000 00000000...)
(21922) CVSRAM: write, ticks remaining
(21924) CVSRAM: write data from dla (80008000 80008000...)
(21924) CVSRAM: write, ticks remaining
(21926) CVSRAM: write data from dla (80008000 80008000...)
(21926) CVSRAM: write, ticks remaining
(21928) CVSRAM: write data from dla (80008000 80008000...)
(21928) CVSRAM: write, ticks remaining
(21930) CVSRAM: write data from dla (80008000 80008000...)
(21930) CVSRAM: write, ticks remaining
(21932) CVSRAM: write data from dla (80008000 80008000...)
(21932) CVSRAM: write, ticks remaining
(21934) CVSRAM: write data from dla (80008000 80008000...)
(21934) CVSRAM: write, ticks remaining
(21936) CVSRAM: write data from dla (80008000 80008000...)
(21936) CVSRAM: write, ticks remaining
(21938) CVSRAM: write data from dla (80008000 80008000...)
(21938) CVSRAM: write, ticks remaining
(21940) CVSRAM: write data from dla (80008000 80008000...)
(21940) CVSRAM: write, ticks remaining
(21942) CVSRAM: write data from dla (00000000 00000000...)
(21942) CVSRAM: write, ticks remaining
(21944) CVSRAM: write data from dla (00000000 00000000...)
(21944) CVSRAM: write, ticks remaining
(21946) CVSRAM: write data from dla (00000000 00000000...)
(21946) CVSRAM: write, ticks remaining
(21948) CVSRAM: write data from dla (80008000 80008000...)
(21948) CVSRAM: write, ticks remaining
(21950) CVSRAM: write data from dla (80008000 80008000...)
(21950) CVSRAM: write, ticks remaining
(21952) CVSRAM: write data from dla (80008000 80008000...)
(21952) CVSRAM: write, ticks remaining
(21954) CVSRAM: write data from dla (80008397 80008000...)
(21954) CVSRAM: write, ticks remaining
(21956) CVSRAM: write data from dla (80008000 80008000...)
(21956) CVSRAM: write, ticks remaining
(21958) CVSRAM: write data from dla (80008000 80008000...)
(21958) CVSRAM: write, ticks remaining
(21960) CVSRAM: write data from dla (80008000 80008000...)
(21960) CVSRAM: write, ticks remaining
(21962) CVSRAM: write data from dla (80008000 80008000...)
(21962) CVSRAM: write, ticks remaining
(21964) CVSRAM: write data from dla (80008000 80008000...)
(21964) CVSRAM: write, ticks remaining
(21966) CVSRAM: write data from dla (800083bc 80008000...)
(21966) CVSRAM: write, ticks remaining
(21968) CVSRAM: write data from dla (00000000 00000000...)
(21968) CVSRAM: write, ticks remaining
(21970) CVSRAM: write data from dla (00000000 00000000...)
(21970) CVSRAM: write, ticks remaining
(21972) CVSRAM: write data from dla (00000000 00000000...)
(21972) CVSRAM: write, ticks remaining
(21974) CVSRAM: write data from dla (80008000 80008000...)
(21974) CVSRAM: write, ticks remaining
(21976) CVSRAM: write data from dla (80008000 80008000...)
(21976) CVSRAM: write, ticks remaining
(21978) CVSRAM: write data from dla (80008580 80008000...)
(21978) CVSRAM: write, ticks remaining
(21980) CVSRAM: write data from dla (800080de 80008000...)
(21980) CVSRAM: write, ticks remaining
(21982) CVSRAM: write data from dla (80008000 80008000...)
(21982) CVSRAM: write, ticks remaining
(21984) CVSRAM: write data from dla (80008000 80008000...)
(21984) CVSRAM: write, ticks remaining
(21986) CVSRAM: write data from dla (80008000 80008000...)
(21986) CVSRAM: write, ticks remaining
(21988) CVSRAM: write data from dla (80008000 80008000...)
(21988) CVSRAM: write, ticks remaining
(21990) CVSRAM: write data from dla (80008000 80008000...)
(21990) CVSRAM: write, ticks remaining
(21992) CVSRAM: write data from dla (00000000 00000000...)
(21992) CVSRAM: write, ticks remaining
(21994) CVSRAM: write data from dla (00000000 00000000...)
(21994) CVSRAM: write, ticks remaining
(21996) CVSRAM: write data from dla (00000000 00000000...)
(21996) CVSRAM: write, ticks remaining
(21998) CVSRAM: write data from dla (80008000 80008000...)
(21998) CVSRAM: write, ticks remaining
(22000) CVSRAM: write data from dla (80008000 80008000...)
(22000) CVSRAM: write, ticks remaining
(22002) CVSRAM: write data from dla (80008cc5 80008000...)
(22002) CVSRAM: write, ticks remaining
(22004) CVSRAM: write data from dla (80008e4e 80008000...)
(22004) CVSRAM: write, ticks remaining
(22006) CVSRAM: write data from dla (80008000 80008000...)
(22006) CVSRAM: write, ticks remaining
(22008) CVSRAM: write data from dla (80008000 80008000...)
(22008) CVSRAM: write, ticks remaining
(22010) CVSRAM: write data from dla (80008000 80008000...)
(22010) CVSRAM: write, ticks remaining
(22012) CVSRAM: write data from dla (80008000 80008000...)
(22012) CVSRAM: write, ticks remaining
(22014) CVSRAM: write data from dla (80008000 80008000...)
(22014) CVSRAM: write, ticks remaining
(22016) CVSRAM: write data from dla (80009045 80008000...)
(22016) CVSRAM: write, ticks remaining
(22018) CVSRAM: write data from dla (00000000 00000000...)
(22018) CVSRAM: write, ticks remaining
(22020) CVSRAM: write data from dla (00000000 00000000...)
(22020) CVSRAM: write, ticks remaining
(22022) CVSRAM: write data from dla (00000000 00000000...)
(22022) CVSRAM: write, ticks remaining
(22024) CVSRAM: write data from dla (80008000 80008000...)
(22024) CVSRAM: write, ticks remaining
(22026) CVSRAM: write data from dla (80ae8000 80008000...)
(22026) CVSRAM: write, ticks remaining
(22028) CVSRAM: write data from dla (80008ddf 80008000...)
(22028) CVSRAM: write, ticks remaining
(22030) CVSRAM: write data from dla (80008000 80008000...)
(22030) CVSRAM: write, ticks remaining
(22032) CVSRAM: write data from dla (80008000 80008000...)
(22032) CVSRAM: write, ticks remaining
(22034) CVSRAM: write data from dla (80008000 80008000...)
(22034) CVSRAM: write, ticks remaining
(22036) CVSRAM: write data from dla (80008000 80008000...)
(22036) CVSRAM: write, ticks remaining
(22038) CVSRAM: write data from dla (80008039 80008000...)
(22038) CVSRAM: write, ticks remaining
(22040) CVSRAM: write data from dla (80008345 80008000...)
(22040) CVSRAM: write, ticks remaining
(22042) CVSRAM: write data from dla (00000000 00000000...)
(22042) CVSRAM: write, ticks remaining
(22044) CVSRAM: write data from dla (00000000 00000000...)
(22044) CVSRAM: write, ticks remaining
(22046) CVSRAM: write data from dla (00000000 00000000...)
(22046) CVSRAM: write, ticks remaining
(22048) CVSRAM: write data from dla (80008000 80008000...)
(22048) CVSRAM: write, ticks remaining
(22050) CVSRAM: write data from dla (80008000 80008000...)
(22050) CVSRAM: write, ticks remaining
(22052) CVSRAM: write data from dla (8000867b 80008000...)
(22052) CVSRAM: write, ticks remaining
(22054) CVSRAM: write data from dla (80008daf 80008000...)
(22054) CVSRAM: write, ticks remaining
(22056) CVSRAM: write data from dla (80008159 80008000...)
(22056) CVSRAM: write, ticks remaining
(22058) CVSRAM: write data from dla (80008000 80008000...)
(22058) CVSRAM: write, ticks remaining
(22060) CVSRAM: write data from dla (80008000 80008000...)
(22060) CVSRAM: write, ticks remaining
(22062) CVSRAM: write data from dla (800084a1 80008000...)
(22062) CVSRAM: write, ticks remaining
(22064) CVSRAM: write data from dla (80008000 80008000...)
(22064) CVSRAM: write, ticks remaining
(22066) CVSRAM: write data from dla (80008ca0 80008000...)
(22066) CVSRAM: write, ticks remaining
(22068) CVSRAM: write data from dla (00000000 00000000...)
(22068) CVSRAM: write, ticks remaining
(22070) CVSRAM: write data from dla (00000000 00000000...)
(22070) CVSRAM: write, ticks remaining
(22072) CVSRAM: write data from dla (00000000 00000000...)
(22072) CVSRAM: write, ticks remaining
(22074) CVSRAM: write data from dla (80008080 80008000...)
(22074) CVSRAM: write, ticks remaining
(22076) CVSRAM: write data from dla (80008000 80008000...)
(22076) CVSRAM: write, ticks remaining
(22078) CVSRAM: write data from dla (80008881 80008000...)
(22078) CVSRAM: write, ticks remaining
(22080) CVSRAM: write data from dla (80008000 80008000...)
(22080) CVSRAM: write, ticks remaining
(22082) CVSRAM: write data from dla (80008000 80008000...)
(22082) CVSRAM: write, ticks remaining
(22084) CVSRAM: write data from dla (80008000 80008000...)
(22084) CVSRAM: write, ticks remaining
(22086) CVSRAM: write data from dla (80008000 80008000...)
(22086) CVSRAM: write, ticks remaining
(22088) CVSRAM: write data from dla (80008000 80008000...)
(22088) CVSRAM: write, ticks remaining
(22090) CVSRAM: write data from dla (800083c9 80008000...)
(22090) CVSRAM: write, ticks remaining
(22092) CVSRAM: write data from dla (00000000 00000000...)
(22092) CVSRAM: write, ticks remaining
(22094) CVSRAM: write data from dla (00000000 00000000...)
(22094) CVSRAM: write, ticks remaining
(22096) CVSRAM: write data from dla (00000000 00000000...)
(22096) CVSRAM: write, ticks remaining
(22098) CVSRAM: write data from dla (80008000 80008256...)
(22098) CVSRAM: write, ticks remaining
(22100) CVSRAM: write data from dla (80008000 80008000...)
(22100) CVSRAM: write, ticks remaining
(22102) CVSRAM: write data from dla (80008000 80008000...)
(22102) CVSRAM: write, ticks remaining
(22104) CVSRAM: write data from dla (80009382 80008000...)
(22104) CVSRAM: write, ticks remaining
(22106) CVSRAM: write data from dla (80008000 80008000...)
(22106) CVSRAM: write, ticks remaining
(22108) CVSRAM: write data from dla (80008000 80008000...)
(22108) CVSRAM: write, ticks remaining
(22110) CVSRAM: write data from dla (80008000 80008000...)
(22110) CVSRAM: write, ticks remaining
(22112) CVSRAM: write data from dla (80008474 80008000...)
(22112) CVSRAM: write, ticks remaining
(22114) CVSRAM: write data from dla (80008000 80008000...)
(22114) CVSRAM: write, ticks remaining
(22116) CVSRAM: write data from dla (80008cbc 80008000...)
(22116) CVSRAM: write, ticks remaining
(22118) CVSRAM: write data from dla (00000000 00000000...)
(22118) CVSRAM: write, ticks remaining
(22120) CVSRAM: write data from dla (00000000 00000000...)
(22120) CVSRAM: write, ticks remaining
(22122) CVSRAM: write data from dla (00000000 00000000...)
(22122) CVSRAM: write, ticks remaining
(22124) CVSRAM: write data from dla (8000830c 80008000...)
(22124) CVSRAM: write, ticks remaining
(22126) CVSRAM: write data from dla (80008000 80008000...)
(22126) CVSRAM: write, ticks remaining
(22128) CVSRAM: write data from dla (80008000 80008000...)
(22128) CVSRAM: write, ticks remaining
(22130) CVSRAM: write data from dla (80008000 80008000...)
(22130) CVSRAM: write, ticks remaining
(22132) CVSRAM: write data from dla (80008000 80008000...)
(22132) CVSRAM: write, ticks remaining
(22134) CVSRAM: write data from dla (80008000 80008000...)
(22134) CVSRAM: write, ticks remaining
(22136) CVSRAM: write data from dla (80008000 80008000...)
(22136) CVSRAM: write, ticks remaining
(22138) CVSRAM: write data from dla (80008000 80008000...)
(22138) CVSRAM: write, ticks remaining
(22140) CVSRAM: write data from dla (80008000 80008000...)
(22140) CVSRAM: write, ticks remaining
(22142) CVSRAM: write data from dla (00000000 00000000...)
(22142) CVSRAM: write, ticks remaining
(22144) CVSRAM: write data from dla (00000000 00000000...)
(22144) CVSRAM: write, ticks remaining
(22146) CVSRAM: write data from dla (00000000 00000000...)
(22146) CVSRAM: write, ticks remaining
(22148) CVSRAM: write data from dla (00000000 00000000...)
(22148) CVSRAM: write, ticks remaining
(22150) CVSRAM: write data from dla (00000000 00000000...)
(22150) CVSRAM: write, ticks remaining
(22152) CVSRAM: write data from dla (00000000 00000000...)
(22152) CVSRAM: write, ticks remaining
(22154) CVSRAM: write data from dla (00000000 00000000...)
(22154) CVSRAM: write, ticks remaining
(22156) CVSRAM: write data from dla (00000000 00000000...)
(22156) CVSRAM: write, ticks remaining
(22158) CVSRAM: write data from dla (00000000 00000000...)
(22158) CVSRAM: write, ticks remaining
(22160) CVSRAM: write data from dla (80008000 80008000...)
(22160) CVSRAM: write, ticks remaining
(22162) CVSRAM: write data from dla (80008000 80008000...)
(22162) CVSRAM: write, ticks remaining
(22164) CVSRAM: write data from dla (80008000 80008000...)
(22164) CVSRAM: write, ticks remaining
(22166) CVSRAM: write data from dla (80008000 83448000...)
(22166) CVSRAM: write, ticks remaining
(22168) CVSRAM: write data from dla (80008000 80008000...)
(22168) CVSRAM: write, ticks remaining
(22170) CVSRAM: write data from dla (80008000 849e8000...)
(22170) CVSRAM: write, ticks remaining
(22172) CVSRAM: write data from dla (80008000 80008000...)
(22172) CVSRAM: write, ticks remaining
(22174) CVSRAM: write data from dla (80008000 80008000...)
(22174) CVSRAM: write, ticks remaining
(22176) CVSRAM: write data from dla (80008000 80008000...)
(22176) CVSRAM: write, ticks remaining
(22178) CVSRAM: write data from dla (80008000 80008000...)
(22178) CVSRAM: write, ticks remaining
(22180) CVSRAM: write data from dla (00000000 00000000...)
(22180) CVSRAM: write, ticks remaining
(22182) CVSRAM: write data from dla (00000000 00000000...)
(22182) CVSRAM: write, ticks remaining
(22184) CVSRAM: write data from dla (00000000 00000000...)
(22184) CVSRAM: write, ticks remaining
(22186) CVSRAM: write data from dla (80008000 80008000...)
(22186) CVSRAM: write, ticks remaining
(22188) CVSRAM: write data from dla (80008000 80008000...)
(22188) CVSRAM: write, ticks remaining
(22190) CVSRAM: write data from dla (80008000 80008000...)
(22190) CVSRAM: write, ticks remaining
(22192) CVSRAM: write data from dla (80008000 80008000...)
(22192) CVSRAM: write, ticks remaining
(22194) CVSRAM: write data from dla (80008000 80008000...)
(22194) CVSRAM: write, ticks remaining
(22196) CVSRAM: write data from dla (80008000 80008000...)
(22196) CVSRAM: write, ticks remaining
(22198) CVSRAM: write data from dla (80008000 80008000...)
(22198) CVSRAM: write, ticks remaining
(22200) CVSRAM: write data from dla (80008000 80008000...)
(22200) CVSRAM: write, ticks remaining
(22202) CVSRAM: write data from dla (80008000 80008000...)
(22202) CVSRAM: write, ticks remaining
(22204) CVSRAM: write data from dla (00000000 00000000...)
(22204) CVSRAM: write, ticks remaining
(22206) CVSRAM: write data from dla (00000000 00000000...)
(22206) CVSRAM: write, ticks remaining
(22208) CVSRAM: write data from dla (00000000 00000000...)
(22208) CVSRAM: write, ticks remaining
(22210) CVSRAM: write data from dla (80008000 80008000...)
(22210) CVSRAM: write, ticks remaining
(22212) CVSRAM: write data from dla (80008000 80008000...)
(22212) CVSRAM: write, ticks remaining
(22214) CVSRAM: write data from dla (80008000 80008000...)
(22214) CVSRAM: write, ticks remaining
(22216) CVSRAM: write data from dla (80008000 80008000...)
(22216) CVSRAM: write, ticks remaining
(22218) CVSRAM: write data from dla (80008000 80008292...)
(22218) CVSRAM: write, ticks remaining
(22220) CVSRAM: write data from dla (80008000 800080ac...)
(22220) CVSRAM: write, ticks remaining
(22222) CVSRAM: write data from dla (80008000 80008000...)
(22222) CVSRAM: write, ticks remaining
(22224) CVSRAM: write data from dla (80008000 80008000...)
(22224) CVSRAM: write, ticks remaining
(22226) CVSRAM: write data from dla (80008000 80008318...)
(22226) CVSRAM: write, ticks remaining
(22228) CVSRAM: write data from dla (80008000 80008a93...)
(22228) CVSRAM: write, ticks remaining
(22230) CVSRAM: write data from dla (00000000 00000000...)
(22230) CVSRAM: write, ticks remaining
(22232) CVSRAM: write data from dla (00000000 00000000...)
(22232) CVSRAM: write, ticks remaining
(22234) CVSRAM: write data from dla (00000000 00000000...)
(22234) CVSRAM: write, ticks remaining
(22236) CVSRAM: write data from dla (80008000 80008108...)
(22236) CVSRAM: write, ticks remaining
(22238) CVSRAM: write data from dla (80008000 8000900e...)
(22238) CVSRAM: write, ticks remaining
(22240) CVSRAM: write data from dla (80008000 80008794...)
(22240) CVSRAM: write, ticks remaining
(22242) CVSRAM: write data from dla (80008000 8000814d...)
(22242) CVSRAM: write, ticks remaining
(22244) CVSRAM: write data from dla (80008000 80008000...)
(22244) CVSRAM: write, ticks remaining
(22246) CVSRAM: write data from dla (80008000 80008000...)
(22246) CVSRAM: write, ticks remaining
(22248) CVSRAM: write data from dla (80008000 80008000...)
(22248) CVSRAM: write, ticks remaining
(22250) CVSRAM: write data from dla (80008000 80008000...)
(22250) CVSRAM: write, ticks remaining
(22252) CVSRAM: write data from dla (80008000 80008000...)
(22252) CVSRAM: write, ticks remaining
(22254) CVSRAM: write data from dla (00000000 00000000...)
(22254) CVSRAM: write, ticks remaining
(22256) CVSRAM: write data from dla (00000000 00000000...)
(22256) CVSRAM: write, ticks remaining
(22258) CVSRAM: write data from dla (00000000 00000000...)
(22258) CVSRAM: write, ticks remaining
(22260) CVSRAM: write data from dla (80008000 80008000...)
(22260) CVSRAM: write, ticks remaining
(22262) CVSRAM: write data from dla (80008000 80008000...)
(22262) CVSRAM: write, ticks remaining
(22264) CVSRAM: write data from dla (80008000 80008000...)
(22264) CVSRAM: write, ticks remaining
(22266) CVSRAM: write data from dla (80008000 800088e9...)
(22266) CVSRAM: write, ticks remaining
(22268) CVSRAM: write data from dla (80008000 80008000...)
(22268) CVSRAM: write, ticks remaining
(22270) CVSRAM: write data from dla (80008000 80008000...)
(22270) CVSRAM: write, ticks remaining
(22272) CVSRAM: write data from dla (80008000 80008000...)
(22272) CVSRAM: write, ticks remaining
(22274) CVSRAM: write data from dla (80008000 80008000...)
(22274) CVSRAM: write, ticks remaining
(22276) CVSRAM: write data from dla (80008000 80008000...)
(22276) CVSRAM: write, ticks remaining
(22278) CVSRAM: write data from dla (80008000 8000826e...)
(22278) CVSRAM: write, ticks remaining
(22280) CVSRAM: write data from dla (00000000 00000000...)
(22280) CVSRAM: write, ticks remaining
(22282) CVSRAM: write data from dla (00000000 00000000...)
(22282) CVSRAM: write, ticks remaining
(22284) CVSRAM: write data from dla (00000000 00000000...)
(22284) CVSRAM: write, ticks remaining
(22286) CVSRAM: write data from dla (80008000 80008000...)
(22286) CVSRAM: write, ticks remaining
(22288) CVSRAM: write data from dla (80008000 80008000...)
(22288) CVSRAM: write, ticks remaining
(22290) CVSRAM: write data from dla (80008000 87e68000...)
(22290) CVSRAM: write, ticks remaining
(22292) CVSRAM: write data from dla (80008000 80008125...)
(22292) CVSRAM: write, ticks remaining
(22294) CVSRAM: write data from dla (80008000 80008000...)
(22294) CVSRAM: write, ticks remaining
(22296) CVSRAM: write data from dla (80008000 800085ad...)
(22296) CVSRAM: write, ticks remaining
(22298) CVSRAM: write data from dla (80008000 80008000...)
(22298) CVSRAM: write, ticks remaining
(22300) CVSRAM: write data from dla (80008000 800084c3...)
(22300) CVSRAM: write, ticks remaining
(22302) CVSRAM: write data from dla (80008000 80008000...)
(22302) CVSRAM: write, ticks remaining
(22304) CVSRAM: write data from dla (00000000 00000000...)
(22304) CVSRAM: write, ticks remaining
(22306) CVSRAM: write data from dla (00000000 00000000...)
(22306) CVSRAM: write, ticks remaining
(22308) CVSRAM: write data from dla (00000000 00000000...)
(22308) CVSRAM: write, ticks remaining
(22310) CVSRAM: write data from dla (80008000 80008000...)
(22310) CVSRAM: write, ticks remaining
(22312) CVSRAM: write data from dla (80008000 800083f3...)
(22312) CVSRAM: write, ticks remaining
(22314) CVSRAM: write data from dla (80008000 800090c7...)
(22314) CVSRAM: write, ticks remaining
(22316) CVSRAM: write data from dla (80008000 80008000...)
(22316) CVSRAM: write, ticks remaining
(22318) CVSRAM: write data from dla (80008000 80008000...)
(22318) CVSRAM: write, ticks remaining
(22320) CVSRAM: write data from dla (80008000 80008000...)
(22320) CVSRAM: write, ticks remaining
(22322) CVSRAM: write data from dla (80008000 80008000...)
(22322) CVSRAM: write, ticks remaining
(22324) CVSRAM: write data from dla (80008000 800085b6...)
(22324) CVSRAM: write, ticks remaining
(22326) CVSRAM: write data from dla (80008000 80008000...)
(22326) CVSRAM: write, ticks remaining
(22328) CVSRAM: write data from dla (80008000 800083b6...)
(22328) CVSRAM: write, ticks remaining
(22330) CVSRAM: write data from dla (00000000 00000000...)
(22330) CVSRAM: write, ticks remaining
(22332) CVSRAM: write data from dla (00000000 00000000...)
(22332) CVSRAM: write, last tick
(22336) CVSRAM: write request from dla, addr 5001c0c0 id 0
(22338) CVSRAM: write data from dla (00000000 00000000...)
(22338) CVSRAM: write, ticks remaining
(22340) CVSRAM: write data from dla (80008000 80008396...)
(22340) CVSRAM: write, ticks remaining
(22342) CVSRAM: write data from dla (80008000 80008000...)
(22342) CVSRAM: write, ticks remaining
(22344) CVSRAM: write data from dla (80008000 80008000...)
(22344) CVSRAM: write, ticks remaining
(22346) CVSRAM: write data from dla (80008000 8000819f...)
(22346) CVSRAM: write, ticks remaining
(22348) CVSRAM: write data from dla (80008000 80008000...)
(22348) CVSRAM: write, ticks remaining
(22350) CVSRAM: write data from dla (80008000 80008000...)
(22350) CVSRAM: write, ticks remaining
(22352) CVSRAM: write data from dla (80008000 80008000...)
(22352) CVSRAM: write, ticks remaining
(22354) CVSRAM: write data from dla (80008000 80008000...)
(22354) CVSRAM: write, ticks remaining
(22356) CVSRAM: write data from dla (80008000 80008000...)
(22356) CVSRAM: write, ticks remaining
(22358) CVSRAM: write data from dla (00000000 00000000...)
(22358) CVSRAM: write, ticks remaining
(22360) CVSRAM: write data from dla (00000000 00000000...)
(22360) CVSRAM: write, ticks remaining
(22362) CVSRAM: write data from dla (00000000 00000000...)
(22362) CVSRAM: write, ticks remaining
(22364) CVSRAM: write data from dla (80008000 80008000...)
(22364) CVSRAM: write, ticks remaining
(22366) CVSRAM: write data from dla (80008000 80008000...)
(22366) CVSRAM: write, ticks remaining
(22368) CVSRAM: write data from dla (80008000 80008000...)
(22368) CVSRAM: write, ticks remaining
(22370) CVSRAM: write data from dla (80008000 800081e6...)
(22370) CVSRAM: write, ticks remaining
(22372) CVSRAM: write data from dla (80008000 80008752...)
(22372) CVSRAM: write, ticks remaining
(22374) CVSRAM: write data from dla (80008000 80008000...)
(22374) CVSRAM: write, ticks remaining
(22376) CVSRAM: write data from dla (80008000 80008000...)
(22376) CVSRAM: write, ticks remaining
(22378) CVSRAM: write data from dla (80008000 80008000...)
(22378) CVSRAM: write, ticks remaining
(22380) CVSRAM: write data from dla (80008000 80008000...)
(22380) CVSRAM: write, ticks remaining
(22382) CVSRAM: write data from dla (80008000 80008205...)
(22382) CVSRAM: write, ticks remaining
(22384) CVSRAM: write data from dla (00000000 00000000...)
(22384) CVSRAM: write, ticks remaining
(22386) CVSRAM: write data from dla (00000000 00000000...)
(22386) CVSRAM: write, ticks remaining
(22388) CVSRAM: write data from dla (00000000 00000000...)
(22388) CVSRAM: write, ticks remaining
(22390) CVSRAM: write data from dla (80008000 8000838e...)
(22390) CVSRAM: write, ticks remaining
(22392) CVSRAM: write data from dla (80008000 80008000...)
(22392) CVSRAM: write, ticks remaining
(22394) CVSRAM: write data from dla (80008000 80008000...)
(22394) CVSRAM: write, ticks remaining
(22396) CVSRAM: write data from dla (80008000 80008000...)
(22396) CVSRAM: write, ticks remaining
(22398) CVSRAM: write data from dla (80008000 80008000...)
(22398) CVSRAM: write, ticks remaining
(22400) CVSRAM: write data from dla (80008000 8000800e...)
(22400) CVSRAM: write, ticks remaining
(22402) CVSRAM: write data from dla (80008000 800086e0...)
(22402) CVSRAM: write, ticks remaining
(22404) CVSRAM: write data from dla (80008000 800083af...)
(22404) CVSRAM: write, ticks remaining
(22406) CVSRAM: write data from dla (80008000 80008000...)
(22406) CVSRAM: write, ticks remaining
(22408) CVSRAM: write data from dla (00000000 00000000...)
(22408) CVSRAM: write, ticks remaining
(22410) CVSRAM: write data from dla (00000000 00000000...)
(22410) CVSRAM: write, ticks remaining
(22412) CVSRAM: write data from dla (00000000 00000000...)
(22412) CVSRAM: write, ticks remaining
(22414) CVSRAM: write data from dla (80008000 80008000...)
(22414) CVSRAM: write, ticks remaining
(22416) CVSRAM: write data from dla (80008000 80008000...)
(22416) CVSRAM: write, ticks remaining
(22418) CVSRAM: write data from dla (80008000 80008000...)
(22418) CVSRAM: write, ticks remaining
(22420) CVSRAM: write data from dla (80008000 80008000...)
(22420) CVSRAM: write, ticks remaining
(22422) CVSRAM: write data from dla (80008000 80008000...)
(22422) CVSRAM: write, ticks remaining
(22424) CVSRAM: write data from dla (80008000 80008000...)
(22424) CVSRAM: write, ticks remaining
(22426) CVSRAM: write data from dla (80008000 80008000...)
(22426) CVSRAM: write, ticks remaining
(22428) CVSRAM: write data from dla (80008000 8000851f...)
(22428) CVSRAM: write, ticks remaining
(22430) CVSRAM: write data from dla (80008000 80008000...)
(22430) CVSRAM: write, ticks remaining
(22432) CVSRAM: write data from dla (80008000 80008680...)
(22432) CVSRAM: write, ticks remaining
(22434) CVSRAM: write data from dla (00000000 00000000...)
(22434) CVSRAM: write, ticks remaining
(22436) CVSRAM: write data from dla (00000000 00000000...)
(22436) CVSRAM: write, ticks remaining
(22438) CVSRAM: write data from dla (00000000 00000000...)
(22438) CVSRAM: write, ticks remaining
(22440) CVSRAM: write data from dla (80008000 80008000...)
(22440) CVSRAM: write, ticks remaining
(22442) CVSRAM: write data from dla (80008000 80008000...)
(22442) CVSRAM: write, ticks remaining
(22444) CVSRAM: write data from dla (80008000 800085f5...)
(22444) CVSRAM: write, ticks remaining
(22446) CVSRAM: write data from dla (80008000 80008000...)
(22446) CVSRAM: write, ticks remaining
(22448) CVSRAM: write data from dla (80008000 80008d10...)
(22448) CVSRAM: write, ticks remaining
(22450) CVSRAM: write data from dla (80008000 80008000...)
(22450) CVSRAM: write, ticks remaining
(22452) CVSRAM: write data from dla (80008000 80008000...)
(22452) CVSRAM: write, ticks remaining
(22454) CVSRAM: write data from dla (80008000 80008000...)
(22454) CVSRAM: write, ticks remaining
(22456) CVSRAM: write data from dla (80008000 80008000...)
(22456) CVSRAM: write, ticks remaining
(22458) CVSRAM: write data from dla (00000000 00000000...)
(22458) CVSRAM: write, ticks remaining
(22460) CVSRAM: write data from dla (00000000 00000000...)
(22460) CVSRAM: write, ticks remaining
(22462) CVSRAM: write data from dla (00000000 00000000...)
(22462) CVSRAM: write, ticks remaining
(22464) CVSRAM: write data from dla (80008000 80008000...)
(22464) CVSRAM: write, ticks remaining
(22466) CVSRAM: write data from dla (80008000 80008000...)
(22466) CVSRAM: write, ticks remaining
(22468) CVSRAM: write data from dla (80008000 80008000...)
(22468) CVSRAM: write, ticks remaining
(22470) CVSRAM: write data from dla (80008000 80008000...)
(22470) CVSRAM: write, ticks remaining
(22472) CVSRAM: write data from dla (80008000 800081e9...)
(22472) CVSRAM: write, ticks remaining
(22474) CVSRAM: write data from dla (80008000 80008000...)
(22474) CVSRAM: write, ticks remaining
(22476) CVSRAM: write data from dla (80008000 80008000...)
(22476) CVSRAM: write, ticks remaining
(22478) CVSRAM: write data from dla (80008000 80008000...)
(22478) CVSRAM: write, ticks remaining
(22480) CVSRAM: write data from dla (80008000 80008000...)
(22480) CVSRAM: write, ticks remaining
(22482) CVSRAM: write data from dla (80008000 80008623...)
(22482) CVSRAM: write, ticks remaining
(22484) CVSRAM: write data from dla (00000000 00000000...)
(22484) CVSRAM: write, ticks remaining
(22486) CVSRAM: write data from dla (00000000 00000000...)
(22486) CVSRAM: write, ticks remaining
(22488) CVSRAM: write data from dla (00000000 00000000...)
(22488) CVSRAM: write, ticks remaining
(22490) CVSRAM: write data from dla (80008000 80008000...)
(22490) CVSRAM: write, ticks remaining
(22492) CVSRAM: write data from dla (80008000 80008000...)
(22492) CVSRAM: write, ticks remaining
(22494) CVSRAM: write data from dla (80008000 800080b8...)
(22494) CVSRAM: write, ticks remaining
(22496) CVSRAM: write data from dla (80008000 80008000...)
(22496) CVSRAM: write, ticks remaining
(22498) CVSRAM: write data from dla (80008000 80008000...)
(22498) CVSRAM: write, ticks remaining
(22500) CVSRAM: write data from dla (80008000 8000843c...)
(22500) CVSRAM: write, ticks remaining
(22502) CVSRAM: write data from dla (80008000 80008000...)
(22502) CVSRAM: write, ticks remaining
(22504) CVSRAM: write data from dla (80008000 8000894d...)
(22504) CVSRAM: write, ticks remaining
(22506) CVSRAM: write data from dla (80008000 80008409...)
(22506) CVSRAM: write, ticks remaining
(22508) CVSRAM: write data from dla (00000000 00000000...)
(22508) CVSRAM: write, ticks remaining
(22510) CVSRAM: write data from dla (00000000 00000000...)
(22510) CVSRAM: write, ticks remaining
(22512) CVSRAM: write data from dla (00000000 00000000...)
(22512) CVSRAM: write, ticks remaining
(22514) CVSRAM: write data from dla (80008000 80008000...)
(22514) CVSRAM: write, ticks remaining
(22516) CVSRAM: write data from dla (80008000 80008000...)
(22516) CVSRAM: write, ticks remaining
(22518) CVSRAM: write data from dla (80008000 80008000...)
(22518) CVSRAM: write, ticks remaining
(22520) CVSRAM: write data from dla (80008000 800091e2...)
(22520) CVSRAM: write, ticks remaining
(22522) CVSRAM: write data from dla (80008000 800089db...)
(22522) CVSRAM: write, ticks remaining
(22524) CVSRAM: write data from dla (80008000 80008000...)
(22524) CVSRAM: write, ticks remaining
(22526) CVSRAM: write data from dla (80008000 80008000...)
(22526) CVSRAM: write, ticks remaining
(22528) CVSRAM: write data from dla (80008000 80008000...)
(22528) CVSRAM: write, ticks remaining
(22530) CVSRAM: write data from dla (80008000 80008000...)
(22530) CVSRAM: write, ticks remaining
(22532) CVSRAM: write data from dla (80008000 80008000...)
(22532) CVSRAM: write, ticks remaining
(22534) CVSRAM: write data from dla (00000000 00000000...)
(22534) CVSRAM: write, ticks remaining
(22536) CVSRAM: write data from dla (00000000 00000000...)
(22536) CVSRAM: write, ticks remaining
(22538) CVSRAM: write data from dla (00000000 00000000...)
(22538) CVSRAM: write, ticks remaining
(22540) CVSRAM: write data from dla (80008000 80008000...)
(22540) CVSRAM: write, ticks remaining
(22542) CVSRAM: write data from dla (80008000 80008000...)
(22542) CVSRAM: write, ticks remaining
(22544) CVSRAM: write data from dla (80008000 8000858e...)
(22544) CVSRAM: write, ticks remaining
(22546) CVSRAM: write data from dla (80008000 80008000...)
(22546) CVSRAM: write, ticks remaining
(22548) CVSRAM: write data from dla (80008000 80008000...)
(22548) CVSRAM: write, ticks remaining
(22550) CVSRAM: write data from dla (80008000 80008000...)
(22550) CVSRAM: write, ticks remaining
(22552) CVSRAM: write data from dla (80008000 80008000...)
(22552) CVSRAM: write, ticks remaining
(22554) CVSRAM: write data from dla (80008000 80008000...)
(22554) CVSRAM: write, ticks remaining
(22556) CVSRAM: write data from dla (80008000 80008000...)
(22556) CVSRAM: write, ticks remaining
(22558) CVSRAM: write data from dla (00000000 00000000...)
(22558) CVSRAM: write, ticks remaining
(22560) CVSRAM: write data from dla (00000000 00000000...)
(22560) CVSRAM: write, ticks remaining
(22562) CVSRAM: write data from dla (00000000 00000000...)
(22562) CVSRAM: write, ticks remaining
(22564) CVSRAM: write data from dla (80008000 80008000...)
(22564) CVSRAM: write, ticks remaining
(22566) CVSRAM: write data from dla (80008000 80008000...)
(22566) CVSRAM: write, ticks remaining
(22568) CVSRAM: write data from dla (80008000 80008000...)
(22568) CVSRAM: write, ticks remaining
(22570) CVSRAM: write data from dla (80008000 800080f7...)
(22570) CVSRAM: write, ticks remaining
(22572) CVSRAM: write data from dla (80008000 80008000...)
(22572) CVSRAM: write, ticks remaining
(22574) CVSRAM: write data from dla (80008000 80008b78...)
(22574) CVSRAM: write, ticks remaining
(22576) CVSRAM: write data from dla (80008000 8000863f...)
(22576) CVSRAM: write, ticks remaining
(22578) CVSRAM: write data from dla (80008000 80009642...)
(22578) CVSRAM: write, ticks remaining
(22580) CVSRAM: write data from dla (80008000 8000869d...)
(22580) CVSRAM: write, ticks remaining
(22582) CVSRAM: write data from dla (80008000 8000984f...)
(22582) CVSRAM: write, ticks remaining
(22584) CVSRAM: write data from dla (00000000 00000000...)
(22584) CVSRAM: write, ticks remaining
(22586) CVSRAM: write data from dla (00000000 00000000...)
(22586) CVSRAM: write, ticks remaining
(22588) CVSRAM: write data from dla (00000000 00000000...)
(22588) CVSRAM: write, ticks remaining
(22590) CVSRAM: write data from dla (80008000 80008693...)
(22590) CVSRAM: write, ticks remaining
(22592) CVSRAM: write data from dla (80008000 8000832f...)
(22592) CVSRAM: write, ticks remaining
(22594) CVSRAM: write data from dla (80008000 80008c07...)
(22594) CVSRAM: write, ticks remaining
(22596) CVSRAM: write data from dla (80008000 80008000...)
(22596) CVSRAM: write, ticks remaining
(22598) CVSRAM: write data from dla (80008000 80008785...)
(22598) CVSRAM: write, ticks remaining
(22600) CVSRAM: write data from dla (80008000 80008000...)
(22600) CVSRAM: write, ticks remaining
(22602) CVSRAM: write data from dla (80008000 80008000...)
(22602) CVSRAM: write, ticks remaining
(22604) CVSRAM: write data from dla (80008000 80008000...)
(22604) CVSRAM: write, ticks remaining
(22606) CVSRAM: write data from dla (80008000 80008000...)
(22606) CVSRAM: write, ticks remaining
(22608) CVSRAM: write data from dla (00000000 00000000...)
(22608) CVSRAM: write, ticks remaining
(22610) CVSRAM: write data from dla (00000000 00000000...)
(22610) CVSRAM: write, ticks remaining
(22612) CVSRAM: write data from dla (00000000 00000000...)
(22612) CVSRAM: write, ticks remaining
(22614) CVSRAM: write data from dla (80008d27 80008112...)
(22614) CVSRAM: write, ticks remaining
(22616) CVSRAM: write data from dla (80008000 80008aa2...)
(22616) CVSRAM: write, ticks remaining
(22618) CVSRAM: write data from dla (800081af 80009241...)
(22618) CVSRAM: write, ticks remaining
(22620) CVSRAM: write data from dla (80008000 81be8412...)
(22620) CVSRAM: write, ticks remaining
(22622) CVSRAM: write data from dla (80008000 80008b65...)
(22622) CVSRAM: write, ticks remaining
(22624) CVSRAM: write data from dla (80008000 80008000...)
(22624) CVSRAM: write, ticks remaining
(22626) CVSRAM: write data from dla (80008000 800086a7...)
(22626) CVSRAM: write, ticks remaining
(22628) CVSRAM: write data from dla (80008000 800087c3...)
(22628) CVSRAM: write, ticks remaining
(22630) CVSRAM: write data from dla (80008000 8000847e...)
(22630) CVSRAM: write, ticks remaining
(22632) CVSRAM: write data from dla (80008000 80008e3e...)
(22632) CVSRAM: write, ticks remaining
(22634) CVSRAM: write data from dla (00000000 00000000...)
(22634) CVSRAM: write, ticks remaining
(22636) CVSRAM: write data from dla (00000000 00000000...)
(22636) CVSRAM: write, ticks remaining
(22638) CVSRAM: write data from dla (00000000 00000000...)
(22638) CVSRAM: write, ticks remaining
(22640) CVSRAM: write data from dla (00000000 00000000...)
(22640) CVSRAM: write, ticks remaining
(22642) CVSRAM: write data from dla (00000000 00000000...)
(22642) CVSRAM: write, ticks remaining
(22644) CVSRAM: write data from dla (00000000 00000000...)
(22644) CVSRAM: write, ticks remaining
(22646) CVSRAM: write data from dla (00000000 00000000...)
(22646) CVSRAM: write, ticks remaining
(22648) CVSRAM: write data from dla (00000000 00000000...)
(22648) CVSRAM: write, ticks remaining
(22650) CVSRAM: write data from dla (00000000 00000000...)
(22650) CVSRAM: write, ticks remaining
(22652) CVSRAM: write data from dla (80008000 800092f6...)
(22652) CVSRAM: write, ticks remaining
(22654) CVSRAM: write data from dla (80008000 82649102...)
(22654) CVSRAM: write, ticks remaining
(22656) CVSRAM: write data from dla (80008000 80008b80...)
(22656) CVSRAM: write, ticks remaining
(22658) CVSRAM: write data from dla (80008000 80008a5f...)
(22658) CVSRAM: write, ticks remaining
(22660) CVSRAM: write data from dla (80008000 80008ae8...)
(22660) CVSRAM: write, ticks remaining
(22662) CVSRAM: write data from dla (80008000 80008e44...)
(22662) CVSRAM: write, ticks remaining
(22664) CVSRAM: write data from dla (80008000 80008cb5...)
(22664) CVSRAM: write, ticks remaining
(22666) CVSRAM: write data from dla (80008000 80008c5c...)
(22666) CVSRAM: write, ticks remaining
(22668) CVSRAM: write data from dla (80008000 85a18b47...)
(22668) CVSRAM: write, ticks remaining
(22670) CVSRAM: write data from dla (00000000 00000000...)
(22670) CVSRAM: write, ticks remaining
(22672) CVSRAM: write data from dla (00000000 00000000...)
(22672) CVSRAM: write, ticks remaining
(22674) CVSRAM: write data from dla (00000000 00000000...)
(22674) CVSRAM: write, ticks remaining
(22676) CVSRAM: write data from dla (80008000 82438000...)
(22676) CVSRAM: write, ticks remaining
(22678) CVSRAM: write data from dla (80008000 80008000...)
(22678) CVSRAM: write, ticks remaining
(22680) CVSRAM: write data from dla (80008000 80008000...)
(22680) CVSRAM: write, ticks remaining
(22682) CVSRAM: write data from dla (80008000 8a338000...)
(22682) CVSRAM: write, ticks remaining
(22684) CVSRAM: write data from dla (80008000 80008000...)
(22684) CVSRAM: write, ticks remaining
(22686) CVSRAM: write data from dla (80008000 80008000...)
(22686) CVSRAM: write, ticks remaining
(22688) CVSRAM: write data from dla (80008000 80e58000...)
(22688) CVSRAM: write, ticks remaining
(22690) CVSRAM: write data from dla (80008000 80008000...)
(22690) CVSRAM: write, ticks remaining
(22692) CVSRAM: write data from dla (80008000 80008000...)
(22692) CVSRAM: write, ticks remaining
(22694) CVSRAM: write data from dla (80008000 80008000...)
(22694) CVSRAM: write, ticks remaining
(22696) CVSRAM: write data from dla (00000000 00000000...)
(22696) CVSRAM: write, ticks remaining
(22698) CVSRAM: write data from dla (00000000 00000000...)
(22698) CVSRAM: write, ticks remaining
(22700) CVSRAM: write data from dla (00000000 00000000...)
(22700) CVSRAM: write, ticks remaining
(22702) CVSRAM: write data from dla (80008000 80008000...)
(22702) CVSRAM: write, ticks remaining
(22704) CVSRAM: write data from dla (80008000 80008000...)
(22704) CVSRAM: write, ticks remaining
(22706) CVSRAM: write data from dla (80008000 80008000...)
(22706) CVSRAM: write, ticks remaining
(22708) CVSRAM: write data from dla (80008000 80008225...)
(22708) CVSRAM: write, ticks remaining
(22710) CVSRAM: write data from dla (80008000 80008000...)
(22710) CVSRAM: write, ticks remaining
(22712) CVSRAM: write data from dla (80008000 80008000...)
(22712) CVSRAM: write, ticks remaining
(22714) CVSRAM: write data from dla (80008000 80008000...)
(22714) CVSRAM: write, ticks remaining
(22716) CVSRAM: write data from dla (80008000 80008000...)
(22716) CVSRAM: write, ticks remaining
(22718) CVSRAM: write data from dla (80008000 80008000...)
(22718) CVSRAM: write, ticks remaining
(22720) CVSRAM: write data from dla (00000000 00000000...)
(22720) CVSRAM: write, ticks remaining
(22722) CVSRAM: write data from dla (00000000 00000000...)
(22722) CVSRAM: write, ticks remaining
(22724) CVSRAM: write data from dla (00000000 00000000...)
(22724) CVSRAM: write, ticks remaining
(22726) CVSRAM: write data from dla (80008000 80008000...)
(22726) CVSRAM: write, ticks remaining
(22728) CVSRAM: write data from dla (80008000 80008000...)
(22728) CVSRAM: write, ticks remaining
(22730) CVSRAM: write data from dla (80008000 80f58000...)
(22730) CVSRAM: write, ticks remaining
(22732) CVSRAM: write data from dla (80008000 80008000...)
(22732) CVSRAM: write, ticks remaining
(22734) CVSRAM: write data from dla (80008000 80008000...)
(22734) CVSRAM: write, ticks remaining
(22736) CVSRAM: write data from dla (80008000 80008000...)
(22736) CVSRAM: write, ticks remaining
(22738) CVSRAM: write data from dla (80008000 80008000...)
(22738) CVSRAM: write, ticks remaining
(22740) CVSRAM: write data from dla (80008000 80008000...)
(22740) CVSRAM: write, ticks remaining
(22742) CVSRAM: write data from dla (80008000 80008000...)
(22742) CVSRAM: write, ticks remaining
(22744) CVSRAM: write data from dla (8000883d 98c6918b...)
(22744) CVSRAM: write, ticks remaining
(22746) CVSRAM: write data from dla (00000000 00000000...)
(22746) CVSRAM: write, ticks remaining
(22748) CVSRAM: write data from dla (00000000 00000000...)
(22748) CVSRAM: write, ticks remaining
(22750) CVSRAM: write data from dla (00000000 00000000...)
(22750) CVSRAM: write, ticks remaining
(22752) CVSRAM: write data from dla (80008000 85d38000...)
(22752) CVSRAM: write, ticks remaining
(22754) CVSRAM: write data from dla (80008000 80008000...)
(22754) CVSRAM: write, ticks remaining
(22756) CVSRAM: write data from dla (80008000 8daf8000...)
(22756) CVSRAM: write, ticks remaining
(22758) CVSRAM: write data from dla (80008000 815e8000...)
(22758) CVSRAM: write, ticks remaining
(22760) CVSRAM: write data from dla (80008000 90908000...)
(22760) CVSRAM: write, ticks remaining
(22762) CVSRAM: write data from dla (80008000 8f118000...)
(22762) CVSRAM: write, ticks remaining
(22764) CVSRAM: write data from dla (80008000 9c6d8000...)
(22764) CVSRAM: write, ticks remaining
(22766) CVSRAM: write data from dla (80008000 8f708000...)
(22766) CVSRAM: write, ticks remaining
(22768) CVSRAM: write data from dla (80008000 80728000...)
(22768) CVSRAM: write, ticks remaining
(22770) CVSRAM: write data from dla (00000000 00000000...)
(22770) CVSRAM: write, ticks remaining
(22772) CVSRAM: write data from dla (00000000 00000000...)
(22772) CVSRAM: write, ticks remaining
(22774) CVSRAM: write data from dla (00000000 00000000...)
(22774) CVSRAM: write, ticks remaining
(22776) CVSRAM: write data from dla (80008000 80008000...)
(22776) CVSRAM: write, ticks remaining
(22778) CVSRAM: write data from dla (80008000 83178000...)
(22778) CVSRAM: write, ticks remaining
(22780) CVSRAM: write data from dla (80008000 80008000...)
(22780) CVSRAM: write, ticks remaining
(22782) CVSRAM: write data from dla (80008000 80008000...)
(22782) CVSRAM: write, ticks remaining
(22784) CVSRAM: write data from dla (80008000 80008000...)
(22784) CVSRAM: write, ticks remaining
(22786) CVSRAM: write data from dla (80008000 80008000...)
(22786) CVSRAM: write, ticks remaining
(22788) CVSRAM: write data from dla (80008000 80008000...)
(22788) CVSRAM: write, ticks remaining
(22790) CVSRAM: write data from dla (80008000 80008000...)
(22790) CVSRAM: write, ticks remaining
(22792) CVSRAM: write data from dla (80008000 80008000...)
(22792) CVSRAM: write, ticks remaining
(22794) CVSRAM: write data from dla (80008284 83b38000...)
(22794) CVSRAM: write, ticks remaining
(22796) CVSRAM: write data from dla (00000000 00000000...)
(22796) CVSRAM: write, ticks remaining
(22798) CVSRAM: write data from dla (00000000 00000000...)
(22798) CVSRAM: write, ticks remaining
(22800) CVSRAM: write data from dla (00000000 00000000...)
(22800) CVSRAM: write, ticks remaining
(22802) CVSRAM: write data from dla (80008000 80008490...)
(22802) CVSRAM: write, ticks remaining
(22804) CVSRAM: write data from dla (80008000 8bfb8000...)
(22804) CVSRAM: write, ticks remaining
(22806) CVSRAM: write data from dla (80008000 80008000...)
(22806) CVSRAM: write, ticks remaining
(22808) CVSRAM: write data from dla (80008000 84e58000...)
(22808) CVSRAM: write, ticks remaining
(22810) CVSRAM: write data from dla (80008000 80008000...)
(22810) CVSRAM: write, ticks remaining
(22812) CVSRAM: write data from dla (80008000 80008000...)
(22812) CVSRAM: write, ticks remaining
(22814) CVSRAM: write data from dla (80008000 80008000...)
(22814) CVSRAM: write, ticks remaining
(22816) CVSRAM: write data from dla (80008000 86458000...)
(22816) CVSRAM: write, ticks remaining
(22818) CVSRAM: write data from dla (80008000 96c28000...)
(22818) CVSRAM: write, ticks remaining
(22820) CVSRAM: write data from dla (00000000 00000000...)
(22820) CVSRAM: write, ticks remaining
(22822) CVSRAM: write data from dla (00000000 00000000...)
(22822) CVSRAM: write, ticks remaining
(22824) CVSRAM: write data from dla (00000000 00000000...)
(22824) CVSRAM: write, ticks remaining
(22826) CVSRAM: write data from dla (80008000 8df18000...)
(22826) CVSRAM: write, ticks remaining
(22828) CVSRAM: write data from dla (80008000 80008000...)
(22828) CVSRAM: write, ticks remaining
(22830) CVSRAM: write data from dla (80008000 84968000...)
(22830) CVSRAM: write, ticks remaining
(22832) CVSRAM: write data from dla (80008000 926f8000...)
(22832) CVSRAM: write, ticks remaining
(22834) CVSRAM: write data from dla (80008000 a0508000...)
(22834) CVSRAM: write, ticks remaining
(22836) CVSRAM: write data from dla (80008000 abab8000...)
(22836) CVSRAM: write, ticks remaining
(22838) CVSRAM: write data from dla (80008000 94fd8000...)
(22838) CVSRAM: write, ticks remaining
(22840) CVSRAM: write data from dla (80008000 90b38000...)
(22840) CVSRAM: write, ticks remaining
(22842) CVSRAM: write data from dla (80008000 80008000...)
(22842) CVSRAM: write, ticks remaining
(22844) CVSRAM: write data from dla (80008b57 80008000...)
(22844) CVSRAM: write, ticks remaining
(22846) CVSRAM: write data from dla (00000000 00000000...)
(22846) CVSRAM: write, ticks remaining
(22848) CVSRAM: write data from dla (00000000 00000000...)
(22848) CVSRAM: write, last tick
(22852) CVSRAM: write request from dla, addr 500200c0 id 0
(22854) CVSRAM: write data from dla (00000000 00000000...)
(22854) CVSRAM: write, ticks remaining
(22856) CVSRAM: write data from dla (80008000 80008000...)
(22856) CVSRAM: write, ticks remaining
(22858) CVSRAM: write data from dla (80008000 80008000...)
(22858) CVSRAM: write, ticks remaining
(22860) CVSRAM: write data from dla (80008000 80008000...)
(22860) CVSRAM: write, ticks remaining
(22862) CVSRAM: write data from dla (80008000 80008000...)
(22862) CVSRAM: write, ticks remaining
(22864) CVSRAM: write data from dla (80008000 80008000...)
(22864) CVSRAM: write, ticks remaining
(22866) CVSRAM: write data from dla (80008000 80008000...)
(22866) CVSRAM: write, ticks remaining
(22868) CVSRAM: write data from dla (80008000 80008000...)
(22868) CVSRAM: write, ticks remaining
(22870) CVSRAM: write data from dla (80008000 80008000...)
(22870) CVSRAM: write, ticks remaining
(22872) CVSRAM: write data from dla (80008000 89378000...)
(22872) CVSRAM: write, ticks remaining
(22874) CVSRAM: write data from dla (00000000 00000000...)
(22874) CVSRAM: write, ticks remaining
(22876) CVSRAM: write data from dla (00000000 00000000...)
(22876) CVSRAM: write, ticks remaining
(22878) CVSRAM: write data from dla (00000000 00000000...)
(22878) CVSRAM: write, ticks remaining
(22880) CVSRAM: write data from dla (80008000 80008000...)
(22880) CVSRAM: write, ticks remaining
(22882) CVSRAM: write data from dla (80008000 885f8000...)
(22882) CVSRAM: write, ticks remaining
(22884) CVSRAM: write data from dla (80008000 8f8c85bc...)
(22884) CVSRAM: write, ticks remaining
(22886) CVSRAM: write data from dla (80008000 80138000...)
(22886) CVSRAM: write, ticks remaining
(22888) CVSRAM: write data from dla (80008000 80008000...)
(22888) CVSRAM: write, ticks remaining
(22890) CVSRAM: write data from dla (80008000 80008000...)
(22890) CVSRAM: write, ticks remaining
(22892) CVSRAM: write data from dla (80008000 80008000...)
(22892) CVSRAM: write, ticks remaining
(22894) CVSRAM: write data from dla (80008000 85058000...)
(22894) CVSRAM: write, ticks remaining
(22896) CVSRAM: write data from dla (80008000 96298000...)
(22896) CVSRAM: write, ticks remaining
(22898) CVSRAM: write data from dla (8000814e 9a8d9ba1...)
(22898) CVSRAM: write, ticks remaining
(22900) CVSRAM: write data from dla (00000000 00000000...)
(22900) CVSRAM: write, ticks remaining
(22902) CVSRAM: write data from dla (00000000 00000000...)
(22902) CVSRAM: write, ticks remaining
(22904) CVSRAM: write data from dla (00000000 00000000...)
(22904) CVSRAM: write, ticks remaining
(22906) CVSRAM: write data from dla (80008000 91c68000...)
(22906) CVSRAM: write, ticks remaining
(22908) CVSRAM: write data from dla (80008000 98cc8000...)
(22908) CVSRAM: write, ticks remaining
(22910) CVSRAM: write data from dla (80008000 99018000...)
(22910) CVSRAM: write, ticks remaining
(22912) CVSRAM: write data from dla (80008000 974f8000...)
(22912) CVSRAM: write, ticks remaining
(22914) CVSRAM: write data from dla (80008000 9ffc8000...)
(22914) CVSRAM: write, ticks remaining
(22916) CVSRAM: write data from dla (80008000 95c58000...)
(22916) CVSRAM: write, ticks remaining
(22918) CVSRAM: write data from dla (80008000 8aa98000...)
(22918) CVSRAM: write, ticks remaining
(22920) CVSRAM: write data from dla (80008000 81be8000...)
(22920) CVSRAM: write, ticks remaining
(22922) CVSRAM: write data from dla (80008000 80008000...)
(22922) CVSRAM: write, ticks remaining
(22924) CVSRAM: write data from dla (00000000 00000000...)
(22924) CVSRAM: write, ticks remaining
(22926) CVSRAM: write data from dla (00000000 00000000...)
(22926) CVSRAM: write, ticks remaining
(22928) CVSRAM: write data from dla (00000000 00000000...)
(22928) CVSRAM: write, ticks remaining
(22930) CVSRAM: write data from dla (80008000 80008000...)
(22930) CVSRAM: write, ticks remaining
(22932) CVSRAM: write data from dla (80008000 80008000...)
(22932) CVSRAM: write, ticks remaining
(22934) CVSRAM: write data from dla (80008000 80008000...)
(22934) CVSRAM: write, ticks remaining
(22936) CVSRAM: write data from dla (80008000 80008000...)
(22936) CVSRAM: write, ticks remaining
(22938) CVSRAM: write data from dla (80008000 80008000...)
(22938) CVSRAM: write, ticks remaining
(22940) CVSRAM: write data from dla (80008000 80008000...)
(22940) CVSRAM: write, ticks remaining
(22942) CVSRAM: write data from dla (80008000 80008000...)
(22942) CVSRAM: write, ticks remaining
(22944) CVSRAM: write data from dla (80008000 80008000...)
(22944) CVSRAM: write, ticks remaining
(22946) CVSRAM: write data from dla (80008000 81958000...)
(22946) CVSRAM: write, ticks remaining
(22948) CVSRAM: write data from dla (80008000 8a7e8000...)
(22948) CVSRAM: write, ticks remaining
(22950) CVSRAM: write data from dla (00000000 00000000...)
(22950) CVSRAM: write, ticks remaining
(22952) CVSRAM: write data from dla (00000000 00000000...)
(22952) CVSRAM: write, ticks remaining
(22954) CVSRAM: write data from dla (00000000 00000000...)
(22954) CVSRAM: write, ticks remaining
(22956) CVSRAM: write data from dla (80008000 8b8c8881...)
(22956) CVSRAM: write, ticks remaining
(22958) CVSRAM: write data from dla (80008000 97668000...)
(22958) CVSRAM: write, ticks remaining
(22960) CVSRAM: write data from dla (80008000 81238000...)
(22960) CVSRAM: write, ticks remaining
(22962) CVSRAM: write data from dla (80008000 80008000...)
(22962) CVSRAM: write, ticks remaining
(22964) CVSRAM: write data from dla (80008000 80008000...)
(22964) CVSRAM: write, ticks remaining
(22966) CVSRAM: write data from dla (80008000 80008000...)
(22966) CVSRAM: write, ticks remaining
(22968) CVSRAM: write data from dla (80008000 8fd58000...)
(22968) CVSRAM: write, ticks remaining
(22970) CVSRAM: write data from dla (80008000 819c8000...)
(22970) CVSRAM: write, ticks remaining
(22972) CVSRAM: write data from dla (80008000 9cbf800a...)
(22972) CVSRAM: write, ticks remaining
(22974) CVSRAM: write data from dla (00000000 00000000...)
(22974) CVSRAM: write, ticks remaining
(22976) CVSRAM: write data from dla (00000000 00000000...)
(22976) CVSRAM: write, ticks remaining
(22978) CVSRAM: write data from dla (00000000 00000000...)
(22978) CVSRAM: write, ticks remaining
(22980) CVSRAM: write data from dla (80008000 8fcc8000...)
(22980) CVSRAM: write, ticks remaining
(22982) CVSRAM: write data from dla (80008000 92978000...)
(22982) CVSRAM: write, ticks remaining
(22984) CVSRAM: write data from dla (80008000 99598000...)
(22984) CVSRAM: write, ticks remaining
(22986) CVSRAM: write data from dla (80008000 9ae98000...)
(22986) CVSRAM: write, ticks remaining
(22988) CVSRAM: write data from dla (80008000 8c478000...)
(22988) CVSRAM: write, ticks remaining
(22990) CVSRAM: write data from dla (80008000 884f8000...)
(22990) CVSRAM: write, ticks remaining
(22992) CVSRAM: write data from dla (80008000 8b2d8000...)
(22992) CVSRAM: write, ticks remaining
(22994) CVSRAM: write data from dla (80008000 86be8000...)
(22994) CVSRAM: write, ticks remaining
(22996) CVSRAM: write data from dla (80008000 80008000...)
(22996) CVSRAM: write, ticks remaining
(22998) CVSRAM: write data from dla (80008bbb 80008000...)
(22998) CVSRAM: write, ticks remaining
(23000) CVSRAM: write data from dla (00000000 00000000...)
(23000) CVSRAM: write, ticks remaining
(23002) CVSRAM: write data from dla (00000000 00000000...)
(23002) CVSRAM: write, ticks remaining
(23004) CVSRAM: write data from dla (00000000 00000000...)
(23004) CVSRAM: write, ticks remaining
(23006) CVSRAM: write data from dla (80008000 80008000...)
(23006) CVSRAM: write, ticks remaining
(23008) CVSRAM: write data from dla (80008000 80008000...)
(23008) CVSRAM: write, ticks remaining
(23010) CVSRAM: write data from dla (80008000 80008000...)
(23010) CVSRAM: write, ticks remaining
(23012) CVSRAM: write data from dla (80008000 80008000...)
(23012) CVSRAM: write, ticks remaining
(23014) CVSRAM: write data from dla (80008000 80008000...)
(23014) CVSRAM: write, ticks remaining
(23016) CVSRAM: write data from dla (80008000 80f18000...)
(23016) CVSRAM: write, ticks remaining
(23018) CVSRAM: write data from dla (80008000 88508000...)
(23018) CVSRAM: write, ticks remaining
(23020) CVSRAM: write data from dla (80008000 8b738000...)
(23020) CVSRAM: write, ticks remaining
(23022) CVSRAM: write data from dla (80008000 8b408000...)
(23022) CVSRAM: write, ticks remaining
(23024) CVSRAM: write data from dla (00000000 00000000...)
(23024) CVSRAM: write, ticks remaining
(23026) CVSRAM: write data from dla (00000000 00000000...)
(23026) CVSRAM: write, ticks remaining
(23028) CVSRAM: write data from dla (00000000 00000000...)
(23028) CVSRAM: write, ticks remaining
(23030) CVSRAM: write data from dla (80008000 8bf58000...)
(23030) CVSRAM: write, ticks remaining
(23032) CVSRAM: write data from dla (80008000 93b38000...)
(23032) CVSRAM: write, ticks remaining
(23034) CVSRAM: write data from dla (80008000 922f8927...)
(23034) CVSRAM: write, ticks remaining
(23036) CVSRAM: write data from dla (80008000 91d98000...)
(23036) CVSRAM: write, ticks remaining
(23038) CVSRAM: write data from dla (80008000 8b728000...)
(23038) CVSRAM: write, ticks remaining
(23040) CVSRAM: write data from dla (80008000 8cd48000...)
(23040) CVSRAM: write, ticks remaining
(23042) CVSRAM: write data from dla (80008000 88b28000...)
(23042) CVSRAM: write, ticks remaining
(23044) CVSRAM: write data from dla (80008000 83978000...)
(23044) CVSRAM: write, ticks remaining
(23046) CVSRAM: write data from dla (80008000 892d8000...)
(23046) CVSRAM: write, ticks remaining
(23048) CVSRAM: write data from dla (80008000 9edd892c...)
(23048) CVSRAM: write, ticks remaining
(23050) CVSRAM: write data from dla (00000000 00000000...)
(23050) CVSRAM: write, ticks remaining
(23052) CVSRAM: write data from dla (00000000 00000000...)
(23052) CVSRAM: write, ticks remaining
(23054) CVSRAM: write data from dla (00000000 00000000...)
(23054) CVSRAM: write, ticks remaining
(23056) CVSRAM: write data from dla (80008000 a2168000...)
(23056) CVSRAM: write, ticks remaining
(23058) CVSRAM: write data from dla (80008000 98d18000...)
(23058) CVSRAM: write, ticks remaining
(23060) CVSRAM: write data from dla (80008000 8bd78000...)
(23060) CVSRAM: write, ticks remaining
(23062) CVSRAM: write data from dla (80008000 92358000...)
(23062) CVSRAM: write, ticks remaining
(23064) CVSRAM: write data from dla (80008000 80008000...)
(23064) CVSRAM: write, ticks remaining
(23066) CVSRAM: write data from dla (80008000 80008000...)
(23066) CVSRAM: write, ticks remaining
(23068) CVSRAM: write data from dla (80008000 80008000...)
(23068) CVSRAM: write, ticks remaining
(23070) CVSRAM: write data from dla (80008000 80008000...)
(23070) CVSRAM: write, ticks remaining
(23072) CVSRAM: write data from dla (80008000 80008000...)
(23072) CVSRAM: write, ticks remaining
(23074) CVSRAM: write data from dla (00000000 00000000...)
(23074) CVSRAM: write, ticks remaining
(23076) CVSRAM: write data from dla (00000000 00000000...)
(23076) CVSRAM: write, ticks remaining
(23078) CVSRAM: write data from dla (00000000 00000000...)
(23078) CVSRAM: write, ticks remaining
(23080) CVSRAM: write data from dla (80008000 80008000...)
(23080) CVSRAM: write, ticks remaining
(23082) CVSRAM: write data from dla (80008000 80008000...)
(23082) CVSRAM: write, ticks remaining
(23084) CVSRAM: write data from dla (80008000 80008000...)
(23084) CVSRAM: write, ticks remaining
(23086) CVSRAM: write data from dla (80008000 80008000...)
(23086) CVSRAM: write, ticks remaining
(23088) CVSRAM: write data from dla (80008000 80008000...)
(23088) CVSRAM: write, ticks remaining
(23090) CVSRAM: write data from dla (80008000 8ad78000...)
(23090) CVSRAM: write, ticks remaining
(23092) CVSRAM: write data from dla (80008000 80008000...)
(23092) CVSRAM: write, ticks remaining
(23094) CVSRAM: write data from dla (80008000 8c0d8000...)
(23094) CVSRAM: write, ticks remaining
(23096) CVSRAM: write data from dla (80008000 87ce8000...)
(23096) CVSRAM: write, ticks remaining
(23098) CVSRAM: write data from dla (853c8000 80e78000...)
(23098) CVSRAM: write, ticks remaining
(23100) CVSRAM: write data from dla (00000000 00000000...)
(23100) CVSRAM: write, ticks remaining
(23102) CVSRAM: write data from dla (00000000 00000000...)
(23102) CVSRAM: write, ticks remaining
(23104) CVSRAM: write data from dla (00000000 00000000...)
(23104) CVSRAM: write, ticks remaining
(23106) CVSRAM: write data from dla (8fa38000 80008000...)
(23106) CVSRAM: write, ticks remaining
(23108) CVSRAM: write data from dla (88dd8000 80008000...)
(23108) CVSRAM: write, ticks remaining
(23110) CVSRAM: write data from dla (80008000 80008000...)
(23110) CVSRAM: write, ticks remaining
(23112) CVSRAM: write data from dla (80008000 80008000...)
(23112) CVSRAM: write, ticks remaining
(23114) CVSRAM: write data from dla (80008000 80008000...)
(23114) CVSRAM: write, ticks remaining
(23116) CVSRAM: write data from dla (80008000 80008000...)
(23116) CVSRAM: write, ticks remaining
(23118) CVSRAM: write data from dla (80008000 80008000...)
(23118) CVSRAM: write, ticks remaining
(23120) CVSRAM: write data from dla (80008000 80008000...)
(23120) CVSRAM: write, ticks remaining
(23122) CVSRAM: write data from dla (80008000 80008000...)
(23122) CVSRAM: write, ticks remaining
(23124) CVSRAM: write data from dla (00000000 00000000...)
(23124) CVSRAM: write, ticks remaining
(23126) CVSRAM: write data from dla (00000000 00000000...)
(23126) CVSRAM: write, ticks remaining
(23128) CVSRAM: write data from dla (00000000 00000000...)
(23128) CVSRAM: write, ticks remaining
(23130) CVSRAM: write data from dla (00000000 00000000...)
(23130) CVSRAM: write, ticks remaining
(23132) CVSRAM: write data from dla (00000000 00000000...)
(23132) CVSRAM: write, ticks remaining
(23134) CVSRAM: write data from dla (00000000 00000000...)
(23134) CVSRAM: write, ticks remaining
(23136) CVSRAM: write data from dla (00000000 00000000...)
(23136) CVSRAM: write, ticks remaining
(23138) CVSRAM: write data from dla (00000000 00000000...)
(23138) CVSRAM: write, ticks remaining
(23140) CVSRAM: write data from dla (00000000 00000000...)
(23140) CVSRAM: write, ticks remaining
(23142) CVSRAM: write data from dla (80008000 80008000...)
(23142) CVSRAM: write, ticks remaining
(23144) CVSRAM: write data from dla (80008000 80008000...)
(23144) CVSRAM: write, ticks remaining
(23146) CVSRAM: write data from dla (80008000 80008000...)
(23146) CVSRAM: write, ticks remaining
(23148) CVSRAM: write data from dla (80008000 80008000...)
(23148) CVSRAM: write, ticks remaining
(23150) CVSRAM: write data from dla (80008000 80008000...)
(23150) CVSRAM: write, ticks remaining
(23152) CVSRAM: write data from dla (80008000 80008000...)
(23152) CVSRAM: write, ticks remaining
(23154) CVSRAM: write data from dla (80008000 80008000...)
(23154) CVSRAM: write, ticks remaining
(23156) CVSRAM: write data from dla (80008000 80008000...)
(23156) CVSRAM: write, ticks remaining
(23158) CVSRAM: write data from dla (80008000 80008000...)
(23158) CVSRAM: write, ticks remaining
(23160) CVSRAM: write data from dla (9fe38000 80008000...)
(23160) CVSRAM: write, ticks remaining
(23162) CVSRAM: write data from dla (00000000 00000000...)
(23162) CVSRAM: write, ticks remaining
(23164) CVSRAM: write data from dla (00000000 00000000...)
(23164) CVSRAM: write, ticks remaining
(23166) CVSRAM: write data from dla (00000000 00000000...)
(23166) CVSRAM: write, ticks remaining
(23168) CVSRAM: write data from dla (80008000 80008000...)
(23168) CVSRAM: write, ticks remaining
(23170) CVSRAM: write data from dla (80008000 80008000...)
(23170) CVSRAM: write, ticks remaining
(23172) CVSRAM: write data from dla (80008000 80008000...)
(23172) CVSRAM: write, ticks remaining
(23174) CVSRAM: write data from dla (80008000 80008000...)
(23174) CVSRAM: write, ticks remaining
(23176) CVSRAM: write data from dla (80008000 80008000...)
(23176) CVSRAM: write, ticks remaining
(23178) CVSRAM: write data from dla (80008000 80008000...)
(23178) CVSRAM: write, ticks remaining
(23180) CVSRAM: write data from dla (80008000 80008000...)
(23180) CVSRAM: write, ticks remaining
(23182) CVSRAM: write data from dla (80008000 80008000...)
(23182) CVSRAM: write, ticks remaining
(23184) CVSRAM: write data from dla (80008000 80008000...)
(23184) CVSRAM: write, ticks remaining
(23186) CVSRAM: write data from dla (00000000 00000000...)
(23186) CVSRAM: write, ticks remaining
(23188) CVSRAM: write data from dla (00000000 00000000...)
(23188) CVSRAM: write, ticks remaining
(23190) CVSRAM: write data from dla (00000000 00000000...)
(23190) CVSRAM: write, ticks remaining
(23192) CVSRAM: write data from dla (80008000 80008000...)
(23192) CVSRAM: write, ticks remaining
(23194) CVSRAM: write data from dla (80008000 80008000...)
(23194) CVSRAM: write, ticks remaining
(23196) CVSRAM: write data from dla (80008000 80008000...)
(23196) CVSRAM: write, ticks remaining
(23198) CVSRAM: write data from dla (80008000 80008000...)
(23198) CVSRAM: write, ticks remaining
(23200) CVSRAM: write data from dla (80008000 80008000...)
(23200) CVSRAM: write, ticks remaining
(23202) CVSRAM: write data from dla (80008000 80008000...)
(23202) CVSRAM: write, ticks remaining
(23204) CVSRAM: write data from dla (80008000 80008000...)
(23204) CVSRAM: write, ticks remaining
(23206) CVSRAM: write data from dla (80008000 80008000...)
(23206) CVSRAM: write, ticks remaining
(23208) CVSRAM: write data from dla (80008000 80008000...)
(23208) CVSRAM: write, ticks remaining
(23210) CVSRAM: write data from dla (935f8000 80008000...)
(23210) CVSRAM: write, ticks remaining
(23212) CVSRAM: write data from dla (00000000 00000000...)
(23212) CVSRAM: write, ticks remaining
(23214) CVSRAM: write data from dla (00000000 00000000...)
(23214) CVSRAM: write, ticks remaining
(23216) CVSRAM: write data from dla (00000000 00000000...)
(23216) CVSRAM: write, ticks remaining
(23218) CVSRAM: write data from dla (80008000 80008000...)
(23218) CVSRAM: write, ticks remaining
(23220) CVSRAM: write data from dla (80008000 80008000...)
(23220) CVSRAM: write, ticks remaining
(23222) CVSRAM: write data from dla (80008000 80008000...)
(23222) CVSRAM: write, ticks remaining
(23224) CVSRAM: write data from dla (80008000 80008000...)
(23224) CVSRAM: write, ticks remaining
(23226) CVSRAM: write data from dla (80008000 80008000...)
(23226) CVSRAM: write, ticks remaining
(23228) CVSRAM: write data from dla (80008000 80008000...)
(23228) CVSRAM: write, ticks remaining
(23230) CVSRAM: write data from dla (80008000 80008000...)
(23230) CVSRAM: write, ticks remaining
(23232) CVSRAM: write data from dla (80008000 80008000...)
(23232) CVSRAM: write, ticks remaining
(23234) CVSRAM: write data from dla (80008000 80008000...)
(23234) CVSRAM: write, ticks remaining
(23236) CVSRAM: write data from dla (00000000 00000000...)
(23236) CVSRAM: write, ticks remaining
(23238) CVSRAM: write data from dla (00000000 00000000...)
(23238) CVSRAM: write, ticks remaining
(23240) CVSRAM: write data from dla (00000000 00000000...)
(23240) CVSRAM: write, ticks remaining
(23242) CVSRAM: write data from dla (80008000 80008000...)
(23242) CVSRAM: write, ticks remaining
(23244) CVSRAM: write data from dla (80008000 80008000...)
(23244) CVSRAM: write, ticks remaining
(23246) CVSRAM: write data from dla (80008000 80008000...)
(23246) CVSRAM: write, ticks remaining
(23248) CVSRAM: write data from dla (80008000 80008000...)
(23248) CVSRAM: write, ticks remaining
(23250) CVSRAM: write data from dla (80008000 80008000...)
(23250) CVSRAM: write, ticks remaining
(23252) CVSRAM: write data from dla (80008000 80008000...)
(23252) CVSRAM: write, ticks remaining
(23254) CVSRAM: write data from dla (80008000 80008000...)
(23254) CVSRAM: write, ticks remaining
(23256) CVSRAM: write data from dla (80008000 80008000...)
(23256) CVSRAM: write, ticks remaining
(23258) CVSRAM: write data from dla (80008000 80008000...)
(23258) CVSRAM: write, ticks remaining
(23260) CVSRAM: write data from dla (91618000 800085ff...)
(23260) CVSRAM: write, ticks remaining
(23262) CVSRAM: write data from dla (00000000 00000000...)
(23262) CVSRAM: write, ticks remaining
(23264) CVSRAM: write data from dla (00000000 00000000...)
(23264) CVSRAM: write, ticks remaining
(23266) CVSRAM: write data from dla (00000000 00000000...)
(23266) CVSRAM: write, ticks remaining
(23268) CVSRAM: write data from dla (80008000 80008000...)
(23268) CVSRAM: write, ticks remaining
(23270) CVSRAM: write data from dla (80008000 80008000...)
(23270) CVSRAM: write, ticks remaining
(23272) CVSRAM: write data from dla (80008000 80008000...)
(23272) CVSRAM: write, ticks remaining
(23274) CVSRAM: write data from dla (80008000 80008000...)
(23274) CVSRAM: write, ticks remaining
(23276) CVSRAM: write data from dla (80008000 80008000...)
(23276) CVSRAM: write, ticks remaining
(23278) CVSRAM: write data from dla (80008000 80008000...)
(23278) CVSRAM: write, ticks remaining
(23280) CVSRAM: write data from dla (80008000 80008000...)
(23280) CVSRAM: write, ticks remaining
(23282) CVSRAM: write data from dla (80008000 80008000...)
(23282) CVSRAM: write, ticks remaining
(23284) CVSRAM: write data from dla (80008000 80008000...)
(23284) CVSRAM: write, ticks remaining
(23286) CVSRAM: write data from dla (00000000 00000000...)
(23286) CVSRAM: write, ticks remaining
(23288) CVSRAM: write data from dla (00000000 00000000...)
(23288) CVSRAM: write, ticks remaining
(23290) CVSRAM: write data from dla (00000000 00000000...)
(23290) CVSRAM: write, ticks remaining
(23292) CVSRAM: write data from dla (80008000 80008000...)
(23292) CVSRAM: write, ticks remaining
(23294) CVSRAM: write data from dla (800085f8 80008000...)
(23294) CVSRAM: write, ticks remaining
(23296) CVSRAM: write data from dla (80008000 80008000...)
(23296) CVSRAM: write, ticks remaining
(23298) CVSRAM: write data from dla (80008000 80008000...)
(23298) CVSRAM: write, ticks remaining
(23300) CVSRAM: write data from dla (80008000 80008000...)
(23300) CVSRAM: write, ticks remaining
(23302) CVSRAM: write data from dla (80008000 80008000...)
(23302) CVSRAM: write, ticks remaining
(23304) CVSRAM: write data from dla (80008000 80008000...)
(23304) CVSRAM: write, ticks remaining
(23306) CVSRAM: write data from dla (80008000 80008000...)
(23306) CVSRAM: write, ticks remaining
(23308) CVSRAM: write data from dla (80008000 80008000...)
(23308) CVSRAM: write, ticks remaining
(23310) CVSRAM: write data from dla (9a1283dc 80008000...)
(23310) CVSRAM: write, ticks remaining
(23312) CVSRAM: write data from dla (00000000 00000000...)
(23312) CVSRAM: write, ticks remaining
(23314) CVSRAM: write data from dla (00000000 00000000...)
(23314) CVSRAM: write, ticks remaining
(23316) CVSRAM: write data from dla (00000000 00000000...)
(23316) CVSRAM: write, ticks remaining
(23318) CVSRAM: write data from dla (80008000 80008000...)
(23318) CVSRAM: write, ticks remaining
(23320) CVSRAM: write data from dla (80008000 80008000...)
(23320) CVSRAM: write, ticks remaining
(23322) CVSRAM: write data from dla (80008000 80008000...)
(23322) CVSRAM: write, ticks remaining
(23324) CVSRAM: write data from dla (80008000 80008000...)
(23324) CVSRAM: write, ticks remaining
(23326) CVSRAM: write data from dla (80008000 80008000...)
(23326) CVSRAM: write, ticks remaining
(23328) CVSRAM: write data from dla (80008000 80008000...)
(23328) CVSRAM: write, ticks remaining
(23330) CVSRAM: write data from dla (80008000 80008000...)
(23330) CVSRAM: write, ticks remaining
(23332) CVSRAM: write data from dla (80008000 80008000...)
(23332) CVSRAM: write, ticks remaining
(23334) CVSRAM: write data from dla (80008000 80008000...)
(23334) CVSRAM: write, ticks remaining
(23336) CVSRAM: write data from dla (00000000 00000000...)
(23336) CVSRAM: write, ticks remaining
(23338) CVSRAM: write data from dla (00000000 00000000...)
(23338) CVSRAM: write, ticks remaining
(23340) CVSRAM: write data from dla (00000000 00000000...)
(23340) CVSRAM: write, ticks remaining
(23342) CVSRAM: write data from dla (800084b1 80008000...)
(23342) CVSRAM: write, ticks remaining
(23344) CVSRAM: write data from dla (80008000 80008000...)
(23344) CVSRAM: write, ticks remaining
(23346) CVSRAM: write data from dla (80008000 80008000...)
(23346) CVSRAM: write, ticks remaining
(23348) CVSRAM: write data from dla (80008000 80008000...)
(23348) CVSRAM: write, ticks remaining
(23350) CVSRAM: write data from dla (80008000 80008000...)
(23350) CVSRAM: write, ticks remaining
(23352) CVSRAM: write data from dla (80008000 80008000...)
(23352) CVSRAM: write, ticks remaining
(23354) CVSRAM: write data from dla (80008000 80008000...)
(23354) CVSRAM: write, ticks remaining
(23356) CVSRAM: write data from dla (80008000 80008000...)
(23356) CVSRAM: write, ticks remaining
(23358) CVSRAM: write data from dla (8000813e 80008000...)
(23358) CVSRAM: write, ticks remaining
(23360) CVSRAM: write data from dla (8e938000 80008000...)
(23360) CVSRAM: write, ticks remaining
(23362) CVSRAM: write data from dla (00000000 00000000...)
(23362) CVSRAM: write, ticks remaining
(23364) CVSRAM: write data from dla (00000000 00000000...)
(23364) CVSRAM: write, last tick
(23368) CVSRAM: write request from dla, addr 500240c0 id 0
(23370) CVSRAM: write data from dla (00000000 00000000...)
(23370) CVSRAM: write, ticks remaining
(23372) CVSRAM: write data from dla (80008000 80008000...)
(23372) CVSRAM: write, ticks remaining
(23374) CVSRAM: write data from dla (80008000 80008000...)
(23374) CVSRAM: write, ticks remaining
(23376) CVSRAM: write data from dla (80008000 80008000...)
(23376) CVSRAM: write, ticks remaining
(23378) CVSRAM: write data from dla (80008000 80008000...)
(23378) CVSRAM: write, ticks remaining
(23380) CVSRAM: write data from dla (80008000 80008000...)
(23380) CVSRAM: write, ticks remaining
(23382) CVSRAM: write data from dla (80008000 80008000...)
(23382) CVSRAM: write, ticks remaining
(23384) CVSRAM: write data from dla (80008000 80008000...)
(23384) CVSRAM: write, ticks remaining
(23386) CVSRAM: write data from dla (80008000 80008000...)
(23386) CVSRAM: write, ticks remaining
(23388) CVSRAM: write data from dla (800081f1 80008000...)
(23388) CVSRAM: write, ticks remaining
(23390) CVSRAM: write data from dla (00000000 00000000...)
(23390) CVSRAM: write, ticks remaining
(23392) CVSRAM: write data from dla (00000000 00000000...)
(23392) CVSRAM: write, ticks remaining
(23394) CVSRAM: write data from dla (00000000 00000000...)
(23394) CVSRAM: write, ticks remaining
(23396) CVSRAM: write data from dla (80008000 80008000...)
(23396) CVSRAM: write, ticks remaining
(23398) CVSRAM: write data from dla (80008000 80008000...)
(23398) CVSRAM: write, ticks remaining
(23400) CVSRAM: write data from dla (80008000 80008000...)
(23400) CVSRAM: write, ticks remaining
(23402) CVSRAM: write data from dla (80008000 80008000...)
(23402) CVSRAM: write, ticks remaining
(23404) CVSRAM: write data from dla (80008000 80008000...)
(23404) CVSRAM: write, ticks remaining
(23406) CVSRAM: write data from dla (80008000 80008000...)
(23406) CVSRAM: write, ticks remaining
(23408) CVSRAM: write data from dla (80008000 80008000...)
(23408) CVSRAM: write, ticks remaining
(23410) CVSRAM: write data from dla (80008000 80008000...)
(23410) CVSRAM: write, ticks remaining
(23412) CVSRAM: write data from dla (80008000 80008000...)
(23412) CVSRAM: write, ticks remaining
(23414) CVSRAM: write data from dla (912e8000 800081dc...)
(23414) CVSRAM: write, ticks remaining
(23416) CVSRAM: write data from dla (00000000 00000000...)
(23416) CVSRAM: write, ticks remaining
(23418) CVSRAM: write data from dla (00000000 00000000...)
(23418) CVSRAM: write, ticks remaining
(23420) CVSRAM: write data from dla (00000000 00000000...)
(23420) CVSRAM: write, ticks remaining
(23422) CVSRAM: write data from dla (80008000 80008000...)
(23422) CVSRAM: write, ticks remaining
(23424) CVSRAM: write data from dla (80008000 80008000...)
(23424) CVSRAM: write, ticks remaining
(23426) CVSRAM: write data from dla (80008000 80008000...)
(23426) CVSRAM: write, ticks remaining
(23428) CVSRAM: write data from dla (80008000 80008000...)
(23428) CVSRAM: write, ticks remaining
(23430) CVSRAM: write data from dla (80008000 80008000...)
(23430) CVSRAM: write, ticks remaining
(23432) CVSRAM: write data from dla (80008000 80008000...)
(23432) CVSRAM: write, ticks remaining
(23434) CVSRAM: write data from dla (80008000 80008000...)
(23434) CVSRAM: write, ticks remaining
(23436) CVSRAM: write data from dla (80008000 80008000...)
(23436) CVSRAM: write, ticks remaining
(23438) CVSRAM: write data from dla (80008000 80008000...)
(23438) CVSRAM: write, ticks remaining
(23440) CVSRAM: write data from dla (00000000 00000000...)
(23440) CVSRAM: write, ticks remaining
(23442) CVSRAM: write data from dla (00000000 00000000...)
(23442) CVSRAM: write, ticks remaining
(23444) CVSRAM: write data from dla (00000000 00000000...)
(23444) CVSRAM: write, ticks remaining
(23446) CVSRAM: write data from dla (80008000 80008000...)
(23446) CVSRAM: write, ticks remaining
(23448) CVSRAM: write data from dla (80008000 80008000...)
(23448) CVSRAM: write, ticks remaining
(23450) CVSRAM: write data from dla (80008000 80008000...)
(23450) CVSRAM: write, ticks remaining
(23452) CVSRAM: write data from dla (80008000 80008000...)
(23452) CVSRAM: write, ticks remaining
(23454) CVSRAM: write data from dla (80008000 80008000...)
(23454) CVSRAM: write, ticks remaining
(23456) CVSRAM: write data from dla (80008000 80008000...)
(23456) CVSRAM: write, ticks remaining
(23458) CVSRAM: write data from dla (80008000 80008000...)
(23458) CVSRAM: write, ticks remaining
(23460) CVSRAM: write data from dla (80008000 80008000...)
(23460) CVSRAM: write, ticks remaining
(23462) CVSRAM: write data from dla (80008000 80008000...)
(23462) CVSRAM: write, ticks remaining
(23464) CVSRAM: write data from dla (97398000 80008000...)
(23464) CVSRAM: write, ticks remaining
(23466) CVSRAM: write data from dla (00000000 00000000...)
(23466) CVSRAM: write, ticks remaining
(23468) CVSRAM: write data from dla (00000000 00000000...)
(23468) CVSRAM: write, ticks remaining
(23470) CVSRAM: write data from dla (00000000 00000000...)
(23470) CVSRAM: write, ticks remaining
(23472) CVSRAM: write data from dla (80008000 80008000...)
(23472) CVSRAM: write, ticks remaining
(23474) CVSRAM: write data from dla (80008000 80008000...)
(23474) CVSRAM: write, ticks remaining
(23476) CVSRAM: write data from dla (80008000 80008000...)
(23476) CVSRAM: write, ticks remaining
(23478) CVSRAM: write data from dla (80008000 80008412...)
(23478) CVSRAM: write, ticks remaining
(23480) CVSRAM: write data from dla (80008000 80008000...)
(23480) CVSRAM: write, ticks remaining
(23482) CVSRAM: write data from dla (80008000 80008000...)
(23482) CVSRAM: write, ticks remaining
(23484) CVSRAM: write data from dla (80008000 80008000...)
(23484) CVSRAM: write, ticks remaining
(23486) CVSRAM: write data from dla (80008000 80008000...)
(23486) CVSRAM: write, ticks remaining
(23488) CVSRAM: write data from dla (80008000 80008000...)
(23488) CVSRAM: write, ticks remaining
(23490) CVSRAM: write data from dla (00000000 00000000...)
(23490) CVSRAM: write, ticks remaining
(23492) CVSRAM: write data from dla (00000000 00000000...)
(23492) CVSRAM: write, ticks remaining
(23494) CVSRAM: write data from dla (00000000 00000000...)
(23494) CVSRAM: write, ticks remaining
(23496) CVSRAM: write data from dla (80008db5 80008000...)
(23496) CVSRAM: write, ticks remaining
(23498) CVSRAM: write data from dla (80008000 80008000...)
(23498) CVSRAM: write, ticks remaining
(23500) CVSRAM: write data from dla (80008000 80008000...)
(23500) CVSRAM: write, ticks remaining
(23502) CVSRAM: write data from dla (80008000 80008000...)
(23502) CVSRAM: write, ticks remaining
(23504) CVSRAM: write data from dla (800081c9 80008000...)
(23504) CVSRAM: write, ticks remaining
(23506) CVSRAM: write data from dla (80008000 80008000...)
(23506) CVSRAM: write, ticks remaining
(23508) CVSRAM: write data from dla (80008000 80008000...)
(23508) CVSRAM: write, ticks remaining
(23510) CVSRAM: write data from dla (800082ad 80008000...)
(23510) CVSRAM: write, ticks remaining
(23512) CVSRAM: write data from dla (8000811b 80008000...)
(23512) CVSRAM: write, ticks remaining
(23514) CVSRAM: write data from dla (a15e8000 80008000...)
(23514) CVSRAM: write, ticks remaining
(23516) CVSRAM: write data from dla (00000000 00000000...)
(23516) CVSRAM: write, ticks remaining
(23518) CVSRAM: write data from dla (00000000 00000000...)
(23518) CVSRAM: write, ticks remaining
(23520) CVSRAM: write data from dla (00000000 00000000...)
(23520) CVSRAM: write, ticks remaining
(23522) CVSRAM: write data from dla (80008000 80008000...)
(23522) CVSRAM: write, ticks remaining
(23524) CVSRAM: write data from dla (80008000 80008000...)
(23524) CVSRAM: write, ticks remaining
(23526) CVSRAM: write data from dla (80008000 80008000...)
(23526) CVSRAM: write, ticks remaining
(23528) CVSRAM: write data from dla (80008000 80008000...)
(23528) CVSRAM: write, ticks remaining
(23530) CVSRAM: write data from dla (80008000 80008000...)
(23530) CVSRAM: write, ticks remaining
(23532) CVSRAM: write data from dla (80008000 80008000...)
(23532) CVSRAM: write, ticks remaining
(23534) CVSRAM: write data from dla (80008000 80008000...)
(23534) CVSRAM: write, ticks remaining
(23536) CVSRAM: write data from dla (80008000 80008000...)
(23536) CVSRAM: write, ticks remaining
(23538) CVSRAM: write data from dla (80008000 80008000...)
(23538) CVSRAM: write, ticks remaining
(23540) CVSRAM: write data from dla (00000000 00000000...)
(23540) CVSRAM: write, ticks remaining
(23542) CVSRAM: write data from dla (00000000 00000000...)
(23542) CVSRAM: write, ticks remaining
(23544) CVSRAM: write data from dla (00000000 00000000...)
(23544) CVSRAM: write, ticks remaining
(23546) CVSRAM: write data from dla (80008000 80008000...)
(23546) CVSRAM: write, ticks remaining
(23548) CVSRAM: write data from dla (80008000 80008000...)
(23548) CVSRAM: write, ticks remaining
(23550) CVSRAM: write data from dla (80008000 80008000...)
(23550) CVSRAM: write, ticks remaining
(23552) CVSRAM: write data from dla (80008000 80008000...)
(23552) CVSRAM: write, ticks remaining
(23554) CVSRAM: write data from dla (80008000 80008000...)
(23554) CVSRAM: write, ticks remaining
(23556) CVSRAM: write data from dla (80008000 80008000...)
(23556) CVSRAM: write, ticks remaining
(23558) CVSRAM: write data from dla (80008000 80008000...)
(23558) CVSRAM: write, ticks remaining
(23560) CVSRAM: write data from dla (80008000 80008000...)
(23560) CVSRAM: write, ticks remaining
(23562) CVSRAM: write data from dla (80008000 80008000...)
(23562) CVSRAM: write, ticks remaining
(23564) CVSRAM: write data from dla (97bc8000 8000829d...)
(23564) CVSRAM: write, ticks remaining
(23566) CVSRAM: write data from dla (00000000 00000000...)
(23566) CVSRAM: write, ticks remaining
(23568) CVSRAM: write data from dla (00000000 00000000...)
(23568) CVSRAM: write, ticks remaining
(23570) CVSRAM: write data from dla (00000000 00000000...)
(23570) CVSRAM: write, ticks remaining
(23572) CVSRAM: write data from dla (80008000 80008000...)
(23572) CVSRAM: write, ticks remaining
(23574) CVSRAM: write data from dla (80008000 80008000...)
(23574) CVSRAM: write, ticks remaining
(23576) CVSRAM: write data from dla (80008000 80008000...)
(23576) CVSRAM: write, ticks remaining
(23578) CVSRAM: write data from dla (80008000 80008000...)
(23578) CVSRAM: write, ticks remaining
(23580) CVSRAM: write data from dla (800085f3 80008000...)
(23580) CVSRAM: write, ticks remaining
(23582) CVSRAM: write data from dla (80008000 80008000...)
(23582) CVSRAM: write, ticks remaining
(23584) CVSRAM: write data from dla (80008000 80008000...)
(23584) CVSRAM: write, ticks remaining
(23586) CVSRAM: write data from dla (80008435 80008000...)
(23586) CVSRAM: write, ticks remaining
(23588) CVSRAM: write data from dla (800081c9 80008000...)
(23588) CVSRAM: write, ticks remaining
(23590) CVSRAM: write data from dla (00000000 00000000...)
(23590) CVSRAM: write, ticks remaining
(23592) CVSRAM: write data from dla (00000000 00000000...)
(23592) CVSRAM: write, ticks remaining
(23594) CVSRAM: write data from dla (00000000 00000000...)
(23594) CVSRAM: write, ticks remaining
(23596) CVSRAM: write data from dla (800090f3 80008000...)
(23596) CVSRAM: write, ticks remaining
(23598) CVSRAM: write data from dla (8000a367 80008000...)
(23598) CVSRAM: write, ticks remaining
(23600) CVSRAM: write data from dla (800097a9 80008000...)
(23600) CVSRAM: write, ticks remaining
(23602) CVSRAM: write data from dla (80009364 80008000...)
(23602) CVSRAM: write, ticks remaining
(23604) CVSRAM: write data from dla (80009a93 80008000...)
(23604) CVSRAM: write, ticks remaining
(23606) CVSRAM: write data from dla (8000a2f8 80008000...)
(23606) CVSRAM: write, ticks remaining
(23608) CVSRAM: write data from dla (800098ab 80008000...)
(23608) CVSRAM: write, ticks remaining
(23610) CVSRAM: write data from dla (800091d3 80008000...)
(23610) CVSRAM: write, ticks remaining
(23612) CVSRAM: write data from dla (80008f22 80008000...)
(23612) CVSRAM: write, ticks remaining
(23614) CVSRAM: write data from dla (8b9e9976 80008000...)
(23614) CVSRAM: write, ticks remaining
(23616) CVSRAM: write data from dla (00000000 00000000...)
(23616) CVSRAM: write, ticks remaining
(23618) CVSRAM: write data from dla (00000000 00000000...)
(23618) CVSRAM: write, ticks remaining
(23620) CVSRAM: write data from dla (00000000 00000000...)
(23620) CVSRAM: write, ticks remaining
(23622) CVSRAM: write data from dla (00000000 00000000...)
(23622) CVSRAM: write, ticks remaining
(23624) CVSRAM: write data from dla (00000000 00000000...)
(23624) CVSRAM: write, ticks remaining
(23626) CVSRAM: write data from dla (00000000 00000000...)
(23626) CVSRAM: write, ticks remaining
(23628) CVSRAM: write data from dla (00000000 00000000...)
(23628) CVSRAM: write, ticks remaining
(23630) CVSRAM: write data from dla (00000000 00000000...)
(23630) CVSRAM: write, ticks remaining
(23632) CVSRAM: write data from dla (00000000 00000000...)
(23632) CVSRAM: write, ticks remaining
(23634) CVSRAM: write data from dla (9a5d8000 80008000...)
(23634) CVSRAM: write, ticks remaining
(23636) CVSRAM: write data from dla (85f08000 80008000...)
(23636) CVSRAM: write, ticks remaining
(23638) CVSRAM: write data from dla (9a4b8000 80008000...)
(23638) CVSRAM: write, ticks remaining
(23640) CVSRAM: write data from dla (9e848000 80008000...)
(23640) CVSRAM: write, ticks remaining
(23642) CVSRAM: write data from dla (901b8000 80008000...)
(23642) CVSRAM: write, ticks remaining
(23644) CVSRAM: write data from dla (92858000 80008000...)
(23644) CVSRAM: write, ticks remaining
(23646) CVSRAM: write data from dla (95398000 80008000...)
(23646) CVSRAM: write, ticks remaining
(23648) CVSRAM: write data from dla (8a008000 80008000...)
(23648) CVSRAM: write, ticks remaining
(23650) CVSRAM: write data from dla (97078000 80008000...)
(23650) CVSRAM: write, ticks remaining
(23652) CVSRAM: write data from dla (00000000 00000000...)
(23652) CVSRAM: write, ticks remaining
(23654) CVSRAM: write data from dla (00000000 00000000...)
(23654) CVSRAM: write, ticks remaining
(23656) CVSRAM: write data from dla (00000000 00000000...)
(23656) CVSRAM: write, ticks remaining
(23658) CVSRAM: write data from dla (8d548000 8000865b...)
(23658) CVSRAM: write, ticks remaining
(23660) CVSRAM: write data from dla (80008000 80008000...)
(23660) CVSRAM: write, ticks remaining
(23662) CVSRAM: write data from dla (80678000 80008000...)
(23662) CVSRAM: write, ticks remaining
(23664) CVSRAM: write data from dla (80008000 80008000...)
(23664) CVSRAM: write, ticks remaining
(23666) CVSRAM: write data from dla (80008000 80008000...)
(23666) CVSRAM: write, ticks remaining
(23668) CVSRAM: write data from dla (80008000 80008000...)
(23668) CVSRAM: write, ticks remaining
(23670) CVSRAM: write data from dla (80008000 80008000...)
(23670) CVSRAM: write, ticks remaining
(23672) CVSRAM: write data from dla (80008000 80008000...)
(23672) CVSRAM: write, ticks remaining
(23674) CVSRAM: write data from dla (80008000 80008000...)
(23674) CVSRAM: write, ticks remaining
(23676) CVSRAM: write data from dla (80008000 80008000...)
(23676) CVSRAM: write, ticks remaining
(23678) CVSRAM: write data from dla (00000000 00000000...)
(23678) CVSRAM: write, ticks remaining
(23680) CVSRAM: write data from dla (00000000 00000000...)
(23680) CVSRAM: write, ticks remaining
(23682) CVSRAM: write data from dla (00000000 00000000...)
(23682) CVSRAM: write, ticks remaining
(23684) CVSRAM: write data from dla (80008000 80008000...)
(23684) CVSRAM: write, ticks remaining
(23686) CVSRAM: write data from dla (80008000 80008000...)
(23686) CVSRAM: write, ticks remaining
(23688) CVSRAM: write data from dla (97cf8000 80008000...)
(23688) CVSRAM: write, ticks remaining
(23690) CVSRAM: write data from dla (9ef98000 80008000...)
(23690) CVSRAM: write, ticks remaining
(23692) CVSRAM: write data from dla (80008000 81968000...)
(23692) CVSRAM: write, ticks remaining
(23694) CVSRAM: write data from dla (80008000 80008000...)
(23694) CVSRAM: write, ticks remaining
(23696) CVSRAM: write data from dla (80008000 80008000...)
(23696) CVSRAM: write, ticks remaining
(23698) CVSRAM: write data from dla (80008000 80008000...)
(23698) CVSRAM: write, ticks remaining
(23700) CVSRAM: write data from dla (80008000 80008000...)
(23700) CVSRAM: write, ticks remaining
(23702) CVSRAM: write data from dla (00000000 00000000...)
(23702) CVSRAM: write, ticks remaining
(23704) CVSRAM: write data from dla (00000000 00000000...)
(23704) CVSRAM: write, ticks remaining
(23706) CVSRAM: write data from dla (00000000 00000000...)
(23706) CVSRAM: write, ticks remaining
(23708) CVSRAM: write data from dla (80008000 806a812a...)
(23708) CVSRAM: write, ticks remaining
(23710) CVSRAM: write data from dla (80008000 89f98000...)
(23710) CVSRAM: write, ticks remaining
(23712) CVSRAM: write data from dla (80008000 80008000...)
(23712) CVSRAM: write, ticks remaining
(23714) CVSRAM: write data from dla (a1498000 80008000...)
(23714) CVSRAM: write, ticks remaining
(23716) CVSRAM: write data from dla (88dd8000 80008000...)
(23716) CVSRAM: write, ticks remaining
(23718) CVSRAM: write data from dla (81898000 80008000...)
(23718) CVSRAM: write, ticks remaining
(23720) CVSRAM: write data from dla (80008000 80008000...)
(23720) CVSRAM: write, ticks remaining
(23722) CVSRAM: write data from dla (85e58000 80008000...)
(23722) CVSRAM: write, ticks remaining
(23724) CVSRAM: write data from dla (86a38000 80008000...)
(23724) CVSRAM: write, ticks remaining
(23726) CVSRAM: write data from dla (80008000 80008000...)
(23726) CVSRAM: write, ticks remaining
(23728) CVSRAM: write data from dla (00000000 00000000...)
(23728) CVSRAM: write, ticks remaining
(23730) CVSRAM: write data from dla (00000000 00000000...)
(23730) CVSRAM: write, ticks remaining
(23732) CVSRAM: write data from dla (00000000 00000000...)
(23732) CVSRAM: write, ticks remaining
(23734) CVSRAM: write data from dla (80008000 80008000...)
(23734) CVSRAM: write, ticks remaining
(23736) CVSRAM: write data from dla (9014853f 80008000...)
(23736) CVSRAM: write, ticks remaining
(23738) CVSRAM: write data from dla (80008000 80008000...)
(23738) CVSRAM: write, ticks remaining
(23740) CVSRAM: write data from dla (80008000 82d38000...)
(23740) CVSRAM: write, ticks remaining
(23742) CVSRAM: write data from dla (80008000 80008000...)
(23742) CVSRAM: write, ticks remaining
(23744) CVSRAM: write data from dla (80008000 80008000...)
(23744) CVSRAM: write, ticks remaining
(23746) CVSRAM: write data from dla (80008000 80008000...)
(23746) CVSRAM: write, ticks remaining
(23748) CVSRAM: write data from dla (80008000 80008000...)
(23748) CVSRAM: write, ticks remaining
(23750) CVSRAM: write data from dla (80008000 80008000...)
(23750) CVSRAM: write, ticks remaining
(23752) CVSRAM: write data from dla (00000000 00000000...)
(23752) CVSRAM: write, ticks remaining
(23754) CVSRAM: write data from dla (00000000 00000000...)
(23754) CVSRAM: write, ticks remaining
(23756) CVSRAM: write data from dla (00000000 00000000...)
(23756) CVSRAM: write, ticks remaining
(23758) CVSRAM: write data from dla (80008000 80008000...)
(23758) CVSRAM: write, ticks remaining
(23760) CVSRAM: write data from dla (80008000 80008000...)
(23760) CVSRAM: write, ticks remaining
(23762) CVSRAM: write data from dla (80008000 80008000...)
(23762) CVSRAM: write, ticks remaining
(23764) CVSRAM: write data from dla (9f428000 80008000...)
(23764) CVSRAM: write, ticks remaining
(23766) CVSRAM: write data from dla (80008000 80008000...)
(23766) CVSRAM: write, ticks remaining
(23768) CVSRAM: write data from dla (82f58000 80cb8000...)
(23768) CVSRAM: write, ticks remaining
(23770) CVSRAM: write data from dla (80008000 80008000...)
(23770) CVSRAM: write, ticks remaining
(23772) CVSRAM: write data from dla (80008000 80008000...)
(23772) CVSRAM: write, ticks remaining
(23774) CVSRAM: write data from dla (80008000 80008000...)
(23774) CVSRAM: write, ticks remaining
(23776) CVSRAM: write data from dla (800082a3 80008000...)
(23776) CVSRAM: write, ticks remaining
(23778) CVSRAM: write data from dla (00000000 00000000...)
(23778) CVSRAM: write, ticks remaining
(23780) CVSRAM: write data from dla (00000000 00000000...)
(23780) CVSRAM: write, ticks remaining
(23782) CVSRAM: write data from dla (00000000 00000000...)
(23782) CVSRAM: write, ticks remaining
(23784) CVSRAM: write data from dla (826d8000 80008000...)
(23784) CVSRAM: write, ticks remaining
(23786) CVSRAM: write data from dla (80008000 80008000...)
(23786) CVSRAM: write, ticks remaining
(23788) CVSRAM: write data from dla (82c08000 80008000...)
(23788) CVSRAM: write, ticks remaining
(23790) CVSRAM: write data from dla (98078000 80008000...)
(23790) CVSRAM: write, ticks remaining
(23792) CVSRAM: write data from dla (80008000 80008000...)
(23792) CVSRAM: write, ticks remaining
(23794) CVSRAM: write data from dla (87fc8000 80008000...)
(23794) CVSRAM: write, ticks remaining
(23796) CVSRAM: write data from dla (892c8000 80008000...)
(23796) CVSRAM: write, ticks remaining
(23798) CVSRAM: write data from dla (99418000 80008000...)
(23798) CVSRAM: write, ticks remaining
(23800) CVSRAM: write data from dla (8d088000 80008000...)
(23800) CVSRAM: write, ticks remaining
(23802) CVSRAM: write data from dla (00000000 00000000...)
(23802) CVSRAM: write, ticks remaining
(23804) CVSRAM: write data from dla (00000000 00000000...)
(23804) CVSRAM: write, ticks remaining
(23806) CVSRAM: write data from dla (00000000 00000000...)
(23806) CVSRAM: write, ticks remaining
(23808) CVSRAM: write data from dla (8891830c 80008000...)
(23808) CVSRAM: write, ticks remaining
(23810) CVSRAM: write data from dla (80008000 80008000...)
(23810) CVSRAM: write, ticks remaining
(23812) CVSRAM: write data from dla (80008000 80008000...)
(23812) CVSRAM: write, ticks remaining
(23814) CVSRAM: write data from dla (80008000 80008000...)
(23814) CVSRAM: write, ticks remaining
(23816) CVSRAM: write data from dla (80008000 80008000...)
(23816) CVSRAM: write, ticks remaining
(23818) CVSRAM: write data from dla (80008000 80008000...)
(23818) CVSRAM: write, ticks remaining
(23820) CVSRAM: write data from dla (80008000 80008000...)
(23820) CVSRAM: write, ticks remaining
(23822) CVSRAM: write data from dla (80008000 80008000...)
(23822) CVSRAM: write, ticks remaining
(23824) CVSRAM: write data from dla (80008000 80008000...)
(23824) CVSRAM: write, ticks remaining
(23826) CVSRAM: write data from dla (80008000 80008000...)
(23826) CVSRAM: write, ticks remaining
(23828) CVSRAM: write data from dla (00000000 00000000...)
(23828) CVSRAM: write, ticks remaining
(23830) CVSRAM: write data from dla (00000000 00000000...)
(23830) CVSRAM: write, ticks remaining
(23832) CVSRAM: write data from dla (00000000 00000000...)
(23832) CVSRAM: write, ticks remaining
(23834) CVSRAM: write data from dla (80008000 80008000...)
(23834) CVSRAM: write, ticks remaining
(23836) CVSRAM: write data from dla (80008000 80008000...)
(23836) CVSRAM: write, ticks remaining
(23838) CVSRAM: write data from dla (80008000 80008000...)
(23838) CVSRAM: write, ticks remaining
(23840) CVSRAM: write data from dla (80008000 80008000...)
(23840) CVSRAM: write, ticks remaining
(23842) CVSRAM: write data from dla (80008000 850e8000...)
(23842) CVSRAM: write, ticks remaining
(23844) CVSRAM: write data from dla (80008000 80008000...)
(23844) CVSRAM: write, ticks remaining
(23846) CVSRAM: write data from dla (80008000 80008000...)
(23846) CVSRAM: write, ticks remaining
(23848) CVSRAM: write data from dla (80008000 80008000...)
(23848) CVSRAM: write, ticks remaining
(23850) CVSRAM: write data from dla (80008000 80008000...)
(23850) CVSRAM: write, ticks remaining
(23852) CVSRAM: write data from dla (00000000 00000000...)
(23852) CVSRAM: write, ticks remaining
(23854) CVSRAM: write data from dla (00000000 00000000...)
(23854) CVSRAM: write, ticks remaining
(23856) CVSRAM: write data from dla (00000000 00000000...)
(23856) CVSRAM: write, ticks remaining
(23858) CVSRAM: write data from dla (8d508000 80008000...)
(23858) CVSRAM: write, ticks remaining
(23860) CVSRAM: write data from dla (80008000 80008000...)
(23860) CVSRAM: write, ticks remaining
(23862) CVSRAM: write data from dla (80008000 80008000...)
(23862) CVSRAM: write, ticks remaining
(23864) CVSRAM: write data from dla (80008000 80008000...)
(23864) CVSRAM: write, ticks remaining
(23866) CVSRAM: write data from dla (a0fc8000 80008000...)
(23866) CVSRAM: write, ticks remaining
(23868) CVSRAM: write data from dla (813b8000 80008000...)
(23868) CVSRAM: write, ticks remaining
(23870) CVSRAM: write data from dla (816c8000 80008000...)
(23870) CVSRAM: write, ticks remaining
(23872) CVSRAM: write data from dla (8f648000 80008000...)
(23872) CVSRAM: write, ticks remaining
(23874) CVSRAM: write data from dla (8aac8000 854f8000...)
(23874) CVSRAM: write, ticks remaining
(23876) CVSRAM: write data from dla (80008000 80008000...)
(23876) CVSRAM: write, ticks remaining
(23878) CVSRAM: write data from dla (00000000 00000000...)
(23878) CVSRAM: write, ticks remaining
(23880) CVSRAM: write data from dla (00000000 00000000...)
(23880) CVSRAM: write, last tick
(23884) CVSRAM: write request from dla, addr 500280c0 id 0
(23886) CVSRAM: write data from dla (00000000 00000000...)
(23886) CVSRAM: write, ticks remaining
(23888) CVSRAM: write data from dla (80008000 80008000...)
(23888) CVSRAM: write, ticks remaining
(23890) CVSRAM: write data from dla (80008000 80008000...)
(23890) CVSRAM: write, ticks remaining
(23892) CVSRAM: write data from dla (80008000 80008000...)
(23892) CVSRAM: write, ticks remaining
(23894) CVSRAM: write data from dla (80008000 80008000...)
(23894) CVSRAM: write, ticks remaining
(23896) CVSRAM: write data from dla (80008000 80008000...)
(23896) CVSRAM: write, ticks remaining
(23898) CVSRAM: write data from dla (80008000 80008000...)
(23898) CVSRAM: write, ticks remaining
(23900) CVSRAM: write data from dla (80008000 80008000...)
(23900) CVSRAM: write, ticks remaining
(23902) CVSRAM: write data from dla (80008000 80008000...)
(23902) CVSRAM: write, ticks remaining
(23904) CVSRAM: write data from dla (80008000 80008000...)
(23904) CVSRAM: write, ticks remaining
(23906) CVSRAM: write data from dla (00000000 00000000...)
(23906) CVSRAM: write, ticks remaining
(23908) CVSRAM: write data from dla (00000000 00000000...)
(23908) CVSRAM: write, ticks remaining
(23910) CVSRAM: write data from dla (00000000 00000000...)
(23910) CVSRAM: write, ticks remaining
(23912) CVSRAM: write data from dla (80008000 80008000...)
(23912) CVSRAM: write, ticks remaining
(23914) CVSRAM: write data from dla (80008000 80008000...)
(23914) CVSRAM: write, ticks remaining
(23916) CVSRAM: write data from dla (80008000 80008000...)
(23916) CVSRAM: write, ticks remaining
(23918) CVSRAM: write data from dla (80008000 80008000...)
(23918) CVSRAM: write, ticks remaining
(23920) CVSRAM: write data from dla (85388000 80008000...)
(23920) CVSRAM: write, ticks remaining
(23922) CVSRAM: write data from dla (8d4e8000 80008000...)
(23922) CVSRAM: write, ticks remaining
(23924) CVSRAM: write data from dla (80008000 80008000...)
(23924) CVSRAM: write, ticks remaining
(23926) CVSRAM: write data from dla (80008000 80008000...)
(23926) CVSRAM: write, ticks remaining
(23928) CVSRAM: write data from dla (80008000 80008000...)
(23928) CVSRAM: write, ticks remaining
(23930) CVSRAM: write data from dla (800086ca 80008000...)
(23930) CVSRAM: write, ticks remaining
(23932) CVSRAM: write data from dla (00000000 00000000...)
(23932) CVSRAM: write, ticks remaining
(23934) CVSRAM: write data from dla (00000000 00000000...)
(23934) CVSRAM: write, ticks remaining
(23936) CVSRAM: write data from dla (00000000 00000000...)
(23936) CVSRAM: write, ticks remaining
(23938) CVSRAM: write data from dla (841f8000 80008000...)
(23938) CVSRAM: write, ticks remaining
(23940) CVSRAM: write data from dla (80008000 80008000...)
(23940) CVSRAM: write, ticks remaining
(23942) CVSRAM: write data from dla (865e8000 80008000...)
(23942) CVSRAM: write, ticks remaining
(23944) CVSRAM: write data from dla (8dc58000 80008000...)
(23944) CVSRAM: write, ticks remaining
(23946) CVSRAM: write data from dla (9b3d8000 80008000...)
(23946) CVSRAM: write, ticks remaining
(23948) CVSRAM: write data from dla (80008000 80008000...)
(23948) CVSRAM: write, ticks remaining
(23950) CVSRAM: write data from dla (80008000 80008000...)
(23950) CVSRAM: write, ticks remaining
(23952) CVSRAM: write data from dla (80008000 87f68000...)
(23952) CVSRAM: write, ticks remaining
(23954) CVSRAM: write data from dla (907a8000 8da88000...)
(23954) CVSRAM: write, ticks remaining
(23956) CVSRAM: write data from dla (00000000 00000000...)
(23956) CVSRAM: write, ticks remaining
(23958) CVSRAM: write data from dla (00000000 00000000...)
(23958) CVSRAM: write, ticks remaining
(23960) CVSRAM: write data from dla (00000000 00000000...)
(23960) CVSRAM: write, ticks remaining
(23962) CVSRAM: write data from dla (80008000 80008000...)
(23962) CVSRAM: write, ticks remaining
(23964) CVSRAM: write data from dla (80008000 80008000...)
(23964) CVSRAM: write, ticks remaining
(23966) CVSRAM: write data from dla (80008000 80008000...)
(23966) CVSRAM: write, ticks remaining
(23968) CVSRAM: write data from dla (80008000 80008000...)
(23968) CVSRAM: write, ticks remaining
(23970) CVSRAM: write data from dla (80008000 80008000...)
(23970) CVSRAM: write, ticks remaining
(23972) CVSRAM: write data from dla (80008000 80008000...)
(23972) CVSRAM: write, ticks remaining
(23974) CVSRAM: write data from dla (80008000 80008000...)
(23974) CVSRAM: write, ticks remaining
(23976) CVSRAM: write data from dla (80008000 80008000...)
(23976) CVSRAM: write, ticks remaining
(23978) CVSRAM: write data from dla (80008000 80008000...)
(23978) CVSRAM: write, ticks remaining
(23980) CVSRAM: write data from dla (80008963 80008000...)
(23980) CVSRAM: write, ticks remaining
(23982) CVSRAM: write data from dla (00000000 00000000...)
(23982) CVSRAM: write, ticks remaining
(23984) CVSRAM: write data from dla (00000000 00000000...)
(23984) CVSRAM: write, ticks remaining
(23986) CVSRAM: write data from dla (00000000 00000000...)
(23986) CVSRAM: write, ticks remaining
(23988) CVSRAM: write data from dla (80008000 80008000...)
(23988) CVSRAM: write, ticks remaining
(23990) CVSRAM: write data from dla (80008000 80008000...)
(23990) CVSRAM: write, ticks remaining
(23992) CVSRAM: write data from dla (8000832d 80008000...)
(23992) CVSRAM: write, ticks remaining
(23994) CVSRAM: write data from dla (81e18000 80008000...)
(23994) CVSRAM: write, ticks remaining
(23996) CVSRAM: write data from dla (874c8000 80008000...)
(23996) CVSRAM: write, ticks remaining
(23998) CVSRAM: write data from dla (80008000 80008000...)
(23998) CVSRAM: write, ticks remaining
(24000) CVSRAM: write data from dla (80008000 80008000...)
(24000) CVSRAM: write, ticks remaining
(24002) CVSRAM: write data from dla (80008000 80008000...)
(24002) CVSRAM: write, ticks remaining
(24004) CVSRAM: write data from dla (80008000 80008000...)
(24004) CVSRAM: write, ticks remaining
(24006) CVSRAM: write data from dla (00000000 00000000...)
(24006) CVSRAM: write, ticks remaining
(24008) CVSRAM: write data from dla (00000000 00000000...)
(24008) CVSRAM: write, ticks remaining
(24010) CVSRAM: write data from dla (00000000 00000000...)
(24010) CVSRAM: write, ticks remaining
(24012) CVSRAM: write data from dla (80008000 80008000...)
(24012) CVSRAM: write, ticks remaining
(24014) CVSRAM: write data from dla (80008000 80008000...)
(24014) CVSRAM: write, ticks remaining
(24016) CVSRAM: write data from dla (80008000 80008000...)
(24016) CVSRAM: write, ticks remaining
(24018) CVSRAM: write data from dla (8ec28000 80008000...)
(24018) CVSRAM: write, ticks remaining
(24020) CVSRAM: write data from dla (8e6c8000 80008000...)
(24020) CVSRAM: write, ticks remaining
(24022) CVSRAM: write data from dla (80008000 80008000...)
(24022) CVSRAM: write, ticks remaining
(24024) CVSRAM: write data from dla (80008000 80008000...)
(24024) CVSRAM: write, ticks remaining
(24026) CVSRAM: write data from dla (84938000 8d108000...)
(24026) CVSRAM: write, ticks remaining
(24028) CVSRAM: write data from dla (84088000 90af8000...)
(24028) CVSRAM: write, ticks remaining
(24030) CVSRAM: write data from dla (80008000 80008000...)
(24030) CVSRAM: write, ticks remaining
(24032) CVSRAM: write data from dla (00000000 00000000...)
(24032) CVSRAM: write, ticks remaining
(24034) CVSRAM: write data from dla (00000000 00000000...)
(24034) CVSRAM: write, ticks remaining
(24036) CVSRAM: write data from dla (00000000 00000000...)
(24036) CVSRAM: write, ticks remaining
(24038) CVSRAM: write data from dla (80008000 806f8000...)
(24038) CVSRAM: write, ticks remaining
(24040) CVSRAM: write data from dla (80008000 80008000...)
(24040) CVSRAM: write, ticks remaining
(24042) CVSRAM: write data from dla (80008000 80008000...)
(24042) CVSRAM: write, ticks remaining
(24044) CVSRAM: write data from dla (80008000 80008000...)
(24044) CVSRAM: write, ticks remaining
(24046) CVSRAM: write data from dla (80008000 80008000...)
(24046) CVSRAM: write, ticks remaining
(24048) CVSRAM: write data from dla (80008000 80008000...)
(24048) CVSRAM: write, ticks remaining
(24050) CVSRAM: write data from dla (80008000 80008000...)
(24050) CVSRAM: write, ticks remaining
(24052) CVSRAM: write data from dla (80008000 80008000...)
(24052) CVSRAM: write, ticks remaining
(24054) CVSRAM: write data from dla (80008000 80008000...)
(24054) CVSRAM: write, ticks remaining
(24056) CVSRAM: write data from dla (00000000 00000000...)
(24056) CVSRAM: write, ticks remaining
(24058) CVSRAM: write data from dla (00000000 00000000...)
(24058) CVSRAM: write, ticks remaining
(24060) CVSRAM: write data from dla (00000000 00000000...)
(24060) CVSRAM: write, ticks remaining
(24062) CVSRAM: write data from dla (80008000 80008000...)
(24062) CVSRAM: write, ticks remaining
(24064) CVSRAM: write data from dla (80008000 80008000...)
(24064) CVSRAM: write, ticks remaining
(24066) CVSRAM: write data from dla (80008000 80008000...)
(24066) CVSRAM: write, ticks remaining
(24068) CVSRAM: write data from dla (80008000 80008000...)
(24068) CVSRAM: write, ticks remaining
(24070) CVSRAM: write data from dla (886b8000 80008000...)
(24070) CVSRAM: write, ticks remaining
(24072) CVSRAM: write data from dla (80008000 80008000...)
(24072) CVSRAM: write, ticks remaining
(24074) CVSRAM: write data from dla (80008000 80008000...)
(24074) CVSRAM: write, ticks remaining
(24076) CVSRAM: write data from dla (80008000 80008000...)
(24076) CVSRAM: write, ticks remaining
(24078) CVSRAM: write data from dla (80008000 80008000...)
(24078) CVSRAM: write, ticks remaining
(24080) CVSRAM: write data from dla (80008000 80008000...)
(24080) CVSRAM: write, ticks remaining
(24082) CVSRAM: write data from dla (00000000 00000000...)
(24082) CVSRAM: write, ticks remaining
(24084) CVSRAM: write data from dla (00000000 00000000...)
(24084) CVSRAM: write, ticks remaining
(24086) CVSRAM: write data from dla (00000000 00000000...)
(24086) CVSRAM: write, ticks remaining
(24088) CVSRAM: write data from dla (98a08000 80008000...)
(24088) CVSRAM: write, ticks remaining
(24090) CVSRAM: write data from dla (8be18000 80008000...)
(24090) CVSRAM: write, ticks remaining
(24092) CVSRAM: write data from dla (80008000 80008000...)
(24092) CVSRAM: write, ticks remaining
(24094) CVSRAM: write data from dla (80008000 80008000...)
(24094) CVSRAM: write, ticks remaining
(24096) CVSRAM: write data from dla (85ff8000 82768000...)
(24096) CVSRAM: write, ticks remaining
(24098) CVSRAM: write data from dla (81bb8000 9a308000...)
(24098) CVSRAM: write, ticks remaining
(24100) CVSRAM: write data from dla (80008000 8b0d8000...)
(24100) CVSRAM: write, ticks remaining
(24102) CVSRAM: write data from dla (80008000 8a7f8000...)
(24102) CVSRAM: write, ticks remaining
(24104) CVSRAM: write data from dla (80008000 80998000...)
(24104) CVSRAM: write, ticks remaining
(24106) CVSRAM: write data from dla (00000000 00000000...)
(24106) CVSRAM: write, ticks remaining
(24108) CVSRAM: write data from dla (00000000 00000000...)
(24108) CVSRAM: write, ticks remaining
(24110) CVSRAM: write data from dla (00000000 00000000...)
(24110) CVSRAM: write, ticks remaining
(24112) CVSRAM: write data from dla (00000000 00000000...)
(24112) CVSRAM: write, ticks remaining
(24114) CVSRAM: write data from dla (00000000 00000000...)
(24114) CVSRAM: write, ticks remaining
(24116) CVSRAM: write data from dla (00000000 00000000...)
(24116) CVSRAM: write, ticks remaining
(24118) CVSRAM: write data from dla (00000000 00000000...)
(24118) CVSRAM: write, ticks remaining
(24120) CVSRAM: write data from dla (00000000 00000000...)
(24120) CVSRAM: write, ticks remaining
(24122) CVSRAM: write data from dla (00000000 00000000...)
(24122) CVSRAM: write, ticks remaining
(24124) CVSRAM: write data from dla (80008000 80008000...)
(24124) CVSRAM: write, ticks remaining
(24126) CVSRAM: write data from dla (80008000 80008000...)
(24126) CVSRAM: write, ticks remaining
(24128) CVSRAM: write data from dla (80008000 80008000...)
(24128) CVSRAM: write, ticks remaining
(24130) CVSRAM: write data from dla (80008000 80008000...)
(24130) CVSRAM: write, ticks remaining
(24132) CVSRAM: write data from dla (80008000 80008000...)
(24132) CVSRAM: write, ticks remaining
(24134) CVSRAM: write data from dla (80008000 80008000...)
(24134) CVSRAM: write, ticks remaining
(24136) CVSRAM: write data from dla (80008000 80008000...)
(24136) CVSRAM: write, ticks remaining
(24138) CVSRAM: write data from dla (80008000 80008000...)
(24138) CVSRAM: write, ticks remaining
(24140) CVSRAM: write data from dla (80008000 80008000...)
(24140) CVSRAM: write, ticks remaining
(24142) CVSRAM: write data from dla (80008000 81238000...)
(24142) CVSRAM: write, ticks remaining
(24144) CVSRAM: write data from dla (00000000 00000000...)
(24144) CVSRAM: write, ticks remaining
(24146) CVSRAM: write data from dla (00000000 00000000...)
(24146) CVSRAM: write, ticks remaining
(24148) CVSRAM: write data from dla (00000000 00000000...)
(24148) CVSRAM: write, ticks remaining
(24150) CVSRAM: write data from dla (80008000 80008000...)
(24150) CVSRAM: write, ticks remaining
(24152) CVSRAM: write data from dla (80008000 80008000...)
(24152) CVSRAM: write, ticks remaining
(24154) CVSRAM: write data from dla (80008000 80008000...)
(24154) CVSRAM: write, ticks remaining
(24156) CVSRAM: write data from dla (80008000 80008000...)
(24156) CVSRAM: write, ticks remaining
(24158) CVSRAM: write data from dla (80008000 80008000...)
(24158) CVSRAM: write, ticks remaining
(24160) CVSRAM: write data from dla (80008000 80008000...)
(24160) CVSRAM: write, ticks remaining
(24162) CVSRAM: write data from dla (80008000 80008000...)
(24162) CVSRAM: write, ticks remaining
(24164) CVSRAM: write data from dla (80008000 80008000...)
(24164) CVSRAM: write, ticks remaining
(24166) CVSRAM: write data from dla (80008000 80008000...)
(24166) CVSRAM: write, ticks remaining
(24168) CVSRAM: write data from dla (00000000 00000000...)
(24168) CVSRAM: write, ticks remaining
(24170) CVSRAM: write data from dla (00000000 00000000...)
(24170) CVSRAM: write, ticks remaining
(24172) CVSRAM: write data from dla (00000000 00000000...)
(24172) CVSRAM: write, ticks remaining
(24174) CVSRAM: write data from dla (80008000 80008000...)
(24174) CVSRAM: write, ticks remaining
(24176) CVSRAM: write data from dla (8000821f 80008000...)
(24176) CVSRAM: write, ticks remaining
(24178) CVSRAM: write data from dla (80008000 80008000...)
(24178) CVSRAM: write, ticks remaining
(24180) CVSRAM: write data from dla (80008000 80008000...)
(24180) CVSRAM: write, ticks remaining
(24182) CVSRAM: write data from dla (80008000 80008000...)
(24182) CVSRAM: write, ticks remaining
(24184) CVSRAM: write data from dla (80008000 80008000...)
(24184) CVSRAM: write, ticks remaining
(24186) CVSRAM: write data from dla (80008000 80008000...)
(24186) CVSRAM: write, ticks remaining
(24188) CVSRAM: write data from dla (80008000 80008000...)
(24188) CVSRAM: write, ticks remaining
(24190) CVSRAM: write data from dla (80008000 80008000...)
(24190) CVSRAM: write, ticks remaining
(24192) CVSRAM: write data from dla (80008000 8000839d...)
(24192) CVSRAM: write, ticks remaining
(24194) CVSRAM: write data from dla (00000000 00000000...)
(24194) CVSRAM: write, ticks remaining
(24196) CVSRAM: write data from dla (00000000 00000000...)
(24196) CVSRAM: write, ticks remaining
(24198) CVSRAM: write data from dla (00000000 00000000...)
(24198) CVSRAM: write, ticks remaining
(24200) CVSRAM: write data from dla (80008000 80008000...)
(24200) CVSRAM: write, ticks remaining
(24202) CVSRAM: write data from dla (80008000 80008000...)
(24202) CVSRAM: write, ticks remaining
(24204) CVSRAM: write data from dla (80008000 80008000...)
(24204) CVSRAM: write, ticks remaining
(24206) CVSRAM: write data from dla (80008000 80008000...)
(24206) CVSRAM: write, ticks remaining
(24208) CVSRAM: write data from dla (80008000 80008000...)
(24208) CVSRAM: write, ticks remaining
(24210) CVSRAM: write data from dla (80008000 80008000...)
(24210) CVSRAM: write, ticks remaining
(24212) CVSRAM: write data from dla (80008000 80008000...)
(24212) CVSRAM: write, ticks remaining
(24214) CVSRAM: write data from dla (80008000 80008000...)
(24214) CVSRAM: write, ticks remaining
(24216) CVSRAM: write data from dla (80008000 80008000...)
(24216) CVSRAM: write, ticks remaining
(24218) CVSRAM: write data from dla (00000000 00000000...)
(24218) CVSRAM: write, ticks remaining
(24220) CVSRAM: write data from dla (00000000 00000000...)
(24220) CVSRAM: write, ticks remaining
(24222) CVSRAM: write data from dla (00000000 00000000...)
(24222) CVSRAM: write, ticks remaining
(24224) CVSRAM: write data from dla (80008000 80008000...)
(24224) CVSRAM: write, ticks remaining
(24226) CVSRAM: write data from dla (80008000 80008000...)
(24226) CVSRAM: write, ticks remaining
(24228) CVSRAM: write data from dla (80008000 80008000...)
(24228) CVSRAM: write, ticks remaining
(24230) CVSRAM: write data from dla (80008000 80008000...)
(24230) CVSRAM: write, ticks remaining
(24232) CVSRAM: write data from dla (80008000 80008000...)
(24232) CVSRAM: write, ticks remaining
(24234) CVSRAM: write data from dla (80008000 80008000...)
(24234) CVSRAM: write, ticks remaining
(24236) CVSRAM: write data from dla (80008000 80008000...)
(24236) CVSRAM: write, ticks remaining
(24238) CVSRAM: write data from dla (80008000 80008000...)
(24238) CVSRAM: write, ticks remaining
(24240) CVSRAM: write data from dla (80008000 80008000...)
(24240) CVSRAM: write, ticks remaining
(24242) CVSRAM: write data from dla (800082aa 80008000...)
(24242) CVSRAM: write, ticks remaining
(24244) CVSRAM: write data from dla (00000000 00000000...)
(24244) CVSRAM: write, ticks remaining
(24246) CVSRAM: write data from dla (00000000 00000000...)
(24246) CVSRAM: write, ticks remaining
(24248) CVSRAM: write data from dla (00000000 00000000...)
(24248) CVSRAM: write, ticks remaining
(24250) CVSRAM: write data from dla (80008000 80008000...)
(24250) CVSRAM: write, ticks remaining
(24252) CVSRAM: write data from dla (8000878a 80008000...)
(24252) CVSRAM: write, ticks remaining
(24254) CVSRAM: write data from dla (80008000 80008000...)
(24254) CVSRAM: write, ticks remaining
(24256) CVSRAM: write data from dla (80008000 80008000...)
(24256) CVSRAM: write, ticks remaining
(24258) CVSRAM: write data from dla (80008000 80008000...)
(24258) CVSRAM: write, ticks remaining
(24260) CVSRAM: write data from dla (80008000 80008000...)
(24260) CVSRAM: write, ticks remaining
(24262) CVSRAM: write data from dla (80008000 80008000...)
(24262) CVSRAM: write, ticks remaining
(24264) CVSRAM: write data from dla (80008000 80008000...)
(24264) CVSRAM: write, ticks remaining
(24266) CVSRAM: write data from dla (80008000 80008000...)
(24266) CVSRAM: write, ticks remaining
(24268) CVSRAM: write data from dla (00000000 00000000...)
(24268) CVSRAM: write, ticks remaining
(24270) CVSRAM: write data from dla (00000000 00000000...)
(24270) CVSRAM: write, ticks remaining
(24272) CVSRAM: write data from dla (00000000 00000000...)
(24272) CVSRAM: write, ticks remaining
(24274) CVSRAM: write data from dla (8000870c 80008000...)
(24274) CVSRAM: write, ticks remaining
(24276) CVSRAM: write data from dla (80008000 80008000...)
(24276) CVSRAM: write, ticks remaining
(24278) CVSRAM: write data from dla (80008000 8000847d...)
(24278) CVSRAM: write, ticks remaining
(24280) CVSRAM: write data from dla (80008000 80008000...)
(24280) CVSRAM: write, ticks remaining
(24282) CVSRAM: write data from dla (80008000 80008000...)
(24282) CVSRAM: write, ticks remaining
(24284) CVSRAM: write data from dla (80008000 80008000...)
(24284) CVSRAM: write, ticks remaining
(24286) CVSRAM: write data from dla (80008000 80008000...)
(24286) CVSRAM: write, ticks remaining
(24288) CVSRAM: write data from dla (80008000 80008000...)
(24288) CVSRAM: write, ticks remaining
(24290) CVSRAM: write data from dla (80008000 80008000...)
(24290) CVSRAM: write, ticks remaining
(24292) CVSRAM: write data from dla (80008000 80008000...)
(24292) CVSRAM: write, ticks remaining
(24294) CVSRAM: write data from dla (00000000 00000000...)
(24294) CVSRAM: write, ticks remaining
(24296) CVSRAM: write data from dla (00000000 00000000...)
(24296) CVSRAM: write, ticks remaining
(24298) CVSRAM: write data from dla (00000000 00000000...)
(24298) CVSRAM: write, ticks remaining
(24300) CVSRAM: write data from dla (80008000 80008000...)
(24300) CVSRAM: write, ticks remaining
(24302) CVSRAM: write data from dla (80008000 80008000...)
(24302) CVSRAM: write, ticks remaining
(24304) CVSRAM: write data from dla (80008000 80008000...)
(24304) CVSRAM: write, ticks remaining
(24306) CVSRAM: write data from dla (80008000 80008000...)
(24306) CVSRAM: write, ticks remaining
(24308) CVSRAM: write data from dla (80008000 80008000...)
(24308) CVSRAM: write, ticks remaining
(24310) CVSRAM: write data from dla (80008000 80008000...)
(24310) CVSRAM: write, ticks remaining
(24312) CVSRAM: write data from dla (80008000 80008000...)
(24312) CVSRAM: write, ticks remaining
(24314) CVSRAM: write data from dla (80008000 80008000...)
(24314) CVSRAM: write, ticks remaining
(24316) CVSRAM: write data from dla (80008000 80008000...)
(24316) CVSRAM: write, ticks remaining
(24318) CVSRAM: write data from dla (00000000 00000000...)
(24318) CVSRAM: write, ticks remaining
(24320) CVSRAM: write data from dla (00000000 00000000...)
(24320) CVSRAM: write, ticks remaining
(24322) CVSRAM: write data from dla (00000000 00000000...)
(24322) CVSRAM: write, ticks remaining
(24324) CVSRAM: write data from dla (80008000 80008000...)
(24324) CVSRAM: write, ticks remaining
(24326) CVSRAM: write data from dla (80008000 80008000...)
(24326) CVSRAM: write, ticks remaining
(24328) CVSRAM: write data from dla (8000822a 80008000...)
(24328) CVSRAM: write, ticks remaining
(24330) CVSRAM: write data from dla (80008000 80008000...)
(24330) CVSRAM: write, ticks remaining
(24332) CVSRAM: write data from dla (80008000 80008000...)
(24332) CVSRAM: write, ticks remaining
(24334) CVSRAM: write data from dla (80008000 80008000...)
(24334) CVSRAM: write, ticks remaining
(24336) CVSRAM: write data from dla (80008000 80008000...)
(24336) CVSRAM: write, ticks remaining
(24338) CVSRAM: write data from dla (80008000 80008000...)
(24338) CVSRAM: write, ticks remaining
(24340) CVSRAM: write data from dla (80008000 80008000...)
(24340) CVSRAM: write, ticks remaining
(24342) CVSRAM: write data from dla (83f88000 80008000...)
(24342) CVSRAM: write, ticks remaining
(24344) CVSRAM: write data from dla (00000000 00000000...)
(24344) CVSRAM: write, ticks remaining
(24346) CVSRAM: write data from dla (00000000 00000000...)
(24346) CVSRAM: write, ticks remaining
(24348) CVSRAM: write data from dla (00000000 00000000...)
(24348) CVSRAM: write, ticks remaining
(24350) CVSRAM: write data from dla (80008000 80008000...)
(24350) CVSRAM: write, ticks remaining
(24352) CVSRAM: write data from dla (80008000 80008000...)
(24352) CVSRAM: write, ticks remaining
(24354) CVSRAM: write data from dla (80008000 80008000...)
(24354) CVSRAM: write, ticks remaining
(24356) CVSRAM: write data from dla (80008000 80008000...)
(24356) CVSRAM: write, ticks remaining
(24358) CVSRAM: write data from dla (80008000 80008000...)
(24358) CVSRAM: write, ticks remaining
(24360) CVSRAM: write data from dla (80008000 80008000...)
(24360) CVSRAM: write, ticks remaining
(24362) CVSRAM: write data from dla (80008000 80008000...)
(24362) CVSRAM: write, ticks remaining
(24364) CVSRAM: write data from dla (80008000 80008000...)
(24364) CVSRAM: write, ticks remaining
(24366) CVSRAM: write data from dla (80008000 80008000...)
(24366) CVSRAM: write, ticks remaining
(24368) CVSRAM: write data from dla (00000000 00000000...)
(24368) CVSRAM: write, ticks remaining
(24370) CVSRAM: write data from dla (00000000 00000000...)
(24370) CVSRAM: write, ticks remaining
(24372) CVSRAM: write data from dla (00000000 00000000...)
(24372) CVSRAM: write, ticks remaining
(24374) CVSRAM: write data from dla (80008000 80008000...)
(24374) CVSRAM: write, ticks remaining
(24376) CVSRAM: write data from dla (80008000 80008000...)
(24376) CVSRAM: write, ticks remaining
(24378) CVSRAM: write data from dla (80008000 80008000...)
(24378) CVSRAM: write, ticks remaining
(24380) CVSRAM: write data from dla (80008000 80008000...)
(24380) CVSRAM: write, ticks remaining
(24382) CVSRAM: write data from dla (80008000 80008000...)
(24382) CVSRAM: write, ticks remaining
(24384) CVSRAM: write data from dla (80008000 80008000...)
(24384) CVSRAM: write, ticks remaining
(24386) CVSRAM: write data from dla (80008000 80008000...)
(24386) CVSRAM: write, ticks remaining
(24388) CVSRAM: write data from dla (80008000 80008000...)
(24388) CVSRAM: write, ticks remaining
(24390) CVSRAM: write data from dla (80008000 89078000...)
(24390) CVSRAM: write, ticks remaining
(24392) CVSRAM: write data from dla (80008000 80008000...)
(24392) CVSRAM: write, ticks remaining
(24394) CVSRAM: write data from dla (00000000 00000000...)
(24394) CVSRAM: write, ticks remaining
(24396) CVSRAM: write data from dla (00000000 00000000...)
(24396) CVSRAM: write, last tick
(24400) CVSRAM: write request from dla, addr 5002c0c0 id 0
(24402) CVSRAM: write data from dla (00000000 00000000...)
(24402) CVSRAM: write, ticks remaining
(24404) CVSRAM: write data from dla (80008476 80008000...)
(24404) CVSRAM: write, ticks remaining
(24406) CVSRAM: write data from dla (80008932 80008000...)
(24406) CVSRAM: write, ticks remaining
(24408) CVSRAM: write data from dla (80008340 80008000...)
(24408) CVSRAM: write, ticks remaining
(24410) CVSRAM: write data from dla (80008000 80008000...)
(24410) CVSRAM: write, ticks remaining
(24412) CVSRAM: write data from dla (80008000 80008000...)
(24412) CVSRAM: write, ticks remaining
(24414) CVSRAM: write data from dla (80008000 80008000...)
(24414) CVSRAM: write, ticks remaining
(24416) CVSRAM: write data from dla (80008000 80008000...)
(24416) CVSRAM: write, ticks remaining
(24418) CVSRAM: write data from dla (80008000 80008000...)
(24418) CVSRAM: write, ticks remaining
(24420) CVSRAM: write data from dla (80008000 80008000...)
(24420) CVSRAM: write, ticks remaining
(24422) CVSRAM: write data from dla (00000000 00000000...)
(24422) CVSRAM: write, ticks remaining
(24424) CVSRAM: write data from dla (00000000 00000000...)
(24424) CVSRAM: write, ticks remaining
(24426) CVSRAM: write data from dla (00000000 00000000...)
(24426) CVSRAM: write, ticks remaining
(24428) CVSRAM: write data from dla (80008000 80008000...)
(24428) CVSRAM: write, ticks remaining
(24430) CVSRAM: write data from dla (80008000 80008000...)
(24430) CVSRAM: write, ticks remaining
(24432) CVSRAM: write data from dla (80008000 80008000...)
(24432) CVSRAM: write, ticks remaining
(24434) CVSRAM: write data from dla (80008000 80008000...)
(24434) CVSRAM: write, ticks remaining
(24436) CVSRAM: write data from dla (80008000 80008000...)
(24436) CVSRAM: write, ticks remaining
(24438) CVSRAM: write data from dla (80008000 80008000...)
(24438) CVSRAM: write, ticks remaining
(24440) CVSRAM: write data from dla (80008000 80008000...)
(24440) CVSRAM: write, ticks remaining
(24442) CVSRAM: write data from dla (80008000 80008000...)
(24442) CVSRAM: write, ticks remaining
(24444) CVSRAM: write data from dla (80008235 80008000...)
(24444) CVSRAM: write, ticks remaining
(24446) CVSRAM: write data from dla (80008000 906e8000...)
(24446) CVSRAM: write, ticks remaining
(24448) CVSRAM: write data from dla (00000000 00000000...)
(24448) CVSRAM: write, ticks remaining
(24450) CVSRAM: write data from dla (00000000 00000000...)
(24450) CVSRAM: write, ticks remaining
(24452) CVSRAM: write data from dla (00000000 00000000...)
(24452) CVSRAM: write, ticks remaining
(24454) CVSRAM: write data from dla (80008000 80008000...)
(24454) CVSRAM: write, ticks remaining
(24456) CVSRAM: write data from dla (80008000 80008000...)
(24456) CVSRAM: write, ticks remaining
(24458) CVSRAM: write data from dla (80008000 80008000...)
(24458) CVSRAM: write, ticks remaining
(24460) CVSRAM: write data from dla (80008000 80008000...)
(24460) CVSRAM: write, ticks remaining
(24462) CVSRAM: write data from dla (80008000 80008000...)
(24462) CVSRAM: write, ticks remaining
(24464) CVSRAM: write data from dla (80008000 80008000...)
(24464) CVSRAM: write, ticks remaining
(24466) CVSRAM: write data from dla (80008000 80008000...)
(24466) CVSRAM: write, ticks remaining
(24468) CVSRAM: write data from dla (80008000 80008000...)
(24468) CVSRAM: write, ticks remaining
(24470) CVSRAM: write data from dla (80008000 80008000...)
(24470) CVSRAM: write, ticks remaining
(24472) CVSRAM: write data from dla (00000000 00000000...)
(24472) CVSRAM: write, ticks remaining
(24474) CVSRAM: write data from dla (00000000 00000000...)
(24474) CVSRAM: write, ticks remaining
(24476) CVSRAM: write data from dla (00000000 00000000...)
(24476) CVSRAM: write, ticks remaining
(24478) CVSRAM: write data from dla (800087ea 80008000...)
(24478) CVSRAM: write, ticks remaining
(24480) CVSRAM: write data from dla (80008000 80008000...)
(24480) CVSRAM: write, ticks remaining
(24482) CVSRAM: write data from dla (80008966 80008000...)
(24482) CVSRAM: write, ticks remaining
(24484) CVSRAM: write data from dla (80008000 80008000...)
(24484) CVSRAM: write, ticks remaining
(24486) CVSRAM: write data from dla (80008000 80008000...)
(24486) CVSRAM: write, ticks remaining
(24488) CVSRAM: write data from dla (80008000 80008000...)
(24488) CVSRAM: write, ticks remaining
(24490) CVSRAM: write data from dla (80008000 80008000...)
(24490) CVSRAM: write, ticks remaining
(24492) CVSRAM: write data from dla (80008000 80008000...)
(24492) CVSRAM: write, ticks remaining
(24494) CVSRAM: write data from dla (80008000 80008000...)
(24494) CVSRAM: write, ticks remaining
(24496) CVSRAM: write data from dla (80008157 80008000...)
(24496) CVSRAM: write, ticks remaining
(24498) CVSRAM: write data from dla (00000000 00000000...)
(24498) CVSRAM: write, ticks remaining
(24500) CVSRAM: write data from dla (00000000 00000000...)
(24500) CVSRAM: write, ticks remaining
(24502) CVSRAM: write data from dla (00000000 00000000...)
(24502) CVSRAM: write, ticks remaining
(24504) CVSRAM: write data from dla (80008000 80008000...)
(24504) CVSRAM: write, ticks remaining
(24506) CVSRAM: write data from dla (80008000 80008000...)
(24506) CVSRAM: write, ticks remaining
(24508) CVSRAM: write data from dla (80008000 80008000...)
(24508) CVSRAM: write, ticks remaining
(24510) CVSRAM: write data from dla (80008000 80008000...)
(24510) CVSRAM: write, ticks remaining
(24512) CVSRAM: write data from dla (800081bc 80008000...)
(24512) CVSRAM: write, ticks remaining
(24514) CVSRAM: write data from dla (80008000 80008000...)
(24514) CVSRAM: write, ticks remaining
(24516) CVSRAM: write data from dla (80008b44 80008000...)
(24516) CVSRAM: write, ticks remaining
(24518) CVSRAM: write data from dla (800083c6 80008000...)
(24518) CVSRAM: write, ticks remaining
(24520) CVSRAM: write data from dla (80008000 80008000...)
(24520) CVSRAM: write, ticks remaining
(24522) CVSRAM: write data from dla (00000000 00000000...)
(24522) CVSRAM: write, ticks remaining
(24524) CVSRAM: write data from dla (00000000 00000000...)
(24524) CVSRAM: write, ticks remaining
(24526) CVSRAM: write data from dla (00000000 00000000...)
(24526) CVSRAM: write, ticks remaining
(24528) CVSRAM: write data from dla (80008000 80008000...)
(24528) CVSRAM: write, ticks remaining
(24530) CVSRAM: write data from dla (80008000 80008000...)
(24530) CVSRAM: write, ticks remaining
(24532) CVSRAM: write data from dla (80008000 80008000...)
(24532) CVSRAM: write, ticks remaining
(24534) CVSRAM: write data from dla (80008000 80008000...)
(24534) CVSRAM: write, ticks remaining
(24536) CVSRAM: write data from dla (800081df 80008000...)
(24536) CVSRAM: write, ticks remaining
(24538) CVSRAM: write data from dla (80008000 80008000...)
(24538) CVSRAM: write, ticks remaining
(24540) CVSRAM: write data from dla (80008000 80008000...)
(24540) CVSRAM: write, ticks remaining
(24542) CVSRAM: write data from dla (80008000 80008000...)
(24542) CVSRAM: write, ticks remaining
(24544) CVSRAM: write data from dla (80008000 80008000...)
(24544) CVSRAM: write, ticks remaining
(24546) CVSRAM: write data from dla (80008000 80008000...)
(24546) CVSRAM: write, ticks remaining
(24548) CVSRAM: write data from dla (00000000 00000000...)
(24548) CVSRAM: write, ticks remaining
(24550) CVSRAM: write data from dla (00000000 00000000...)
(24550) CVSRAM: write, ticks remaining
(24552) CVSRAM: write data from dla (00000000 00000000...)
(24552) CVSRAM: write, ticks remaining
(24554) CVSRAM: write data from dla (800080b9 80008000...)
(24554) CVSRAM: write, ticks remaining
(24556) CVSRAM: write data from dla (80008000 80008000...)
(24556) CVSRAM: write, ticks remaining
(24558) CVSRAM: write data from dla (80008000 80008000...)
(24558) CVSRAM: write, ticks remaining
(24560) CVSRAM: write data from dla (80008000 80008000...)
(24560) CVSRAM: write, ticks remaining
(24562) CVSRAM: write data from dla (80008000 80008000...)
(24562) CVSRAM: write, ticks remaining
(24564) CVSRAM: write data from dla (80008000 80008000...)
(24564) CVSRAM: write, ticks remaining
(24566) CVSRAM: write data from dla (80008000 80008000...)
(24566) CVSRAM: write, ticks remaining
(24568) CVSRAM: write data from dla (80008000 80008000...)
(24568) CVSRAM: write, ticks remaining
(24570) CVSRAM: write data from dla (80008000 80008000...)
(24570) CVSRAM: write, ticks remaining
(24572) CVSRAM: write data from dla (00000000 00000000...)
(24572) CVSRAM: write, ticks remaining
(24574) CVSRAM: write data from dla (00000000 00000000...)
(24574) CVSRAM: write, ticks remaining
(24576) CVSRAM: write data from dla (00000000 00000000...)
(24576) CVSRAM: write, ticks remaining
(24578) CVSRAM: write data from dla (80008000 80008000...)
(24578) CVSRAM: write, ticks remaining
(24580) CVSRAM: write data from dla (80008000 80008000...)
(24580) CVSRAM: write, ticks remaining
(24582) CVSRAM: write data from dla (80008000 80008000...)
(24582) CVSRAM: write, ticks remaining
(24584) CVSRAM: write data from dla (80008499 80008000...)
(24584) CVSRAM: write, ticks remaining
(24586) CVSRAM: write data from dla (80008b0e 80a383c3...)
(24586) CVSRAM: write, ticks remaining
(24588) CVSRAM: write data from dla (8000a7a0 80008000...)
(24588) CVSRAM: write, ticks remaining
(24590) CVSRAM: write data from dla (80009759 80008000...)
(24590) CVSRAM: write, ticks remaining
(24592) CVSRAM: write data from dla (80008995 80008000...)
(24592) CVSRAM: write, ticks remaining
(24594) CVSRAM: write data from dla (854487f3 80008000...)
(24594) CVSRAM: write, ticks remaining
(24596) CVSRAM: write data from dla (851b9af9 84dd8000...)
(24596) CVSRAM: write, ticks remaining
(24598) CVSRAM: write data from dla (00000000 00000000...)
(24598) CVSRAM: write, ticks remaining
(24600) CVSRAM: write data from dla (00000000 00000000...)
(24600) CVSRAM: write, ticks remaining
(24602) CVSRAM: write data from dla (00000000 00000000...)
(24602) CVSRAM: write, ticks remaining
(24604) CVSRAM: write data from dla (00000000 00000000...)
(24604) CVSRAM: write, ticks remaining
(24606) CVSRAM: write data from dla (00000000 00000000...)
(24606) CVSRAM: write, ticks remaining
(24608) CVSRAM: write data from dla (00000000 00000000...)
(24608) CVSRAM: write, ticks remaining
(24610) CVSRAM: write data from dla (00000000 00000000...)
(24610) CVSRAM: write, ticks remaining
(24612) CVSRAM: write data from dla (00000000 00000000...)
(24612) CVSRAM: write, ticks remaining
(24614) CVSRAM: write data from dla (00000000 00000000...)
(24614) CVSRAM: write, last tick
(24616) interrupt!
(24618) write to nvdla: addr ffff0003, data ffffffff
(24620) read from nvdla: addr ffff0003
(24622) read response from nvdla: 00000000
AXI: dumping memory to output_feature_map.dat
AXI: memory dump matched reference
done at 25026 ticks
*** PASS
