Computing main repo mapping: 
Loading: 
Loading: 0 packages loaded
Analyzing: 2440 targets (69 packages loaded, 0 targets configured)
Analyzing: 2440 targets (69 packages loaded, 1 target configured)

INFO: From Executing genrule //fpga/ip/ispyocto:grey_bars_320x240_raw_gen:
Generating test_pattern_320x240.raw (320x240)
ERROR: /app/hdl/verilog/rvv/common/BUILD: no such target '//hdl/verilog/rvv/common:multi_fifo.sv': target 'multi_fifo.sv' not declared in package 'hdl/verilog/rvv/common' defined by /app/hdl/verilog/rvv/common/BUILD
ERROR: /app/hdl/verilog/rvv/common/BUILD: no such target '//hdl/verilog/rvv/common:edff_2d.sv': target 'edff_2d.sv' not declared in package 'hdl/verilog/rvv/common' defined by /app/hdl/verilog/rvv/common/BUILD
ERROR: /app/hdl/verilog/rvv/common/BUILD: no such target '//hdl/verilog/rvv/common:edff.sv': target 'edff.sv' not declared in package 'hdl/verilog/rvv/common' defined by /app/hdl/verilog/rvv/common/BUILD
ERROR: /app/hdl/verilog/rvv/common/BUILD: no such target '//hdl/verilog/rvv/common:dff.sv': target 'dff.sv' not declared in package 'hdl/verilog/rvv/common' defined by /app/hdl/verilog/rvv/common/BUILD
ERROR: /app/hdl/verilog/rvv/common/BUILD: no such target '//hdl/verilog/rvv/common:compressor_4_2.sv': target 'compressor_4_2.sv' not declared in package 'hdl/verilog/rvv/common' defined by /app/hdl/verilog/rvv/common/BUILD
ERROR: /app/hdl/verilog/rvv/common/BUILD: no such target '//hdl/verilog/rvv/common:compressor_3_2.sv': target 'compressor_3_2.sv' not declared in package 'hdl/verilog/rvv/common' defined by /app/hdl/verilog/rvv/common/BUILD
ERROR: /app/hdl/verilog/rvv/common/BUILD: no such target '//hdl/verilog/rvv/common:cdffr.sv': target 'cdffr.sv' not declared in package 'hdl/verilog/rvv/common' defined by /app/hdl/verilog/rvv/common/BUILD
ERROR: /app/hdl/verilog/rvv/common/BUILD: no such target '//hdl/verilog/rvv/common:handshake_multi_fifo.sv': target 'handshake_multi_fifo.sv' not declared in package 'hdl/verilog/rvv/common' defined by /app/hdl/verilog/rvv/common/BUILD
ERROR: /app/hdl/verilog/rvv/common/BUILD: no such target '//hdl/verilog/rvv/common:handshake_ff.sv': target 'handshake_ff.sv' not declared in package 'hdl/verilog/rvv/common' defined by /app/hdl/verilog/rvv/common/BUILD
ERROR: /app/hdl/verilog/rvv/common/BUILD: no such target '//hdl/verilog/rvv/common:barrel_shifter.sv': target 'barrel_shifter.sv' not declared in package 'hdl/verilog/rvv/common' defined by /app/hdl/verilog/rvv/common/BUILD
ERROR: /app/hdl/verilog/rvv/common/BUILD: no such target '//hdl/verilog/rvv/common:arb_round_robin.sv': target 'arb_round_robin.sv' not declared in package 'hdl/verilog/rvv/common' defined by /app/hdl/verilog/rvv/common/BUILD
ERROR: /app/hdl/verilog/rvv/common/BUILD: no such target '//hdl/verilog/rvv/common:adder.sv': target 'adder.sv' not declared in package 'hdl/verilog/rvv/common' defined by /app/hdl/verilog/rvv/common/BUILD
ERROR: /app/fpga/BUILD:128:11: Compiling fpga/sw/gpio.c failed: missing input file '//fpga:sw/gpio.c'
ERROR: /app/fpga/BUILD:128:11: Compiling fpga/sw/gpio.c failed: missing input file '//fpga:sw/gpio.h'
ERROR: /app/fpga/BUILD:128:11: Compiling fpga/sw/gpio.c failed: missing input file '//fpga:sw/gpio.h'
ERROR: /app/fpga/BUILD:128:11: Compiling fpga/sw/gpio.c failed: 3 input file(s) do not exist
ERROR: /app/fpga/BUILD:115:11: Compiling fpga/sw/clk.c failed: missing input file '//fpga:sw/clk.c'
ERROR: /app/fpga/BUILD:141:11: Compiling fpga/sw/i2c.c failed: missing input file '//fpga:sw/i2c.c'
ERROR: /app/fpga/BUILD:141:11: Compiling fpga/sw/i2c.c failed: missing input file '//fpga:sw/i2c.h'
ERROR: /app/fpga/BUILD:141:11: Compiling fpga/sw/i2c.c failed: missing input file '//fpga:sw/clk.h'
ERROR: /app/fpga/BUILD:141:11: Compiling fpga/sw/i2c.c failed: missing input file '//fpga:sw/clk.h'
ERROR: /app/fpga/BUILD:141:11: Compiling fpga/sw/i2c.c failed: missing input file '//fpga:sw/i2c.h'
ERROR: /app/fpga/BUILD:141:11: Compiling fpga/sw/i2c.c failed: 5 input file(s) do not exist
ERROR: /app/fpga/BUILD:115:11: Compiling fpga/sw/clk.c failed: missing input file '//fpga:sw/clk.h'
ERROR: /app/fpga/BUILD:115:11: Compiling fpga/sw/clk.c failed: missing input file '//fpga:sw/clk.h'
ERROR: /app/fpga/BUILD:115:11: Compiling fpga/sw/clk.c failed: 3 input file(s) do not exist
ERROR: /app/sw/utils/nexus_loader/BUILD.bazel:17:11: Compiling sw/utils/nexus_loader/spi_master.cc failed: missing input file '//sw/utils/nexus_loader:spi_master.cc'
ERROR: /app/sw/utils/nexus_loader/BUILD.bazel:17:11: Compiling sw/utils/nexus_loader/spi_master.cc failed: missing input file '//sw/utils/nexus_loader:spi_master.h'
ERROR: /app/sw/utils/nexus_loader/BUILD.bazel:17:11: Compiling sw/utils/nexus_loader/spi_master.cc failed: missing input file '//sw/utils/nexus_loader:spi_master.h'
ERROR: /app/sw/utils/nexus_loader/BUILD.bazel:17:11: Compiling sw/utils/nexus_loader/spi_master.cc failed: 3 input file(s) do not exist
ERROR: /app/fpga/BUILD:163:11: Compiling fpga/sw/display_hal.c failed: missing input file '//fpga:sw/display_hal.c'
ERROR: /app/fpga/BUILD:163:11: Compiling fpga/sw/display_hal.c failed: missing input file '//fpga:sw/gpio.h'
ERROR: /app/fpga/BUILD:163:11: Compiling fpga/sw/display_hal.c failed: missing input file '//fpga:sw/spi.h'
ERROR: /app/fpga/BUILD:163:11: Compiling fpga/sw/display_hal.c failed: missing input file '//fpga:sw/gpio.h'
ERROR: /app/fpga/BUILD:163:11: Compiling fpga/sw/display_hal.c failed: missing input file '//fpga:sw/clk.h'
ERROR: /app/fpga/BUILD:163:11: Compiling fpga/sw/display_hal.c failed: missing input file '//fpga:sw/spi.h'
ERROR: /app/fpga/BUILD:163:11: Compiling fpga/sw/display_hal.c failed: 6 input file(s) do not exist
ERROR: /app/fpga/BUILD:134:11: Compiling fpga/sw/spi.c failed: missing input file '//fpga:sw/spi.c'
ERROR: /app/fpga/BUILD:134:11: Compiling fpga/sw/spi.c failed: missing input file '//fpga:sw/spi.h'
ERROR: /app/fpga/BUILD:134:11: Compiling fpga/sw/spi.c failed: missing input file '//fpga:sw/clk.h'
ERROR: /app/fpga/BUILD:134:11: Compiling fpga/sw/spi.c failed: missing input file '//fpga:sw/clk.h'
ERROR: /app/fpga/BUILD:134:11: Compiling fpga/sw/spi.c failed: missing input file '//fpga:sw/spi.h'
ERROR: /app/fpga/BUILD:134:11: Compiling fpga/sw/spi.c failed: 5 input file(s) do not exist
ERROR: /app/fpga/BUILD:174:11: Compiling fpga/sw/display_renderer.cc failed: missing input file '//fpga:sw/display_renderer.cc'
ERROR: /app/fpga/BUILD:174:11: Compiling fpga/sw/display_renderer.cc failed: missing input file '//fpga:sw/display_renderer.h'
ERROR: /app/fpga/BUILD:148:11: Compiling fpga/sw/dma.c failed: missing input file '//fpga:sw/dma.c'
ERROR: /app/fpga/BUILD:174:11: Compiling fpga/sw/display_renderer.cc failed: missing input file '//fpga:sw/dma.h'
ERROR: /app/fpga/BUILD:174:11: Compiling fpga/sw/display_renderer.cc failed: missing input file '//fpga:sw/gpio.h'
ERROR: /app/fpga/BUILD:174:11: Compiling fpga/sw/display_renderer.cc failed: missing input file '//fpga:sw/spi.h'
ERROR: /app/fpga/BUILD:174:11: Compiling fpga/sw/display_renderer.cc failed: missing input file '//fpga:sw/dma.h'
ERROR: /app/fpga/BUILD:174:11: Compiling fpga/sw/display_renderer.cc failed: missing input file '//fpga:sw/gpio.h'
ERROR: /app/fpga/BUILD:174:11: Compiling fpga/sw/display_renderer.cc failed: missing input file '//fpga:sw/display_renderer.h'
ERROR: /app/fpga/BUILD:174:11: Compiling fpga/sw/display_renderer.cc failed: missing input file '//fpga:sw/clk.h'
ERROR: /app/fpga/BUILD:174:11: Compiling fpga/sw/display_renderer.cc failed: missing input file '//fpga:sw/spi.h'
ERROR: /app/fpga/BUILD:148:11: Compiling fpga/sw/dma.c failed: missing input file '//fpga:sw/dma.h'
ERROR: /app/fpga/BUILD:148:11: Compiling fpga/sw/dma.c failed: missing input file '//fpga:sw/dma.h'
ERROR: /app/fpga/BUILD:148:11: Compiling fpga/sw/dma.c failed: 3 input file(s) do not exist
ERROR: /app/fpga/BUILD:174:11: Compiling fpga/sw/display_renderer.cc failed: 10 input file(s) do not exist
ERROR: /app/fpga/BUILD:187:11: Compiling fpga/sw/spi_flash.c failed: missing input file '//fpga:sw/spi_flash.c'
ERROR: /app/fpga/BUILD:187:11: Compiling fpga/sw/spi_flash.c failed: missing input file '//fpga:sw/spi_flash.h'
ERROR: /app/fpga/BUILD:187:11: Compiling fpga/sw/spi_flash.c failed: missing input file '//fpga:sw/clk.h'
ERROR: /app/fpga/BUILD:187:11: Compiling fpga/sw/spi_flash.c failed: missing input file '//fpga:sw/gpio.h'
ERROR: /app/fpga/BUILD:187:11: Compiling fpga/sw/spi_flash.c failed: missing input file '//fpga:sw/spi.h'
ERROR: /app/fpga/BUILD:187:11: Compiling fpga/sw/spi_flash.c failed: missing input file '//fpga:sw/gpio.h'
ERROR: /app/fpga/BUILD:187:11: Compiling fpga/sw/spi_flash.c failed: missing input file '//fpga:sw/spi_flash.h'
ERROR: /app/fpga/BUILD:187:11: Compiling fpga/sw/spi_flash.c failed: missing input file '//fpga:sw/clk.h'
ERROR: /app/fpga/BUILD:187:11: Compiling fpga/sw/spi_flash.c failed: missing input file '//fpga:sw/spi.h'
ERROR: /app/fpga/BUILD:187:11: Compiling fpga/sw/spi_flash.c failed: 9 input file(s) do not exist
ERROR: /app/fpga/BUILD:121:11: Compiling fpga/sw/uart.c failed: missing input file '//fpga:sw/uart.c'
ERROR: /app/fpga/BUILD:121:11: Compiling fpga/sw/uart.c failed: missing input file '//fpga:sw/uart.h'
ERROR: /app/fpga/BUILD:121:11: Compiling fpga/sw/uart.c failed: missing input file '//fpga:sw/clk.h'
ERROR: /app/fpga/BUILD:121:11: Compiling fpga/sw/uart.c failed: missing input file '//fpga:sw/clk.h'
ERROR: /app/fpga/BUILD:121:11: Compiling fpga/sw/uart.c failed: missing input file '//fpga:sw/uart.h'
ERROR: /app/fpga/BUILD:121:11: Compiling fpga/sw/uart.c failed: 5 input file(s) do not exist
Analyzing: 2440 targets (110 packages loaded, 1851 targets configured)
[272 / 279] Compiling hdl/verilog/sram_backdoor.cc; 0s processwrapper-sandbox
ERROR: /app/fpga/rtl/BUILD: no such target '//fpga/rtl:chip_nexus.sv': target 'chip_nexus.sv' not declared in package 'fpga/rtl' defined by /app/fpga/rtl/BUILD
Analyzing: 2440 targets (222 packages loaded, 7122 targets configured)
[343 / 358] Compiling tests/systemc/instruction_trace.cc; 0s processwrapper-sandbox ... (3 actions running)
Analyzing: 2440 targets (298 packages loaded, 11537 targets configured)
[482 / 558] Linking tests/verilator_sim/libelf.so; 0s processwrapper-sandbox
Analyzing: 2440 targets (350 packages loaded, 13172 targets configured)
[610 / 1,014] checking cached actions
ERROR: /app/sw/utils/nexus_loader/BUILD.bazel:23:10: Compiling sw/utils/nexus_loader/main.cc failed: missing input file '//sw/utils/nexus_loader:main.cc'
ERROR: /app/sw/utils/nexus_loader/BUILD.bazel:23:10: Compiling sw/utils/nexus_loader/main.cc failed: missing input file '//sw/utils/nexus_loader:spi_master.h'
ERROR: /app/sw/utils/nexus_loader/BUILD.bazel:23:10: Compiling sw/utils/nexus_loader/main.cc failed: missing input file '//sw/utils/nexus_loader:spi_master.h'
ERROR: /app/sw/utils/nexus_loader/BUILD.bazel:23:10: Compiling sw/utils/nexus_loader/main.cc failed: 3 input file(s) do not exist
ERROR: /app/fpga/BUILD:568:8: no such target '//fpga/rtl:chip_nexus.sv': target 'chip_nexus.sv' not declared in package 'fpga/rtl' defined by /app/fpga/rtl/BUILD and referenced by '//fpga:check_pins_test'
ERROR: /app/sw/utils/nexus_loader/BUILD.bazel:46:8: Compiling sw/utils/nexus_loader/test.cc failed: missing input file '//sw/utils/nexus_loader:spi_master.h'
ERROR: /app/sw/utils/nexus_loader/BUILD.bazel:46:8: Compiling sw/utils/nexus_loader/test.cc failed: missing input file '//sw/utils/nexus_loader:spi_master.h'
ERROR: /app/sw/utils/nexus_loader/BUILD.bazel:46:8: Compiling sw/utils/nexus_loader/test.cc failed: 2 input file(s) do not exist
Analyzing: 2440 targets (415 packages loaded, 22634 targets configured)
[747 / 1,399] checking cached actions
Analyzing: 2440 targets (415 packages loaded, 23558 targets configured)
[916 / 2,201] 1 / 2 tests, 1 failed; Creating runfiles tree bazel-out/k8-fastbuild/bin/fpga/flash_tool_test.runfiles; 0s local ... (2 actions running)
ERROR: /app/hdl/chisel/src/coralnpu/BUILD:91:15: no such target '//hdl/verilog/rvv/common:adder.sv': target 'adder.sv' not declared in package 'hdl/verilog/rvv/common' defined by /app/hdl/verilog/rvv/common/BUILD and referenced by '//hdl/chisel/src/coralnpu:coralnpu_rvv'
ERROR: /app/hdl/chisel/src/coralnpu/BUILD:91:15: no such target '//hdl/verilog/rvv/common:arb_round_robin.sv': target 'arb_round_robin.sv' not declared in package 'hdl/verilog/rvv/common' defined by /app/hdl/verilog/rvv/common/BUILD and referenced by '//hdl/chisel/src/coralnpu:coralnpu_rvv'
ERROR: /app/hdl/chisel/src/coralnpu/BUILD:91:15: no such target '//hdl/verilog/rvv/common:barrel_shifter.sv': target 'barrel_shifter.sv' not declared in package 'hdl/verilog/rvv/common' defined by /app/hdl/verilog/rvv/common/BUILD and referenced by '//hdl/chisel/src/coralnpu:coralnpu_rvv'
ERROR: /app/hdl/chisel/src/coralnpu/BUILD:91:15: no such target '//hdl/verilog/rvv/common:handshake_ff.sv': target 'handshake_ff.sv' not declared in package 'hdl/verilog/rvv/common' defined by /app/hdl/verilog/rvv/common/BUILD and referenced by '//hdl/chisel/src/coralnpu:coralnpu_rvv'
ERROR: /app/hdl/chisel/src/coralnpu/BUILD:91:15: no such target '//hdl/verilog/rvv/common:handshake_multi_fifo.sv': target 'handshake_multi_fifo.sv' not declared in package 'hdl/verilog/rvv/common' defined by /app/hdl/verilog/rvv/common/BUILD and referenced by '//hdl/chisel/src/coralnpu:coralnpu_rvv'
ERROR: /app/hdl/chisel/src/coralnpu/BUILD:91:15: no such target '//hdl/verilog/rvv/common:cdffr.sv': target 'cdffr.sv' not declared in package 'hdl/verilog/rvv/common' defined by /app/hdl/verilog/rvv/common/BUILD and referenced by '//hdl/chisel/src/coralnpu:coralnpu_rvv'
ERROR: /app/hdl/chisel/src/coralnpu/BUILD:91:15: no such target '//hdl/verilog/rvv/common:compressor_3_2.sv': target 'compressor_3_2.sv' not declared in package 'hdl/verilog/rvv/common' defined by /app/hdl/verilog/rvv/common/BUILD and referenced by '//hdl/chisel/src/coralnpu:coralnpu_rvv'
ERROR: /app/hdl/chisel/src/coralnpu/BUILD:91:15: no such target '//hdl/verilog/rvv/common:compressor_4_2.sv': target 'compressor_4_2.sv' not declared in package 'hdl/verilog/rvv/common' defined by /app/hdl/verilog/rvv/common/BUILD and referenced by '//hdl/chisel/src/coralnpu:coralnpu_rvv'
ERROR: /app/hdl/chisel/src/coralnpu/BUILD:91:15: no such target '//hdl/verilog/rvv/common:dff.sv': target 'dff.sv' not declared in package 'hdl/verilog/rvv/common' defined by /app/hdl/verilog/rvv/common/BUILD and referenced by '//hdl/chisel/src/coralnpu:coralnpu_rvv'
ERROR: /app/hdl/chisel/src/coralnpu/BUILD:91:15: no such target '//hdl/verilog/rvv/common:edff.sv': target 'edff.sv' not declared in package 'hdl/verilog/rvv/common' defined by /app/hdl/verilog/rvv/common/BUILD and referenced by '//hdl/chisel/src/coralnpu:coralnpu_rvv'
ERROR: /app/hdl/chisel/src/coralnpu/BUILD:91:15: no such target '//hdl/verilog/rvv/common:edff_2d.sv': target 'edff_2d.sv' not declared in package 'hdl/verilog/rvv/common' defined by /app/hdl/verilog/rvv/common/BUILD and referenced by '//hdl/chisel/src/coralnpu:coralnpu_rvv'
ERROR: /app/hdl/chisel/src/coralnpu/BUILD:91:15: no such target '//hdl/verilog/rvv/common:multi_fifo.sv': target 'multi_fifo.sv' not declared in package 'hdl/verilog/rvv/common' defined by /app/hdl/verilog/rvv/common/BUILD and referenced by '//hdl/chisel/src/coralnpu:coralnpu_rvv'
Analyzing: 2440 targets (417 packages loaded, 24489 targets configured)
[1,669 / 3,672] 1 / 17 tests, 1 failed; Building external/com_google_protobuf/java/core/liblite_runtime_only.jar (93 source files) [for tool]; 0s multiplex-worker ... (6 actions, 5 running)
Analyzing: 2440 targets (417 packages loaded, 24581 targets configured)
[1,679 / 3,769] 1 / 43 tests, 1 failed; Building external/com_google_protobuf/java/core/liblite_runtime_only.jar (93 source files) [for tool]; 1s multiplex-worker ... (8 actions, 7 running)
Analyzing: 2440 targets (417 packages loaded, 24581 targets configured)
[1,695 / 3,769] 1 / 43 tests, 1 failed; Building external/com_google_protobuf/java/core/liblite_runtime_only.jar (93 source files) [for tool]; 2s multiplex-worker ... (8 actions, 7 running)
Analyzing: 2440 targets (417 packages loaded, 24581 targets configured)
[1,705 / 3,769] 1 / 43 tests, 1 failed; Building external/com_google_protobuf/java/core/liblite_runtime_only.jar (93 source files) [for tool]; 4s multiplex-worker ... (8 actions running)
Analyzing: 2440 targets (417 packages loaded, 24581 targets configured)
[1,706 / 3,769] 1 / 43 tests, 1 failed; Building external/com_google_protobuf/java/core/liblite_runtime_only.jar (93 source files) [for tool]; 5s multiplex-worker ... (8 actions, 7 running)
Analyzing: 2440 targets (417 packages loaded, 24581 targets configured)
[1,708 / 3,769] 1 / 43 tests, 1 failed; Building external/com_google_protobuf/java/core/liblite_runtime_only.jar (93 source files) [for tool]; 7s multiplex-worker ... (8 actions running)
Analyzing: 2440 targets (417 packages loaded, 24581 targets configured)
[1,709 / 3,769] 1 / 43 tests, 1 failed; Building external/com_google_protobuf/java/core/liblite_runtime_only.jar (93 source files) [for tool]; 8s multiplex-worker ... (8 actions, 7 running)
Analyzing: 2440 targets (417 packages loaded, 24581 targets configured)
[1,710 / 3,769] 1 / 43 tests, 1 failed; Building external/com_google_protobuf/java/core/liblite_runtime_only.jar (93 source files) [for tool]; 10s multiplex-worker ... (8 actions, 7 running)
Analyzing: 2440 targets (417 packages loaded, 24581 targets configured)
[1,711 / 3,769] 1 / 43 tests, 1 failed; Building external/com_google_protobuf/java/core/liblite_runtime_only.jar (93 source files) [for tool]; 11s multiplex-worker ... (8 actions, 7 running)
Analyzing: 2440 targets (417 packages loaded, 24581 targets configured)
[1,711 / 3,769] 1 / 43 tests, 1 failed; Building external/com_google_protobuf/java/core/liblite_runtime_only.jar (93 source files) [for tool]; 12s multiplex-worker ... (8 actions running)
Analyzing: 2440 targets (417 packages loaded, 24581 targets configured)
[1,713 / 3,769] 1 / 43 tests, 1 failed; Building external/com_google_protobuf/java/core/liblite_runtime_only.jar (93 source files) [for tool]; 13s multiplex-worker ... (8 actions running)
Analyzing: 2440 targets (417 packages loaded, 24581 targets configured)
[1,714 / 3,769] 1 / 43 tests, 1 failed; Building external/com_google_protobuf/java/core/liblite_runtime_only.jar (93 source files) [for tool]; 14s multiplex-worker ... (8 actions, 7 running)
Analyzing: 2440 targets (417 packages loaded, 24581 targets configured)
[1,715 / 3,769] 1 / 43 tests, 1 failed; Building external/com_google_protobuf/java/core/liblite_runtime_only.jar (93 source files) [for tool]; 15s multiplex-worker ... (8 actions running)
Analyzing: 2440 targets (417 packages loaded, 24581 targets configured)
[1,717 / 3,769] 1 / 43 tests, 1 failed; Building external/com_google_protobuf/java/core/liblite_runtime_only.jar (93 source files) [for tool]; 16s multiplex-worker ... (8 actions running)
Analyzing: 2440 targets (417 packages loaded, 24581 targets configured)
[1,719 / 3,769] 1 / 43 tests, 1 failed; Building external/com_google_protobuf/java/core/liblite_runtime_only.jar (93 source files) [for tool]; 17s multiplex-worker ... (8 actions running)
Analyzing: 2440 targets (417 packages loaded, 24581 targets configured)
[1,720 / 3,769] 1 / 43 tests, 1 failed; Building external/com_google_protobuf/java/core/liblite_runtime_only.jar (93 source files) [for tool]; 18s multiplex-worker ... (8 actions running)
Analyzing: 2440 targets (417 packages loaded, 24581 targets configured)
[1,725 / 3,769] 1 / 43 tests, 1 failed; Building external/com_google_protobuf/java/core/liblite_runtime_only.jar (93 source files) [for tool]; 19s multiplex-worker ... (8 actions running)
Analyzing: 2440 targets (417 packages loaded, 24581 targets configured)
[1,732 / 3,769] 1 / 43 tests, 1 failed; Building external/com_google_protobuf/java/core/liblite_runtime_only.jar (93 source files) [for tool]; 20s multiplex-worker ... (8 actions, 7 running)
Analyzing: 2440 targets (417 packages loaded, 24581 targets configured)
[1,793 / 3,823] 1 / 43 tests, 1 failed; Building external/com_google_protobuf/java/core/liblite_runtime_only.jar (93 source files) [for tool]; 21s multiplex-worker ... (8 actions, 7 running)
Analyzing: 2440 targets (417 packages loaded, 24581 targets configured)
[1,802 / 3,833] 1 / 43 tests, 1 failed; Building external/com_google_protobuf/java/core/liblite_runtime_only.jar (93 source files) [for tool]; 22s multiplex-worker ... (8 actions, 7 running)
Analyzing: 2440 targets (417 packages loaded, 24581 targets configured)
[1,859 / 3,881] 1 / 43 tests, 1 failed; Building external/com_google_protobuf/java/core/liblite_runtime_only.jar (93 source files) [for tool]; 24s multiplex-worker ... (8 actions, 7 running)
INFO: From Building external/bazel_tools/tools/java/runfiles/libauto_bazel_repository.jar (1 source file) [for tool]:
warning: [options] source value 8 is obsolete and will be removed in a future release
warning: [options] target value 8 is obsolete and will be removed in a future release
warning: [options] To suppress warnings about obsolete options, use -Xlint:-options.
INFO: From Building external/bazel_tools/tools/java/runfiles/librunfiles.jar (2 source files) [for tool]:
warning: [options] source value 8 is obsolete and will be removed in a future release
warning: [options] target value 8 is obsolete and will be removed in a future release
warning: [options] To suppress warnings about obsolete options, use -Xlint:-options.
Analyzing: 2440 targets (417 packages loaded, 24581 targets configured)
[1,874 / 3,889] 1 / 43 tests, 1 failed; Building external/com_google_protobuf/java/core/liblite_runtime_only.jar (93 source files) [for tool]; 25s multiplex-worker ... (8 actions, 7 running)
Analyzing: 2440 targets (417 packages loaded, 24581 targets configured)
[1,927 / 3,944] 1 / 43 tests, 1 failed; Building external/com_google_protobuf/java/core/liblite_runtime_only.jar (93 source files) [for tool]; 26s multiplex-worker ... (8 actions, 7 running)
INFO: From Building external/bazel_tools/tools/java/runfiles/libauto_bazel_repository_processor.jar (1 source file) [for tool]:
warning: [options] source value 8 is obsolete and will be removed in a future release
warning: [options] target value 8 is obsolete and will be removed in a future release
warning: [options] To suppress warnings about obsolete options, use -Xlint:-options.
INFO: From Building external/io_bazel_rules_scala/src/java/io/bazel/rulesscala/scala_test/librunner.jar (1 source file) and running annotation processors (AutoBazelRepositoryProcessor) [for tool]:
warning: [options] source value 8 is obsolete and will be removed in a future release
warning: [options] target value 8 is obsolete and will be removed in a future release
warning: [options] To suppress warnings about obsolete options, use -Xlint:-options.
Analyzing: 2440 targets (417 packages loaded, 24581 targets configured)
[1,963 / 3,982] 1 / 43 tests, 1 failed; Building external/com_google_protobuf/java/core/liblite_runtime_only.jar (93 source files) [for tool]; 27s multiplex-worker ... (8 actions, 7 running)
Analyzing: 2440 targets (417 packages loaded, 24581 targets configured)
[1,999 / 4,018] 1 / 43 tests, 1 failed; Building external/com_google_protobuf/java/core/liblite_runtime_only.jar (93 source files) [for tool]; 28s multiplex-worker ... (8 actions, 7 running)
Analyzing: 2440 targets (417 packages loaded, 24581 targets configured)
[2,032 / 4,064] 1 / 43 tests, 1 failed; Building external/com_google_protobuf/java/core/liblite_runtime_only.jar (93 source files) [for tool]; 29s multiplex-worker ... (8 actions, 7 running)
INFO: From Building external/com_google_protobuf/java/core/liblite_runtime_only.jar (93 source files) [for tool]:
warning: [options] source value 8 is obsolete and will be removed in a future release
warning: [options] target value 8 is obsolete and will be removed in a future release
warning: [options] To suppress warnings about obsolete options, use -Xlint:-options.
Analyzing: 2440 targets (417 packages loaded, 24581 targets configured)
[2,075 / 4,225] 1 / 43 tests, 1 failed; Compiling tests/cocotb/rvv/arithmetics/template_sub_uint16_m1.cc; 0s processwrapper-sandbox ... (7 actions, 6 running)
Analyzing: 2440 targets (417 packages loaded, 24581 targets configured)
[2,132 / 4,255] 1 / 43 tests, 1 failed; Creating runfiles tree bazel-out/k8-fastbuild/bin/tests/cocotb/tutorial/tfmicro/npusim_depthwise_conv.runfiles; 0s local ... (8 actions, 7 running)
Analyzing: 2440 targets (417 packages loaded, 24581 targets configured)
[2,140 / 4,257] 1 / 43 tests, 1 failed; Creating runfiles tree bazel-out/k8-fastbuild/bin/tests/cocotb/tutorial/tfmicro/npusim_depthwise_conv.runfiles; 1s local ... (8 actions, 7 running)
Analyzing: 2440 targets (417 packages loaded, 24581 targets configured)
[2,205 / 4,290] 1 / 43 tests, 1 failed; Creating runfiles tree bazel-out/k8-fastbuild/bin/tests/cocotb/tlul/tlul2axi_cocotb_test_test_put_request_cocotb_runner.sh.runfiles; 2s local ... (7 actions, 6 running)
ERROR: /app/fpga/BUILD:115:11: Compiling fpga/sw/clk.c failed: missing input file '//fpga:sw/clk.c'
ERROR: /app/fpga/BUILD:115:11: Compiling fpga/sw/clk.c failed: missing input file '//fpga:sw/clk.h'
ERROR: /app/fpga/BUILD:115:11: Compiling fpga/sw/clk.c failed: missing input file '//fpga:sw/clk.h'
ERROR: /app/fpga/BUILD:115:11: Compiling fpga/sw/clk.c failed: 3 input file(s) do not exist
ERROR: /app/fpga/BUILD:121:11: Compiling fpga/sw/uart.c failed: missing input file '//fpga:sw/uart.c'
ERROR: /app/fpga/BUILD:121:11: Compiling fpga/sw/uart.c failed: missing input file '//fpga:sw/uart.h'
ERROR: /app/fpga/BUILD:121:11: Compiling fpga/sw/uart.c failed: missing input file '//fpga:sw/clk.h'
ERROR: /app/fpga/BUILD:121:11: Compiling fpga/sw/uart.c failed: missing input file '//fpga:sw/clk.h'
ERROR: /app/fpga/BUILD:121:11: Compiling fpga/sw/uart.c failed: missing input file '//fpga:sw/uart.h'
ERROR: /app/fpga/BUILD:121:11: Compiling fpga/sw/uart.c failed: 5 input file(s) do not exist
ERROR: /app/fpga/BUILD:128:11: Compiling fpga/sw/gpio.c failed: missing input file '//fpga:sw/gpio.c'
ERROR: /app/fpga/BUILD:128:11: Compiling fpga/sw/gpio.c failed: missing input file '//fpga:sw/gpio.h'
ERROR: /app/fpga/BUILD:128:11: Compiling fpga/sw/gpio.c failed: missing input file '//fpga:sw/gpio.h'
ERROR: /app/fpga/BUILD:128:11: Compiling fpga/sw/gpio.c failed: 3 input file(s) do not exist
ERROR: /app/fpga/BUILD:225:19: Compiling fpga/sw/gpio_test.cc failed: missing input file '//fpga:sw/gpio_test.cc'
ERROR: /app/fpga/BUILD:225:19: Compiling fpga/sw/gpio_test.cc failed: missing input file '//fpga:sw/gpio.h'
ERROR: /app/fpga/BUILD:225:19: Compiling fpga/sw/gpio_test.cc failed: missing input file '//fpga:sw/uart.h'
ERROR: /app/fpga/BUILD:225:19: Compiling fpga/sw/gpio_test.cc failed: missing input file '//fpga:sw/gpio.h'
ERROR: /app/fpga/BUILD:225:19: Compiling fpga/sw/gpio_test.cc failed: missing input file '//fpga:sw/clk.h'
ERROR: /app/fpga/BUILD:225:19: Compiling fpga/sw/gpio_test.cc failed: missing input file '//fpga:sw/uart.h'
ERROR: /app/fpga/BUILD:225:19: Compiling fpga/sw/gpio_test.cc failed: 6 input file(s) do not exist
Analyzing: 2440 targets (417 packages loaded, 24581 targets configured)
[2,292 / 4,293] 1 / 43 tests, 1 failed; Compiling tests/cocotb/rvv/arithmetics/vnclip_test.cc; 1s processwrapper-sandbox ... (8 actions, 7 running)
Analyzing: 2440 targets (417 packages loaded, 24581 targets configured)
[2,341 / 4,306] 1 / 43 tests, 1 failed; Compiling tests/cocotb/vector_store_fault.cc; 1s processwrapper-sandbox ... (8 actions, 7 running)
Analyzing: 2440 targets (417 packages loaded, 24581 targets configured)
[2,398 / 4,318] 1 / 43 tests, 1 failed; Creating runfiles tree bazel-out/k8-fastbuild/bin/tests/cocotb/tlul/axi2tlul_cocotb_test_test_read_request_cocotb_runner.sh.runfiles; 0s local ... (8 actions, 7 running)
Analyzing: 2440 targets (417 packages loaded, 24581 targets configured)
[2,703 / 4,617] 1 / 43 tests, 1 failed; Compiling absl/time/internal/cctz/src/time_zone_info.cc [for tool]; 1s processwrapper-sandbox ... (8 actions, 7 running)
ERROR: /app/tests/cocotb/tutorial/tfmicro/BUILD:240:19: Compiling tests/cocotb/tutorial/tfmicro/pooling_test.cc failed: missing input file '//sw/opt/litert-micro:pooling.h'
ERROR: /app/tests/cocotb/tutorial/tfmicro/BUILD:240:19: Compiling tests/cocotb/tutorial/tfmicro/pooling_test.cc failed: missing input file '//sw/utils:utils.h'
ERROR: /app/tests/cocotb/tutorial/tfmicro/BUILD:240:19: Compiling tests/cocotb/tutorial/tfmicro/pooling_test.cc failed: missing input file '//sw/utils:utils.h'
ERROR: /app/tests/cocotb/tutorial/tfmicro/BUILD:240:19: Compiling tests/cocotb/tutorial/tfmicro/pooling_test.cc failed: missing input file '//sw/opt/litert-micro:pooling.h'
ERROR: /app/tests/cocotb/tutorial/tfmicro/BUILD:240:19: Compiling tests/cocotb/tutorial/tfmicro/pooling_test.cc failed: 4 input file(s) do not exist
ERROR: /app/sw/opt/litert-micro/test/BUILD:20:19: Compiling sw/opt/litert-micro/test/max_pool_test.cc failed: missing input file '//sw/opt/litert-micro:pooling.h'
ERROR: /app/sw/opt/litert-micro/test/BUILD:20:19: Compiling sw/opt/litert-micro/test/max_pool_test.cc failed: missing input file '//sw/utils:utils.h'
ERROR: /app/sw/opt/litert-micro/test/BUILD:20:19: Compiling sw/opt/litert-micro/test/max_pool_test.cc failed: missing input file '//sw/utils:utils.h'
ERROR: /app/sw/opt/litert-micro/test/BUILD:20:19: Compiling sw/opt/litert-micro/test/max_pool_test.cc failed: missing input file '//sw/opt/litert-micro:pooling.h'
ERROR: /app/sw/opt/litert-micro/test/BUILD:20:19: Compiling sw/opt/litert-micro/test/max_pool_test.cc failed: 4 input file(s) do not exist
ERROR: /app/sw/opt/litert-micro/BUILD:68:11: Compiling sw/opt/litert-micro/pooling.cc failed: missing input file '//sw/opt/litert-micro:pooling.cc'
ERROR: /app/sw/opt/litert-micro/BUILD:68:11: Compiling sw/opt/litert-micro/pooling.cc failed: missing input file '//sw/opt/litert-micro:pooling.h'
ERROR: /app/sw/opt/litert-micro/BUILD:68:11: Compiling sw/opt/litert-micro/pooling.cc failed: missing input file '//sw/opt/litert-micro:pooling.h'
ERROR: /app/sw/opt/litert-micro/BUILD:68:11: Compiling sw/opt/litert-micro/pooling.cc failed: 3 input file(s) do not exist
Analyzing: 2440 targets (417 packages loaded, 24581 targets configured)
[2,980 / 4,699] 1 / 43 tests, 1 failed; Compiling absl/time/internal/cctz/src/time_zone_info.cc [for tool]; 2s processwrapper-sandbox ... (8 actions, 7 running)
ERROR: /app/tests/cocotb/tutorial/tfmicro/BUILD:318:19: Compiling tests/cocotb/tutorial/tfmicro/logistic_test.cc failed: missing input file '//sw/opt/litert-micro:logistic.h'
ERROR: /app/tests/cocotb/tutorial/tfmicro/BUILD:318:19: Compiling tests/cocotb/tutorial/tfmicro/logistic_test.cc failed: missing input file '//sw/utils:utils.h'
ERROR: /app/tests/cocotb/tutorial/tfmicro/BUILD:318:19: Compiling tests/cocotb/tutorial/tfmicro/logistic_test.cc failed: missing input file '//sw/utils:utils.h'
ERROR: /app/tests/cocotb/tutorial/tfmicro/BUILD:318:19: Compiling tests/cocotb/tutorial/tfmicro/logistic_test.cc failed: missing input file '//sw/opt/litert-micro:logistic.h'
ERROR: /app/tests/cocotb/tutorial/tfmicro/BUILD:318:19: Compiling tests/cocotb/tutorial/tfmicro/logistic_test.cc failed: 4 input file(s) do not exist
ERROR: /app/sw/opt/litert-micro/BUILD:93:11: Compiling sw/opt/litert-micro/logistic.cc failed: missing input file '//sw/opt/litert-micro:logistic.cc'
ERROR: /app/sw/opt/litert-micro/BUILD:93:11: Compiling sw/opt/litert-micro/logistic.cc failed: missing input file '//sw/opt/litert-micro:logistic.h'
ERROR: /app/sw/opt/litert-micro/BUILD:93:11: Compiling sw/opt/litert-micro/logistic.cc failed: missing input file '//sw/opt/litert-micro:logistic.h'
ERROR: /app/sw/opt/litert-micro/BUILD:93:11: Compiling sw/opt/litert-micro/logistic.cc failed: 3 input file(s) do not exist
ERROR: /app/sw/opt/litert-micro/BUILD:37:11: Compiling sw/opt/litert-micro/depthwise_conv.cc failed: missing input file '//sw/opt/litert-micro:depthwise_conv.cc'
ERROR: /app/sw/opt/litert-micro/BUILD:37:11: Compiling sw/opt/litert-micro/depthwise_conv.cc failed: missing input file '//sw/opt/litert-micro:depthwise_conv.h'
ERROR: /app/sw/opt/litert-micro/BUILD:37:11: Compiling sw/opt/litert-micro/depthwise_conv.cc failed: missing input file '//sw/opt/litert-micro:accumulator_util.h'
ERROR: /app/sw/opt/litert-micro/BUILD:37:11: Compiling sw/opt/litert-micro/depthwise_conv.cc failed: missing input file '//sw/opt/litert-micro:memory_util.h'
ERROR: /app/sw/opt/litert-micro/BUILD:37:11: Compiling sw/opt/litert-micro/depthwise_conv.cc failed: missing input file '//sw/opt:rvv_opt.h'
ERROR: /app/sw/opt/litert-micro/BUILD:37:11: Compiling sw/opt/litert-micro/depthwise_conv.cc failed: missing input file '//sw/opt:rvv_opt.h'
ERROR: /app/sw/opt/litert-micro/BUILD:37:11: Compiling sw/opt/litert-micro/depthwise_conv.cc failed: missing input file '//sw/opt/litert-micro:depthwise_conv.h'
ERROR: /app/sw/opt/litert-micro/BUILD:37:11: Compiling sw/opt/litert-micro/depthwise_conv.cc failed: missing input file '//sw/opt/litert-micro:memory_util.h'
ERROR: /app/sw/opt/litert-micro/BUILD:37:11: Compiling sw/opt/litert-micro/depthwise_conv.cc failed: missing input file '//sw/opt/litert-micro:accumulator_util.h'
ERROR: /app/sw/opt/litert-micro/BUILD:37:11: Compiling sw/opt/litert-micro/depthwise_conv.cc failed: 9 input file(s) do not exist
ERROR: /app/tests/cocotb/tutorial/tfmicro/BUILD:119:19: Compiling tests/cocotb/tutorial/tfmicro/depthwise_conv_test.cc failed: missing input file '//sw/opt/litert-micro:depthwise_conv.h'
ERROR: /app/tests/cocotb/tutorial/tfmicro/BUILD:119:19: Compiling tests/cocotb/tutorial/tfmicro/depthwise_conv_test.cc failed: missing input file '//sw/opt/litert-micro:memory_util.h'
ERROR: /app/tests/cocotb/tutorial/tfmicro/BUILD:119:19: Compiling tests/cocotb/tutorial/tfmicro/depthwise_conv_test.cc failed: missing input file '//sw/opt/litert-micro:accumulator_util.h'
ERROR: /app/tests/cocotb/tutorial/tfmicro/BUILD:119:19: Compiling tests/cocotb/tutorial/tfmicro/depthwise_conv_test.cc failed: missing input file '//sw/opt:rvv_opt.h'
ERROR: /app/tests/cocotb/tutorial/tfmicro/BUILD:119:19: Compiling tests/cocotb/tutorial/tfmicro/depthwise_conv_test.cc failed: missing input file '//sw/opt/litert-micro:depthwise_conv.h'
ERROR: /app/tests/cocotb/tutorial/tfmicro/BUILD:119:19: Compiling tests/cocotb/tutorial/tfmicro/depthwise_conv_test.cc failed: 5 input file(s) do not exist
ERROR: /app/sw/opt/litert-micro/BUILD:37:11: Compiling sw/opt/litert-micro/depthwise_conv.cc failed: missing input file '//sw/opt/litert-micro:depthwise_conv.cc'
ERROR: /app/sw/opt/litert-micro/BUILD:37:11: Compiling sw/opt/litert-micro/depthwise_conv.cc failed: missing input file '//sw/opt/litert-micro:depthwise_conv.h'
ERROR: /app/sw/opt/litert-micro/BUILD:37:11: Compiling sw/opt/litert-micro/depthwise_conv.cc failed: missing input file '//sw/opt/litert-micro:accumulator_util.h'
ERROR: /app/sw/opt/litert-micro/BUILD:37:11: Compiling sw/opt/litert-micro/depthwise_conv.cc failed: missing input file '//sw/opt/litert-micro:memory_util.h'
ERROR: /app/sw/opt/litert-micro/BUILD:37:11: Compiling sw/opt/litert-micro/depthwise_conv.cc failed: missing input file '//sw/opt:rvv_opt.h'
ERROR: /app/sw/opt/litert-micro/BUILD:37:11: Compiling sw/opt/litert-micro/depthwise_conv.cc failed: missing input file '//sw/opt:rvv_opt.h'
ERROR: /app/sw/opt/litert-micro/BUILD:37:11: Compiling sw/opt/litert-micro/depthwise_conv.cc failed: missing input file '//sw/opt/litert-micro:depthwise_conv.h'
ERROR: /app/sw/opt/litert-micro/BUILD:37:11: Compiling sw/opt/litert-micro/depthwise_conv.cc failed: missing input file '//sw/opt/litert-micro:memory_util.h'
ERROR: /app/sw/opt/litert-micro/BUILD:37:11: Compiling sw/opt/litert-micro/depthwise_conv.cc failed: missing input file '//sw/opt/litert-micro:accumulator_util.h'
ERROR: /app/sw/opt/litert-micro/BUILD:37:11: Compiling sw/opt/litert-micro/depthwise_conv.cc failed: 9 input file(s) do not exist
Analyzing: 2440 targets (417 packages loaded, 24581 targets configured)
[3,161 / 4,700] 1 / 43 tests, 1 failed; Compiling tests/cocotb/wfi_slot_0.c; 3s processwrapper-sandbox ... (7 actions, 6 running)
ERROR: /app/fpga/BUILD:141:11: Compiling fpga/sw/i2c.c failed: missing input file '//fpga:sw/i2c.c'
ERROR: /app/fpga/BUILD:141:11: Compiling fpga/sw/i2c.c failed: missing input file '//fpga:sw/i2c.h'
ERROR: /app/fpga/BUILD:141:11: Compiling fpga/sw/i2c.c failed: missing input file '//fpga:sw/clk.h'
ERROR: /app/fpga/BUILD:141:11: Compiling fpga/sw/i2c.c failed: missing input file '//fpga:sw/clk.h'
ERROR: /app/fpga/BUILD:141:11: Compiling fpga/sw/i2c.c failed: missing input file '//fpga:sw/i2c.h'
ERROR: /app/fpga/BUILD:141:11: Compiling fpga/sw/i2c.c failed: 5 input file(s) do not exist
ERROR: /app/fpga/BUILD:353:19: Compiling fpga/sw/i2c_camera_test.cc failed: missing input file '//fpga:sw/i2c_camera_test.cc'
ERROR: /app/fpga/BUILD:353:19: Compiling fpga/sw/i2c_camera_test.cc failed: missing input file '//fpga:sw/i2c.h'
ERROR: /app/fpga/BUILD:353:19: Compiling fpga/sw/i2c_camera_test.cc failed: missing input file '//fpga:sw/uart.h'
ERROR: /app/fpga/BUILD:353:19: Compiling fpga/sw/i2c_camera_test.cc failed: missing input file '//fpga:sw/clk.h'
ERROR: /app/fpga/BUILD:353:19: Compiling fpga/sw/i2c_camera_test.cc failed: missing input file '//fpga:sw/i2c.h'
ERROR: /app/fpga/BUILD:353:19: Compiling fpga/sw/i2c_camera_test.cc failed: missing input file '//fpga:sw/uart.h'
ERROR: /app/fpga/BUILD:353:19: Compiling fpga/sw/i2c_camera_test.cc failed: 6 input file(s) do not exist
Analyzing: 2440 targets (417 packages loaded, 24581 targets configured)
[3,184 / 4,701] 1 / 43 tests, 1 failed; Compiling tests/cocotb/wfi_slot_0.c; 4s processwrapper-sandbox ... (8 actions, 7 running)
ERROR: /app/fpga/BUILD:210:19: Compiling fpga/sw/add_uint32_m1.cc failed: missing input file '//fpga:sw/add_uint32_m1.cc'
ERROR: /app/fpga/BUILD:210:19: Compiling fpga/sw/add_uint32_m1.cc failed: missing input file '//fpga:sw/uart.h'
ERROR: /app/fpga/BUILD:210:19: Compiling fpga/sw/add_uint32_m1.cc failed: missing input file '//fpga:sw/clk.h'
ERROR: /app/fpga/BUILD:210:19: Compiling fpga/sw/add_uint32_m1.cc failed: missing input file '//fpga:sw/uart.h'
ERROR: /app/fpga/BUILD:210:19: Compiling fpga/sw/add_uint32_m1.cc failed: 4 input file(s) do not exist
ERROR: /app/fpga/BUILD:134:11: Compiling fpga/sw/spi.c failed: missing input file '//fpga:sw/spi.c'
ERROR: /app/fpga/BUILD:134:11: Compiling fpga/sw/spi.c failed: missing input file '//fpga:sw/spi.h'
ERROR: /app/fpga/BUILD:134:11: Compiling fpga/sw/spi.c failed: missing input file '//fpga:sw/clk.h'
ERROR: /app/fpga/BUILD:134:11: Compiling fpga/sw/spi.c failed: missing input file '//fpga:sw/clk.h'
ERROR: /app/fpga/BUILD:134:11: Compiling fpga/sw/spi.c failed: missing input file '//fpga:sw/spi.h'
ERROR: /app/fpga/BUILD:134:11: Compiling fpga/sw/spi.c failed: 5 input file(s) do not exist
ERROR: /app/fpga/BUILD:187:11: Compiling fpga/sw/spi_flash.c failed: missing input file '//fpga:sw/spi_flash.c'
ERROR: /app/fpga/BUILD:187:11: Compiling fpga/sw/spi_flash.c failed: missing input file '//fpga:sw/spi_flash.h'
ERROR: /app/fpga/BUILD:187:11: Compiling fpga/sw/spi_flash.c failed: missing input file '//fpga:sw/clk.h'
ERROR: /app/fpga/BUILD:187:11: Compiling fpga/sw/spi_flash.c failed: missing input file '//fpga:sw/gpio.h'
ERROR: /app/fpga/BUILD:187:11: Compiling fpga/sw/spi_flash.c failed: missing input file '//fpga:sw/spi.h'
ERROR: /app/fpga/BUILD:187:11: Compiling fpga/sw/spi_flash.c failed: missing input file '//fpga:sw/gpio.h'
ERROR: /app/fpga/BUILD:187:11: Compiling fpga/sw/spi_flash.c failed: missing input file '//fpga:sw/spi_flash.h'
ERROR: /app/fpga/BUILD:187:11: Compiling fpga/sw/spi_flash.c failed: missing input file '//fpga:sw/clk.h'
ERROR: /app/fpga/BUILD:187:11: Compiling fpga/sw/spi_flash.c failed: missing input file '//fpga:sw/spi.h'
ERROR: /app/fpga/BUILD:187:11: Compiling fpga/sw/spi_flash.c failed: 9 input file(s) do not exist
ERROR: /app/fpga/BUILD:266:19: Compiling fpga/sw/flash_tool.c failed: missing input file '//fpga:sw/flash_tool.c'
ERROR: /app/fpga/BUILD:266:19: Compiling fpga/sw/flash_tool.c failed: missing input file '//fpga:sw/flash_tool_status.h'
ERROR: /app/fpga/BUILD:266:19: Compiling fpga/sw/flash_tool.c failed: missing input file '//fpga:sw/spi_flash.h'
ERROR: /app/fpga/BUILD:266:19: Compiling fpga/sw/flash_tool.c failed: missing input file '//fpga:sw/uart.h'
ERROR: /app/fpga/BUILD:266:19: Compiling fpga/sw/flash_tool.c failed: missing input file '//fpga:sw/flash_tool_status.h'
ERROR: /app/fpga/BUILD:266:19: Compiling fpga/sw/flash_tool.c failed: missing input file '//fpga:sw/clk.h'
ERROR: /app/fpga/BUILD:266:19: Compiling fpga/sw/flash_tool.c failed: missing input file '//fpga:sw/spi.h'
ERROR: /app/fpga/BUILD:266:19: Compiling fpga/sw/flash_tool.c failed: missing input file '//fpga:sw/gpio.h'
ERROR: /app/fpga/BUILD:266:19: Compiling fpga/sw/flash_tool.c failed: missing input file '//fpga:sw/spi_flash.h'
ERROR: /app/fpga/BUILD:266:19: Compiling fpga/sw/flash_tool.c failed: missing input file '//fpga:sw/uart.h'
ERROR: /app/fpga/BUILD:266:19: Compiling fpga/sw/flash_tool.c failed: 10 input file(s) do not exist
ERROR: /app/fpga/BUILD:216:19: Compiling fpga/sw/spi_test.cc failed: missing input file '//fpga:sw/spi_test.cc'
ERROR: /app/fpga/BUILD:216:19: Compiling fpga/sw/spi_test.cc failed: missing input file '//fpga:sw/spi.h'
ERROR: /app/fpga/BUILD:216:19: Compiling fpga/sw/spi_test.cc failed: missing input file '//fpga:sw/uart.h'
ERROR: /app/fpga/BUILD:216:19: Compiling fpga/sw/spi_test.cc failed: missing input file '//fpga:sw/clk.h'
ERROR: /app/fpga/BUILD:216:19: Compiling fpga/sw/spi_test.cc failed: missing input file '//fpga:sw/spi.h'
ERROR: /app/fpga/BUILD:216:19: Compiling fpga/sw/spi_test.cc failed: missing input file '//fpga:sw/uart.h'
ERROR: /app/fpga/BUILD:216:19: Compiling fpga/sw/spi_test.cc failed: 6 input file(s) do not exist
ERROR: /app/tests/cocotb/rvv/rvv_opt/BUILD:28:14: Compiling tests/cocotb/rvv/rvv_opt/memcpy_test.cc failed: missing input file '//sw/opt:rvv_opt.h'
ERROR: /app/tests/cocotb/rvv/rvv_opt/BUILD:28:14: Compiling tests/cocotb/rvv/rvv_opt/memcpy_test.cc failed: missing input file '//sw/opt:rvv_opt.h'
ERROR: /app/tests/cocotb/rvv/rvv_opt/BUILD:28:14: Compiling tests/cocotb/rvv/rvv_opt/memcpy_test.cc failed: 2 input file(s) do not exist
Analyzing: 2440 targets (417 packages loaded, 24581 targets configured)
[3,389 / 4,733] 1 / 43 tests, 1 failed; Compiling tests/cocotb/wfi_slot_0.c; 5s processwrapper-sandbox ... (8 actions running)
Analyzing: 2440 targets (417 packages loaded, 24581 targets configured)
[3,414 / 4,734] 1 / 43 tests, 1 failed; Compiling include/verilated_fst_c.cpp; 3s processwrapper-sandbox ... (8 actions running)
Analyzing: 2440 targets (417 packages loaded, 24581 targets configured)
[3,436 / 4,734] 1 / 43 tests, 1 failed; Compiling include/verilated_fst_c.cpp; 4s processwrapper-sandbox ... (8 actions, 7 running)
ERROR: /app/fpga/BUILD:364:19: Compiling fpga/sw/timer.cc failed: missing input file '//fpga:sw/timer.cc'
ERROR: /app/fpga/BUILD:364:19: Compiling fpga/sw/timer.cc failed: missing input file '//fpga:sw/uart.h'
ERROR: /app/fpga/BUILD:364:19: Compiling fpga/sw/timer.cc failed: missing input file '//fpga:sw/clk.h'
ERROR: /app/fpga/BUILD:364:19: Compiling fpga/sw/timer.cc failed: missing input file '//fpga:sw/uart.h'
ERROR: /app/fpga/BUILD:364:19: Compiling fpga/sw/timer.cc failed: 4 input file(s) do not exist
Analyzing: 2440 targets (417 packages loaded, 24581 targets configured)
[3,479 / 4,740] 1 / 43 tests, 1 failed; Compiling include/verilated_fst_c.cpp; 5s processwrapper-sandbox ... (8 actions running)
Analyzing: 2440 targets (417 packages loaded, 24581 targets configured)
[3,515 / 4,754] 1 / 43 tests, 1 failed; Compiling absl/base/internal/throw_delegate.cc [for tool]; 0s processwrapper-sandbox ... (9 actions, 8 running)
Analyzing: 2440 targets (417 packages loaded, 24581 targets configured)
[3,560 / 4,773] 1 / 43 tests, 1 failed; Compiling include/verilated_vcd_c.cpp; 1s processwrapper-sandbox ... (9 actions, 7 running)
Analyzing: 2440 targets (417 packages loaded, 24581 targets configured)
[3,605 / 4,797] 1 / 43 tests, 1 failed; Compiling include/verilated_vcd_c.cpp; 2s processwrapper-sandbox ... (8 actions, 7 running)
Analyzing: 2440 targets (417 packages loaded, 24581 targets configured)
[4,147 / 5,694] 1 / 43 tests, 1 failed; Compiling include/verilated_vcd_c.cpp; 3s processwrapper-sandbox ... (8 actions, 7 running)
Analyzing: 2440 targets (417 packages loaded, 24581 targets configured)
[4,183 / 5,709] 1 / 43 tests, 1 failed; Compiling include/verilated.cpp; 1s processwrapper-sandbox ... (8 actions, 7 running)
Analyzing: 2440 targets (417 packages loaded, 24581 targets configured)
[4,246 / 5,750] 1 / 43 tests, 1 failed; Compiling include/verilated.cpp; 2s processwrapper-sandbox ... (8 actions, 7 running)
ERROR: /app/examples/BUILD.bazel:19:19: Compiling examples/hello_world_add_floats.cc failed: missing input file '//examples:hello_world_add_floats.cc'
ERROR: /app/examples/BUILD.bazel:19:19: Compiling examples/hello_world_add_floats.cc failed: 1 input file(s) do not exist
ERROR: /app/fpga/BUILD:154:19: Compiling fpga/sw/clk_test.c failed: missing input file '//fpga:sw/clk_test.c'
ERROR: /app/fpga/BUILD:154:19: Compiling fpga/sw/clk_test.c failed: missing input file '//fpga:sw/clk.h'
ERROR: /app/fpga/BUILD:154:19: Compiling fpga/sw/clk_test.c failed: missing input file '//fpga:sw/uart.h'
ERROR: /app/fpga/BUILD:154:19: Compiling fpga/sw/clk_test.c failed: missing input file '//fpga:sw/clk.h'
ERROR: /app/fpga/BUILD:154:19: Compiling fpga/sw/clk_test.c failed: missing input file '//fpga:sw/uart.h'
ERROR: /app/fpga/BUILD:154:19: Compiling fpga/sw/clk_test.c failed: 5 input file(s) do not exist
INFO: From Building external/io_bazel_rules_scala/src/java/io/bazel/rulesscala/io_utils/libio_utils.jar (2 source files) [for tool]:
warning: [options] source value 8 is obsolete and will be removed in a future release
warning: [options] target value 8 is obsolete and will be removed in a future release
warning: [options] To suppress warnings about obsolete options, use -Xlint:-options.
Analyzing: 2440 targets (417 packages loaded, 24581 targets configured)
[4,356 / 5,832] 1 / 43 tests, 1 failed; Compiling include/verilated.cpp; 3s processwrapper-sandbox ... (8 actions, 7 running)
INFO: From Building external/io_bazel_rules_scala/src/java/io/bazel/rulesscala/jar/libjar.jar (2 source files) [for tool]:
warning: [options] source value 8 is obsolete and will be removed in a future release
warning: [options] target value 8 is obsolete and will be removed in a future release
warning: [options] To suppress warnings about obsolete options, use -Xlint:-options.
INFO: From Building external/io_bazel_rules_scala/src/java/io/bazel/rulesscala/scalac/compileoptions/libcompileoptions.jar (1 source file) [for tool]:
warning: [path] bad path element "/home/builder/.cache/bazel/_bazel_builder/8c069df52082beee3c95ca17836fb8e2/execroot/coralnpu_hw/bazel-out/k8-opt-exec-ST-a828a81199fe/bin/external/io_bazel_rules_scala_scala_compiler_2_13_12/io_bazel_rules_scala_scala_compiler_2_13_12.stamp/scala-reflect.jar": no such file or directory
warning: [path] bad path element "/home/builder/.cache/bazel/_bazel_builder/8c069df52082beee3c95ca17836fb8e2/execroot/coralnpu_hw/bazel-out/k8-opt-exec-ST-a828a81199fe/bin/external/io_bazel_rules_scala_scala_compiler_2_13_12/io_bazel_rules_scala_scala_compiler_2_13_12.stamp/scala-library.jar": no such file or directory
warning: [options] source value 8 is obsolete and will be removed in a future release
warning: [options] target value 8 is obsolete and will be removed in a future release
warning: [options] To suppress warnings about obsolete options, use -Xlint:-options.
Analyzing: 2440 targets (417 packages loaded, 24581 targets configured)
[4,631 / 6,095] 1 / 43 tests, 1 failed; Compiling include/verilated.cpp; 4s processwrapper-sandbox ... (8 actions, 7 running)
Analyzing: 2440 targets (417 packages loaded, 24581 targets configured)
[4,649 / 6,099] 1 / 43 tests, 1 failed; Compiling src/V3WidthSel.cpp; 2s processwrapper-sandbox ... (8 actions, 7 running)
ERROR: /app/tests/cocotb/rvv/rvv_opt/BUILD:28:14: Compiling tests/cocotb/rvv/rvv_opt/memset_test.cc failed: missing input file '//sw/opt:rvv_opt.h'
ERROR: /app/tests/cocotb/rvv/rvv_opt/BUILD:28:14: Compiling tests/cocotb/rvv/rvv_opt/memset_test.cc failed: missing input file '//sw/opt:rvv_opt.h'
ERROR: /app/tests/cocotb/rvv/rvv_opt/BUILD:28:14: Compiling tests/cocotb/rvv/rvv_opt/memset_test.cc failed: 2 input file(s) do not exist
Analyzing: 2440 targets (417 packages loaded, 24581 targets configured)
[4,671 / 6,099] 1 / 43 tests, 1 failed; Compiling src/V3WidthSel.cpp; 3s processwrapper-sandbox ... (7 actions, 6 running)
Analyzing: 2440 targets (417 packages loaded, 24581 targets configured)
[4,691 / 6,099] 1 / 43 tests, 1 failed; Compiling src/google/protobuf/compiler/main.cc [for tool]; 3s processwrapper-sandbox ... (8 actions, 7 running)
Analyzing: 2440 targets (417 packages loaded, 24581 targets configured)
[4,723 / 6,102] 1 / 43 tests, 1 failed; Compiling src/google/protobuf/compiler/subprocess.cc [for tool]; 2s processwrapper-sandbox ... (8 actions, 7 running)
Analyzing: 2440 targets (417 packages loaded, 24581 targets configured)
[4,744 / 6,102] 1 / 43 tests, 1 failed; Compiling src/V3WidthCommit.cpp; 2s processwrapper-sandbox ... (9 actions, 7 running)
ERROR: /app/fpga/BUILD:344:19: Compiling fpga/sw/i2c_camera_test.cc failed: missing input file '//fpga:sw/i2c_camera_test.cc'
ERROR: /app/fpga/BUILD:344:19: Compiling fpga/sw/i2c_camera_test.cc failed: missing input file '//fpga:sw/i2c.h'
ERROR: /app/fpga/BUILD:344:19: Compiling fpga/sw/i2c_camera_test.cc failed: missing input file '//fpga:sw/uart.h'
ERROR: /app/fpga/BUILD:344:19: Compiling fpga/sw/i2c_camera_test.cc failed: missing input file '//fpga:sw/clk.h'
ERROR: /app/fpga/BUILD:344:19: Compiling fpga/sw/i2c_camera_test.cc failed: missing input file '//fpga:sw/i2c.h'
ERROR: /app/fpga/BUILD:344:19: Compiling fpga/sw/i2c_camera_test.cc failed: missing input file '//fpga:sw/uart.h'
ERROR: /app/fpga/BUILD:344:19: Compiling fpga/sw/i2c_camera_test.cc failed: 6 input file(s) do not exist
Analyzing: 2440 targets (417 packages loaded, 24581 targets configured)
[4,769 / 6,102] 1 / 43 tests, 1 failed; Compiling src/V3WidthCommit.cpp; 3s processwrapper-sandbox ... (8 actions, 7 running)
ERROR: /app/tests/cocotb/tutorial/counters/BUILD:27:19: Compiling tests/cocotb/tutorial/counters/inst_cycle_counter_example.cc failed: missing input file '//sw/utils:utils.h'
ERROR: /app/tests/cocotb/tutorial/counters/BUILD:27:19: Compiling tests/cocotb/tutorial/counters/inst_cycle_counter_example.cc failed: missing input file '//sw/utils:utils.h'
ERROR: /app/tests/cocotb/tutorial/counters/BUILD:27:19: Compiling tests/cocotb/tutorial/counters/inst_cycle_counter_example.cc failed: 2 input file(s) do not exist
ERROR: /app/fpga/BUILD:370:19: Compiling fpga/sw/isp_cam_test.c failed: missing input file '//fpga:sw/isp_cam_test.c'
ERROR: /app/fpga/BUILD:370:19: Compiling fpga/sw/isp_cam_test.c failed: missing input file '//fpga:sw/uart.h'
ERROR: /app/fpga/BUILD:370:19: Compiling fpga/sw/isp_cam_test.c failed: missing input file '//fpga:sw/yocto_isp_register_address.h'
ERROR: /app/fpga/BUILD:370:19: Compiling fpga/sw/isp_cam_test.c failed: missing input file '//fpga:sw/yocto_isp_register_address.h'
ERROR: /app/fpga/BUILD:370:19: Compiling fpga/sw/isp_cam_test.c failed: missing input file '//fpga:sw/clk.h'
ERROR: /app/fpga/BUILD:370:19: Compiling fpga/sw/isp_cam_test.c failed: missing input file '//fpga:sw/uart.h'
ERROR: /app/fpga/BUILD:370:19: Compiling fpga/sw/isp_cam_test.c failed: 6 input file(s) do not exist
Analyzing: 2440 targets (417 packages loaded, 24581 targets configured)
[4,799 / 6,102] 1 / 43 tests, 1 failed; Compiling src/google/protobuf/compiler/parser.cc [for tool]; 3s processwrapper-sandbox ... (8 actions, 7 running)
Analyzing: 2440 targets (417 packages loaded, 24581 targets configured)
[4,821 / 6,102] 1 / 43 tests, 1 failed; Compiling src/google/protobuf/compiler/parser.cc [for tool]; 4s processwrapper-sandbox ... (8 actions, 7 running)
ERROR: /app/fpga/BUILD:197:19: Compiling fpga/sw/display_test.cc failed: missing input file '//fpga:sw/display_test.cc'
ERROR: /app/fpga/BUILD:197:19: Compiling fpga/sw/display_test.cc failed: missing input file '//fpga:sw/gpio.h'
ERROR: /app/fpga/BUILD:197:19: Compiling fpga/sw/display_test.cc failed: missing input file '//fpga:sw/spi.h'
ERROR: /app/fpga/BUILD:197:19: Compiling fpga/sw/display_test.cc failed: missing input file '//fpga:sw/gpio.h'
ERROR: /app/fpga/BUILD:197:19: Compiling fpga/sw/display_test.cc failed: missing input file '//fpga:sw/clk.h'
ERROR: /app/fpga/BUILD:197:19: Compiling fpga/sw/display_test.cc failed: missing input file '//fpga:sw/spi.h'
ERROR: /app/fpga/BUILD:197:19: Compiling fpga/sw/display_test.cc failed: 6 input file(s) do not exist
Analyzing: 2440 targets (417 packages loaded, 24581 targets configured)
[4,842 / 6,102] 1 / 43 tests, 1 failed; Compiling src/google/protobuf/compiler/parser.cc [for tool]; 5s processwrapper-sandbox ... (8 actions, 7 running)
ERROR: /app/fpga/BUILD:163:11: Compiling fpga/sw/display_hal.c failed: missing input file '//fpga:sw/display_hal.c'
ERROR: /app/fpga/BUILD:163:11: Compiling fpga/sw/display_hal.c failed: missing input file '//fpga:sw/gpio.h'
ERROR: /app/fpga/BUILD:163:11: Compiling fpga/sw/display_hal.c failed: missing input file '//fpga:sw/spi.h'
ERROR: /app/fpga/BUILD:163:11: Compiling fpga/sw/display_hal.c failed: missing input file '//fpga:sw/gpio.h'
ERROR: /app/fpga/BUILD:163:11: Compiling fpga/sw/display_hal.c failed: missing input file '//fpga:sw/clk.h'
ERROR: /app/fpga/BUILD:163:11: Compiling fpga/sw/display_hal.c failed: missing input file '//fpga:sw/spi.h'
ERROR: /app/fpga/BUILD:163:11: Compiling fpga/sw/display_hal.c failed: 6 input file(s) do not exist
Analyzing: 2440 targets (417 packages loaded, 24581 targets configured)
[4,869 / 6,102] 1 / 43 tests, 1 failed; Compiling src/google/protobuf/compiler/parser.cc [for tool]; 6s processwrapper-sandbox ... (8 actions, 7 running)
Analyzing: 2440 targets (417 packages loaded, 24581 targets configured)
[4,892 / 6,102] 1 / 43 tests, 1 failed; Compiling src/google/protobuf/compiler/parser.cc [for tool]; 7s processwrapper-sandbox ... (8 actions, 7 running)
Analyzing: 2440 targets (417 packages loaded, 24581 targets configured)
[4,913 / 6,102] 1 / 43 tests, 1 failed; Compiling src/google/protobuf/compiler/command_line_interface.cc [for tool]; 7s processwrapper-sandbox ... (8 actions, 7 running)
Analyzing: 2440 targets (417 packages loaded, 24581 targets configured)
[4,938 / 6,102] 1 / 43 tests, 1 failed; Compiling src/google/protobuf/compiler/command_line_interface.cc [for tool]; 8s processwrapper-sandbox ... (8 actions, 7 running)
Analyzing: 2440 targets (417 packages loaded, 24581 targets configured)
[4,959 / 6,102] 1 / 43 tests, 1 failed; Compiling src/google/protobuf/compiler/command_line_interface.cc [for tool]; 9s processwrapper-sandbox ... (7 actions, 6 running)
Analyzing: 2440 targets (417 packages loaded, 24581 targets configured)
[4,982 / 6,108] 1 / 43 tests, 1 failed; Compiling src/google/protobuf/compiler/command_line_interface.cc [for tool]; 10s processwrapper-sandbox ... (8 actions, 7 running)
Analyzing: 2440 targets (417 packages loaded, 24581 targets configured)
[5,002 / 6,128] 1 / 43 tests, 1 failed; Compiling src/google/protobuf/compiler/command_line_interface.cc [for tool]; 11s processwrapper-sandbox ... (8 actions, 7 running)
Analyzing: 2440 targets (417 packages loaded, 24581 targets configured)
[5,020 / 6,128] 1 / 43 tests, 1 failed; Compiling src/google/protobuf/compiler/command_line_interface.cc [for tool]; 12s processwrapper-sandbox ... (8 actions, 7 running)
Analyzing: 2440 targets (417 packages loaded, 24581 targets configured)
[5,038 / 6,128] 1 / 43 tests, 1 failed; Compiling src/google/protobuf/compiler/command_line_interface.cc [for tool]; 13s processwrapper-sandbox ... (8 actions, 7 running)
Analyzing: 2440 targets (417 packages loaded, 24581 targets configured)
[5,062 / 6,130] 1 / 43 tests, 1 failed; Compiling src/google/protobuf/compiler/cpp/tracker.cc [for tool]; 3s processwrapper-sandbox ... (8 actions, 7 running)
Analyzing: 2440 targets (417 packages loaded, 24581 targets configured)
[5,085 / 6,147] 1 / 43 tests, 1 failed; Compiling src/google/protobuf/compiler/cpp/tracker.cc [for tool]; 4s processwrapper-sandbox ... (8 actions, 7 running)
ERROR: /app/examples/BUILD.bazel:24:19: Compiling examples/rvv_add_intrinsic.cc failed: missing input file '//examples:rvv_add_intrinsic.cc'
ERROR: /app/examples/BUILD.bazel:24:19: Compiling examples/rvv_add_intrinsic.cc failed: 1 input file(s) do not exist
Analyzing: 2440 targets (417 packages loaded, 24581 targets configured)
[5,122 / 6,147] 1 / 43 tests, 1 failed; Compiling src/google/protobuf/compiler/cpp/tracker.cc [for tool]; 5s processwrapper-sandbox ... (7 actions running)
ERROR: /app/sw/opt/litert-micro/BUILD:80:11: Compiling sw/opt/litert-micro/fully_connected.cc failed: missing input file '//sw/opt/litert-micro:fully_connected.cc'
ERROR: /app/sw/opt/litert-micro/BUILD:80:11: Compiling sw/opt/litert-micro/fully_connected.cc failed: missing input file '//sw/opt/litert-micro:fully_connected.h'
ERROR: /app/sw/opt/litert-micro/BUILD:80:11: Compiling sw/opt/litert-micro/fully_connected.cc failed: missing input file '//sw/opt/litert-micro:accumulator_util.h'
ERROR: /app/sw/opt/litert-micro/BUILD:80:11: Compiling sw/opt/litert-micro/fully_connected.cc failed: missing input file '//sw/opt/litert-micro:fully_connected.h'
ERROR: /app/sw/opt/litert-micro/BUILD:80:11: Compiling sw/opt/litert-micro/fully_connected.cc failed: missing input file '//sw/opt/litert-micro:accumulator_util.h'
ERROR: /app/sw/opt/litert-micro/BUILD:80:11: Compiling sw/opt/litert-micro/fully_connected.cc failed: 5 input file(s) do not exist
ERROR: /app/tests/cocotb/tutorial/tfmicro/BUILD:283:19: Compiling tests/cocotb/tutorial/tfmicro/fully_connected_test.cc failed: missing input file '//sw/opt/litert-micro:fully_connected.h'
ERROR: /app/tests/cocotb/tutorial/tfmicro/BUILD:283:19: Compiling tests/cocotb/tutorial/tfmicro/fully_connected_test.cc failed: missing input file '//sw/utils:utils.h'
ERROR: /app/tests/cocotb/tutorial/tfmicro/BUILD:283:19: Compiling tests/cocotb/tutorial/tfmicro/fully_connected_test.cc failed: missing input file '//sw/utils:utils.h'
ERROR: /app/tests/cocotb/tutorial/tfmicro/BUILD:283:19: Compiling tests/cocotb/tutorial/tfmicro/fully_connected_test.cc failed: missing input file '//sw/opt/litert-micro:accumulator_util.h'
ERROR: /app/tests/cocotb/tutorial/tfmicro/BUILD:283:19: Compiling tests/cocotb/tutorial/tfmicro/fully_connected_test.cc failed: missing input file '//sw/opt/litert-micro:fully_connected.h'
ERROR: /app/tests/cocotb/tutorial/tfmicro/BUILD:283:19: Compiling tests/cocotb/tutorial/tfmicro/fully_connected_test.cc failed: 5 input file(s) do not exist
Analyzing: 2440 targets (417 packages loaded, 24581 targets configured)
[5,295 / 6,149] 1 / 43 tests, 1 failed; Compiling src/V3VariableOrder.cpp; 4s processwrapper-sandbox ... (8 actions running)
Analyzing: 2440 targets (417 packages loaded, 24581 targets configured)
[5,301 / 6,151] 1 / 43 tests, 1 failed; Compiling src/google/protobuf/compiler/csharp/csharp_wrapper_field.cc [for tool]; 3s processwrapper-sandbox ... (8 actions running)
Analyzing: 2440 targets (417 packages loaded, 24581 targets configured)
[5,307 / 6,153] 1 / 43 tests, 1 failed; Compiling src/google/protobuf/compiler/csharp/csharp_wrapper_field.cc [for tool]; 4s processwrapper-sandbox ... (8 actions, 7 running)
Analyzing: 2440 targets (417 packages loaded, 24581 targets configured)
[5,314 / 6,155] 1 / 43 tests, 1 failed; Compiling src/google/protobuf/compiler/cpp/enum.cc [for tool]; 4s processwrapper-sandbox ... (8 actions, 7 running)
Analyzing: 2440 targets (417 packages loaded, 24581 targets configured)
[5,322 / 6,157] 1 / 43 tests, 1 failed; Compiling src/google/protobuf/compiler/cpp/enum.cc [for tool]; 5s processwrapper-sandbox ... (9 actions, 7 running)
Analyzing: 2440 targets (417 packages loaded, 24581 targets configured)
[5,327 / 6,159] 1 / 43 tests, 1 failed; Compiling src/google/protobuf/compiler/cpp/enum.cc [for tool]; 6s processwrapper-sandbox ... (8 actions, 7 running)
Analyzing: 2440 targets (417 packages loaded, 24581 targets configured)
[5,328 / 6,159] 1 / 43 tests, 1 failed; Compiling src/google/protobuf/compiler/cpp/enum.cc [for tool]; 8s processwrapper-sandbox ... (8 actions running)
Analyzing: 2440 targets (417 packages loaded, 24581 targets configured)
[5,333 / 6,163] 1 / 43 tests, 1 failed; Compiling src/google/protobuf/compiler/cpp/enum.cc [for tool]; 9s processwrapper-sandbox ... (9 actions, 8 running)
Analyzing: 2440 targets (417 packages loaded, 24581 targets configured)
[5,338 / 6,163] 1 / 43 tests, 1 failed; Compiling external/verilator/V3Const__gen.cpp; 9s processwrapper-sandbox ... (8 actions running)
Analyzing: 2440 targets (417 packages loaded, 24581 targets configured)
[5,346 / 6,163] 1 / 43 tests, 1 failed; Compiling src/google/protobuf/compiler/cpp/parse_function_generator.cc [for tool]; 4s processwrapper-sandbox ... (8 actions running)
Analyzing: 2440 targets (417 packages loaded, 24581 targets configured)
[5,353 / 6,165] 1 / 43 tests, 1 failed; Compiling src/google/protobuf/compiler/cpp/parse_function_generator.cc [for tool]; 5s processwrapper-sandbox ... (8 actions running)
Analyzing: 2440 targets (417 packages loaded, 24581 targets configured)
[5,358 / 6,167] 1 / 43 tests, 1 failed; Compiling src/google/protobuf/compiler/cpp/parse_function_generator.cc [for tool]; 6s processwrapper-sandbox ... (8 actions, 7 running)
Analyzing: 2440 targets (417 packages loaded, 24581 targets configured)
[5,363 / 6,169] 1 / 43 tests, 1 failed; Compiling src/google/protobuf/compiler/cpp/parse_function_generator.cc [for tool]; 7s processwrapper-sandbox ... (8 actions, 7 running)
Analyzing: 2440 targets (417 packages loaded, 24581 targets configured)
[5,371 / 6,172] 1 / 43 tests, 1 failed; Compiling src/google/protobuf/compiler/cpp/extension.cc [for tool]; 5s processwrapper-sandbox ... (8 actions, 7 running)
Analyzing: 2440 targets (417 packages loaded, 24581 targets configured)
[5,378 / 6,174] 1 / 43 tests, 1 failed; Compiling src/google/protobuf/compiler/cpp/extension.cc [for tool]; 6s processwrapper-sandbox ... (9 actions, 6 running)
Analyzing: 2440 targets (417 packages loaded, 24581 targets configured)
[5,379 / 6,174] 1 / 43 tests, 1 failed; Compiling src/google/protobuf/compiler/cpp/extension.cc [for tool]; 7s processwrapper-sandbox ... (8 actions, 7 running)
ERROR: /app/tests/cocotb/tutorial/tfmicro/BUILD:32:19: Compiling tests/cocotb/tutorial/tfmicro/mobilenet_v1_025_partial_layers.cc failed: missing input file '//sw/opt/litert-micro:memory_util.h'
ERROR: /app/tests/cocotb/tutorial/tfmicro/BUILD:32:19: Compiling tests/cocotb/tutorial/tfmicro/mobilenet_v1_025_partial_layers.cc failed: missing input file '//sw/opt/litert-micro:accumulator_util.h'
ERROR: /app/tests/cocotb/tutorial/tfmicro/BUILD:32:19: Compiling tests/cocotb/tutorial/tfmicro/mobilenet_v1_025_partial_layers.cc failed: missing input file '//sw/opt:rvv_opt.h'
ERROR: /app/tests/cocotb/tutorial/tfmicro/BUILD:32:19: Compiling tests/cocotb/tutorial/tfmicro/mobilenet_v1_025_partial_layers.cc failed: missing input file '//sw/opt/litert-micro:depthwise_conv.h'
ERROR: /app/tests/cocotb/tutorial/tfmicro/BUILD:32:19: Compiling tests/cocotb/tutorial/tfmicro/mobilenet_v1_025_partial_layers.cc failed: 4 input file(s) do not exist
ERROR: /app/tests/cocotb/tutorial/tfmicro/BUILD:32:19: Compiling tests/cocotb/tutorial/tfmicro/run_partial_mobilenet.cc failed: missing input file '//sw/opt/litert-micro:depthwise_conv.h'
ERROR: /app/tests/cocotb/tutorial/tfmicro/BUILD:32:19: Compiling tests/cocotb/tutorial/tfmicro/run_partial_mobilenet.cc failed: missing input file '//sw/opt/litert-micro:memory_util.h'
ERROR: /app/tests/cocotb/tutorial/tfmicro/BUILD:32:19: Compiling tests/cocotb/tutorial/tfmicro/run_partial_mobilenet.cc failed: missing input file '//sw/opt/litert-micro:accumulator_util.h'
ERROR: /app/tests/cocotb/tutorial/tfmicro/BUILD:32:19: Compiling tests/cocotb/tutorial/tfmicro/run_partial_mobilenet.cc failed: missing input file '//sw/opt:rvv_opt.h'
ERROR: /app/tests/cocotb/tutorial/tfmicro/BUILD:32:19: Compiling tests/cocotb/tutorial/tfmicro/run_partial_mobilenet.cc failed: missing input file '//sw/opt/litert-micro:depthwise_conv.h'
ERROR: /app/tests/cocotb/tutorial/tfmicro/BUILD:32:19: Compiling tests/cocotb/tutorial/tfmicro/run_partial_mobilenet.cc failed: 5 input file(s) do not exist
ERROR: /app/tests/npusim_examples/BUILD:31:19: Compiling tests/npusim_examples/run_full_mobilenet_v1.cc failed: missing input file '//sw/opt/litert-micro:conv.h'
ERROR: /app/tests/npusim_examples/BUILD:31:19: Compiling tests/npusim_examples/run_full_mobilenet_v1.cc failed: missing input file '//sw/opt/litert-micro:memory_util.h'
ERROR: /app/tests/npusim_examples/BUILD:31:19: Compiling tests/npusim_examples/run_full_mobilenet_v1.cc failed: missing input file '//sw/opt/litert-micro:depthwise_conv.h'
ERROR: /app/tests/npusim_examples/BUILD:31:19: Compiling tests/npusim_examples/run_full_mobilenet_v1.cc failed: missing input file '//sw/opt:rvv_opt.h'
ERROR: /app/tests/npusim_examples/BUILD:31:19: Compiling tests/npusim_examples/run_full_mobilenet_v1.cc failed: missing input file '//sw/opt:rvv_opt.h'
ERROR: /app/tests/npusim_examples/BUILD:31:19: Compiling tests/npusim_examples/run_full_mobilenet_v1.cc failed: missing input file '//sw/opt/litert-micro:accumulator_util.h'
ERROR: /app/tests/npusim_examples/BUILD:31:19: Compiling tests/npusim_examples/run_full_mobilenet_v1.cc failed: missing input file '//sw/opt/litert-micro:memory_util.h'
ERROR: /app/tests/npusim_examples/BUILD:31:19: Compiling tests/npusim_examples/run_full_mobilenet_v1.cc failed: missing input file '//sw/opt/litert-micro:conv.h'
ERROR: /app/tests/npusim_examples/BUILD:31:19: Compiling tests/npusim_examples/run_full_mobilenet_v1.cc failed: missing input file '//sw/opt/litert-micro:depthwise_conv.h'
ERROR: /app/tests/npusim_examples/BUILD:31:19: Compiling tests/npusim_examples/run_full_mobilenet_v1.cc failed: 9 input file(s) do not exist
ERROR: /app/sw/opt/litert-micro/BUILD:52:11: Compiling sw/opt/litert-micro/conv.cc failed: missing input file '//sw/opt/litert-micro:conv.cc'
ERROR: /app/sw/opt/litert-micro/BUILD:52:11: Compiling sw/opt/litert-micro/conv.cc failed: missing input file '//sw/opt/litert-micro:conv.h'
ERROR: /app/sw/opt/litert-micro/BUILD:52:11: Compiling sw/opt/litert-micro/conv.cc failed: missing input file '//sw/opt/litert-micro:memory_util.h'
ERROR: /app/sw/opt/litert-micro/BUILD:52:11: Compiling sw/opt/litert-micro/conv.cc failed: missing input file '//sw/opt/litert-micro:accumulator_util.h'
ERROR: /app/sw/opt/litert-micro/BUILD:52:11: Compiling sw/opt/litert-micro/conv.cc failed: missing input file '//sw/opt:rvv_opt.h'
ERROR: /app/sw/opt/litert-micro/BUILD:52:11: Compiling sw/opt/litert-micro/conv.cc failed: missing input file '//sw/opt:rvv_opt.h'
ERROR: /app/sw/opt/litert-micro/BUILD:52:11: Compiling sw/opt/litert-micro/conv.cc failed: missing input file '//sw/opt/litert-micro:conv.h'
ERROR: /app/sw/opt/litert-micro/BUILD:52:11: Compiling sw/opt/litert-micro/conv.cc failed: missing input file '//sw/opt/litert-micro:accumulator_util.h'
ERROR: /app/sw/opt/litert-micro/BUILD:52:11: Compiling sw/opt/litert-micro/conv.cc failed: missing input file '//sw/opt/litert-micro:memory_util.h'
ERROR: /app/sw/opt/litert-micro/BUILD:52:11: Compiling sw/opt/litert-micro/conv.cc failed: 9 input file(s) do not exist
ERROR: /app/tests/cocotb/tutorial/tfmicro/BUILD:190:19: Compiling tests/cocotb/tutorial/tfmicro/conv2d_test.cc failed: missing input file '//sw/opt/litert-micro:conv.h'
ERROR: /app/tests/cocotb/tutorial/tfmicro/BUILD:190:19: Compiling tests/cocotb/tutorial/tfmicro/conv2d_test.cc failed: missing input file '//sw/opt/litert-micro:memory_util.h'
ERROR: /app/tests/cocotb/tutorial/tfmicro/BUILD:190:19: Compiling tests/cocotb/tutorial/tfmicro/conv2d_test.cc failed: missing input file '//sw/opt/litert-micro:accumulator_util.h'
ERROR: /app/tests/cocotb/tutorial/tfmicro/BUILD:190:19: Compiling tests/cocotb/tutorial/tfmicro/conv2d_test.cc failed: missing input file '//sw/opt/litert-micro:memory_util.h'
ERROR: /app/tests/cocotb/tutorial/tfmicro/BUILD:190:19: Compiling tests/cocotb/tutorial/tfmicro/conv2d_test.cc failed: missing input file '//sw/opt:rvv_opt.h'
ERROR: /app/tests/cocotb/tutorial/tfmicro/BUILD:190:19: Compiling tests/cocotb/tutorial/tfmicro/conv2d_test.cc failed: missing input file '//sw/opt/litert-micro:conv.h'
ERROR: /app/tests/cocotb/tutorial/tfmicro/BUILD:190:19: Compiling tests/cocotb/tutorial/tfmicro/conv2d_test.cc failed: 6 input file(s) do not exist
ERROR: /app/sw/opt/litert-micro/BUILD:52:11: Compiling sw/opt/litert-micro/conv.cc failed: missing input file '//sw/opt/litert-micro:conv.cc'
ERROR: /app/sw/opt/litert-micro/BUILD:52:11: Compiling sw/opt/litert-micro/conv.cc failed: missing input file '//sw/opt/litert-micro:conv.h'
ERROR: /app/sw/opt/litert-micro/BUILD:52:11: Compiling sw/opt/litert-micro/conv.cc failed: missing input file '//sw/opt/litert-micro:memory_util.h'
ERROR: /app/sw/opt/litert-micro/BUILD:52:11: Compiling sw/opt/litert-micro/conv.cc failed: missing input file '//sw/opt/litert-micro:accumulator_util.h'
ERROR: /app/sw/opt/litert-micro/BUILD:52:11: Compiling sw/opt/litert-micro/conv.cc failed: missing input file '//sw/opt:rvv_opt.h'
ERROR: /app/sw/opt/litert-micro/BUILD:52:11: Compiling sw/opt/litert-micro/conv.cc failed: missing input file '//sw/opt:rvv_opt.h'
ERROR: /app/sw/opt/litert-micro/BUILD:52:11: Compiling sw/opt/litert-micro/conv.cc failed: missing input file '//sw/opt/litert-micro:conv.h'
ERROR: /app/sw/opt/litert-micro/BUILD:52:11: Compiling sw/opt/litert-micro/conv.cc failed: missing input file '//sw/opt/litert-micro:accumulator_util.h'
ERROR: /app/sw/opt/litert-micro/BUILD:52:11: Compiling sw/opt/litert-micro/conv.cc failed: missing input file '//sw/opt/litert-micro:memory_util.h'
ERROR: /app/sw/opt/litert-micro/BUILD:52:11: Compiling sw/opt/litert-micro/conv.cc failed: 9 input file(s) do not exist
ERROR: /app/sw/opt/litert-micro/test/BUILD:32:19: Compiling sw/opt/litert-micro/test/conv_test.cc failed: missing input file '//sw/opt/litert-micro:conv.h'
ERROR: /app/sw/opt/litert-micro/test/BUILD:32:19: Compiling sw/opt/litert-micro/test/conv_test.cc failed: missing input file '//sw/opt/litert-micro:memory_util.h'
ERROR: /app/sw/opt/litert-micro/test/BUILD:32:19: Compiling sw/opt/litert-micro/test/conv_test.cc failed: missing input file '//sw/utils:utils.h'
ERROR: /app/sw/opt/litert-micro/test/BUILD:32:19: Compiling sw/opt/litert-micro/test/conv_test.cc failed: missing input file '//sw/utils:utils.h'
ERROR: /app/sw/opt/litert-micro/test/BUILD:32:19: Compiling sw/opt/litert-micro/test/conv_test.cc failed: missing input file '//sw/opt/litert-micro:accumulator_util.h'
ERROR: /app/sw/opt/litert-micro/test/BUILD:32:19: Compiling sw/opt/litert-micro/test/conv_test.cc failed: missing input file '//sw/opt/litert-micro:memory_util.h'
ERROR: /app/sw/opt/litert-micro/test/BUILD:32:19: Compiling sw/opt/litert-micro/test/conv_test.cc failed: missing input file '//sw/opt:rvv_opt.h'
ERROR: /app/sw/opt/litert-micro/test/BUILD:32:19: Compiling sw/opt/litert-micro/test/conv_test.cc failed: missing input file '//sw/opt/litert-micro:conv.h'
ERROR: /app/sw/opt/litert-micro/test/BUILD:32:19: Compiling sw/opt/litert-micro/test/conv_test.cc failed: 8 input file(s) do not exist
Analyzing: 2440 targets (417 packages loaded, 24581 targets configured)
[5,443 / 6,176] 1 / 43 tests, 1 failed; Compiling src/google/protobuf/compiler/cpp/extension.cc [for tool]; 9s processwrapper-sandbox ... (8 actions, 7 running)
Analyzing: 2440 targets (417 packages loaded, 24581 targets configured)
[5,450 / 6,189] 1 / 43 tests, 1 failed; Compiling src/V3Tristate.cpp; 5s processwrapper-sandbox ... (9 actions, 8 running)
Analyzing: 2440 targets (417 packages loaded, 24581 targets configured)
[5,455 / 6,189] 1 / 43 tests, 1 failed; Compiling src/google/protobuf/compiler/csharp/csharp_field_base.cc [for tool]; 5s processwrapper-sandbox ... (9 actions, 8 running)
Analyzing: 2440 targets (417 packages loaded, 24581 targets configured)
[5,456 / 6,189] 1 / 43 tests, 1 failed; Compiling src/google/protobuf/compiler/csharp/csharp_field_base.cc [for tool]; 6s processwrapper-sandbox ... (9 actions, 8 running)
Analyzing: 2440 targets (417 packages loaded, 24581 targets configured)
[5,464 / 6,191] 1 / 43 tests, 1 failed; Compiling src/google/protobuf/compiler/cpp/field.cc [for tool]; 3s processwrapper-sandbox ... (9 actions, 8 running)
Analyzing: 2440 targets (417 packages loaded, 24581 targets configured)
[5,468 / 6,191] 1 / 43 tests, 1 failed; Compiling src/google/protobuf/compiler/cpp/field.cc [for tool]; 4s processwrapper-sandbox ... (8 actions, 7 running)
Analyzing: 2440 targets (417 packages loaded, 24581 targets configured)
[5,471 / 6,191] 1 / 43 tests, 1 failed; Compiling src/google/protobuf/compiler/cpp/field.cc [for tool]; 5s processwrapper-sandbox ... (8 actions, 7 running)
Analyzing: 2440 targets (417 packages loaded, 24581 targets configured)
[5,472 / 6,191] 1 / 43 tests, 1 failed; Compiling src/google/protobuf/compiler/cpp/field.cc [for tool]; 7s processwrapper-sandbox ... (9 actions, 8 running)
Analyzing: 2440 targets (417 packages loaded, 24581 targets configured)
[5,475 / 6,191] 1 / 43 tests, 1 failed; Compiling src/google/protobuf/compiler/kotlin/generator.cc [for tool]; 5s processwrapper-sandbox ... (9 actions, 8 running)
INFO: From Compiling src/google/protobuf/compiler/kotlin/generator.cc [for tool]:
In file included from bazel-out/k8-opt-exec-ST-a828a81199fe/bin/external/com_google_protobuf/src/google/protobuf/compiler/java/_virtual_includes/helpers/google/protobuf/compiler/java/helpers.h:23,
                 from external/com_google_protobuf/src/google/protobuf/compiler/kotlin/generator.cc:18:
bazel-out/k8-opt-exec-ST-a828a81199fe/bin/external/com_google_protobuf/src/google/protobuf/io/_virtual_includes/printer/google/protobuf/io/printer.h: In instantiation of 'void google::protobuf::io::AnnotationProtoCollector<AnnotationProto>::AddAnnotation(size_t, size_t, const std::string&, const std::vector<int>&, std::optional<google::protobuf::io::AnnotationCollector::Semantic>) [with AnnotationProto = google::protobuf::GeneratedCodeInfo; size_t = long unsigned int; std::string = std::__cxx11::basic_string<char>]':
bazel-out/k8-opt-exec-ST-a828a81199fe/bin/external/com_google_protobuf/src/google/protobuf/io/_virtual_includes/printer/google/protobuf/io/printer.h:123:8:   required from here
bazel-out/k8-opt-exec-ST-a828a81199fe/bin/external/com_google_protobuf/src/google/protobuf/io/_virtual_includes/printer/google/protobuf/io/printer.h:127:23: warning: comparison of integer expressions of different signedness: 'int' and 'std::vector<int>::size_type' {aka 'long unsigned int'} [-Wsign-compare]
  127 |     for (int i = 0; i < path.size(); ++i) {
      |                     ~~^~~~~~~~~~~~~
Analyzing: 2440 targets (417 packages loaded, 24581 targets configured)
[5,478 / 6,191] 1 / 43 tests, 1 failed; Compiling src/google/protobuf/compiler/cpp/field_generators/cord_field.cc [for tool]; 5s processwrapper-sandbox ... (8 actions running)
Analyzing: 2440 targets (417 packages loaded, 24581 targets configured)
[5,482 / 6,194] 1 / 43 tests, 1 failed; Compiling src/google/protobuf/compiler/cpp/message.cc [for tool]; 5s processwrapper-sandbox ... (9 actions, 7 running)
Analyzing: 2440 targets (417 packages loaded, 24581 targets configured)
[5,485 / 6,194] 1 / 43 tests, 1 failed; Compiling src/google/protobuf/compiler/cpp/message.cc [for tool]; 6s processwrapper-sandbox ... (8 actions, 7 running)
Analyzing: 2440 targets (417 packages loaded, 24581 targets configured)
[5,491 / 6,196] 1 / 43 tests, 1 failed; Compiling src/google/protobuf/compiler/cpp/message.cc [for tool]; 7s processwrapper-sandbox ... (8 actions, 7 running)
Analyzing: 2440 targets (417 packages loaded, 24581 targets configured)
[5,494 / 6,198] 1 / 43 tests, 1 failed; Compiling src/google/protobuf/compiler/cpp/message.cc [for tool]; 8s processwrapper-sandbox ... (9 actions, 8 running)
Analyzing: 2440 targets (417 packages loaded, 24581 targets configured)
[5,495 / 6,198] 1 / 43 tests, 1 failed; Compiling src/google/protobuf/compiler/cpp/message.cc [for tool]; 10s processwrapper-sandbox ... (9 actions, 7 running)
Analyzing: 2440 targets (417 packages loaded, 24581 targets configured)
[5,496 / 6,198] 1 / 43 tests, 1 failed; Compiling src/google/protobuf/compiler/cpp/message.cc [for tool]; 11s processwrapper-sandbox ... (9 actions, 8 running)
Analyzing: 2440 targets (417 packages loaded, 24581 targets configured)
[5,506 / 6,202] 1 / 43 tests, 1 failed; Compiling src/google/protobuf/compiler/cpp/message.cc [for tool]; 13s processwrapper-sandbox ... (9 actions, 7 running)
Analyzing: 2440 targets (417 packages loaded, 24581 targets configured)
[5,510 / 6,204] 1 / 43 tests, 1 failed; Compiling src/google/protobuf/compiler/cpp/message.cc [for tool]; 14s processwrapper-sandbox ... (9 actions, 8 running)
Analyzing: 2440 targets (417 packages loaded, 24581 targets configured)
[5,511 / 6,204] 1 / 43 tests, 1 failed; Compiling src/google/protobuf/compiler/cpp/message.cc [for tool]; 15s processwrapper-sandbox ... (9 actions, 8 running)
INFO: From Compiling src/google/protobuf/compiler/kotlin/file.cc [for tool]:
In file included from bazel-out/k8-opt-exec-ST-a828a81199fe/bin/external/com_google_protobuf/src/google/protobuf/compiler/java/_virtual_includes/helpers/google/protobuf/compiler/java/helpers.h:23,
                 from bazel-out/k8-opt-exec-ST-a828a81199fe/bin/external/com_google_protobuf/src/google/protobuf/compiler/java/_virtual_includes/helpers/google/protobuf/compiler/java/context.h:15,
                 from bazel-out/k8-opt-exec-ST-a828a81199fe/bin/external/com_google_protobuf/src/google/protobuf/compiler/kotlin/_virtual_includes/kotlin_internal/google/protobuf/compiler/kotlin/message.h:12,
                 from bazel-out/k8-opt-exec-ST-a828a81199fe/bin/external/com_google_protobuf/src/google/protobuf/compiler/kotlin/_virtual_includes/kotlin_internal/google/protobuf/compiler/kotlin/file.h:18,
                 from external/com_google_protobuf/src/google/protobuf/compiler/kotlin/file.cc:8:
bazel-out/k8-opt-exec-ST-a828a81199fe/bin/external/com_google_protobuf/src/google/protobuf/io/_virtual_includes/printer/google/protobuf/io/printer.h: In instantiation of 'void google::protobuf::io::AnnotationProtoCollector<AnnotationProto>::AddAnnotation(size_t, size_t, const std::string&, const std::vector<int>&, std::optional<google::protobuf::io::AnnotationCollector::Semantic>) [with AnnotationProto = google::protobuf::GeneratedCodeInfo; size_t = long unsigned int; std::string = std::__cxx11::basic_string<char>]':
bazel-out/k8-opt-exec-ST-a828a81199fe/bin/external/com_google_protobuf/src/google/protobuf/io/_virtual_includes/printer/google/protobuf/io/printer.h:123:8:   required from here
bazel-out/k8-opt-exec-ST-a828a81199fe/bin/external/com_google_protobuf/src/google/protobuf/io/_virtual_includes/printer/google/protobuf/io/printer.h:127:23: warning: comparison of integer expressions of different signedness: 'int' and 'std::vector<int>::size_type' {aka 'long unsigned int'} [-Wsign-compare]
  127 |     for (int i = 0; i < path.size(); ++i) {
      |                     ~~^~~~~~~~~~~~~
Analyzing: 2440 targets (417 packages loaded, 24581 targets configured)
[5,514 / 6,204] 1 / 43 tests, 1 failed; Compiling src/google/protobuf/compiler/cpp/message.cc [for tool]; 16s processwrapper-sandbox ... (8 actions running)
Analyzing: 2440 targets (417 packages loaded, 24581 targets configured)
[5,517 / 6,211] 1 / 43 tests, 1 failed; Compiling src/google/protobuf/compiler/cpp/message.cc [for tool]; 17s processwrapper-sandbox ... (9 actions, 8 running)
Analyzing: 2440 targets (417 packages loaded, 24581 targets configured)
[5,518 / 6,216] 1 / 43 tests, 1 failed; Compiling src/google/protobuf/compiler/cpp/message.cc [for tool]; 18s processwrapper-sandbox ... (9 actions, 8 running)
Analyzing: 2440 targets (417 packages loaded, 24581 targets configured)
[5,520 / 6,216] 1 / 43 tests, 1 failed; Compiling src/google/protobuf/compiler/cpp/message.cc [for tool]; 20s processwrapper-sandbox ... (8 actions, 7 running)
Analyzing: 2440 targets (417 packages loaded, 24581 targets configured)
[5,527 / 6,218] 1 / 43 tests, 1 failed; Compiling src/google/protobuf/compiler/cpp/message.cc [for tool]; 21s processwrapper-sandbox ... (9 actions, 8 running)
Analyzing: 2440 targets (417 packages loaded, 24581 targets configured)
[5,531 / 6,220] 1 / 43 tests, 1 failed; Compiling src/google/protobuf/compiler/cpp/message.cc [for tool]; 22s processwrapper-sandbox ... (9 actions, 8 running)
Analyzing: 2440 targets (417 packages loaded, 24581 targets configured)
[5,533 / 6,220] 1 / 43 tests, 1 failed; Compiling src/V3AstNodes.cpp; 10s processwrapper-sandbox ... (9 actions, 7 running)
INFO: From Compiling src/google/protobuf/compiler/java/full/message_builder.cc [for tool]:
external/com_google_protobuf/src/google/protobuf/compiler/java/full/message_builder.cc: In member function 'void google::protobuf::compiler::java::MessageBuilderGenerator::GenerateDescriptorMethods(google::protobuf::io::Printer*)':
external/com_google_protobuf/src/google/protobuf/compiler/java/full/message_builder.cc:214:23: warning: comparison of integer expressions of different signedness: 'int' and 'std::vector<const google::protobuf::FieldDescriptor*>::size_type' {aka 'long unsigned int'} [-Wsign-compare]
  214 |     for (int i = 0; i < map_fields.size(); ++i) {
      |                     ~~^~~~~~~~~~~~~~~~~~~
external/com_google_protobuf/src/google/protobuf/compiler/java/full/message_builder.cc:240:23: warning: comparison of integer expressions of different signedness: 'int' and 'std::vector<const google::protobuf::FieldDescriptor*>::size_type' {aka 'long unsigned int'} [-Wsign-compare]
  240 |     for (int i = 0; i < map_fields.size(); ++i) {
      |                     ~~^~~~~~~~~~~~~~~~~~~
Analyzing: 2440 targets (417 packages loaded, 24581 targets configured)
[5,535 / 6,227] 1 / 43 tests, 1 failed; Compiling src/V3AstNodes.cpp; 11s processwrapper-sandbox ... (8 actions, 7 running)
Analyzing: 2440 targets (417 packages loaded, 24581 targets configured)
[5,536 / 6,227] 1 / 43 tests, 1 failed; Compiling src/V3AstNodes.cpp; 13s processwrapper-sandbox ... (9 actions, 7 running)
Analyzing: 2440 targets (417 packages loaded, 24581 targets configured)
[5,541 / 6,227] 1 / 43 tests, 1 failed; Compiling src/V3AstNodes.cpp; 14s processwrapper-sandbox ... (9 actions, 8 running)
Analyzing: 2440 targets (417 packages loaded, 24581 targets configured)
[5,544 / 6,227] 1 / 43 tests, 1 failed; Compiling src/google/protobuf/compiler/java/full/message.cc [for tool]; 2s processwrapper-sandbox ... (8 actions, 7 running)
Analyzing: 2440 targets (417 packages loaded, 24581 targets configured)
[5,547 / 6,229] 1 / 43 tests, 1 failed; Compiling src/google/protobuf/compiler/java/full/message.cc [for tool]; 3s processwrapper-sandbox ... (8 actions, 7 running)
Analyzing: 2440 targets (417 packages loaded, 24581 targets configured)
[5,548 / 6,229] 1 / 43 tests, 1 failed; Compiling src/google/protobuf/compiler/java/full/message.cc [for tool]; 4s processwrapper-sandbox ... (8 actions, 7 running)
Analyzing: 2440 targets (417 packages loaded, 24581 targets configured)
[5,550 / 6,231] 1 / 43 tests, 1 failed; Compiling src/google/protobuf/compiler/java/full/message.cc [for tool]; 5s processwrapper-sandbox ... (9 actions, 8 running)
Analyzing: 2440 targets (417 packages loaded, 24581 targets configured)
[5,554 / 6,231] 1 / 43 tests, 1 failed; Compiling src/google/protobuf/compiler/java/full/message.cc [for tool]; 7s processwrapper-sandbox ... (8 actions, 7 running)
INFO: From Compiling src/google/protobuf/compiler/java/full/message.cc [for tool]:
external/com_google_protobuf/src/google/protobuf/compiler/java/full/message.cc: In member function 'void google::protobuf::compiler::java::ImmutableMessageGenerator::GenerateDescriptorMethods(google::protobuf::io::Printer*)':
external/com_google_protobuf/src/google/protobuf/compiler/java/full/message.cc:807:23: warning: comparison of integer expressions of different signedness: 'int' and 'std::vector<const google::protobuf::FieldDescriptor*>::size_type' {aka 'long unsigned int'} [-Wsign-compare]
  807 |     for (int i = 0; i < map_fields.size(); ++i) {
      |                     ~~^~~~~~~~~~~~~~~~~~~
Analyzing: 2440 targets (417 packages loaded, 24581 targets configured)
[5,556 / 6,237] 1 / 43 tests, 1 failed; Compiling src/google/protobuf/compiler/cpp/file.cc [for tool]; 6s processwrapper-sandbox ... (8 actions, 7 running)
INFO: From Compiling src/google/protobuf/compiler/java/full/enum.cc [for tool]:
external/com_google_protobuf/src/google/protobuf/compiler/java/full/enum.cc: In member function 'virtual void google::protobuf::compiler::java::EnumNonLiteGenerator::Generate(google::protobuf::io::Printer*)':
external/com_google_protobuf/src/google/protobuf/compiler/java/full/enum.cc:77:21: warning: comparison of integer expressions of different signedness: 'int' and 'std::vector<const google::protobuf::EnumValueDescriptor*>::size_type' {aka 'long unsigned int'} [-Wsign-compare]
   77 |   for (int i = 0; i < canonical_values_.size(); i++) {
      |                   ~~^~~~~~~~~~~~~~~~~~~~~~~~~~
external/com_google_protobuf/src/google/protobuf/compiler/java/full/enum.cc:85:21: warning: comparison of integer expressions of different signedness: 'int' and 'std::vector<const google::protobuf::EnumValueDescriptor*>::size_type' {aka 'long unsigned int'} [-Wsign-compare]
   85 |   for (int i = 0; i < canonical_values_.size(); i++) {
      |                   ~~^~~~~~~~~~~~~~~~~~~~~~~~~~
external/com_google_protobuf/src/google/protobuf/compiler/java/full/enum.cc:125:21: warning: comparison of integer expressions of different signedness: 'int' and 'std::vector<google::protobuf::compiler::java::EnumNonLiteGenerator::Alias>::size_type' {aka 'long unsigned int'} [-Wsign-compare]
  125 |   for (int i = 0; i < aliases_.size(); i++) {
      |                   ~~^~~~~~~~~~~~~~~~~
external/com_google_protobuf/src/google/protobuf/compiler/java/full/enum.cc:209:21: warning: comparison of integer expressions of different signedness: 'int' and 'std::vector<const google::protobuf::EnumValueDescriptor*>::size_type' {aka 'long unsigned int'} [-Wsign-compare]
  209 |   for (int i = 0; i < canonical_values_.size(); i++) {
      |                   ~~^~~~~~~~~~~~~~~~~~~~~~~~~~
external/com_google_protobuf/src/google/protobuf/compiler/java/full/enum.cc: In member function 'bool google::protobuf::compiler::java::EnumNonLiteGenerator::CanUseEnumValues()':
external/com_google_protobuf/src/google/protobuf/compiler/java/full/enum.cc:383:32: warning: comparison of integer expressions of different signedness: 'std::vector<const google::protobuf::EnumValueDescriptor*>::size_type' {aka 'long unsigned int'} and 'int' [-Wsign-compare]
  383 |   if (canonical_values_.size() != descriptor_->value_count()) {
      |       ~~~~~~~~~~~~~~~~~~~~~~~~~^~~~~~~~~~~~~~~~~~~~~~~~~~~~~
Analyzing: 2440 targets (417 packages loaded, 24581 targets configured)
[5,567 / 6,255] 1 / 43 tests, 1 failed; Compiling src/google/protobuf/compiler/cpp/file.cc [for tool]; 7s processwrapper-sandbox ... (8 actions running)
Analyzing: 2440 targets (417 packages loaded, 24581 targets configured)
[5,569 / 6,258] 1 / 43 tests, 1 failed; Compiling src/google/protobuf/compiler/cpp/file.cc [for tool]; 8s processwrapper-sandbox ... (9 actions, 8 running)
Analyzing: 2440 targets (417 packages loaded, 24581 targets configured)
[5,570 / 6,258] 1 / 43 tests, 1 failed; Compiling src/google/protobuf/compiler/cpp/file.cc [for tool]; 9s processwrapper-sandbox ... (8 actions, 7 running)
Analyzing: 2440 targets (417 packages loaded, 24581 targets configured)
[5,576 / 6,260] 1 / 43 tests, 1 failed; Compiling src/google/protobuf/compiler/cpp/file.cc [for tool]; 10s processwrapper-sandbox ... (9 actions, 7 running)
Analyzing: 2440 targets (417 packages loaded, 24581 targets configured)
[5,580 / 6,262] 1 / 43 tests, 1 failed; Compiling src/google/protobuf/compiler/cpp/file.cc [for tool]; 12s processwrapper-sandbox ... (8 actions, 7 running)
Analyzing: 2440 targets (417 packages loaded, 24581 targets configured)
[5,585 / 6,267] 1 / 43 tests, 1 failed; Compiling src/google/protobuf/compiler/cpp/file.cc [for tool]; 13s processwrapper-sandbox ... (8 actions, 7 running)
Analyzing: 2440 targets (417 packages loaded, 24581 targets configured)
[5,589 / 6,269] 1 / 43 tests, 1 failed; Compiling src/google/protobuf/compiler/cpp/file.cc [for tool]; 14s processwrapper-sandbox ... (9 actions, 7 running)
Analyzing: 2440 targets (417 packages loaded, 24581 targets configured)
[5,592 / 6,269] 1 / 43 tests, 1 failed; Compiling src/google/protobuf/compiler/cpp/file.cc [for tool]; 15s processwrapper-sandbox ... (8 actions running)
Analyzing: 2440 targets (417 packages loaded, 24581 targets configured)
[5,599 / 6,271] 1 / 43 tests, 1 failed; Compiling src/google/protobuf/compiler/java/lite/message.cc [for tool]; 4s processwrapper-sandbox ... (9 actions, 8 running)
Analyzing: 2440 targets (417 packages loaded, 24581 targets configured)
[5,600 / 6,271] 1 / 43 tests, 1 failed; Compiling src/google/protobuf/compiler/java/lite/message.cc [for tool]; 5s processwrapper-sandbox ... (9 actions, 7 running)
Analyzing: 2440 targets (417 packages loaded, 24581 targets configured)
[5,601 / 6,271] 1 / 43 tests, 1 failed; Compiling src/google/protobuf/compiler/java/lite/message.cc [for tool]; 6s processwrapper-sandbox ... (8 actions, 7 running)
Analyzing: 2440 targets (417 packages loaded, 24581 targets configured)
[5,607 / 6,273] 1 / 43 tests, 1 failed; Compiling src/google/protobuf/compiler/java/full/primitive_field.cc [for tool]; 7s processwrapper-sandbox ... (8 actions, 7 running)
Analyzing: 2440 targets (417 packages loaded, 24581 targets configured)
[5,612 / 6,280] 1 / 43 tests, 1 failed; Compiling src/google/protobuf/compiler/java/lite/primitive_field.cc [for tool]; 7s processwrapper-sandbox ... (9 actions, 8 running)
Analyzing: 2440 targets (417 packages loaded, 24581 targets configured)
[5,619 / 6,282] 1 / 43 tests, 1 failed; Compiling src/google/protobuf/compiler/java/lite/generator_factory.cc [for tool]; 3s processwrapper-sandbox ... (8 actions, 7 running)
Analyzing: 2440 targets (417 packages loaded, 24581 targets configured)
[5,627 / 6,306] 1 / 43 tests, 1 failed; Compiling src/google/protobuf/compiler/java/full/message_field.cc [for tool]; 2s processwrapper-sandbox ... (8 actions, 7 running)
Analyzing: 2440 targets (417 packages loaded, 24581 targets configured)
[5,628 / 6,306] 1 / 43 tests, 1 failed; Compiling src/google/protobuf/compiler/java/full/message_field.cc [for tool]; 4s processwrapper-sandbox ... (8 actions, 7 running)
Analyzing: 2440 targets (417 packages loaded, 24581 targets configured)
[5,630 / 6,306] 1 / 43 tests, 1 failed; Compiling src/google/protobuf/compiler/java/full/message_field.cc [for tool]; 5s processwrapper-sandbox ... (8 actions, 7 running)
Analyzing: 2440 targets (417 packages loaded, 24581 targets configured)
[5,631 / 6,306] 1 / 43 tests, 1 failed; Compiling src/google/protobuf/compiler/java/full/message_field.cc [for tool]; 6s processwrapper-sandbox ... (9 actions, 8 running)
Analyzing: 2440 targets (417 packages loaded, 24581 targets configured)
[5,635 / 6,306] 1 / 43 tests, 1 failed; Compiling src/google/protobuf/compiler/java/lite/message_field.cc [for tool]; 6s processwrapper-sandbox ... (8 actions, 7 running)
Analyzing: 2440 targets (417 packages loaded, 24581 targets configured)
[5,640 / 6,308] 1 / 43 tests, 1 failed; Compiling src/google/protobuf/compiler/java/full/map_field.cc [for tool]; 6s processwrapper-sandbox ... (8 actions, 7 running)
Analyzing: 2440 targets (417 packages loaded, 24581 targets configured)
[5,642 / 6,308] 1 / 43 tests, 1 failed; Compiling src/google/protobuf/compiler/java/name_resolver.cc [for tool]; 3s processwrapper-sandbox ... (8 actions, 7 running)
Analyzing: 2440 targets (417 packages loaded, 24581 targets configured)
[5,646 / 6,310] 1 / 43 tests, 1 failed; Compiling src/google/protobuf/compiler/java/lite/enum.cc [for tool]; 3s processwrapper-sandbox ... (8 actions, 7 running)
Analyzing: 2440 targets (417 packages loaded, 24581 targets configured)
[5,646 / 6,310] 1 / 43 tests, 1 failed; Compiling src/google/protobuf/compiler/java/lite/enum.cc [for tool]; 4s processwrapper-sandbox ... (9 actions, 8 running)
Analyzing: 2440 targets (417 packages loaded, 24581 targets configured)
[5,652 / 6,312] 1 / 43 tests, 1 failed; Compiling src/google/protobuf/compiler/java/lite/enum.cc [for tool]; 5s processwrapper-sandbox ... (8 actions running)
INFO: From Compiling src/google/protobuf/compiler/java/lite/enum.cc [for tool]:
external/com_google_protobuf/src/google/protobuf/compiler/java/lite/enum.cc: In member function 'virtual void google::protobuf::compiler::java::EnumLiteGenerator::Generate(google::protobuf::io::Printer*)':
external/com_google_protobuf/src/google/protobuf/compiler/java/lite/enum.cc:70:21: warning: comparison of integer expressions of different signedness: 'int' and 'std::vector<const google::protobuf::EnumValueDescriptor*>::size_type' {aka 'long unsigned int'} [-Wsign-compare]
   70 |   for (int i = 0; i < canonical_values_.size(); i++) {
      |                   ~~^~~~~~~~~~~~~~~~~~~~~~~~~~
external/com_google_protobuf/src/google/protobuf/compiler/java/lite/enum.cc:94:21: warning: comparison of integer expressions of different signedness: 'int' and 'std::vector<google::protobuf::compiler::java::EnumLiteGenerator::Alias>::size_type' {aka 'long unsigned int'} [-Wsign-compare]
   94 |   for (int i = 0; i < aliases_.size(); i++) {
      |                   ~~^~~~~~~~~~~~~~~~~
external/com_google_protobuf/src/google/protobuf/compiler/java/lite/enum.cc:165:21: warning: comparison of integer expressions of different signedness: 'int' and 'std::vector<const google::protobuf::EnumValueDescriptor*>::size_type' {aka 'long unsigned int'} [-Wsign-compare]
  165 |   for (int i = 0; i < canonical_values_.size(); i++) {
      |                   ~~^~~~~~~~~~~~~~~~~~~~~~~~~~
Analyzing: 2440 targets (417 packages loaded, 24581 targets configured)
[5,664 / 6,324] 1 / 43 tests, 1 failed; Compiling src/google/protobuf/compiler/java/lite/map_field.cc [for tool]; 6s processwrapper-sandbox ... (9 actions, 7 running)
Analyzing: 2440 targets (417 packages loaded, 24581 targets configured)
[5,666 / 6,324] 1 / 43 tests, 1 failed; Compiling src/google/protobuf/compiler/java/helpers.cc [for tool]; 3s processwrapper-sandbox ... (9 actions, 8 running)
Analyzing: 2440 targets (417 packages loaded, 24581 targets configured)
[5,668 / 6,324] 1 / 43 tests, 1 failed; Compiling src/google/protobuf/compiler/java/helpers.cc [for tool]; 5s processwrapper-sandbox ... (9 actions, 8 running)
Analyzing: 2440 targets (417 packages loaded, 24581 targets configured)
[5,669 / 6,324] 1 / 43 tests, 1 failed; Compiling src/google/protobuf/compiler/java/helpers.cc [for tool]; 6s processwrapper-sandbox ... (8 actions running)
Analyzing: 2440 targets (417 packages loaded, 24581 targets configured)
[5,674 / 6,326] 1 / 43 tests, 1 failed; Compiling src/google/protobuf/compiler/php/php_generator.cc [for tool]; 6s processwrapper-sandbox ... (8 actions, 7 running)
Analyzing: 2440 targets (417 packages loaded, 24581 targets configured)
[5,677 / 6,326] 1 / 43 tests, 1 failed; Compiling src/google/protobuf/compiler/php/php_generator.cc [for tool]; 8s processwrapper-sandbox ... (8 actions, 7 running)
Analyzing: 2440 targets (417 packages loaded, 24581 targets configured)
[5,677 / 6,326] 1 / 43 tests, 1 failed; Compiling src/google/protobuf/compiler/php/php_generator.cc [for tool]; 9s processwrapper-sandbox ... (9 actions, 8 running)
Analyzing: 2440 targets (417 packages loaded, 24581 targets configured)
[5,680 / 6,328] 1 / 43 tests, 1 failed; Compiling absl/strings/cord.cc [for tool]; 5s processwrapper-sandbox ... (9 actions, 8 running)
Analyzing: 2440 targets (417 packages loaded, 24581 targets configured)
[5,692 / 6,334] 1 / 43 tests, 1 failed; Compiling src/google/protobuf/compiler/java/doc_comment.cc [for tool]; 6s processwrapper-sandbox ... (8 actions, 7 running)
Analyzing: 2440 targets (417 packages loaded, 24581 targets configured)
[5,698 / 6,340] 1 / 43 tests, 1 failed; Compiling src/google/protobuf/compiler/objectivec/message.cc [for tool]; 7s processwrapper-sandbox ... (8 actions, 7 running)
Analyzing: 2440 targets (417 packages loaded, 24581 targets configured)
[5,700 / 6,340] 1 / 43 tests, 1 failed; Compiling src/google/protobuf/compiler/objectivec/message.cc [for tool]; 8s processwrapper-sandbox ... (8 actions, 7 running)
Analyzing: 2440 targets (417 packages loaded, 24581 targets configured)
[5,702 / 6,340] 1 / 43 tests, 1 failed; Compiling src/google/protobuf/compiler/objectivec/message.cc [for tool]; 9s processwrapper-sandbox ... (8 actions, 7 running)
Analyzing: 2440 targets (417 packages loaded, 24581 targets configured)
[5,702 / 6,340] 1 / 43 tests, 1 failed; Compiling src/google/protobuf/compiler/objectivec/message.cc [for tool]; 10s processwrapper-sandbox ... (9 actions, 8 running)
Analyzing: 2440 targets (417 packages loaded, 24581 targets configured)
[5,711 / 6,344] 1 / 43 tests, 1 failed; Compiling src/google/protobuf/compiler/rust/generator.cc [for tool]; 6s processwrapper-sandbox ... (9 actions, 8 running)
Analyzing: 2440 targets (417 packages loaded, 24581 targets configured)
[5,718 / 6,348] 1 / 43 tests, 1 failed; Compiling src/google/protobuf/compiler/rust/generator.cc [for tool]; 7s processwrapper-sandbox ... (9 actions, 8 running)
Analyzing: 2440 targets (417 packages loaded, 24581 targets configured)
[5,719 / 6,348] 1 / 43 tests, 1 failed; Compiling src/google/protobuf/compiler/java/lite/enum_field.cc [for tool]; 6s processwrapper-sandbox ... (8 actions, 7 running)
Analyzing: 2440 targets (417 packages loaded, 24581 targets configured)
[5,720 / 6,348] 1 / 43 tests, 1 failed; Compiling src/google/protobuf/compiler/java/lite/enum_field.cc [for tool]; 7s processwrapper-sandbox ... (8 actions, 7 running)
Analyzing: 2440 targets (417 packages loaded, 24581 targets configured)
[5,728 / 6,364] 1 / 43 tests, 1 failed; Compiling src/google/protobuf/compiler/python/generator.cc [for tool]; 7s processwrapper-sandbox ... (9 actions, 8 running)
Analyzing: 2440 targets (417 packages loaded, 24581 targets configured)
[5,731 / 6,364] 1 / 43 tests, 1 failed; Compiling src/google/protobuf/compiler/python/generator.cc [for tool]; 9s processwrapper-sandbox ... (8 actions, 7 running)
Analyzing: 2440 targets (417 packages loaded, 24581 targets configured)
[5,731 / 6,364] 1 / 43 tests, 1 failed; Compiling src/google/protobuf/compiler/python/generator.cc [for tool]; 10s processwrapper-sandbox ... (8 actions running)
Analyzing: 2440 targets (417 packages loaded, 24581 targets configured)
[5,736 / 6,368] 1 / 43 tests, 1 failed; Compiling src/google/protobuf/compiler/python/generator.cc [for tool]; 11s processwrapper-sandbox ... (9 actions, 8 running)
Analyzing: 2440 targets (417 packages loaded, 24581 targets configured)
[5,743 / 6,372] 1 / 43 tests, 1 failed; Compiling src/google/protobuf/compiler/python/generator.cc [for tool]; 12s processwrapper-sandbox ... (8 actions, 7 running)
Analyzing: 2440 targets (417 packages loaded, 24581 targets configured)
[5,753 / 6,376] 1 / 43 tests, 1 failed; Compiling src/google/protobuf/compiler/rust/accessors/with_presence.cc [for tool]; 5s processwrapper-sandbox ... (8 actions, 7 running)
Analyzing: 2440 targets (417 packages loaded, 24581 targets configured)
[5,766 / 6,385] 1 / 43 tests, 1 failed; Compiling src/V3SchedReplicate.cpp; 2s processwrapper-sandbox ... (8 actions, 7 running)
Analyzing: 2440 targets (417 packages loaded, 24581 targets configured)
[5,774 / 6,391] 1 / 43 tests, 1 failed; Compiling src/V3SchedReplicate.cpp; 3s processwrapper-sandbox ... (8 actions, 7 running)
INFO: From Compiling src/google/protobuf/compiler/rust/relative_path.cc [for tool]:
external/com_google_protobuf/src/google/protobuf/compiler/rust/relative_path.cc: In member function 'std::string google::protobuf::compiler::rust::RelativePath::Relative(const google::protobuf::compiler::rust::RelativePath&) const':
external/com_google_protobuf/src/google/protobuf/compiler/rust/relative_path.cc:65:21: warning: comparison of integer expressions of different signedness: 'int' and 'std::vector<std::basic_string_view<char> >::size_type' {aka 'long unsigned int'} [-Wsign-compare]
   65 |   for (int i = 0; i < current_segments.size(); ++i) {
      |                   ~~^~~~~~~~~~~~~~~~~~~~~~~~~
Analyzing: 2440 targets (417 packages loaded, 24581 targets configured)
[5,780 / 6,393] 1 / 43 tests, 1 failed; Compiling src/google/protobuf/compiler/rust/accessors/unsupported_field.cc [for tool]; 3s processwrapper-sandbox ... (8 actions running)
Analyzing: 2440 targets (417 packages loaded, 24581 targets configured)
[5,788 / 6,401] 1 / 43 tests, 1 failed; Compiling src/google/protobuf/compiler/rust/context.cc [for tool]; 4s processwrapper-sandbox ... (9 actions, 8 running)
Analyzing: 2440 targets (417 packages loaded, 24581 targets configured)
[5,790 / 6,401] 1 / 43 tests, 1 failed; Compiling src/V3SchedPartition.cpp; 3s processwrapper-sandbox ... (8 actions, 7 running)
Analyzing: 2440 targets (417 packages loaded, 24581 targets configured)
[5,797 / 6,405] 1 / 43 tests, 1 failed; Compiling src/google/protobuf/compiler/rust/naming.cc [for tool]; 4s processwrapper-sandbox ... (9 actions, 7 running)
Analyzing: 2440 targets (417 packages loaded, 24581 targets configured)
[5,799 / 6,405] 1 / 43 tests, 1 failed; Compiling src/google/protobuf/compiler/rust/naming.cc [for tool]; 5s processwrapper-sandbox ... (8 actions, 7 running)
Analyzing: 2440 targets (417 packages loaded, 24581 targets configured)
[5,811 / 6,432] 1 / 43 tests, 1 failed; Compiling src/google/protobuf/compiler/cpp/helpers.cc [for tool]; 6s processwrapper-sandbox ... (8 actions, 7 running)
Analyzing: 2440 targets (417 packages loaded, 24581 targets configured)
[5,811 / 6,432] 1 / 43 tests, 1 failed; Compiling src/google/protobuf/compiler/cpp/helpers.cc [for tool]; 7s processwrapper-sandbox ... (9 actions, 8 running)
Analyzing: 2440 targets (417 packages loaded, 24581 targets configured)
[5,816 / 6,435] 1 / 43 tests, 1 failed; Compiling src/google/protobuf/compiler/cpp/helpers.cc [for tool]; 8s processwrapper-sandbox ... (8 actions, 7 running)
Analyzing: 2440 targets (417 packages loaded, 24581 targets configured)
[5,817 / 6,435] 1 / 43 tests, 1 failed; Compiling src/google/protobuf/compiler/cpp/helpers.cc [for tool]; 10s processwrapper-sandbox ... (9 actions, 8 running)
Analyzing: 2440 targets (417 packages loaded, 24581 targets configured)
[5,821 / 6,435] 1 / 43 tests, 1 failed; Compiling src/google/protobuf/compiler/cpp/helpers.cc [for tool]; 11s processwrapper-sandbox ... (8 actions, 7 running)
Analyzing: 2440 targets (417 packages loaded, 24581 targets configured)
[5,829 / 6,456] 1 / 43 tests, 1 failed; Compiling src/google/protobuf/wire_format.cc [for tool]; 6s processwrapper-sandbox ... (8 actions, 7 running)
Analyzing: 2440 targets (417 packages loaded, 24581 targets configured)
[5,831 / 6,456] 1 / 43 tests, 1 failed; Compiling src/google/protobuf/wire_format.cc [for tool]; 8s processwrapper-sandbox ... (8 actions, 7 running)
Analyzing: 2440 targets (417 packages loaded, 24581 targets configured)
[5,838 / 6,474] 1 / 43 tests, 1 failed; Compiling src/google/protobuf/compiler/objectivec/file.cc [for tool]; 6s processwrapper-sandbox ... (9 actions, 7 running)
Analyzing: 2440 targets (417 packages loaded, 24581 targets configured)
[5,848 / 6,479] 1 / 43 tests, 1 failed; Compiling src/google/protobuf/compiler/objectivec/file.cc [for tool]; 7s processwrapper-sandbox ... (9 actions, 7 running)
Analyzing: 2440 targets (417 packages loaded, 24581 targets configured)
[5,851 / 6,479] 1 / 43 tests, 1 failed; Compiling src/google/protobuf/compiler/rust/accessors/singular_message.cc [for tool]; 3s processwrapper-sandbox ... (8 actions, 7 running)
Analyzing: 2440 targets (417 packages loaded, 24581 targets configured)
[5,859 / 6,481] 1 / 43 tests, 1 failed; Compiling src/google/protobuf/compiler/rust/accessors/singular_message.cc [for tool]; 4s processwrapper-sandbox ... (8 actions, 7 running)
Analyzing: 2440 targets (417 packages loaded, 24581 targets configured)
[5,867 / 6,483] 1 / 43 tests, 1 failed; Compiling src/V3Descope.cpp; 2s processwrapper-sandbox ... (9 actions, 8 running)
Analyzing: 2440 targets (417 packages loaded, 24581 targets configured)
[5,869 / 6,483] 1 / 43 tests, 1 failed; Compiling src/V3Descope.cpp; 3s processwrapper-sandbox ... (8 actions, 7 running)
Analyzing: 2440 targets (417 packages loaded, 24581 targets configured)
[5,883 / 6,494] 1 / 43 tests, 1 failed; Compiling src/google/protobuf/compiler/objectivec/field.cc [for tool]; 4s processwrapper-sandbox ... (8 actions, 7 running)
Analyzing: 2440 targets (417 packages loaded, 24581 targets configured)
[5,892 / 6,496] 1 / 43 tests, 1 failed; Compiling src/google/protobuf/compiler/objectivec/field.cc [for tool]; 5s processwrapper-sandbox ... (8 actions running)
Analyzing: 2440 targets (417 packages loaded, 24581 targets configured)
[5,896 / 6,498] 1 / 43 tests, 1 failed; Compiling src/google/protobuf/text_format.cc [for tool]; 6s processwrapper-sandbox ... (9 actions, 8 running)
Analyzing: 2440 targets (417 packages loaded, 24581 targets configured)
[5,897 / 6,498] 1 / 43 tests, 1 failed; Compiling src/google/protobuf/text_format.cc [for tool]; 7s processwrapper-sandbox ... (9 actions, 8 running)
Analyzing: 2440 targets (417 packages loaded, 24581 targets configured)
[5,900 / 6,498] 1 / 43 tests, 1 failed; Compiling src/google/protobuf/text_format.cc [for tool]; 8s processwrapper-sandbox ... (8 actions, 7 running)
Analyzing: 2440 targets (417 packages loaded, 24581 targets configured)
[5,905 / 6,498] 1 / 43 tests, 1 failed; Compiling src/V3Randomize.cpp; 5s processwrapper-sandbox ... (9 actions, 7 running)
Analyzing: 2440 targets (417 packages loaded, 24581 targets configured)
[5,909 / 6,498] 1 / 43 tests, 1 failed; Compiling src/google/protobuf/compiler/objectivec/extension.cc [for tool]; 4s processwrapper-sandbox ... (8 actions, 7 running)
Analyzing: 2440 targets (417 packages loaded, 24581 targets configured)
[5,913 / 6,498] 1 / 43 tests, 1 failed; Compiling src/google/protobuf/compiler/rust/accessors/repeated_field.cc [for tool]; 3s processwrapper-sandbox ... (8 actions, 7 running)
Analyzing: 2440 targets (417 packages loaded, 24581 targets configured)
[5,915 / 6,498] 1 / 43 tests, 1 failed; Compiling src/V3DfgAstToDfg.cpp; 3s processwrapper-sandbox ... (9 actions, 7 running)
Analyzing: 2440 targets (417 packages loaded, 24581 targets configured)
[5,919 / 6,498] 1 / 43 tests, 1 failed; Compiling src/V3DfgAstToDfg.cpp; 4s processwrapper-sandbox ... (9 actions, 7 running)
Analyzing: 2440 targets (417 packages loaded, 24581 targets configured)
[5,921 / 6,498] 1 / 43 tests, 1 failed; Compiling src/V3DfgAstToDfg.cpp; 5s processwrapper-sandbox ... (9 actions, 8 running)
Analyzing: 2440 targets (417 packages loaded, 24581 targets configured)
[5,922 / 6,498] 1 / 43 tests, 1 failed; Compiling src/V3DfgAstToDfg.cpp; 6s processwrapper-sandbox ... (9 actions, 8 running)
Analyzing: 2440 targets (417 packages loaded, 24581 targets configured)
[5,925 / 6,498] 1 / 43 tests, 1 failed; Compiling src/google/protobuf/compiler/rust/accessors/map.cc [for tool]; 4s processwrapper-sandbox ... (8 actions, 7 running)
Analyzing: 2440 targets (417 packages loaded, 24581 targets configured)
[5,929 / 6,498] 1 / 43 tests, 1 failed; Compiling src/V3DfgDfgToAst.cpp; 4s processwrapper-sandbox ... (8 actions, 7 running)
Analyzing: 2440 targets (417 packages loaded, 24581 targets configured)
[5,931 / 6,498] 1 / 43 tests, 1 failed; Compiling src/google/protobuf/message.cc [for tool]; 4s processwrapper-sandbox ... (8 actions, 7 running)
Analyzing: 2440 targets (417 packages loaded, 24581 targets configured)
[5,931 / 6,498] 1 / 43 tests, 1 failed; Compiling src/google/protobuf/message.cc [for tool]; 5s processwrapper-sandbox ... (9 actions, 8 running)
Analyzing: 2440 targets (417 packages loaded, 24581 targets configured)
[5,936 / 6,498] 1 / 43 tests, 1 failed; Compiling src/google/protobuf/descriptor.cc [for tool]; 4s processwrapper-sandbox ... (8 actions, 7 running)
Analyzing: 2440 targets (417 packages loaded, 24581 targets configured)
[6,154 / 6,498] 1 / 43 tests, 1 failed; Compiling src/google/protobuf/descriptor.cc [for tool]; 6s processwrapper-sandbox ... (9 actions, 8 running)
Analyzing: 2440 targets (417 packages loaded, 24581 targets configured)
[6,155 / 6,498] 2 / 43 tests, 1 failed; Compiling src/google/protobuf/descriptor.cc [for tool]; 7s processwrapper-sandbox ... (9 actions, 8 running)
Analyzing: 2440 targets (417 packages loaded, 24581 targets configured)
[6,156 / 6,498] 2 / 43 tests, 1 failed; Compiling src/google/protobuf/descriptor.cc [for tool]; 8s processwrapper-sandbox ... (8 actions, 7 running)
Analyzing: 2440 targets (417 packages loaded, 24581 targets configured)
[6,159 / 6,498] 2 / 43 tests, 1 failed; Compiling src/google/protobuf/descriptor.cc [for tool]; 10s processwrapper-sandbox ... (9 actions, 8 running)
Analyzing: 2440 targets (417 packages loaded, 24581 targets configured)
[6,161 / 6,498] 2 / 43 tests, 1 failed; Compiling src/google/protobuf/descriptor.cc [for tool]; 11s processwrapper-sandbox ... (9 actions, 8 running)
Analyzing: 2440 targets (417 packages loaded, 24581 targets configured)
[6,162 / 6,498] 2 / 43 tests, 1 failed; Compiling src/google/protobuf/descriptor.cc [for tool]; 12s processwrapper-sandbox ... (9 actions, 8 running)
Analyzing: 2440 targets (417 packages loaded, 24581 targets configured)
[6,167 / 6,498] 2 / 43 tests, 1 failed; Compiling src/google/protobuf/descriptor.cc [for tool]; 13s processwrapper-sandbox ... (9 actions, 8 running)
Analyzing: 2440 targets (417 packages loaded, 24581 targets configured)
[6,170 / 6,498] 2 / 43 tests, 1 failed; Compiling src/google/protobuf/descriptor.cc [for tool]; 14s processwrapper-sandbox ... (9 actions, 8 running)
Analyzing: 2440 targets (417 packages loaded, 24581 targets configured)
[6,171 / 6,498] 2 / 43 tests, 1 failed; Compiling src/google/protobuf/descriptor.cc [for tool]; 15s processwrapper-sandbox ... (9 actions, 8 running)
Analyzing: 2440 targets (417 packages loaded, 24581 targets configured)
[6,174 / 6,498] 2 / 43 tests, 1 failed; Compiling src/google/protobuf/descriptor.cc [for tool]; 16s processwrapper-sandbox ... (8 actions, 7 running)
Analyzing: 2440 targets (417 packages loaded, 24581 targets configured)
[6,175 / 6,498] 2 / 43 tests, 1 failed; Compiling src/google/protobuf/descriptor.cc [for tool]; 18s processwrapper-sandbox ... (9 actions, 8 running)
Analyzing: 2440 targets (417 packages loaded, 24581 targets configured)
[6,177 / 6,498] 2 / 43 tests, 1 failed; Compiling src/google/protobuf/descriptor.cc [for tool]; 19s processwrapper-sandbox ... (9 actions, 8 running)
Analyzing: 2440 targets (417 packages loaded, 24581 targets configured)
[6,179 / 6,498] 2 / 43 tests, 1 failed; Compiling src/google/protobuf/descriptor.cc [for tool]; 21s processwrapper-sandbox ... (9 actions, 8 running)
Analyzing: 2440 targets (417 packages loaded, 24581 targets configured)
[6,181 / 6,498] 2 / 43 tests, 1 failed; Compiling src/google/protobuf/descriptor.cc [for tool]; 23s processwrapper-sandbox ... (8 actions, 7 running)
Analyzing: 2440 targets (417 packages loaded, 24581 targets configured)
[6,184 / 6,498] 2 / 43 tests, 1 failed; Compiling src/google/protobuf/descriptor.cc [for tool]; 24s processwrapper-sandbox ... (9 actions, 8 running)
Analyzing: 2440 targets (417 packages loaded, 24581 targets configured)
[6,185 / 6,498] 2 / 43 tests, 1 failed; Compiling src/google/protobuf/generated_message_reflection.cc [for tool]; 6s processwrapper-sandbox ... (8 actions, 7 running)
Analyzing: 2440 targets (417 packages loaded, 24581 targets configured)
[6,189 / 6,498] 2 / 43 tests, 1 failed; Compiling src/google/protobuf/generated_message_reflection.cc [for tool]; 8s processwrapper-sandbox ... (8 actions, 7 running)
Analyzing: 2440 targets (417 packages loaded, 24581 targets configured)
[6,192 / 6,498] 2 / 43 tests, 1 failed; Compiling src/V3ParseGrammar.cpp; 8s processwrapper-sandbox ... (9 actions, 7 running)
Analyzing: 2440 targets (417 packages loaded, 24581 targets configured)
[6,194 / 6,498] 2 / 43 tests, 1 failed; Compiling src/google/protobuf/descriptor.pb.cc [for tool]; 3s processwrapper-sandbox ... (9 actions, 8 running)
Analyzing: 2440 targets (417 packages loaded, 24581 targets configured)
[6,196 / 6,498] 2 / 43 tests, 1 failed; Compiling src/google/protobuf/descriptor.pb.cc [for tool]; 4s processwrapper-sandbox ... (8 actions running)
Analyzing: 2440 targets (417 packages loaded, 24581 targets configured)
[6,199 / 6,498] 2 / 43 tests, 1 failed; Compiling src/google/protobuf/descriptor.pb.cc [for tool]; 5s processwrapper-sandbox ... (8 actions, 7 running)
Analyzing: 2440 targets (417 packages loaded, 24581 targets configured)
[6,202 / 6,498] 2 / 43 tests, 1 failed; Compiling src/google/protobuf/descriptor.pb.cc [for tool]; 7s processwrapper-sandbox ... (8 actions, 7 running)
Analyzing: 2440 targets (417 packages loaded, 24581 targets configured)
[6,203 / 6,498] 2 / 43 tests, 1 failed; Compiling src/google/protobuf/descriptor.pb.cc [for tool]; 8s processwrapper-sandbox ... (9 actions, 8 running)
Analyzing: 2440 targets (417 packages loaded, 24581 targets configured)
[6,207 / 6,498] 2 / 43 tests, 1 failed; Compiling src/V3Param.cpp; 5s processwrapper-sandbox ... (8 actions, 7 running)
Analyzing: 2440 targets (417 packages loaded, 24581 targets configured)
[6,213 / 6,498] 2 / 43 tests, 1 failed; Compiling src/google/protobuf/descriptor_database.cc [for tool]; 5s processwrapper-sandbox ... (9 actions, 7 running)
Analyzing: 2440 targets (417 packages loaded, 24581 targets configured)
[6,213 / 6,498] 2 / 43 tests, 1 failed; Compiling src/google/protobuf/descriptor_database.cc [for tool]; 6s processwrapper-sandbox ... (9 actions, 8 running)
Analyzing: 2440 targets (417 packages loaded, 24581 targets configured)
[6,215 / 6,498] 2 / 43 tests, 1 failed; Compiling src/google/protobuf/descriptor_database.cc [for tool]; 8s processwrapper-sandbox ... (8 actions, 7 running)
Analyzing: 2440 targets (417 packages loaded, 24581 targets configured)
[6,219 / 6,498] 2 / 43 tests, 1 failed; Compiling src/google/protobuf/descriptor_database.cc [for tool]; 9s processwrapper-sandbox ... (9 actions, 8 running)
Analyzing: 2440 targets (417 packages loaded, 24581 targets configured)
[6,223 / 6,498] 2 / 43 tests, 1 failed; Compiling src/V3Interface.cpp; 2s processwrapper-sandbox ... (8 actions running)
Analyzing: 2440 targets (417 packages loaded, 24581 targets configured)
[6,225 / 6,498] 2 / 43 tests, 1 failed; Compiling src/V3Life.cpp; 3s processwrapper-sandbox ... (8 actions, 7 running)
Analyzing: 2440 targets (417 packages loaded, 24581 targets configured)
[6,234 / 6,497] 2 / 43 tests, 1 failed; Compiling src/V3LinkDot.cpp; 3s processwrapper-sandbox ... (8 actions, 7 running)
Analyzing: 2440 targets (417 packages loaded, 24581 targets configured)
[6,238 / 6,497] 2 / 43 tests, 1 failed; Compiling src/V3LinkDot.cpp; 4s processwrapper-sandbox ... (8 actions running)
Analyzing: 2440 targets (417 packages loaded, 24581 targets configured)
[6,239 / 6,497] 2 / 43 tests, 1 failed; Compiling src/V3LinkDot.cpp; 6s processwrapper-sandbox ... (8 actions, 7 running)
Analyzing: 2440 targets (417 packages loaded, 24581 targets configured)
[6,245 / 6,497] 2 / 43 tests, 1 failed; Compiling src/V3LinkResolve.cpp; 3s processwrapper-sandbox ... (8 actions, 7 running)
Analyzing: 2440 targets (417 packages loaded, 24581 targets configured)
[6,253 / 6,497] 2 / 43 tests, 1 failed; Compiling src/V3Name.cpp; 2s processwrapper-sandbox ... (8 actions, 7 running)
Analyzing: 2440 targets (417 packages loaded, 24581 targets configured)
[6,255 / 6,497] 2 / 43 tests, 1 failed; Compiling src/V3Number.cpp; 3s processwrapper-sandbox ... (8 actions, 7 running)
ERROR: /app/sw/coralnpu_sim/BUILD:21:17: Compiling sw/coralnpu_sim/coralnpu_v2_sim_pybind.cc failed: missing input file '//sw/coralnpu_sim:coralnpu_v2_sim_pybind.cc'
ERROR: /app/sw/coralnpu_sim/BUILD:21:17: Compiling sw/coralnpu_sim/coralnpu_v2_sim_pybind.cc failed: 1 input file(s) do not exist
Analyzing: 2440 targets (417 packages loaded, 24581 targets configured)
[6,360 / 6,497] 5 / 43 tests, 4 failed; Compiling src/V3Number.cpp; 4s processwrapper-sandbox ... (8 actions, 7 running)
INFO: From Building external/io_bazel_rules_scala/src/java/io/bazel/rulesscala/worker/libworker.jar (1 source file) [for tool]:
warning: [options] source value 8 is obsolete and will be removed in a future release
warning: [options] target value 8 is obsolete and will be removed in a future release
warning: [options] To suppress warnings about obsolete options, use -Xlint:-options.
Analyzing: 2440 targets (417 packages loaded, 24581 targets configured)
[6,364 / 6,497] 5 / 43 tests, 4 failed; Compiling src/V3OrderParallel.cpp; 5s processwrapper-sandbox ... (8 actions running)
INFO: From Building external/bazel_tools/src/main/protobuf/libworker_protocol_proto-speed.jar (1 source jar) [for tool]:
warning: [options] source value 8 is obsolete and will be removed in a future release
warning: [options] target value 8 is obsolete and will be removed in a future release
warning: [options] To suppress warnings about obsolete options, use -Xlint:-options.
INFO: From Building external/io_bazel_rules_scala/src/java/io/bazel/rulesscala/scalac/reporter/libscala_deps_proto-speed.jar (1 source jar) [for tool]:
warning: [options] source value 8 is obsolete and will be removed in a future release
warning: [options] target value 8 is obsolete and will be removed in a future release
warning: [options] To suppress warnings about obsolete options, use -Xlint:-options.
INFO: From Building external/io_bazel_rules_scala/src/java/io/bazel/rulesscala/scalac/reporter/libreporter.jar (2 source files) [for tool]:
warning: [path] bad path element "/home/builder/.cache/bazel/_bazel_builder/8c069df52082beee3c95ca17836fb8e2/execroot/coralnpu_hw/bazel-out/k8-opt-exec-ST-a828a81199fe/bin/external/io_bazel_rules_scala_scala_compiler_2_13_12/io_bazel_rules_scala_scala_compiler_2_13_12.stamp/scala-reflect.jar": no such file or directory
warning: [path] bad path element "/home/builder/.cache/bazel/_bazel_builder/8c069df52082beee3c95ca17836fb8e2/execroot/coralnpu_hw/bazel-out/k8-opt-exec-ST-a828a81199fe/bin/external/io_bazel_rules_scala_scala_compiler_2_13_12/io_bazel_rules_scala_scala_compiler_2_13_12.stamp/scala-library.jar": no such file or directory
warning: [options] source value 8 is obsolete and will be removed in a future release
warning: [options] target value 8 is obsolete and will be removed in a future release
warning: [options] To suppress warnings about obsolete options, use -Xlint:-options.
INFO: From Building external/io_bazel_rules_scala/src/protobuf/io/bazel/rules_scala/libdiagnostics_proto-speed.jar (1 source jar) [for tool]:
warning: [options] source value 8 is obsolete and will be removed in a future release
warning: [options] target value 8 is obsolete and will be removed in a future release
warning: [options] To suppress warnings about obsolete options, use -Xlint:-options.
INFO: From Building external/io_bazel_rules_scala/src/java/io/bazel/rulesscala/scalac/scalac.jar (4 source files) [for tool]:
warning: [path] bad path element "/home/builder/.cache/bazel/_bazel_builder/8c069df52082beee3c95ca17836fb8e2/execroot/coralnpu_hw/bazel-out/k8-opt-exec-ST-a828a81199fe/bin/external/io_bazel_rules_scala_scala_compiler_2_13_12/io_bazel_rules_scala_scala_compiler_2_13_12.stamp/scala-reflect.jar": no such file or directory
warning: [path] bad path element "/home/builder/.cache/bazel/_bazel_builder/8c069df52082beee3c95ca17836fb8e2/execroot/coralnpu_hw/bazel-out/k8-opt-exec-ST-a828a81199fe/bin/external/io_bazel_rules_scala_scala_compiler_2_13_12/io_bazel_rules_scala_scala_compiler_2_13_12.stamp/scala-library.jar": no such file or directory
warning: [options] source value 8 is obsolete and will be removed in a future release
warning: [options] target value 8 is obsolete and will be removed in a future release
warning: [options] To suppress warnings about obsolete options, use -Xlint:-options.
Analyzing: 2440 targets (417 packages loaded, 24581 targets configured)
[6,372 / 6,497] 5 / 43 tests, 4 failed; Compiling src/V3OrderParallel.cpp; 6s processwrapper-sandbox ... (4 actions running)
Analyzing: 2440 targets (417 packages loaded, 24581 targets configured)
[6,374 / 6,497] 5 / 43 tests, 4 failed; Compiling src/V3Options.cpp; 7s processwrapper-sandbox ... (2 actions running)
Analyzing: 2440 targets (417 packages loaded, 24581 targets configured)
[6,376 / 6,497] 5 / 43 tests, 4 failed; Building external/com_google_protobuf/java/core/libcore.jar (43 source files, 1 source jar) [for tool]; 6s multiplex-worker ... (2 actions, 1 running)
Analyzing: 2440 targets (417 packages loaded, 24581 targets configured)
[6,376 / 6,497] 5 / 43 tests, 4 failed; Building external/com_google_protobuf/java/core/libcore.jar (43 source files, 1 source jar) [for tool]; 8s multiplex-worker ... (2 actions running)
INFO: From Building external/com_google_protobuf/java/core/libcore.jar (43 source files, 1 source jar) [for tool]:
warning: [options] source value 8 is obsolete and will be removed in a future release
warning: [options] target value 8 is obsolete and will be removed in a future release
warning: [options] To suppress warnings about obsolete options, use -Xlint:-options.
Analyzing: 2440 targets (417 packages loaded, 24581 targets configured)
[6,378 / 6,497] 5 / 43 tests, 4 failed; [Prepa] scala @//hdl/chisel/src/common:library [for tool] ... (2 actions, 0 running)
ERROR: /app/hdl/chisel/src/coralnpu/BUILD:245:15: scala @//hdl/chisel/src/coralnpu:clock_gate failed: missing input file '//hdl/chisel/src/coralnpu:ClockGate.scala'
ERROR: /app/hdl/chisel/src/coralnpu/BUILD:245:15: scala @//hdl/chisel/src/coralnpu:clock_gate failed: missing input file '//hdl/verilog:ClockGate.sv'
ERROR: /app/hdl/chisel/src/coralnpu/BUILD:245:15: scala @//hdl/chisel/src/coralnpu:clock_gate failed: 2 input file(s) do not exist
ERROR: /app/hdl/chisel/src/coralnpu/BUILD:374:15: scala @//hdl/chisel/src/coralnpu:coralnpu_params failed: missing input file '//hdl/chisel/src/coralnpu:MemorySize.scala'
ERROR: /app/hdl/chisel/src/coralnpu/BUILD:374:15: scala @//hdl/chisel/src/coralnpu:coralnpu_params failed: missing input file '//hdl/chisel/src/coralnpu:Parameters.scala'
ERROR: /app/hdl/chisel/src/coralnpu/BUILD:374:15: scala @//hdl/chisel/src/coralnpu:coralnpu_params failed: 2 input file(s) do not exist
ERROR: /app/hdl/chisel/src/coralnpu/BUILD:267:15: scala @//hdl/chisel/src/coralnpu:RstSync failed: missing input file '//hdl/chisel/src/coralnpu:RstSync.scala'
ERROR: /app/hdl/chisel/src/coralnpu/BUILD:267:15: scala @//hdl/chisel/src/coralnpu:RstSync failed: missing input file '//hdl/verilog:RstSync.sv'
ERROR: /app/hdl/chisel/src/coralnpu/BUILD:267:15: scala @//hdl/chisel/src/coralnpu:RstSync failed: 2 input file(s) do not exist
ERROR: /app/hdl/chisel/src/coralnpu/BUILD:374:15: scala @//hdl/chisel/src/coralnpu:coralnpu_params [for tool] failed: missing input file '//hdl/chisel/src/coralnpu:MemorySize.scala'
ERROR: /app/hdl/chisel/src/coralnpu/BUILD:374:15: scala @//hdl/chisel/src/coralnpu:coralnpu_params [for tool] failed: missing input file '//hdl/chisel/src/coralnpu:Parameters.scala'
ERROR: /app/hdl/chisel/src/coralnpu/BUILD:374:15: scala @//hdl/chisel/src/coralnpu:coralnpu_params [for tool] failed: 2 input file(s) do not exist
Analyzing: 2440 targets (417 packages loaded, 24581 targets configured)
[6,403 / 6,500] 5 / 43 tests, 4 failed; scala @//hdl/chisel/src/common:library [for tool]; 1s worker ... (8 actions, 7 running)
Analyzing: 2440 targets (417 packages loaded, 24581 targets configured)
[6,408 / 6,500] 5 / 43 tests, 4 failed; scala @//hdl/chisel/src/common:aligner; 2s worker ... (8 actions, 7 running)
Analyzing: 2440 targets (417 packages loaded, 24581 targets configured)
[6,408 / 6,500] 5 / 43 tests, 4 failed; scala @//hdl/chisel/src/common:aligner; 3s worker ... (8 actions running)
ERROR: /app/hdl/chisel/src/common/BUILD:268:15: scala @//hdl/chisel/src/common:fifo_state failed: (Exit 1): scalac failed: error executing Scalac command (from target //hdl/chisel/src/common:fifo_state) bazel-out/k8-opt-exec-ST-a828a81199fe/bin/external/io_bazel_rules_scala/src/java/io/bazel/rulesscala/scalac/scalac @bazel-out/k8-fastbuild/bin/hdl/chisel/src/common/fifo_state.jar-0.params
hdl/chisel/src/common/FIFOState.scala:55: warning: local var willWrite in value $anonfun is never used
      var willWrite = false
          ^
error: No warnings can be incurred under -Werror.
1 warning
1 error
Build failed
java.lang.RuntimeException: Build failed
	at io.bazel.rulesscala.scalac.ScalacInvoker.invokeCompiler(ScalacInvoker.java:55)
	at io.bazel.rulesscala.scalac.ScalacWorker.compileScalaSources(ScalacWorker.java:257)
	at io.bazel.rulesscala.scalac.ScalacWorker.work(ScalacWorker.java:73)
	at io.bazel.rulesscala.worker.Worker.persistentWorkerMain(Worker.java:86)
	at io.bazel.rulesscala.worker.Worker.workerMain(Worker.java:39)
	at io.bazel.rulesscala.scalac.ScalacWorker.main(ScalacWorker.java:33)
Analyzing: 2440 targets (417 packages loaded, 24581 targets configured)
[6,415 / 6,500] 6 / 43 tests, 5 failed; scala @//hdl/chisel/src/common:aligner; 5s worker ... (8 actions, 7 running)
Analyzing: 2440 targets (417 packages loaded, 24581 targets configured)
[6,418 / 6,500] 6 / 43 tests, 5 failed; scala @//hdl/chisel/src/common:aligner; 6s worker ... (8 actions, 7 running)
Analyzing: 2440 targets (417 packages loaded, 24581 targets configured)
[6,421 / 6,501] 6 / 43 tests, 5 failed; scala @//hdl/chisel/src/common:aligner; 8s worker ... (8 actions, 7 running)
Analyzing: 2440 targets (417 packages loaded, 24581 targets configured)
[6,422 / 6,501] 6 / 43 tests, 5 failed; scala @//hdl/chisel/src/common:aligner; 9s worker ... (8 actions, 6 running)
Analyzing: 2440 targets (417 packages loaded, 24581 targets configured)
[6,423 / 6,502] 6 / 43 tests, 5 failed; scala @//hdl/chisel/src/common:aligner; 10s worker ... (8 actions, 6 running)
Analyzing: 2440 targets (417 packages loaded, 24581 targets configured)
[6,424 / 6,503] 6 / 43 tests, 5 failed; scala @//hdl/chisel/src/common:aligner; 12s worker ... (8 actions running)
Analyzing: 2440 targets (417 packages loaded, 24581 targets configured)
[6,469 / 6,504] 25 / 43 tests, 24 failed; scala @//hdl/chisel/src/common:aligner; 13s worker ... (8 actions running)
Analyzing: 2440 targets (417 packages loaded, 24581 targets configured)
[6,470 / 6,504] 25 / 43 tests, 24 failed; Testing //hdl/chisel/src/common:library_test; 15s processwrapper-sandbox ... (8 actions, 7 running)
Analyzing: 2440 targets (417 packages loaded, 24581 targets configured)
[6,471 / 6,504] 25 / 43 tests, 24 failed; Testing //hdl/chisel/src/common:library_test; 16s processwrapper-sandbox ... (8 actions running)
Analyzing: 2440 targets (417 packages loaded, 24581 targets configured)
[6,472 / 6,504] 25 / 43 tests, 24 failed; Testing //hdl/chisel/src/common:library_test; 22s processwrapper-sandbox ... (8 actions, 7 running)
Analyzing: 2440 targets (417 packages loaded, 24581 targets configured)
[6,472 / 6,504] 25 / 43 tests, 24 failed; Testing //hdl/chisel/src/common:library_test; 23s processwrapper-sandbox ... (8 actions running)
Analyzing: 2440 targets (417 packages loaded, 24581 targets configured)
[6,473 / 6,504] 25 / 43 tests, 24 failed; Testing //hdl/chisel/src/common:library_test; 26s processwrapper-sandbox ... (8 actions, 7 running)
Analyzing: 2440 targets (417 packages loaded, 24581 targets configured)
[6,491 / 6,504] 25 / 43 tests, 24 failed; Testing //hdl/chisel/src/common:library_test; 27s processwrapper-sandbox ... (8 actions running)
ERROR: /app/hdl/chisel/src/common/BUILD:206:15: scala @//hdl/chisel/src/common:fma failed: (Exit 1): scalac failed: error executing Scalac command (from target //hdl/chisel/src/common:fma) bazel-out/k8-opt-exec-ST-a828a81199fe/bin/external/io_bazel_rules_scala/src/java/io/bazel/rulesscala/scalac/scalac @bazel-out/k8-fastbuild/bin/hdl/chisel/src/common/fma.jar-0.params
hdl/chisel/src/common/Fma.scala:114: error: value negate is not a member of chisel3.UInt
      val shift = Mux(expDiff > (-48).S, expDiff.asUInt.negate, 48.U)
                                                        ^
1 error
Build failed
java.lang.RuntimeException: Build failed
	at io.bazel.rulesscala.scalac.ScalacInvoker.invokeCompiler(ScalacInvoker.java:55)
	at io.bazel.rulesscala.scalac.ScalacWorker.compileScalaSources(ScalacWorker.java:257)
	at io.bazel.rulesscala.scalac.ScalacWorker.work(ScalacWorker.java:73)
	at io.bazel.rulesscala.worker.Worker.persistentWorkerMain(Worker.java:86)
	at io.bazel.rulesscala.worker.Worker.workerMain(Worker.java:39)
	at io.bazel.rulesscala.scalac.ScalacWorker.main(ScalacWorker.java:33)
Analyzing: 2440 targets (417 packages loaded, 24581 targets configured)
[6,494 / 6,507] 32 / 43 tests, 31 failed; Testing //hdl/chisel/src/common:library_test; 29s processwrapper-sandbox ... (8 actions, 7 running)
Analyzing: 2440 targets (417 packages loaded, 24581 targets configured)
[6,497 / 6,507] 33 / 43 tests, 32 failed; Testing //hdl/chisel/src/common:library_test; 30s processwrapper-sandbox ... (8 actions running)
Analyzing: 2440 targets (417 packages loaded, 24581 targets configured)
[6,497 / 6,507] 34 / 43 tests, 32 failed; Testing //hdl/chisel/src/common:library_test; 38s processwrapper-sandbox ... (8 actions running)
Analyzing: 2440 targets (417 packages loaded, 24581 targets configured)
[6,498 / 6,507] 34 / 43 tests, 32 failed; Testing //hdl/chisel/src/common:library_test; 40s processwrapper-sandbox ... (8 actions running)
Analyzing: 2440 targets (417 packages loaded, 24581 targets configured)
[6,498 / 6,507] 34 / 43 tests, 32 failed; Testing //hdl/chisel/src/common:library_test; 50s processwrapper-sandbox ... (8 actions running)
Analyzing: 2440 targets (417 packages loaded, 24581 targets configured)
[6,498 / 6,507] 35 / 43 tests, 32 failed; Testing //hdl/chisel/src/common:library_test; 58s processwrapper-sandbox ... (8 actions running)
Analyzing: 2440 targets (417 packages loaded, 24581 targets configured)
[6,499 / 6,507] 35 / 43 tests, 32 failed; Testing //hdl/chisel/src/common:library_test; 60s processwrapper-sandbox ... (8 actions running)
Analyzing: 2440 targets (417 packages loaded, 24581 targets configured)
[6,499 / 6,507] 36 / 43 tests, 32 failed; Testing //hdl/chisel/src/common:library_test; 64s processwrapper-sandbox ... (8 actions running)
Analyzing: 2440 targets (417 packages loaded, 24581 targets configured)
[6,500 / 6,507] 36 / 43 tests, 32 failed; Testing //hdl/chisel/src/common:library_test; 65s processwrapper-sandbox ... (7 actions running)
Analyzing: 2440 targets (417 packages loaded, 24581 targets configured)
[6,500 / 6,507] 37 / 43 tests, 32 failed; Testing //hdl/chisel/src/common:library_test; 72s processwrapper-sandbox ... (7 actions running)
Analyzing: 2440 targets (417 packages loaded, 24581 targets configured)
[6,501 / 6,507] 37 / 43 tests, 32 failed; Testing //hdl/chisel/src/common:library_test; 73s processwrapper-sandbox ... (6 actions running)
Analyzing: 2440 targets (417 packages loaded, 24581 targets configured)
[6,501 / 6,507] 38 / 43 tests, 32 failed; Testing //hdl/chisel/src/common:library_test; 77s processwrapper-sandbox ... (6 actions running)
Analyzing: 2440 targets (417 packages loaded, 24581 targets configured)
[6,502 / 6,507] 38 / 43 tests, 32 failed; Testing //hdl/chisel/src/common:library_test; 78s processwrapper-sandbox ... (5 actions running)
Analyzing: 2440 targets (417 packages loaded, 24581 targets configured)
[6,502 / 6,507] 39 / 43 tests, 32 failed; Testing //hdl/chisel/src/common:library_test; 80s processwrapper-sandbox ... (5 actions running)
FAIL: //hdl/chisel/src/common:fp_test (see /home/builder/.cache/bazel/_bazel_builder/8c069df52082beee3c95ca17836fb8e2/execroot/coralnpu_hw/bazel-out/k8-fastbuild/testlogs/hdl/chisel/src/common/fp_test/test.log)
INFO: From Testing //hdl/chisel/src/common:fp_test:
==================== Test output for //hdl/chisel/src/common:fp_test:
Discovery starting.
Discovery completed in 599 milliseconds.
Run starting. Expected test count is: 5
FpSpec:
- Zero (14 seconds, 872 milliseconds)
- Inf (11 seconds, 768 milliseconds)
- Nan (13 seconds, 29 milliseconds)
- Convert UInt to Float (14 seconds, 898 milliseconds)
- Convert SInt to Float *** FAILED *** (12 seconds, 161 milliseconds)
  Expected 1.678E7, but got 1.6779998E7 (FpTest.scala:127)
  org.scalatest.exceptions.TestFailedException:
  at org.scalatest.Assertions.newAssertionFailedException(Assertions.scala:472)
  at org.scalatest.Assertions.newAssertionFailedException$(Assertions.scala:471)
  at org.scalatest.freespec.AnyFreeSpec.newAssertionFailedException(AnyFreeSpec.scala:1739)
  at org.scalatest.Assertions.assertResult(Assertions.scala:867)
  at org.scalatest.Assertions.assertResult$(Assertions.scala:863)
  at org.scalatest.freespec.AnyFreeSpec.assertResult(AnyFreeSpec.scala:1739)
  at common.FpSpec.$anonfun$new$28(FpTest.scala:127)
  at common.FpSpec.$anonfun$new$28$adapted(FpTest.scala:124)
  at scala.collection.immutable.Range.foreach(Range.scala:190)
  at common.FpSpec.$anonfun$new$27(FpTest.scala:124)
  at common.FpSpec.$anonfun$new$27$adapted(FpTest.scala:123)
  at chisel3.simulator.SimulatorAPI.$anonfun$simulate$1(SimulatorAPI.scala:102)
  at chisel3.simulator.SimulatorAPI.$anonfun$simulate$1$adapted(SimulatorAPI.scala:100)
  at chisel3.simulator.SimulatorAPI.$anonfun$simulateRaw$1(SimulatorAPI.scala:56)
  at chisel3.simulator.SimulatorAPI.$anonfun$simulateRaw$1$adapted(SimulatorAPI.scala:55)
  at chisel3.simulator.Simulator.$anonfun$simulate$3(Simulator.scala:186)
  at chisel3.simulator.package$ChiselSimulation.$anonfun$runElaboratedModule$2(package.scala:122)
  at scala.util.DynamicVariable.withValue(DynamicVariable.scala:59)
  at chisel3.simulator.package$AnySimulatedModule$.withValue(package.scala:106)
  at chisel3.simulator.package$ChiselSimulation.$anonfun$runElaboratedModule$1(package.scala:122)
  at svsim.Simulation.$anonfun$run$4(Simulation.scala:59)
  at scala.util.Try$.apply(Try.scala:210)
  at svsim.Simulation.run(Simulation.scala:58)
  at chisel3.simulator.package$ChiselSimulation.runElaboratedModule(package.scala:119)
  at chisel3.simulator.Simulator.$anonfun$simulate$2(Simulator.scala:185)
  at scala.util.Try$.apply(Try.scala:210)
  at chisel3.simulator.SimulatorAPI.simulateRaw(SimulatorAPI.scala:55)
  at chisel3.simulator.SimulatorAPI.simulateRaw$(SimulatorAPI.scala:33)
  at common.FpSpec.simulateRaw(FpTest.scala:65)
  at chisel3.simulator.SimulatorAPI.simulate(SimulatorAPI.scala:100)
  at chisel3.simulator.SimulatorAPI.simulate$(SimulatorAPI.scala:80)
  at common.FpSpec.simulate(FpTest.scala:65)
  at common.FpSpec.$anonfun$new$25(FpTest.scala:123)
  at scala.runtime.java8.JFunction0$mcV$sp.apply(JFunction0$mcV$sp.scala:18)
  at org.scalatest.OutcomeOf.outcomeOf(OutcomeOf.scala:85)
  at org.scalatest.OutcomeOf.outcomeOf$(OutcomeOf.scala:83)
  at org.scalatest.OutcomeOf$.outcomeOf(OutcomeOf.scala:104)
  at org.scalatest.Transformer.apply(Transformer.scala:22)
  at org.scalatest.Transformer.apply(Transformer.scala:20)
  at org.scalatest.freespec.AnyFreeSpecLike$$anon$1.apply(AnyFreeSpecLike.scala:430)
  at org.scalatest.TestSuite.withFixture(TestSuite.scala:196)
  at org.scalatest.TestSuite.withFixture$(TestSuite.scala:195)
  at common.FpSpec.chisel3$testing$scalatest$HasConfigMap$$super$withFixture(FpTest.scala:65)
  at chisel3.testing.scalatest.HasConfigMap.$anonfun$withFixture$1(HasConfigMap.scala:37)
  at scala.util.DynamicVariable.withValue(DynamicVariable.scala:59)
  at chisel3.testing.scalatest.HasConfigMap.withFixture(HasConfigMap.scala:37)
  at chisel3.testing.scalatest.HasConfigMap.withFixture$(HasConfigMap.scala:35)
  at common.FpSpec.chisel3$testing$scalatest$TestingDirectory$$super$withFixture(FpTest.scala:65)
  at chisel3.testing.scalatest.TestingDirectory.$anonfun$withFixture$1(WithTestingDirectory.scala:46)
  at scala.util.DynamicVariable.withValue(DynamicVariable.scala:59)
  at chisel3.testing.scalatest.TestingDirectory.withFixture(WithTestingDirectory.scala:46)
  at chisel3.testing.scalatest.TestingDirectory.withFixture$(WithTestingDirectory.scala:44)
  at common.FpSpec.withFixture(FpTest.scala:65)
  at org.scalatest.freespec.AnyFreeSpecLike.invokeWithFixture$1(AnyFreeSpecLike.scala:428)
  at org.scalatest.freespec.AnyFreeSpecLike.$anonfun$runTest$1(AnyFreeSpecLike.scala:440)
  at org.scalatest.SuperEngine.runTestImpl(Engine.scala:306)
  at org.scalatest.freespec.AnyFreeSpecLike.runTest(AnyFreeSpecLike.scala:440)
  at org.scalatest.freespec.AnyFreeSpecLike.runTest$(AnyFreeSpecLike.scala:422)
  at org.scalatest.freespec.AnyFreeSpec.runTest(AnyFreeSpec.scala:1739)
  at org.scalatest.freespec.AnyFreeSpecLike.$anonfun$runTests$1(AnyFreeSpecLike.scala:499)
  at org.scalatest.SuperEngine.$anonfun$runTestsInBranch$1(Engine.scala:413)
  at scala.collection.immutable.List.foreach(List.scala:333)
  at org.scalatest.SuperEngine.traverseSubNodes$1(Engine.scala:401)
  at org.scalatest.SuperEngine.runTestsInBranch(Engine.scala:396)
  at org.scalatest.SuperEngine.runTestsImpl(Engine.scala:475)
  at org.scalatest.freespec.AnyFreeSpecLike.runTests(AnyFreeSpecLike.scala:499)
  at org.scalatest.freespec.AnyFreeSpecLike.runTests$(AnyFreeSpecLike.scala:498)
  at org.scalatest.freespec.AnyFreeSpec.runTests(AnyFreeSpec.scala:1739)
  at org.scalatest.Suite.run(Suite.scala:1112)
  at org.scalatest.Suite.run$(Suite.scala:1094)
  at org.scalatest.freespec.AnyFreeSpec.org$scalatest$freespec$AnyFreeSpecLike$$super$run(AnyFreeSpec.scala:1739)
  at org.scalatest.freespec.AnyFreeSpecLike.$anonfun$run$1(AnyFreeSpecLike.scala:543)
  at org.scalatest.SuperEngine.runImpl(Engine.scala:535)
  at org.scalatest.freespec.AnyFreeSpecLike.run(AnyFreeSpecLike.scala:543)
  at org.scalatest.freespec.AnyFreeSpecLike.run$(AnyFreeSpecLike.scala:542)
  at org.scalatest.freespec.AnyFreeSpec.run(AnyFreeSpec.scala:1739)
  at org.scalatest.Suite.callExecuteOnSuite$1(Suite.scala:1175)
  at org.scalatest.Suite.$anonfun$runNestedSuites$1(Suite.scala:1222)
  at scala.collection.ArrayOps$.foreach$extension(ArrayOps.scala:1323)
  at org.scalatest.Suite.runNestedSuites(Suite.scala:1220)
  at org.scalatest.Suite.runNestedSuites$(Suite.scala:1154)
  at org.scalatest.tools.DiscoverySuite.runNestedSuites(DiscoverySuite.scala:30)
  at org.scalatest.Suite.run(Suite.scala:1109)
  at org.scalatest.Suite.run$(Suite.scala:1094)
  at org.scalatest.tools.DiscoverySuite.run(DiscoverySuite.scala:30)
  at org.scalatest.tools.SuiteRunner.run(SuiteRunner.scala:45)
  at org.scalatest.tools.Runner$.$anonfun$doRunRunRunDaDoRunRun$13(Runner.scala:1322)
  at org.scalatest.tools.Runner$.$anonfun$doRunRunRunDaDoRunRun$13$adapted(Runner.scala:1316)
  at scala.collection.immutable.List.foreach(List.scala:333)
  at org.scalatest.tools.Runner$.doRunRunRunDaDoRunRun(Runner.scala:1316)
  at org.scalatest.tools.Runner$.$anonfun$runOptionallyWithPassFailReporter$24(Runner.scala:993)
  at org.scalatest.tools.Runner$.$anonfun$runOptionallyWithPassFailReporter$24$adapted(Runner.scala:971)
  at org.scalatest.tools.Runner$.withClassLoaderAndDispatchReporter(Runner.scala:1482)
  at org.scalatest.tools.Runner$.runOptionallyWithPassFailReporter(Runner.scala:971)
  at org.scalatest.tools.Runner$.main(Runner.scala:775)
  at org.scalatest.tools.Runner.main(Runner.scala)
  at io.bazel.rulesscala.scala_test.Runner.main(Runner.java:33)
Run completed in 1 minute, 7 seconds.
Total number of tests run: 5
Suites: completed 2, aborted 0
Tests: succeeded 4, failed 1, canceled 0, ignored 0, pending 0
*** 1 TEST FAILED ***
================================================================================
Analyzing: 2440 targets (417 packages loaded, 24581 targets configured)
[6,504 / 6,507] 40 / 43 tests, 33 failed; Testing //hdl/chisel/src/common:library_test; 82s processwrapper-sandbox ... (3 actions running)
FAIL: //hdl/chisel/src/common:index_allocator_test (see /home/builder/.cache/bazel/_bazel_builder/8c069df52082beee3c95ca17836fb8e2/execroot/coralnpu_hw/bazel-out/k8-fastbuild/testlogs/hdl/chisel/src/common/index_allocator_test/test.log)
Analyzing: 2440 targets (417 packages loaded, 24581 targets configured)
[6,504 / 6,507] 41 / 43 tests, 34 failed; Testing //hdl/chisel/src/common:library_test; 83s processwrapper-sandbox ... (3 actions running)
INFO: From Testing //hdl/chisel/src/common:index_allocator_test:
==================== Test output for //hdl/chisel/src/common:index_allocator_test:
Discovery starting.
Discovery completed in 560 milliseconds.
Run starting. Expected test count is: 6
IndexAllocatorShiftingSpec:
- Initialize (15 seconds, 269 milliseconds)
- Allocate all (11 seconds, 667 milliseconds)
- No pipe (14 seconds, 74 milliseconds)
- Flow (11 seconds, 815 milliseconds)
- Out of order free *** FAILED *** (9 seconds, 893 milliseconds)
  chisel3.simulator.PeekPokeAPI$FailedExpectationException: Failed Expectation
------------------------------------------------------------------------------
Observed value: '0'
Expected value: '3'
Expectation failed: observed value 0 != 3 @[app/hdl/chisel/src/common/IndexAllocatorTest.scala:84:35]
------------------------------------------------------------------------------
- Alloc and free on same cycle *** FAILED *** (7 seconds, 202 milliseconds)
  chisel3.simulator.PeekPokeAPI$FailedExpectationException: Failed Expectation
------------------------------------------------------------------------------
Observed value: '1'
Expected value: '2'
Expectation failed: observed value 1 != 2 @[app/hdl/chisel/src/common/IndexAllocatorTest.scala:104:35]
------------------------------------------------------------------------------
Run completed in 1 minute, 10 seconds.
Total number of tests run: 6
Suites: completed 2, aborted 0
Tests: succeeded 4, failed 2, canceled 0, ignored 0, pending 0
*** 2 TESTS FAILED ***
================================================================================
Analyzing: 2440 targets (417 packages loaded, 24581 targets configured)
[6,505 / 6,507] 41 / 43 tests, 34 failed; Testing //hdl/chisel/src/common:library_test; 85s processwrapper-sandbox ... (2 actions running)
Analyzing: 2440 targets (417 packages loaded, 24581 targets configured)
[6,505 / 6,507] 42 / 43 tests, 34 failed; Testing //hdl/chisel/src/common:library_test; 91s processwrapper-sandbox ... (2 actions running)
Analyzing: 2440 targets (417 packages loaded, 24581 targets configured)
[6,506 / 6,507] 42 / 43 tests, 34 failed; Testing //hdl/chisel/src/common:library_test; 92s processwrapper-sandbox
Analyzing: 2440 targets (417 packages loaded, 24581 targets configured)
[6,506 / 6,507] 43 / 43 tests, 34 failed; Testing //hdl/chisel/src/common:library_test; 102s processwrapper-sandbox
WARNING: errors encountered while analyzing target '//hdl/chisel/src/soc:coralnpu_xbar_cc_library_emit_verilog', it will not be built.
Analysis failed
WARNING: errors encountered while analyzing target '//fpga/ip/i2c_master:i2c_master_sim', it will not be built.
Analysis failed
WARNING: errors encountered while analyzing target '//hdl/chisel/src/coralnpu:core_scalar_cc_library_emit_verilog_binary', it will not be built.
Analysis failed
WARNING: errors encountered while analyzing target '//hdl/chisel/src/coralnpu:alu_cc_library_cc', it will not be built.
Analysis failed
WARNING: errors encountered while analyzing target '//fpga:check_pins_test', it will not be built.
Analysis failed
WARNING: errors encountered while analyzing target '//fpga/ip/coralnpu_chisel_subsystem_highmem:coralnpu_chisel_subsystem_highmem_verilog', it will not be built.
Analysis failed
WARNING: errors encountered while analyzing target '//tests/verilator_sim:core_mini_verification_axi_sim', it will not be built.
Analysis failed
WARNING: errors encountered while analyzing target '//tests/cocotb:rvv_itcm512kb_dtcm512kb_tests_core_mini_axi_basic_write_read_memory', it will not be built.
Analysis failed
WARNING: errors encountered while analyzing target '//tests/cocotb/tutorial/tfmicro:cocotb_conv2d_test_conv2d_9x2', it will not be built.
Analysis failed
WARNING: errors encountered while analyzing target '//hdl/chisel/src/coralnpu:core_mini_cc_library_verilog', it will not be built.
Analysis failed
WARNING: errors encountered while analyzing target '//hdl/chisel/src/coralnpu:dvu_cc_library_verilog', it will not be built.
Analysis failed
WARNING: errors encountered while analyzing target '//tests/cocotb:rvv_arithmetic_cocotb_test_arithmetic_m1_vanilla_ops', it will not be built.
Analysis failed
WARNING: errors encountered while analyzing target '//tests/cocotb:rvv_core_mini_axi_sim_cocotb_slow_core_mini_axi_float_csr_test', it will not be built.
Analysis failed
WARNING: errors encountered while analyzing target '//tests/cocotb:core_mini_axi_sim_cocotb_slow_core_mini_axi_coralnpu_isa_test', it will not be built.
Analysis failed
WARNING: errors encountered while analyzing target '//tests/verilator_sim:core_mini_axi_tb', it will not be built.
Analysis failed
WARNING: errors encountered while analyzing target '//tests/cocotb:core_mini_axi_sim_cocotb_core_mini_axi_burst_types_test', it will not be built.
Analysis failed
WARNING: errors encountered while analyzing target '//tests/cocotb:core_mini_axi_debug_cocotb_core_mini_axi_debug_hartsel', it will not be built.
Analysis failed
WARNING: errors encountered while analyzing target '//utils/coralnpu_soc_loader:run_isp_cam_sim', it will not be built.
Analysis failed
WARNING: errors encountered while analyzing target '//tests/verilator_sim:core_mini_sim', it will not be built.
Analysis failed
WARNING: errors encountered while analyzing target '//tests/cocotb:core_mini_axi_sim_cocotb_core_mini_axi_rand_instr_test', it will not be built.
Analysis failed
WARNING: errors encountered while analyzing target '//tests/cocotb:rvv_core_mini_axi_sim_cocotb_core_mini_axi_burst_types_test', it will not be built.
Analysis failed
WARNING: errors encountered while analyzing target '//tests/cocotb:rvv_core_mini_axi_sim_cocotb_slow_unreachable_prefetch_fault', it will not be built.
Analysis failed
WARNING: errors encountered while analyzing target '//fpga:chip_verilator_binary', it will not be built.
Analysis failed
WARNING: errors encountered while analyzing target '//tests/cocotb:core_mini_axi_sim_cocotb_slow_core_mini_axi_exceptions_test', it will not be built.
Analysis failed
WARNING: errors encountered while analyzing target '//tests/cocotb:rvv_core_mini_axi_sim_cocotb_core_mini_axi_csr_test', it will not be built.
Analysis failed
WARNING: errors encountered while analyzing target '//hdl/chisel/src/soc:coralnpu_chisel_subsystem_highmem_cc_library_emit_verilog', it will not be built.
Analysis failed
WARNING: errors encountered while analyzing target '//tests/cocotb/tlul:coralnpu_xbar_cocotb_test_16bit_writes_to_sram', it will not be built.
Analysis failed
WARNING: errors encountered while analyzing target '//tests/cocotb:core_mini_axi_sim_cocotb_slow_core_mini_axi_riscv_dv', it will not be built.
Analysis failed
WARNING: errors encountered while analyzing target '//hdl/chisel/src/coralnpu:core_mini_highmem_axi_cc_library', it will not be built.
Analysis failed
WARNING: errors encountered while analyzing target '//hdl/chisel/src/coralnpu:coralnpu_rvv', it will not be built.
Analysis failed
WARNING: errors encountered while analyzing target '//hdl/chisel/src/coralnpu:core_mini_highmem_axi_cc_library_verilog', it will not be built.
Analysis failed
WARNING: errors encountered while analyzing target '//hdl/chisel/src/coralnpu:core_mini_axi_cc_library_cc', it will not be built.
Analysis failed
WARNING: errors encountered while analyzing target '//tests/cocotb/tutorial/tfmicro:cocotb_conv2d_test_conv2d_16x1', it will not be built.
Analysis failed
WARNING: errors encountered while analyzing target '//tests/cocotb:rvv_load_store_test_load32_index8', it will not be built.
Analysis failed
WARNING: errors encountered while analyzing target '//tests/cocotb:core_mini_axi_sim_cocotb_slow_core_mini_axi_csr_test', it will not be built.
Analysis failed
WARNING: errors encountered while analyzing target '//tests/cocotb:rvv_arithmetic_cocotb_test_reduction_m1_failure_ops', it will not be built.
Analysis failed
WARNING: errors encountered while analyzing target '//tests/cocotb/rvv/rvv_opt:cocotb_rvv_opt_test_rvv_memcpy_test', it will not be built.
Analysis failed
WARNING: errors encountered while analyzing target '//tests/verilator_sim:rvv_core_mini_verification_axi_sim', it will not be built.
Analysis failed
WARNING: errors encountered while analyzing target '//hdl/chisel/src/coralnpu:rvv_core_mini_highmem_axi_cc_library_emit_verilog', it will not be built.
Analysis failed
WARNING: errors encountered while analyzing target '//tests/cocotb:rvv_load_store_test_store_strided_all_vtypes_test', it will not be built.
Analysis failed
WARNING: errors encountered while analyzing target '//tests/cocotb:rvv_assembly_cocotb_test_core_mini_vmsof_test', it will not be built.
Analysis failed
WARNING: errors encountered while analyzing target '//tests/cocotb:rvv_load_store_test_load16_segment2_stride6_m1', it will not be built.
Analysis failed
WARNING: errors encountered while analyzing target '//hdl/chisel/src/coralnpu:rvv_core_mini_verification_axi_cc_library', it will not be built.
Analysis failed
WARNING: errors encountered while analyzing target '//tests/cocotb:rvv_core_mini_axi_sim_cocotb_core_mini_axi_write_read_memory_stress_test', it will not be built.
Analysis failed
WARNING: errors encountered while analyzing target '//tests/cocotb:rvv_core_mini_axi_sim_cocotb_slow_core_mini_axi_slow_bready', it will not be built.
Analysis failed
WARNING: errors encountered while analyzing target '//hdl/chisel/src/soc:coralnpu_chisel_subsystem_highmem_testharness_cc_library_cc', it will not be built.
Analysis failed
WARNING: errors encountered while analyzing target '//tests/cocotb:rvv_load_store_test_load32_index32_seg', it will not be built.
Analysis failed
WARNING: errors encountered while analyzing target '//fpga/ip/ispyocto:isp_wrapper_sim_test', it will not be built.
Analysis failed
WARNING: errors encountered while analyzing target '//hdl/chisel/src/soc:coralnpu_chisel_subsystem_itcm512kb_dtcm512kb_cc_library_emit_verilog', it will not be built.
Analysis failed
WARNING: errors encountered while analyzing target '//tests/cocotb:rvv_load_store_test_load_unit_all_vtypes_test', it will not be built.
Analysis failed
WARNING: errors encountered while analyzing target '//fpga/ip/coralnpu_chisel_subsystem_highmem:generate_core_file', it will not be built.
Analysis failed
WARNING: errors encountered while analyzing target '//hdl/chisel/src/coralnpu:coralnpu', it will not be built.
Analysis failed
WARNING: errors encountered while analyzing target '//hdl/chisel/src/coralnpu:dvu_cc_library_emit_verilog', it will not be built.
Analysis failed
WARNING: errors encountered while analyzing target '//tests/cocotb:core_mini_axi_sim_cocotb_core_mini_axi_frm_test', it will not be built.
Analysis failed
WARNING: errors encountered while analyzing target '//tests/cocotb:rvv_load_store_test_load_store8_unit_m2', it will not be built.
Analysis failed
WARNING: errors encountered while analyzing target '//hdl/chisel/src/coralnpu:coralnpu_float_tests', it will not be built.
Analysis failed
WARNING: errors encountered while analyzing target '//tests/cocotb:rvv_assembly_cocotb_test_core_mini_vcpop_exception_test', it will not be built.
Analysis failed
WARNING: errors encountered while analyzing target '//hdl/chisel/src/soc:coralnpu_xbar_testharness_cc_library_cc', it will not be built.
Analysis failed
WARNING: errors encountered while analyzing target '//tests/verilator_sim:rvv_core_mini_axi_sim', it will not be built.
Analysis failed
WARNING: errors encountered while analyzing target '//tests/cocotb:rvv_core_mini_axi_model', it will not be built.
Analysis failed
WARNING: errors encountered while analyzing target '//tests/verilator_sim:core_sim', it will not be built.
Analysis failed
WARNING: errors encountered while analyzing target '//fpga/ip/coralnpu_chisel_subsystem_highmem:rtl_files', it will not be built.
Analysis failed
WARNING: errors encountered while analyzing target '//hdl/chisel/src/coralnpu:mlu_cc_library_cc', it will not be built.
Analysis failed
WARNING: errors encountered while analyzing target '//tests/cocotb:rvv_core_mini_axi_sim_cocotb_unreachable_prefetch_fault', it will not be built.
Analysis failed
WARNING: errors encountered while analyzing target '//tests/cocotb:rvv_assembly_cocotb_test_core_mini_vill_test', it will not be built.
Analysis failed
WARNING: errors encountered while analyzing target '//tests/cocotb:core_mini_axi_sim_cocotb_slow_core_mini_axi_master_write_alignment', it will not be built.
Analysis failed
WARNING: errors encountered while analyzing target '//hdl/chisel/src/coralnpu:l1icache_cc_library_cc', it will not be built.
Analysis failed
WARNING: errors encountered while analyzing target '//tests/cocotb/tlul:coralnpu_chisel_subsystem_cocotb_test_boot_addr_override', it will not be built.
Analysis failed
WARNING: errors encountered while analyzing target '//tests/cocotb:rvv_assembly_cocotb_test_vslide1up_test', it will not be built.
Analysis failed
WARNING: errors encountered while analyzing target '//tests/cocotb:rvv_highmem_tests_core_mini_axi_basic_write_read_memory', it will not be built.
Analysis failed
WARNING: errors encountered while analyzing target '//tests/cocotb:core_mini_axi_model', it will not be built.
Analysis failed
WARNING: errors encountered while analyzing target '//tests/cocotb:core_mini_axi_sim_cocotb_core_mini_axi_finish_txn_before_halt_test', it will not be built.
Analysis failed
WARNING: errors encountered while analyzing target '//tests/verilator_sim:core_mini_verification_axi_tb', it will not be built.
Analysis failed
WARNING: errors encountered while analyzing target '//hdl/chisel/src/soc:coralnpu_xbar_cc_library_verilog', it will not be built.
Analysis failed
WARNING: errors encountered while analyzing target '//tests/cocotb:rvv_assembly_cocotb_test_core_mini_vmsbf_test', it will not be built.
Analysis failed
WARNING: errors encountered while analyzing target '//hdl/chisel/src/coralnpu:rvv_core_mini_verification_axi_cc_library_emit_verilog', it will not be built.
Analysis failed
WARNING: errors encountered while analyzing target '//hdl/chisel/src/soc:coralnpu_chisel_subsystem_testharness_cc_library', it will not be built.
Analysis failed
WARNING: errors encountered while analyzing target '//tests/cocotb:rvv_core_mini_axi_sim_cocotb_core_mini_axi_riscv_dv', it will not be built.
Analysis failed
WARNING: errors encountered while analyzing target '//tests/cocotb:rvv_load_store_test_load16_stride4_m1', it will not be built.
Analysis failed
WARNING: errors encountered while analyzing target '//tests/cocotb/tutorial/tfmicro:cocotb_depthwise_conv_test_dwconv64to64stride1', it will not be built.
Analysis failed
WARNING: errors encountered while analyzing target '//tests/cocotb/tutorial/tfmicro:cocotb_pooling_test_maxpool16stride2', it will not be built.
Analysis failed
WARNING: errors encountered while analyzing target '//tests/cocotb/tlul:coralnpu_chisel_subsystem_cocotb_test_software_interrupt', it will not be built.
Analysis failed
WARNING: errors encountered while analyzing target '//tests/cocotb:rvv_core_mini_axi_sim_cocotb_core_mini_axi_run_wfi_in_all_slots', it will not be built.
Analysis failed
WARNING: errors encountered while analyzing target '//tests/cocotb:core_mini_axi_debug_cocotb_core_mini_axi_debug_breakpoint', it will not be built.
Analysis failed
WARNING: errors encountered while analyzing target '//tests/cocotb/tutorial/tfmicro:cocotb_logistic_test_logistic_1024', it will not be built.
Analysis failed
WARNING: errors encountered while analyzing target '//fpga/ip/coralnpu_chisel_subsystem_default:rtl_files', it will not be built.
Analysis failed
WARNING: errors encountered while analyzing target '//tests/cocotb/tlul:coralnpu_chisel_subsystem_cocotb_test_timer_interrupt', it will not be built.
Analysis failed
WARNING: errors encountered while analyzing target '//tests/cocotb:rvv_arithmetic_cocotb_test_vnclip_test', it will not be built.
Analysis failed
WARNING: errors encountered while analyzing target '//fpga:chip_verilator_highmem_binary', it will not be built.
Analysis failed
WARNING: errors encountered while analyzing target '//hdl/chisel/src/coralnpu:core_mini_verification_axi_cc_library_emit_verilog', it will not be built.
Analysis failed
WARNING: errors encountered while analyzing target '//hdl/chisel/src/coralnpu:rvv_core_mini_tlul_cc_library_emit_verilog_binary', it will not be built.
Analysis failed
WARNING: errors encountered while analyzing target '//tests/cocotb:rvv_load_store_test_store8_index16', it will not be built.
Analysis failed
WARNING: errors encountered while analyzing target '//tests/cocotb/tlul:dma_integration_cocotb_test_dma_csr_access', it will not be built.
Analysis failed
WARNING: errors encountered while analyzing target '//tests/cocotb/rvv/rvv_opt:cocotb_rvv_opt_test_rvv_memset_test', it will not be built.
Analysis failed
WARNING: errors encountered while analyzing target '//tests/cocotb/tlul:coralnpu_chisel_subsystem_highmem_cocotb_test_freertos_test_freertos', it will not be built.
Analysis failed
WARNING: errors encountered while analyzing target '//tests/cocotb:core_mini_axi_sim_cocotb_slow_core_mini_axi_slow_bready', it will not be built.
Analysis failed
WARNING: errors encountered while analyzing target '//tests/cocotb/tutorial/tfmicro:cocotb_depthwise_conv_test_dwconv64to64stride2', it will not be built.
Analysis failed
WARNING: errors encountered while analyzing target '//hdl/chisel/src/soc:coralnpu_chisel_subsystem_testharness_cc_library_cc', it will not be built.
Analysis failed
WARNING: errors encountered while analyzing target '//tests/cocotb:rvv_core_mini_axi_sim_cocotb_core_mini_axi_rand_instr_test', it will not be built.
Analysis failed
WARNING: errors encountered while analyzing target '//hdl/chisel/src/soc:coralnpu_chisel_subsystem_itcm512kb_dtcm512kb_cc_library_emit_verilog_binary', it will not be built.
Analysis failed
WARNING: errors encountered while analyzing target '//tests/cocotb/tlul:coralnpu_chisel_subsystem_cocotb_test_ddr_access_via_spi', it will not be built.
Analysis failed
WARNING: errors encountered while analyzing target '//hdl/chisel/src/soc:coralnpu_xbar_testharness_cc_library_verilog', it will not be built.
Analysis failed
WARNING: errors encountered while analyzing target '//hdl/chisel/src/coralnpu:core_mini_cc_library_emit_verilog_binary', it will not be built.
Analysis failed
WARNING: errors encountered while analyzing target '//hdl/chisel/src/soc:coralnpu_xbar_testharness_cc_library_emit_verilog', it will not be built.
Analysis failed
WARNING: errors encountered while analyzing target '//tests/cocotb:core_mini_axi_sim_cocotb_core_mini_axi_riscv_tests', it will not be built.
Analysis failed
WARNING: errors encountered while analyzing target '//fpga:copy_chip_verilator_binary', it will not be built.
Analysis failed
WARNING: errors encountered while analyzing target '//hdl/chisel/src/soc:coralnpu_chisel_subsystem_itcm512kb_dtcm512kb_cc_library_cc', it will not be built.
Analysis failed
WARNING: errors encountered while analyzing target '//hdl/chisel/src/coralnpu:mlu_cc_library_emit_verilog', it will not be built.
Analysis failed
WARNING: errors encountered while analyzing target '//hdl/chisel/src/coralnpu:rvv_core_mini_tlul_cc_library_emit_verilog', it will not be built.
Analysis failed
WARNING: errors encountered while analyzing target '//hdl/chisel/src/soc:coralnpu_chisel_subsystem_highmem_cc_library_cc', it will not be built.
Analysis failed
WARNING: errors encountered while analyzing target '//tests/cocotb/tutorial/tfmicro:cocotb_depthwise_conv_test_dwconv16to32stride2', it will not be built.
Analysis failed
WARNING: errors encountered while analyzing target '//hdl/chisel/src/coralnpu:rvv_core_mini_tlul_cc_library_cc', it will not be built.
Analysis failed
WARNING: errors encountered while analyzing target '//tests/cocotb:rvv_core_mini_axi_debug_cocotb_core_mini_axi_debug_breakpoint', it will not be built.
Analysis failed
WARNING: errors encountered while analyzing target '//tests/verilator_sim:core_mini_axi_non_incr_tests', it will not be built.
Analysis failed
WARNING: errors encountered while analyzing target '//tests/cocotb:rvv_core_mini_axi_sim_cocotb_core_mini_axi_coralnpu_isa_test', it will not be built.
Analysis failed
WARNING: errors encountered while analyzing target '//tests/cocotb:core_mini_axi_sim_cocotb_slow_unreachable_prefetch_fault', it will not be built.
Analysis failed
WARNING: errors encountered while analyzing target '//tests/cocotb:core_mini_axi_sim_cocotb_slow_core_mini_axi_rand_instr_test', it will not be built.
Analysis failed
WARNING: errors encountered while analyzing target '//tests/cocotb:core_mini_axi_sim_cocotb_slow_core_mini_axi_finish_txn_before_halt_test', it will not be built.
Analysis failed
WARNING: errors encountered while analyzing target '//tests/cocotb/tlul:coralnpu_chisel_subsystem_cocotb_test_tlul_passthrough', it will not be built.
Analysis failed
WARNING: errors encountered while analyzing target '//hdl/chisel/src/coralnpu:rvv_core_mini_highmem_axi_cc_library_emit_verilog_binary', it will not be built.
Analysis failed
WARNING: errors encountered while analyzing target '//tests/cocotb:rvv_ml_ops_cocotb_test_core_mini_rvv_float_matmul_test', it will not be built.
Analysis failed
WARNING: errors encountered while analyzing target '//tests/cocotb:rvv_core_mini_axi_sim_cocotb_core_mini_axi_finish_txn_before_halt_test', it will not be built.
Analysis failed
WARNING: errors encountered while analyzing target '//tests/cocotb:rvv_load_store_test_store32_seg_unit', it will not be built.
Analysis failed
WARNING: errors encountered while analyzing target '//tests/cocotb:rvv_core_mini_axi_sim_cocotb_slow_core_mini_axi_master_write_alignment', it will not be built.
Analysis failed
WARNING: errors encountered while analyzing target '//hdl/chisel/src/coralnpu:mlu_cc_library_emit_verilog_binary', it will not be built.
Analysis failed
WARNING: errors encountered while analyzing target '//tests/cocotb/tlul:coralnpu_xbar_model', it will not be built.
Analysis failed
WARNING: errors encountered while analyzing target '//tests/cocotb:rvv_load_store_test_load8_index32', it will not be built.
Analysis failed
WARNING: errors encountered while analyzing target '//tests/cocotb:rvv_load_store_test_store32_index8', it will not be built.
Analysis failed
WARNING: errors encountered while analyzing target '//tests/cocotb:rvv_load_store_test_load8_segment2_stride6_m1', it will not be built.
Analysis failed
WARNING: errors encountered while analyzing target '//tests/cocotb/tutorial:tutorial_core_mini_axi_tutorial', it will not be built.
Analysis failed
WARNING: errors encountered while analyzing target '//fpga:spi_flash_sim_test', it will not be built.
Analysis failed
WARNING: errors encountered while analyzing target '//hdl/chisel/src/coralnpu:rvv_core_mini_itcm512kb_dtcm512kb_axi_cc_library_verilog', it will not be built.
Analysis failed
WARNING: errors encountered while analyzing target '//tests/verilator_sim:core_mini_itcm512kb_dtcm512kb_axi_sim', it will not be built.
Analysis failed
WARNING: errors encountered while analyzing target '//hw_sim:libcoralnpu_simulator_rvv.so', it will not be built.
Analysis failed
WARNING: errors encountered while analyzing target '//hdl/chisel/src/coralnpu:coralnpu_scalar_tests', it will not be built.
Analysis failed
WARNING: errors encountered while analyzing target '//tests/cocotb/tutorial/tfmicro:cocotb_fully_connected_test_fc_256_256', it will not be built.
Analysis failed
WARNING: errors encountered while analyzing target '//tests/cocotb/tutorial/tfmicro:cocotb_pooling_test_maxpool64stride2', it will not be built.
Analysis failed
WARNING: errors encountered while analyzing target '//hdl/chisel/src/coralnpu:coralnpu_rvv_tests', it will not be built.
Analysis failed
WARNING: errors encountered while analyzing target '//hdl/chisel/src/coralnpu:dbus2axi_cc_library_verilog', it will not be built.
Analysis failed
WARNING: errors encountered while analyzing target '//hdl/chisel/src/coralnpu:core_mini_axi_cc_library', it will not be built.
Analysis failed
WARNING: errors encountered while analyzing target '//tests/cocotb/tutorial/tfmicro:cocotb_conv2d_test_conv2d_4x1_h2w2', it will not be built.
Analysis failed
WARNING: errors encountered while analyzing target '//tests/cocotb/tlul:coralnpu_xbar_cocotb_test_wide_to_narrow_integrity', it will not be built.
Analysis failed
WARNING: errors encountered while analyzing target '//tests/cocotb:rvv_assembly_cocotb_test_core_mini_vfirst_test', it will not be built.
Analysis failed
WARNING: errors encountered while analyzing target '//tests/cocotb:rvv_core_mini_axi_debug_cocotb_core_mini_axi_debug_hartsel', it will not be built.
Analysis failed
WARNING: errors encountered while analyzing target '//tests/cocotb:core_mini_axi_debug_cocotb_core_mini_axi_debug_single_step', it will not be built.
Analysis failed
WARNING: errors encountered while analyzing target '//hdl/chisel/src/coralnpu:rvv_core_mini_axi_cc_library_cc', it will not be built.
Analysis failed
WARNING: errors encountered while analyzing target '//fpga:trivial_pass_sim_test', it will not be built.
Analysis failed
WARNING: errors encountered while analyzing target '//tests/cocotb:rvv_core_mini_axi_sim_cocotb_slow_core_mini_axi_riscv_dv', it will not be built.
Analysis failed
WARNING: errors encountered while analyzing target '//tests/cocotb:rvv_core_mini_axi_sim_cocotb_slow_core_mini_axi_riscv_tests', it will not be built.
Analysis failed
WARNING: errors encountered while analyzing target '//hdl/chisel/src/coralnpu:core_scalar_cc_library_verilog', it will not be built.
Analysis failed
WARNING: errors encountered while analyzing target '//tests/cocotb/tlul:coralnpu_chisel_subsystem_cocotb_test_ddr_access', it will not be built.
Analysis failed
WARNING: errors encountered while analyzing target '//hdl/chisel/src/coralnpu:core_mini_cc_library_cc', it will not be built.
Analysis failed
WARNING: errors encountered while analyzing target '//hdl/chisel/src/coralnpu:core_mini_itcm512kb_dtcm512kb_axi_cc_library_emit_verilog', it will not be built.
Analysis failed
WARNING: errors encountered while analyzing target '//tests/verilator_sim:l1icache_tb', it will not be built.
Analysis failed
WARNING: errors encountered while analyzing target '//hdl/chisel/src/soc:coralnpu_xbar_cc_library_emit_verilog_binary', it will not be built.
Analysis failed
WARNING: errors encountered while analyzing target '//tests/verilator_sim:rvv_core_mini_itcm512kb_dtcm512kb_axi_sim', it will not be built.
Analysis failed
WARNING: errors encountered while analyzing target '//tests/cocotb:rvv_assembly_cocotb_test_core_mini_rvv_load', it will not be built.
Analysis failed
WARNING: errors encountered while analyzing target '//tests/cocotb/tlul:coralnpu_chisel_subsystem_cocotb_test_program_execution_via_spi', it will not be built.
Analysis failed
WARNING: errors encountered while analyzing target '//tests/cocotb/tlul:coralnpu_xbar_cocotb_test_test_host_32_to_coralnpu_device', it will not be built.
Analysis failed
WARNING: errors encountered while analyzing target '//tests/cocotb:rvv_load_store_test_load16_stride4_m1_partial', it will not be built.
Analysis failed
WARNING: errors encountered while analyzing target '//tests/verilator_sim:rvv_core_mini_highmem_axi_sim', it will not be built.
Analysis failed
WARNING: errors encountered while analyzing target '//tests/cocotb:core_mini_axi_sim_cocotb_slow_core_mini_axi_frm_test', it will not be built.
Analysis failed
WARNING: errors encountered while analyzing target '//tests/cocotb/tlul:coralnpu_xbar_cocotb_test_coralnpu_core_to_uart1', it will not be built.
Analysis failed
WARNING: errors encountered while analyzing target '//tests/cocotb:rvv_core_mini_axi_debug_cocotb_core_mini_axi_debug_single_step', it will not be built.
Analysis failed
WARNING: errors encountered while analyzing target '//tests/cocotb/tutorial/tfmicro:cocotb_conv2d_test_conv2d_16x16_h2w8', it will not be built.
Analysis failed
WARNING: errors encountered while analyzing target '//hdl/chisel/src/coralnpu:core_cc_library_cc', it will not be built.
Analysis failed
WARNING: errors encountered while analyzing target '//tests/cocotb:rvv_assembly_cocotb_test_core_mini_vstart_store', it will not be built.
Analysis failed
WARNING: errors encountered while analyzing target '//tests/cocotb:rvv_core_mini_axi_debug_cocotb_core_mini_axi_debug_ndmreset', it will not be built.
Analysis failed
WARNING: errors encountered while analyzing target '//tests/cocotb:rvv_arithmetic_cocotb_test_reduction_m1_vanilla_ops', it will not be built.
Analysis failed
WARNING: errors encountered while analyzing target '//tests/cocotb:core_mini_axi_sim_cocotb_core_mini_axi_master_write_alignment', it will not be built.
Analysis failed
WARNING: errors encountered while analyzing target '//tests/cocotb:core_mini_axi_sim_cocotb_slow_core_mini_axi_write_read_memory_stress_test', it will not be built.
Analysis failed
WARNING: errors encountered while analyzing target '//tests/verilator_sim:core_scalar_sim', it will not be built.
Analysis failed
WARNING: errors encountered while analyzing target '//tests/cocotb:rvv_load_store_test_store_unit_all_vtypes_test', it will not be built.
Analysis failed
WARNING: errors encountered while analyzing target '//tests/cocotb/tlul:dma_integration_cocotb_test_dma_descriptor_chain', it will not be built.
Analysis failed
WARNING: errors encountered while analyzing target '//hdl/chisel/src/coralnpu:core_mini_itcm512kb_dtcm512kb_axi_cc_library_emit_verilog_binary', it will not be built.
Analysis failed
WARNING: errors encountered while analyzing target '//tests/cocotb:rvv_assembly_cocotb_test_core_mini_vmsif_test', it will not be built.
Analysis failed
WARNING: errors encountered while analyzing target '//tests/verilator_sim:l1dcachebank_tb', it will not be built.
Analysis failed
WARNING: errors encountered while analyzing target '//hdl/chisel/src/coralnpu:core_mini_verification_axi_cc_library_verilog', it will not be built.
Analysis failed
WARNING: errors encountered while analyzing target '//tests/cocotb:rvv_load_store_test_load_store16_unit_m2', it will not be built.
Analysis failed
WARNING: errors encountered while analyzing target '//tests/cocotb:rvv_arithmetic_cocotb_test_vnclipu_test', it will not be built.
Analysis failed
WARNING: errors encountered while analyzing target '//tests/cocotb:rvv_assembly_cocotb_test_vslide1down_test', it will not be built.
Analysis failed
WARNING: errors encountered while analyzing target '//tests/cocotb:core_mini_axi_debug_cocotb_core_mini_axi_debug_abstract_access_nonexistent_register', it will not be built.
Analysis failed
WARNING: errors encountered while analyzing target '//tests/cocotb:rvv_load_store_test_load8_stride2_mf4', it will not be built.
Analysis failed
WARNING: errors encountered while analyzing target '//tests/cocotb:rvv_core_mini_axi_sim_cocotb_slow_core_mini_axi_run_wfi_in_all_slots', it will not be built.
Analysis failed
WARNING: errors encountered while analyzing target '//tests/cocotb:core_mini_axi_sim_cocotb_unreachable_prefetch_fault', it will not be built.
Analysis failed
WARNING: errors encountered while analyzing target '//tests/cocotb:rvv_assembly_cocotb_test_core_mini_viota_test', it will not be built.
Analysis failed
WARNING: errors encountered while analyzing target '//hdl/chisel/src/coralnpu:core_scalar_cc_library_cc', it will not be built.
Analysis failed
WARNING: errors encountered while analyzing target '//hdl/chisel/src/coralnpu:core_mini_highmem_axi_cc_library_emit_verilog_binary', it will not be built.
Analysis failed
WARNING: errors encountered while analyzing target '//tests/cocotb:core_mini_axi_debug_cocotb_core_mini_axi_debug_gdbserver', it will not be built.
Analysis failed
WARNING: errors encountered while analyzing target '//tests/cocotb:core_mini_axi_sim_cocotb_slow_core_mini_axi_run_wfi_in_all_slots', it will not be built.
Analysis failed
WARNING: errors encountered while analyzing target '//hdl/chisel/src/soc:coralnpu_chisel_subsystem_testharness_model', it will not be built.
Analysis failed
WARNING: errors encountered while analyzing target '//hdl/chisel/src/coralnpu:rvv_core_mini_itcm512kb_dtcm512kb_axi_cc_library_cc', it will not be built.
Analysis failed
WARNING: errors encountered while analyzing target '//tests/cocotb:rvv_assembly_cocotb_test_core_mini_rvv_add', it will not be built.
Analysis failed
WARNING: errors encountered while analyzing target '//hdl/chisel/src/coralnpu:core_mini_highmem_axi_cc_library_cc', it will not be built.
Analysis failed
WARNING: errors encountered while analyzing target '//tests/cocotb:rvv_load_store_test_store16_index16', it will not be built.
Analysis failed
WARNING: errors encountered while analyzing target '//tests/cocotb:rvv_load_store_test_load32_index16_seg', it will not be built.
Analysis failed
WARNING: errors encountered while analyzing target '//tests/cocotb:rvv_arithmetic_cocotb_test_vnsrl_test', it will not be built.
Analysis failed
WARNING: errors encountered while analyzing target '//hdl/chisel/src/coralnpu:dbus2axi_cc_library', it will not be built.
Analysis failed
WARNING: errors encountered while analyzing target '//hw_sim:libcoralnpu_simulator.so', it will not be built.
Analysis failed
WARNING: errors encountered while analyzing target '//tests/cocotb:rvv_load_store_test_load8_seg_unit', it will not be built.
Analysis failed
WARNING: errors encountered while analyzing target '//tests/cocotb/tutorial/tfmicro:cocotb_conv2d_test_conv2d_18x1', it will not be built.
Analysis failed
WARNING: errors encountered while analyzing target '//tests/cocotb:rvv_core_mini_axi_sim_cocotb_slow_rvv_exceptions_test', it will not be built.
Analysis failed
WARNING: errors encountered while analyzing target '//hdl/chisel/src/coralnpu:core_mini_verification_axi_cc_library_cc', it will not be built.
Analysis failed
WARNING: errors encountered while analyzing target '//tests/cocotb/tutorial/tfmicro:cocotb_depthwise_conv_test_dwconv32to32stride1', it will not be built.
Analysis failed
WARNING: errors encountered while analyzing target '//hdl/chisel/src/coralnpu:core_cc_library_emit_verilog', it will not be built.
Analysis failed
WARNING: errors encountered while analyzing target '//tests/verilator_sim:backdoor_load_test', it will not be built.
Analysis failed
WARNING: errors encountered while analyzing target '//tests/verilator_sim:core_mini_axi_sim', it will not be built.
Analysis failed
WARNING: errors encountered while analyzing target '//tests/cocotb:rvv_load_store_test_store8_index32', it will not be built.
Analysis failed
WARNING: errors encountered while analyzing target '//tests/cocotb/tlul:coralnpu_chisel_subsystem_cocotb_test_ibus_fetch_from_sram', it will not be built.
Analysis failed
WARNING: errors encountered while analyzing target '//tests/cocotb:rvv_assembly_cocotb_test_core_mini_vcompress_test', it will not be built.
Analysis failed
WARNING: errors encountered while analyzing target '//tests/cocotb:rvv_highmem_tests_slow_core_mini_axi_basic_write_read_memory', it will not be built.
Analysis failed
WARNING: errors encountered while analyzing target '//hdl/chisel/src/coralnpu:core_mini_highmem_axi_cc_library_emit_verilog', it will not be built.
Analysis failed
WARNING: errors encountered while analyzing target '//hdl/chisel/src/coralnpu:rvv_core_mini_verification_axi_cc_library_verilog', it will not be built.
Analysis failed
WARNING: errors encountered while analyzing target '//tests/cocotb:rvv_assembly_cocotb_test_vslidedown_test', it will not be built.
Analysis failed
WARNING: errors encountered while analyzing target '//tests/cocotb/tlul:coralnpu_xbar_cocotb_test_test_host_32_to_coralnpu_device_csr_read', it will not be built.
Analysis failed
WARNING: errors encountered while analyzing target '//tests/cocotb/tutorial/tfmicro:cocotb_conv2d_test_conv2d_37x1_h2w2', it will not be built.
Analysis failed
WARNING: errors encountered while analyzing target '//tests/cocotb:core_mini_axi_sim_cocotb_slow_core_mini_axi_backdoor_load_test', it will not be built.
Analysis failed
WARNING: errors encountered while analyzing target '//hdl/chisel/src/coralnpu:l1dcache_cc_library_emit_verilog_binary', it will not be built.
Analysis failed
WARNING: errors encountered while analyzing target '//hdl/chisel/src/coralnpu:l1icache_cc_library_emit_verilog_binary', it will not be built.
Analysis failed
WARNING: errors encountered while analyzing target '//tests/verilator_sim:core_mini_itcm512kb_dtcm512kb_axi_tb', it will not be built.
Analysis failed
WARNING: errors encountered while analyzing target '//hdl/chisel/src/coralnpu:rvv_core_mini_verification_axi_cc_library_cc', it will not be built.
Analysis failed
WARNING: errors encountered while analyzing target '//tests/cocotb/tutorial/tfmicro:cocotb_depthwise_conv_test_dwconv32to32stride2', it will not be built.
Analysis failed
WARNING: errors encountered while analyzing target '//hdl/chisel/src/coralnpu:rvv_core_mini_itcm512kb_dtcm512kb_axi_cc_library_emit_verilog_binary', it will not be built.
Analysis failed
WARNING: errors encountered while analyzing target '//hdl/chisel/src/coralnpu:l1dcachebank_cc_library_emit_verilog_binary', it will not be built.
Analysis failed
WARNING: errors encountered while analyzing target '//hdl/chisel/src/coralnpu:core_mini_cc_library', it will not be built.
Analysis failed
WARNING: errors encountered while analyzing target '//hdl/chisel/src/coralnpu:core_mini_axi_cc_library_emit_verilog_binary', it will not be built.
Analysis failed
WARNING: errors encountered while analyzing target '//tests/cocotb:rvv_core_mini_axi_debug_cocotb_core_mini_axi_debug_scalar_registers', it will not be built.
Analysis failed
WARNING: errors encountered while analyzing target '//tests/cocotb/tlul:gpio_integration_cocotb_test_gpio_integration', it will not be built.
Analysis failed
WARNING: errors encountered while analyzing target '//hdl/chisel/src/coralnpu:core_cc_library', it will not be built.
Analysis failed
WARNING: errors encountered while analyzing target '//hdl/chisel/src/coralnpu:alu_cc_library_verilog', it will not be built.
Analysis failed
WARNING: errors encountered while analyzing target '//tests/cocotb:core_mini_axi_debug_cocotb_core_mini_axi_debug_probe_impl', it will not be built.
Analysis failed
WARNING: errors encountered while analyzing target '//tests/verilator_sim:rvv_core_mini_highmem_axi_tb', it will not be built.
Analysis failed
WARNING: errors encountered while analyzing target '//hdl/chisel/src/coralnpu:core_cc_library_verilog', it will not be built.
Analysis failed
WARNING: errors encountered while analyzing target '//tests/cocotb:rvv_core_mini_axi_sim_cocotb_rvv_exceptions_test', it will not be built.
Analysis failed
WARNING: errors encountered while analyzing target '//tests/cocotb:rvv_highmem_tests_slow_core_mini_rvv_matmul_test', it will not be built.
Analysis failed
WARNING: errors encountered while analyzing target '//hdl/chisel/src/coralnpu:l1icache_cc_library', it will not be built.
Analysis failed
WARNING: errors encountered while analyzing target '//fpga:dma_sim_test', it will not be built.
Analysis failed
WARNING: errors encountered while analyzing target '//hdl/chisel/src/soc:coralnpu_chisel_subsystem_cc_library_cc', it will not be built.
Analysis failed
WARNING: errors encountered while analyzing target '//tests/cocotb:rvv_load_store_test_load_strided_all_vtypes_test', it will not be built.
Analysis failed
WARNING: errors encountered while analyzing target '//tests/cocotb:rvv_core_mini_axi_sim_cocotb_slow_core_mini_axi_csr_test', it will not be built.
Analysis failed
WARNING: errors encountered while analyzing target '//hdl/chisel/src/soc:coralnpu_chisel_subsystem_model', it will not be built.
Analysis failed
WARNING: errors encountered while analyzing target '//tests/cocotb:rvv_arithmetic_cocotb_test_binary_op_vx', it will not be built.
Analysis failed
WARNING: errors encountered while analyzing target '//tests/cocotb:rvv_load_store_test_store8_index8_seg', it will not be built.
Analysis failed
WARNING: errors encountered while analyzing target '//tests/cocotb:core_mini_axi_sim_cocotb_core_mini_axi_backdoor_load_test', it will not be built.
Analysis failed
WARNING: errors encountered while analyzing target '//fpga/ip/ispyocto:isp_wrapper_sim_binary', it will not be built.
Analysis failed
WARNING: errors encountered while analyzing target '//fpga:rtl_files', it will not be built.
Analysis failed
WARNING: errors encountered while analyzing target '//tests/cocotb:rvv_load_store_test_store8_index8', it will not be built.
Analysis failed
WARNING: errors encountered while analyzing target '//hdl/chisel/src/soc:coralnpu_chisel_subsystem_highmem_testharness_cc_library_emit_verilog', it will not be built.
Analysis failed
WARNING: errors encountered while analyzing target '//tests/cocotb:core_mini_axi_sim_cocotb_core_mini_axi_write_read_memory_stress_test', it will not be built.
Analysis failed
WARNING: errors encountered while analyzing target '//tests/verilator_sim:rvv_core_mini_axi_tb', it will not be built.
Analysis failed
WARNING: errors encountered while analyzing target '//tests/cocotb:rvv_arithmetic_cocotb_test_vnsra_test', it will not be built.
Analysis failed
WARNING: errors encountered while analyzing target '//hw_sim:core_mini_axi_simulator_rvv', it will not be built.
Analysis failed
WARNING: errors encountered while analyzing target '//tests/cocotb:rvv_highmem_tests_slow_core_mini_axi_run_wfi_in_all_slots_highmem', it will not be built.
Analysis failed
WARNING: errors encountered while analyzing target '//tests/cocotb/tlul:spi_master_cocotb_test_spi_master_basic_tx', it will not be built.
Analysis failed
WARNING: errors encountered while analyzing target '//tests/cocotb/tutorial/tfmicro:cocotb_fully_connected_test_fc_16_16', it will not be built.
Analysis failed
WARNING: errors encountered while analyzing target '//hdl/chisel/src/soc:coralnpu_chisel_subsystem_testharness_cc_library_verilog', it will not be built.
Analysis failed
WARNING: errors encountered while analyzing target '//tests/cocotb/tlul:coralnpu_xbar_cocotb_test_coralnpu_core_to_invalid_addr', it will not be built.
Analysis failed
WARNING: errors encountered while analyzing target '//hdl/chisel/src/coralnpu:rvv_core_mini_highmem_axi_cc_library_verilog', it will not be built.
Analysis failed
WARNING: errors encountered while analyzing target '//hdl/chisel/src/soc:coralnpu_chisel_subsystem_highmem_testharness_cc_library_emit_verilog_binary', it will not be built.
Analysis failed
WARNING: errors encountered while analyzing target '//hdl/chisel/src/coralnpu:alu_cc_library_emit_verilog_binary', it will not be built.
Analysis failed
WARNING: errors encountered while analyzing target '//hdl/chisel/src/coralnpu:core_mini_itcm512kb_dtcm512kb_axi_cc_library_verilog', it will not be built.
Analysis failed
WARNING: errors encountered while analyzing target '//tests/cocotb:rvv_load_store_test_store32_index32', it will not be built.
Analysis failed
WARNING: errors encountered while analyzing target '//tests/cocotb:rvv_core_mini_axi_debug_cocotb_core_mini_axi_debug_abstract_access_registers', it will not be built.
Analysis failed
WARNING: errors encountered while analyzing target '//hdl/chisel/src/soc:coralnpu_chisel_subsystem_highmem_testharness_cc_library', it will not be built.
Analysis failed
WARNING: errors encountered while analyzing target '//tests/cocotb:core_mini_axi_debug_cocotb_core_mini_axi_debug_dmactive', it will not be built.
Analysis failed
WARNING: errors encountered while analyzing target '//hdl/chisel/src/soc:coralnpu_xbar_lib', it will not be built.
Analysis failed
WARNING: errors encountered while analyzing target '//tests/cocotb:rvv_assembly_cocotb_test_core_mini_vcpop_test', it will not be built.
Analysis failed
WARNING: errors encountered while analyzing target '//tests/cocotb:rvv_core_mini_axi_debug_cocotb_core_mini_axi_debug_probe_impl', it will not be built.
Analysis failed
WARNING: errors encountered while analyzing target '//hdl/chisel/src/coralnpu:rvv_core_mini_highmem_axi_cc_library', it will not be built.
Analysis failed
WARNING: errors encountered while analyzing target '//tests/cocotb:core_mini_axi_sim_cocotb_core_mini_axi_csr_test', it will not be built.
Analysis failed
WARNING: errors encountered while analyzing target '//tests/cocotb:core_mini_axi_sim_cocotb_core_mini_axi_riscv_dv', it will not be built.
Analysis failed
WARNING: errors encountered while analyzing target '//tests/cocotb:rvv_load_store_test_load8_index8_seg', it will not be built.
Analysis failed
WARNING: errors encountered while analyzing target '//hdl/chisel/src/soc:coralnpu_chisel_subsystem_cc_library', it will not be built.
Analysis failed
WARNING: errors encountered while analyzing target '//tests/cocotb/tutorial/tfmicro:cocotb_conv2d_test_conv2d_48x48_h2w2', it will not be built.
Analysis failed
WARNING: errors encountered while analyzing target '//tests/cocotb:rvv_core_mini_axi_sim_cocotb_slow_core_mini_axi_write_read_memory_stress_test', it will not be built.
Analysis failed
WARNING: errors encountered while analyzing target '//hdl/chisel/src/soc:coralnpu_chisel_subsystem_highmem_cc_library_emit_verilog_binary', it will not be built.
Analysis failed
WARNING: errors encountered while analyzing target '//tests/cocotb:rvv_itcm512kb_dtcm512kb_tests_core_mini_axi_run_wfi_in_all_slots_itcm512kb_dtcm512kb', it will not be built.
Analysis failed
WARNING: errors encountered while analyzing target '//tests/cocotb/tlul:spi_master_cocotb_test_spi_master_half_duplex_rx', it will not be built.
Analysis failed
WARNING: errors encountered while analyzing target '//hdl/chisel/src/coralnpu:core_cc_library_emit_verilog_binary', it will not be built.
Analysis failed
WARNING: errors encountered while analyzing target '//tests/cocotb:rvv_load_store_test_load_store_whole_register_test', it will not be built.
Analysis failed
WARNING: errors encountered while analyzing target '//fpga/ip/ispyocto:isp_wrapper_sim', it will not be built.
Analysis failed
WARNING: errors encountered while analyzing target '//tests/cocotb:rvv_core_mini_axi_sim_cocotb_core_mini_axi_slow_bready', it will not be built.
Analysis failed
WARNING: errors encountered while analyzing target '//hdl/chisel/src/coralnpu:coralnpu_uncached_fetch_tests', it will not be built.
Analysis failed
WARNING: errors encountered while analyzing target '//tests/cocotb:rvv_load_store_test_load8_index16', it will not be built.
Analysis failed
WARNING: errors encountered while analyzing target '//hdl/chisel/src/soc:coralnpu_chisel_subsystem_lib', it will not be built.
Analysis failed
WARNING: errors encountered while analyzing target '//tests/cocotb:core_mini_axi_sim_cocotb_core_mini_axi_run_wfi_in_all_slots', it will not be built.
Analysis failed
WARNING: errors encountered while analyzing target '//tests/cocotb/tlul:coralnpu_chisel_subsystem_cocotb_test_boot_addr_sram', it will not be built.
Analysis failed
WARNING: errors encountered while analyzing target '//tests/cocotb/tutorial/tfmicro:cocotb_conv2d_test_conv2d_21x48_h8w8', it will not be built.
Analysis failed
WARNING: errors encountered while analyzing target '//tests/cocotb/tutorial:hello_world_float_core_mini_axi_core_mini_axi_tutorial', it will not be built.
Analysis failed
WARNING: errors encountered while analyzing target '//tests/cocotb:rvv_core_mini_axi_sim_cocotb_core_mini_axi_basic_write_read_memory', it will not be built.
Analysis failed
WARNING: errors encountered while analyzing target '//tests/cocotb:rvv_arithmetic_cocotb_test_widen_math_ops_test_impl', it will not be built.
Analysis failed
WARNING: errors encountered while analyzing target '//tests/cocotb:rvv_load_store_test_load8_index16_seg', it will not be built.
Analysis failed
WARNING: errors encountered while analyzing target '//tests/cocotb/tutorial/tfmicro:cocotb_pooling_test_maxpool32stride2', it will not be built.
Analysis failed
WARNING: errors encountered while analyzing target '//hdl/chisel/src/coralnpu:core_scalar_cc_library_emit_verilog', it will not be built.
Analysis failed
WARNING: errors encountered while analyzing target '//hdl/chisel/src/soc:coralnpu_chisel_subsystem_highmem_cc_library', it will not be built.
Analysis failed
WARNING: errors encountered while analyzing target '//fpga:copy_chip_verilator_highmem_binary', it will not be built.
Analysis failed
WARNING: errors encountered while analyzing target '//hdl/chisel/src/coralnpu:core_mini_cc_library_emit_verilog', it will not be built.
Analysis failed
WARNING: errors encountered while analyzing target '//hdl/chisel/src/coralnpu:rvv_core_mini_tlul_cc_library_verilog', it will not be built.
Analysis failed
WARNING: errors encountered while analyzing target '//hdl/chisel/src/coralnpu:dbus2axi_cc_library_emit_verilog_binary', it will not be built.
Analysis failed
WARNING: errors encountered while analyzing target '//tests/cocotb:rvv_core_mini_axi_sim_cocotb_core_mini_axi_frm_test', it will not be built.
Analysis failed
WARNING: errors encountered while analyzing target '//tests/cocotb/tlul:coralnpu_chisel_subsystem_cocotb_test_plic', it will not be built.
Analysis failed
WARNING: errors encountered while analyzing target '//tests/verilator_sim:l1dcache_tb', it will not be built.
Analysis failed
WARNING: errors encountered while analyzing target '//hdl/chisel/src/soc:coralnpu_xbar_testharness_model', it will not be built.
Analysis failed
WARNING: errors encountered while analyzing target '//tests/cocotb/tutorial/tfmicro:cocotb_fully_connected_test_fc_64_64', it will not be built.
Analysis failed
WARNING: errors encountered while analyzing target '//tests/cocotb:core_mini_axi_debug_cocotb_core_mini_axi_debug_halt_resume', it will not be built.
Analysis failed
WARNING: errors encountered while analyzing target '//tests/cocotb:rvv_load_store_test_load16_stride4_mf2', it will not be built.
Analysis failed
WARNING: errors encountered while analyzing target '//tests/cocotb/tlul:coralnpu_chisel_subsystem_cocotb_test_tlul_width_bridge_bug_reproduction', it will not be built.
Analysis failed
WARNING: errors encountered while analyzing target '//tests/cocotb:rvv_load_store_test_store16_seg_unit', it will not be built.
Analysis failed
WARNING: errors encountered while analyzing target '//hdl/chisel/src/soc:coralnpu_chisel_subsystem_cc_library_verilog', it will not be built.
Analysis failed
WARNING: errors encountered while analyzing target '//hdl/chisel/src/coralnpu:core_scalar_cc_library', it will not be built.
Analysis failed
WARNING: errors encountered while analyzing target '//hdl/chisel/src/soc:coralnpu_chisel_subsystem_cc_library_emit_verilog_binary', it will not be built.
Analysis failed
WARNING: errors encountered while analyzing target '//hdl/chisel/src/coralnpu:coralnpu_scalar', it will not be built.
Analysis failed
WARNING: errors encountered while analyzing target '//tests/cocotb:rvv_load_store_test_load_unit_masked', it will not be built.
Analysis failed
WARNING: errors encountered while analyzing target '//hdl/chisel/src/soc:coralnpu_xbar_cc_library_cc', it will not be built.
Analysis failed
WARNING: errors encountered while analyzing target '//hw_sim:core_mini_axi_wrapper_example', it will not be built.
Analysis failed
WARNING: errors encountered while analyzing target '//hdl/chisel/src/coralnpu:rvv_core_mini_axi_cc_library', it will not be built.
Analysis failed
WARNING: errors encountered while analyzing target '//tests/cocotb:rvv_core_mini_axi_sim_cocotb_slow_core_mini_axi_exceptions_test', it will not be built.
Analysis failed
WARNING: errors encountered while analyzing target '//hdl/chisel/src/coralnpu:l1dcache_cc_library_verilog', it will not be built.
Analysis failed
WARNING: errors encountered while analyzing target '//tests/cocotb/tutorial/tfmicro:cocotb_conv2d_test_conv2d_16x3_s2', it will not be built.
Analysis failed
WARNING: errors encountered while analyzing target '//tests/cocotb:core_mini_axi_sim_cocotb_core_mini_axi_slow_bready', it will not be built.
Analysis failed
WARNING: errors encountered while analyzing target '//tests/cocotb:rvv_load_store_test_load8_stride2_m1', it will not be built.
Analysis failed
WARNING: errors encountered while analyzing target '//hdl/chisel/src/coralnpu:core_mini_itcm512kb_dtcm512kb_axi_cc_library', it will not be built.
Analysis failed
WARNING: errors encountered while analyzing target '//tests/cocotb:rvv_load_store_test_load_store_bits', it will not be built.
Analysis failed
WARNING: errors encountered while analyzing target '//tests/cocotb:rvv_load_store_test_store16_index32', it will not be built.
Analysis failed
WARNING: errors encountered while analyzing target '//hdl/chisel/src/coralnpu:l1dcachebank_cc_library_verilog', it will not be built.
Analysis failed
WARNING: errors encountered while analyzing target '//hdl/chisel/src/coralnpu:l1dcache_cc_library', it will not be built.
Analysis failed
WARNING: errors encountered while analyzing target '//tests/cocotb:rvv_core_mini_axi_debug_cocotb_core_mini_axi_debug_halt_resume', it will not be built.
Analysis failed
WARNING: errors encountered while analyzing target '//tests/cocotb:rvv_highmem_tests_core_mini_rvv_matmul_test', it will not be built.
Analysis failed
WARNING: errors encountered while analyzing target '//tests/cocotb:rvv_load_store_test_load_store8_test', it will not be built.
Analysis failed
WARNING: errors encountered while analyzing target '//fpga/ip/coralnpu_chisel_subsystem_default:generate_core_file', it will not be built.
Analysis failed
WARNING: errors encountered while analyzing target '//hdl/chisel/src/coralnpu:l1dcachebank_cc_library', it will not be built.
Analysis failed
WARNING: errors encountered while analyzing target '//tests/cocotb:core_mini_axi_sim_cocotb_core_mini_axi_basic_write_read_memory', it will not be built.
Analysis failed
WARNING: errors encountered while analyzing target '//hdl/chisel/src/soc:coralnpu_chisel_subsystem_highmem_testharness_model', it will not be built.
Analysis failed
WARNING: errors encountered while analyzing target '//hdl/chisel/src/coralnpu:dvu_cc_library_cc', it will not be built.
Analysis failed
WARNING: errors encountered while analyzing target '//tests/cocotb:rvv_core_mini_axi_sim_cocotb_core_mini_axi_backdoor_load_test', it will not be built.
Analysis failed
WARNING: errors encountered while analyzing target '//tests/verilator_sim:rvv_core_mini_verification_axi_tb', it will not be built.
Analysis failed
WARNING: errors encountered while analyzing target '//tests/cocotb:rvv_assembly_cocotb_test_vslideup_test', it will not be built.
Analysis failed
WARNING: errors encountered while analyzing target '//tests/cocotb:rvv_itcm512kb_dtcm512kb_tests_core_mini_rvv_matmul_test', it will not be built.
Analysis failed
WARNING: errors encountered while analyzing target '//hdl/chisel/src/soc:coralnpu_xbar_cc_library', it will not be built.
Analysis failed
WARNING: errors encountered while analyzing target '//tests/verilator_sim:core_mini_highmem_axi_tb', it will not be built.
Analysis failed
WARNING: errors encountered while analyzing target '//hdl/chisel/src/coralnpu:rvv_core_mini_axi_cc_library_verilog', it will not be built.
Analysis failed
WARNING: errors encountered while analyzing target '//hdl/chisel/src/coralnpu:rvv_core_mini_itcm512kb_dtcm512kb_axi_cc_library_emit_verilog', it will not be built.
Analysis failed
WARNING: errors encountered while analyzing target '//tests/cocotb:rvv_core_mini_axi_sim_cocotb_slow_core_mini_axi_basic_write_read_memory', it will not be built.
Analysis failed
WARNING: errors encountered while analyzing target '//tests/cocotb:rvv_core_mini_axi_sim_cocotb_slow_core_mini_axi_rand_instr_test', it will not be built.
Analysis failed
WARNING: errors encountered while analyzing target '//hdl/chisel/src/coralnpu:core_mini_verification_axi_cc_library', it will not be built.
Analysis failed
WARNING: errors encountered while analyzing target '//hdl/chisel/src/coralnpu:rvv_core_mini_tlul_cc_library', it will not be built.
Analysis failed
WARNING: errors encountered while analyzing target '//tests/cocotb:rvv_core_mini_axi_sim_cocotb_slow_core_mini_axi_frm_test', it will not be built.
Analysis failed
WARNING: errors encountered while analyzing target '//tests/verilator_sim:core_mini_highmem_axi_sim', it will not be built.
Analysis failed
WARNING: errors encountered while analyzing target '//tests/cocotb:rvv_core_mini_axi_sim_cocotb_slow_core_mini_axi_burst_types_test', it will not be built.
Analysis failed
WARNING: errors encountered while analyzing target '//hdl/chisel/src/coralnpu:l1dcache_cc_library_emit_verilog', it will not be built.
Analysis failed
WARNING: errors encountered while analyzing target '//hdl/chisel/src/coralnpu:rvv_core_mini_axi_cc_library_emit_verilog', it will not be built.
Analysis failed
WARNING: errors encountered while analyzing target '//tests/cocotb:rvv_load_store_test_load16_index32_seg', it will not be built.
Analysis failed
WARNING: errors encountered while analyzing target '//tests/cocotb:core_mini_axi_sim_cocotb_core_mini_axi_float_csr_test', it will not be built.
Analysis failed
WARNING: errors encountered while analyzing target '//tests/cocotb:rvv_load_store_test_load16_seg_unit', it will not be built.
Analysis failed
WARNING: errors encountered while analyzing target '//hdl/chisel/src/coralnpu:core_mini_axi_cc_library_verilog', it will not be built.
Analysis failed
WARNING: errors encountered while analyzing target '//tests/cocotb:rvv_core_mini_axi_debug_cocotb_core_mini_axi_debug_abstract_access_nonexistent_register', it will not be built.
Analysis failed
WARNING: errors encountered while analyzing target '//hdl/chisel/src/soc:coralnpu_xbar_testharness_cc_library', it will not be built.
Analysis failed
WARNING: errors encountered while analyzing target '//hdl/chisel/src/coralnpu:rvv_core_mini_axi_cc_library_emit_verilog_binary', it will not be built.
Analysis failed
WARNING: errors encountered while analyzing target '//tests/verilator_sim:rvv_core_mini_itcm512kb_dtcm512kb_axi_tb', it will not be built.
Analysis failed
WARNING: errors encountered while analyzing target '//tests/cocotb:core_mini_axi_sim_cocotb_slow_core_mini_axi_basic_write_read_memory', it will not be built.
Analysis failed
WARNING: errors encountered while analyzing target '//hdl/chisel/src/coralnpu:alu_cc_library_emit_verilog', it will not be built.
Analysis failed
WARNING: errors encountered while analyzing target '//hdl/chisel/src/coralnpu:l1dcachebank_cc_library_cc', it will not be built.
Analysis failed
WARNING: errors encountered while analyzing target '//hdl/chisel/src/coralnpu:dbus2axi_cc_library_emit_verilog', it will not be built.
Analysis failed
WARNING: errors encountered while analyzing target '//hdl/chisel/src/coralnpu:rvv_core_mini_tlul_verilog', it will not be built.
Analysis failed
WARNING: errors encountered while analyzing target '//tests/cocotb:rvv_assembly_cocotb_test_vsetvl_test', it will not be built.
Analysis failed
WARNING: errors encountered while analyzing target '//tests/cocotb:core_mini_axi_sim_cocotb_core_mini_axi_exceptions_test', it will not be built.
Analysis failed
WARNING: errors encountered while analyzing target '//tests/cocotb:core_mini_axi_debug_cocotb_core_mini_axi_debug_scalar_registers', it will not be built.
Analysis failed
WARNING: errors encountered while analyzing target '//tests/cocotb:rvv_load_store_test_load8_index8', it will not be built.
Analysis failed
WARNING: errors encountered while analyzing target '//hdl/chisel/src/soc:coralnpu_chisel_subsystem_testharness_cc_library_emit_verilog_binary', it will not be built.
Analysis failed
WARNING: errors encountered while analyzing target '//tests/cocotb:rvv_load_store_test_store32_index16', it will not be built.
Analysis failed
WARNING: errors encountered while analyzing target '//fpga:trivial_pass_highmem_sim_test', it will not be built.
Analysis failed
WARNING: errors encountered while analyzing target '//hdl/chisel/src/soc:coralnpu_xbar_testharness_cc_library_emit_verilog_binary', it will not be built.
Analysis failed
WARNING: errors encountered while analyzing target '//tests/cocotb/tutorial/tfmicro:cocotb_depthwise_conv_test_dwconv8to8stride2', it will not be built.
Analysis failed
WARNING: errors encountered while analyzing target '//tests/cocotb:rvv_core_mini_axi_sim_cocotb_slow_core_mini_axi_backdoor_load_test', it will not be built.
Analysis failed
WARNING: errors encountered while analyzing target '//tests/cocotb:rvv_core_mini_axi_sim_cocotb_core_mini_axi_riscv_tests', it will not be built.
Analysis failed
WARNING: errors encountered while analyzing target '//hdl/chisel/src/coralnpu:l1icache_cc_library_verilog', it will not be built.
Analysis failed
WARNING: errors encountered while analyzing target '//tests/cocotb:rvv_load_store_test_load8_index32_seg', it will not be built.
Analysis failed
WARNING: errors encountered while analyzing target '//hdl/chisel/src/soc:coralnpu_chisel_subsystem_testharness_cc_library_emit_verilog', it will not be built.
Analysis failed
WARNING: errors encountered while analyzing target '//tests/cocotb:rvv_core_mini_axi_sim_cocotb_core_mini_axi_master_write_alignment', it will not be built.
Analysis failed
WARNING: errors encountered while analyzing target '//tests/cocotb:rvv_core_mini_highmem_axi_model', it will not be built.
Analysis failed
WARNING: errors encountered while analyzing target '//tests/cocotb:rvv_load_store_test_load8_stride2_m1_partial', it will not be built.
Analysis failed
WARNING: errors encountered while analyzing target '//tests/cocotb:rvv_load_store_test_load16_index16_seg', it will not be built.
Analysis failed
WARNING: errors encountered while analyzing target '//tests/cocotb/tlul:coralnpu_chisel_subsystem_cocotb_test_program_execution_via_host', it will not be built.
Analysis failed
WARNING: errors encountered while analyzing target '//tests/cocotb/tutorial/tfmicro:cocotb_conv2d_test_conv2d_16x16', it will not be built.
Analysis failed
WARNING: errors encountered while analyzing target '//tests/cocotb:core_mini_axi_sim_cocotb_slow_core_mini_axi_burst_types_test', it will not be built.
Analysis failed
WARNING: errors encountered while analyzing target '//hdl/chisel/src/coralnpu:rvv_core_mini_verification_axi_cc_library_emit_verilog_binary', it will not be built.
Analysis failed
WARNING: errors encountered while analyzing target '//tests/cocotb:rvv_load_store_test_store16_index8', it will not be built.
Analysis failed
WARNING: errors encountered while analyzing target '//fpga:build_chip_verilator', it will not be built.
Analysis failed
WARNING: errors encountered while analyzing target '//tests/cocotb:rvv_load_store_test_load32_stride8_m1', it will not be built.
Analysis failed
WARNING: errors encountered while analyzing target '//fpga:flash_tool_sim_test', it will not be built.
Analysis failed
WARNING: errors encountered while analyzing target '//tests/cocotb:rvv_load_store_test_load32_stride8_m1_partial', it will not be built.
Analysis failed
WARNING: errors encountered while analyzing target '//hdl/chisel/src/coralnpu:core_mini_axi_bundle', it will not be built.
Analysis failed
WARNING: errors encountered while analyzing target '//tests/cocotb/tlul:coralnpu_xbar_cocotb_test_coralnpu_core_to_coralnpu_device', it will not be built.
Analysis failed
WARNING: errors encountered while analyzing target '//hdl/chisel/src/coralnpu:core_mini_itcm512kb_dtcm512kb_axi_cc_library_cc', it will not be built.
Analysis failed
WARNING: errors encountered while analyzing target '//tests/cocotb/tlul:coralnpu_xbar_cocotb_test_test_host_32_to_coralnpu_device_specific_addr', it will not be built.
Analysis failed
WARNING: errors encountered while analyzing target '//tests/cocotb/tutorial/counters:cocotb_counter_test_inst_cycle_counter_test', it will not be built.
Analysis failed
WARNING: errors encountered while analyzing target '//tests/cocotb/tlul:spi_master_cocotb_test_spi_master_half_duplex_tx', it will not be built.
Analysis failed
WARNING: errors encountered while analyzing target '//hw_sim:core_mini_axi_wrapper', it will not be built.
Analysis failed
WARNING: errors encountered while analyzing target '//tests/cocotb:rvv_core_mini_axi_sim_cocotb_core_mini_axi_float_csr_test', it will not be built.
Analysis failed
WARNING: errors encountered while analyzing target '//fpga:build_chip_verilator_highmem', it will not be built.
Analysis failed
WARNING: errors encountered while analyzing target '//hdl/chisel/src/coralnpu:dvu_cc_library_emit_verilog_binary', it will not be built.
Analysis failed
WARNING: errors encountered while analyzing target '//tests/cocotb:rvv_core_mini_axi_sim_cocotb_slow_core_mini_axi_coralnpu_isa_test', it will not be built.
Analysis failed
WARNING: errors encountered while analyzing target '//tests/cocotb:rvv_core_mini_axi_sim_cocotb_core_mini_axi_exceptions_test', it will not be built.
Analysis failed
WARNING: errors encountered while analyzing target '//tests/cocotb/tlul:dma_integration_cocotb_test_dma_mem_to_mem', it will not be built.
Analysis failed
WARNING: errors encountered while analyzing target '//tests/cocotb:rvv_load_store_test_load32_seg_unit', it will not be built.
Analysis failed
WARNING: errors encountered while analyzing target '//tests/cocotb/tutorial/tfmicro:cocotb_depthwise_conv_test_dwconv8to8stride1', it will not be built.
Analysis failed
WARNING: errors encountered while analyzing target '//hdl/chisel/src/coralnpu:rvv_core_mini_itcm512kb_dtcm512kb_axi_cc_library', it will not be built.
Analysis failed
WARNING: errors encountered while analyzing target '//hdl/chisel/src/coralnpu:core_mini_axi_cc_library_emit_verilog', it will not be built.
Analysis failed
WARNING: errors encountered while analyzing target '//hdl/chisel/src/coralnpu:mlu_cc_library_verilog', it will not be built.
Analysis failed
WARNING: errors encountered while analyzing target '//tests/cocotb:core_mini_axi_debug_cocotb_core_mini_axi_debug_ndmreset', it will not be built.
Analysis failed
WARNING: errors encountered while analyzing target '//tests/cocotb:rvv_load_store_test_load16_index8_seg', it will not be built.
Analysis failed
WARNING: errors encountered while analyzing target '//tests/cocotb:rvv_assembly_cocotb_test_core_mini_vl_test', it will not be built.
Analysis failed
WARNING: errors encountered while analyzing target '//tests/cocotb:rvv_highmem_tests_core_mini_axi_run_wfi_in_all_slots_highmem', it will not be built.
Analysis failed
WARNING: errors encountered while analyzing target '//tests/cocotb:rvv_load_store_test_load32_index8_seg', it will not be built.
Analysis failed
WARNING: errors encountered while analyzing target '//hdl/chisel/src/coralnpu:dvu_cc_library', it will not be built.
Analysis failed
WARNING: errors encountered while analyzing target '//hw_sim:core_mini_axi_simulator_example', it will not be built.
Analysis failed
WARNING: errors encountered while analyzing target '//tests/cocotb:rvv_core_mini_itcm512kb_dtcm512kb_axi_model', it will not be built.
Analysis failed
WARNING: errors encountered while analyzing target '//tests/cocotb:rvv_load_store_test_load_store32_unit_m2', it will not be built.
Analysis failed
WARNING: errors encountered while analyzing target '//hdl/chisel/src/coralnpu:core_mini_verification_axi_cc_library_emit_verilog_binary', it will not be built.
Analysis failed
WARNING: errors encountered while analyzing target '//hdl/chisel/src/soc:coralnpu_chisel_subsystem_cc_library_emit_verilog', it will not be built.
Analysis failed
WARNING: errors encountered while analyzing target '//hdl/chisel/src/coralnpu:alu_cc_library', it will not be built.
Analysis failed
WARNING: errors encountered while analyzing target '//tests/cocotb:rvv_load_store_test_store_unit_masked', it will not be built.
Analysis failed
WARNING: errors encountered while analyzing target '//hdl/chisel/src/soc:coralnpu_chisel_subsystem_highmem_cc_library_verilog', it will not be built.
Analysis failed
WARNING: errors encountered while analyzing target '//tests/cocotb:rvv_core_mini_axi_debug_cocotb_core_mini_axi_debug_gdbserver', it will not be built.
Analysis failed
WARNING: errors encountered while analyzing target '//tests/cocotb:core_mini_axi_sim_cocotb_slow_core_mini_axi_float_csr_test', it will not be built.
Analysis failed
WARNING: errors encountered while analyzing target '//fpga/ip/coralnpu_chisel_subsystem_default:coralnpu_chisel_subsystem_default_verilog', it will not be built.
Analysis failed
WARNING: errors encountered while analyzing target '//hdl/chisel/src/soc:coralnpu_chisel_subsystem_itcm512kb_dtcm512kb_cc_library', it will not be built.
Analysis failed
WARNING: errors encountered while analyzing target '//tests/cocotb/tlul:coralnpu_chisel_subsystem_cocotb_test_ddr_burst_pattern_repro', it will not be built.
Analysis failed
WARNING: errors encountered while analyzing target '//hdl/chisel/src/soc:coralnpu_chisel_subsystem_itcm512kb_dtcm512kb_cc_library_verilog', it will not be built.
Analysis failed
WARNING: errors encountered while analyzing target '//tests/cocotb:core_mini_axi_debug_cocotb_core_mini_axi_debug_abstract_access_registers', it will not be built.
Analysis failed
WARNING: errors encountered while analyzing target '//hdl/chisel/src/coralnpu:rvv_core_mini_highmem_axi_cc_library_cc', it will not be built.
Analysis failed
WARNING: errors encountered while analyzing target '//hdl/chisel/src/coralnpu:coralnpu_core_axi_tests', it will not be built.
Analysis failed
WARNING: errors encountered while analyzing target '//hdl/chisel/src/coralnpu:l1dcache_cc_library_cc', it will not be built.
Analysis failed
WARNING: errors encountered while analyzing target '//tests/cocotb:rvv_core_mini_axi_sim_cocotb_slow_core_mini_axi_finish_txn_before_halt_test', it will not be built.
Analysis failed
WARNING: errors encountered while analyzing target '//tests/cocotb:rvv_assembly_cocotb_test_core_mini_vcsr_test', it will not be built.
Analysis failed
WARNING: errors encountered while analyzing target '//tests/cocotb:core_mini_axi_sim_cocotb_slow_core_mini_axi_riscv_tests', it will not be built.
Analysis failed
WARNING: errors encountered while analyzing target '//hw_sim:core_mini_axi_simulator', it will not be built.
Analysis failed
WARNING: errors encountered while analyzing target '//tests/verilator_sim:dbus2axi_tb', it will not be built.
Analysis failed
WARNING: errors encountered while analyzing target '//tests/cocotb:rvv_load_store_test_load16_index8', it will not be built.
Analysis failed
WARNING: errors encountered while analyzing target '//fpga:clk_sim_test', it will not be built.
Analysis failed
WARNING: errors encountered while analyzing target '//hdl/chisel/src/coralnpu:mlu_cc_library', it will not be built.
Analysis failed
WARNING: errors encountered while analyzing target '//tests/cocotb/tlul:coralnpu_xbar_cocotb_test_interleaved_hosts_to_sram', it will not be built.
Analysis failed
WARNING: errors encountered while analyzing target '//tests/cocotb/tlul:coralnpu_xbar_cocotb_test_coralnpu_core_to_sram', it will not be built.
Analysis failed
WARNING: errors encountered while analyzing target '//tests/cocotb:rvv_ml_ops_cocotb_test_core_mini_rvv_matmul_test', it will not be built.
Analysis failed
WARNING: errors encountered while analyzing target '//hdl/chisel/src/soc:coralnpu_chisel_subsystem_highmem_testharness_cc_library_verilog', it will not be built.
Analysis failed
WARNING: errors encountered while analyzing target '//tests/cocotb:rvv_core_mini_axi_debug_cocotb_core_mini_axi_debug_dmactive', it will not be built.
Analysis failed
WARNING: errors encountered while analyzing target '//tests/cocotb:core_mini_axi_sim_cocotb_core_mini_axi_coralnpu_isa_test', it will not be built.
Analysis failed
WARNING: errors encountered while analyzing target '//tests/cocotb/tutorial/tfmicro:cocotb_logistic_test_logistic_256', it will not be built.
Analysis failed
WARNING: errors encountered while analyzing target '//hdl/chisel/src/coralnpu:dbus2axi_cc_library_cc', it will not be built.
Analysis failed
WARNING: errors encountered while analyzing target '//hdl/chisel/src/coralnpu:l1icache_cc_library_emit_verilog', it will not be built.
Analysis failed
WARNING: errors encountered while analyzing target '//hdl/chisel/src/coralnpu:l1dcachebank_cc_library_emit_verilog', it will not be built.
Analysis failed
INFO: Analyzed 2440 targets (417 packages loaded, 24581 targets configured).
WARNING: errors encountered while analyzing target '//tests/cocotb:rvv_load_store_test_store8_seg_unit', it will not be built.
Analysis failed
INFO: Analysis succeeded for only 1742 of 2440 top-level targets
INFO: Found 1945 targets and 43 test targets...
Use --verbose_failures to see the command lines of failed build steps.
INFO: Elapsed time: 403.709s, Critical Path: 143.01s
INFO: 2760 processes: 1017 internal, 1709 processwrapper-sandbox, 34 worker.
ERROR: Build did NOT complete successfully
FAILED: 
//hdl/chisel/src/bus:dma_engine_test                            FAILED TO BUILD
//hdl/chisel/src/bus:gpio_test                                  FAILED TO BUILD
//hdl/chisel/src/bus:spi2tlulv2_test                            FAILED TO BUILD
//hdl/chisel/src/bus:spi_master_test                            FAILED TO BUILD
//hdl/chisel/src/bus:tlul_to_sram_test                          FAILED TO BUILD
(Skipping other failed to build tests)
//fpga:flash_tool_test                                                   PASSED in 1.8s
//hdl/chisel/src/common:aligner_test                                     PASSED in 34.6s
//hdl/chisel/src/common:async_queue_smoke_test                           PASSED in 20.0s
//hdl/chisel/src/common:circular_buffer_multi_test                       PASSED in 78.1s
//hdl/chisel/src/common:common_test                                      PASSED in 18.3s
//hdl/chisel/src/common:instruction_buffer_test                          PASSED in 67.5s
//hdl/chisel/src/common:library_test                                     PASSED in 102.0s
//hdl/chisel/src/common:scatter_gather_test                              PASSED in 38.9s
//hdl/chisel/src/common:sv_generation_utils_test                         PASSED in 71.6s
//hdl/chisel/src/common:fp_test                                          FAILED in 69.9s
  /home/builder/.cache/bazel/_bazel_builder/8c069df52082beee3c95ca17836fb8e2/execroot/coralnpu_hw/bazel-out/k8-fastbuild/testlogs/hdl/chisel/src/common/fp_test/test.log
//hdl/chisel/src/common:index_allocator_test                             FAILED in 73.1s
  /home/builder/.cache/bazel/_bazel_builder/8c069df52082beee3c95ca17836fb8e2/execroot/coralnpu_hw/bazel-out/k8-fastbuild/testlogs/hdl/chisel/src/common/index_allocator_test/test.log

Executed 11 out of 43 tests: 9 tests pass, 32 fail to build and 2 fail locally.
There were tests whose specified size is too big. Use the --test_verbose_timeout_warnings command line option to see which ones these are.
INFO: Build Event Protocol files produced successfully.
