Computing main repo mapping: 
Loading: 
Loading: 0 packages loaded
Analyzing: 2440 targets (68 packages loaded, 0 targets configured)
Analyzing: 2440 targets (68 packages loaded, 6 targets configured)

INFO: From Executing genrule //fpga/ip/ispyocto:grey_bars_320x240_raw_gen:
Generating test_pattern_320x240.raw (320x240)
ERROR: /app/hdl/verilog/rvv/common/BUILD: no such target '//hdl/verilog/rvv/common:multi_fifo.sv': target 'multi_fifo.sv' not declared in package 'hdl/verilog/rvv/common' defined by /app/hdl/verilog/rvv/common/BUILD
ERROR: /app/hdl/verilog/rvv/common/BUILD: no such target '//hdl/verilog/rvv/common:edff_2d.sv': target 'edff_2d.sv' not declared in package 'hdl/verilog/rvv/common' defined by /app/hdl/verilog/rvv/common/BUILD
ERROR: /app/hdl/verilog/rvv/common/BUILD: no such target '//hdl/verilog/rvv/common:edff.sv': target 'edff.sv' not declared in package 'hdl/verilog/rvv/common' defined by /app/hdl/verilog/rvv/common/BUILD
ERROR: /app/hdl/verilog/rvv/common/BUILD: no such target '//hdl/verilog/rvv/common:dff.sv': target 'dff.sv' not declared in package 'hdl/verilog/rvv/common' defined by /app/hdl/verilog/rvv/common/BUILD
ERROR: /app/hdl/verilog/rvv/common/BUILD: no such target '//hdl/verilog/rvv/common:compressor_4_2.sv': target 'compressor_4_2.sv' not declared in package 'hdl/verilog/rvv/common' defined by /app/hdl/verilog/rvv/common/BUILD
ERROR: /app/hdl/verilog/rvv/common/BUILD: no such target '//hdl/verilog/rvv/common:compressor_3_2.sv': target 'compressor_3_2.sv' not declared in package 'hdl/verilog/rvv/common' defined by /app/hdl/verilog/rvv/common/BUILD
ERROR: /app/hdl/verilog/rvv/common/BUILD: no such target '//hdl/verilog/rvv/common:cdffr.sv': target 'cdffr.sv' not declared in package 'hdl/verilog/rvv/common' defined by /app/hdl/verilog/rvv/common/BUILD
ERROR: /app/hdl/verilog/rvv/common/BUILD: no such target '//hdl/verilog/rvv/common:handshake_multi_fifo.sv': target 'handshake_multi_fifo.sv' not declared in package 'hdl/verilog/rvv/common' defined by /app/hdl/verilog/rvv/common/BUILD
ERROR: /app/hdl/verilog/rvv/common/BUILD: no such target '//hdl/verilog/rvv/common:handshake_ff.sv': target 'handshake_ff.sv' not declared in package 'hdl/verilog/rvv/common' defined by /app/hdl/verilog/rvv/common/BUILD
ERROR: /app/hdl/verilog/rvv/common/BUILD: no such target '//hdl/verilog/rvv/common:barrel_shifter.sv': target 'barrel_shifter.sv' not declared in package 'hdl/verilog/rvv/common' defined by /app/hdl/verilog/rvv/common/BUILD
ERROR: /app/hdl/verilog/rvv/common/BUILD: no such target '//hdl/verilog/rvv/common:arb_round_robin.sv': target 'arb_round_robin.sv' not declared in package 'hdl/verilog/rvv/common' defined by /app/hdl/verilog/rvv/common/BUILD
ERROR: /app/hdl/verilog/rvv/common/BUILD: no such target '//hdl/verilog/rvv/common:adder.sv': target 'adder.sv' not declared in package 'hdl/verilog/rvv/common' defined by /app/hdl/verilog/rvv/common/BUILD
Analyzing: 2440 targets (189 packages loaded, 3007 targets configured)
[203 / 215] Compiling tests/systemc/instruction_trace.cc; 0s processwrapper-sandbox ... (2 actions running)
ERROR: /app/fpga/rtl/BUILD: no such target '//fpga/rtl:chip_nexus.sv': target 'chip_nexus.sv' not declared in package 'fpga/rtl' defined by /app/fpga/rtl/BUILD
Analyzing: 2440 targets (238 packages loaded, 8304 targets configured)
[278 / 337] Compiling tests/verilator_sim/elf.cc; 1s processwrapper-sandbox ... (2 actions running)
ERROR: /app/fpga/BUILD:134:11: Compiling fpga/sw/spi.c failed: missing input file '//fpga:sw/spi.c'
ERROR: /app/fpga/BUILD:134:11: Compiling fpga/sw/spi.c failed: missing input file '//fpga:sw/spi.h'
ERROR: /app/fpga/BUILD:134:11: Compiling fpga/sw/spi.c failed: missing input file '//fpga:sw/clk.h'
ERROR: /app/fpga/BUILD:134:11: Compiling fpga/sw/spi.c failed: missing input file '//fpga:sw/clk.h'
ERROR: /app/fpga/BUILD:134:11: Compiling fpga/sw/spi.c failed: missing input file '//fpga:sw/spi.h'
ERROR: /app/fpga/BUILD:134:11: Compiling fpga/sw/spi.c failed: 5 input file(s) do not exist
ERROR: /app/fpga/BUILD:115:11: Compiling fpga/sw/clk.c failed: missing input file '//fpga:sw/clk.c'
ERROR: /app/fpga/BUILD:115:11: Compiling fpga/sw/clk.c failed: missing input file '//fpga:sw/clk.h'
ERROR: /app/fpga/BUILD:115:11: Compiling fpga/sw/clk.c failed: missing input file '//fpga:sw/clk.h'
ERROR: /app/fpga/BUILD:115:11: Compiling fpga/sw/clk.c failed: 3 input file(s) do not exist
Analyzing: 2440 targets (300 packages loaded, 11639 targets configured)
[347 / 405] checking cached actions
ERROR: /app/fpga/BUILD:121:11: Compiling fpga/sw/uart.c failed: missing input file '//fpga:sw/uart.c'
ERROR: /app/fpga/BUILD:121:11: Compiling fpga/sw/uart.c failed: missing input file '//fpga:sw/uart.h'
ERROR: /app/fpga/BUILD:121:11: Compiling fpga/sw/uart.c failed: missing input file '//fpga:sw/clk.h'
ERROR: /app/fpga/BUILD:121:11: Compiling fpga/sw/uart.c failed: missing input file '//fpga:sw/clk.h'
ERROR: /app/fpga/BUILD:121:11: Compiling fpga/sw/uart.c failed: missing input file '//fpga:sw/uart.h'
ERROR: /app/fpga/BUILD:121:11: Compiling fpga/sw/uart.c failed: 5 input file(s) do not exist
ERROR: /app/fpga/BUILD:187:11: Compiling fpga/sw/spi_flash.c failed: missing input file '//fpga:sw/spi_flash.c'
ERROR: /app/fpga/BUILD:187:11: Compiling fpga/sw/spi_flash.c failed: missing input file '//fpga:sw/spi_flash.h'
ERROR: /app/fpga/BUILD:187:11: Compiling fpga/sw/spi_flash.c failed: missing input file '//fpga:sw/clk.h'
ERROR: /app/fpga/BUILD:187:11: Compiling fpga/sw/spi_flash.c failed: missing input file '//fpga:sw/gpio.h'
ERROR: /app/fpga/BUILD:187:11: Compiling fpga/sw/spi_flash.c failed: missing input file '//fpga:sw/spi.h'
ERROR: /app/fpga/BUILD:187:11: Compiling fpga/sw/spi_flash.c failed: missing input file '//fpga:sw/gpio.h'
ERROR: /app/fpga/BUILD:187:11: Compiling fpga/sw/spi_flash.c failed: missing input file '//fpga:sw/spi_flash.h'
ERROR: /app/fpga/BUILD:187:11: Compiling fpga/sw/spi_flash.c failed: missing input file '//fpga:sw/clk.h'
ERROR: /app/fpga/BUILD:187:11: Compiling fpga/sw/spi_flash.c failed: missing input file '//fpga:sw/spi.h'
ERROR: /app/fpga/BUILD:187:11: Compiling fpga/sw/spi_flash.c failed: 9 input file(s) do not exist
ERROR: /app/fpga/BUILD:128:11: Compiling fpga/sw/gpio.c failed: missing input file '//fpga:sw/gpio.c'
ERROR: /app/fpga/BUILD:128:11: Compiling fpga/sw/gpio.c failed: missing input file '//fpga:sw/gpio.h'
ERROR: /app/fpga/BUILD:128:11: Compiling fpga/sw/gpio.c failed: missing input file '//fpga:sw/gpio.h'
ERROR: /app/fpga/BUILD:128:11: Compiling fpga/sw/gpio.c failed: 3 input file(s) do not exist
ERROR: /app/sw/utils/nexus_loader/BUILD.bazel:17:11: Compiling sw/utils/nexus_loader/spi_master.cc failed: missing input file '//sw/utils/nexus_loader:spi_master.cc'
ERROR: /app/sw/utils/nexus_loader/BUILD.bazel:17:11: Compiling sw/utils/nexus_loader/spi_master.cc failed: missing input file '//sw/utils/nexus_loader:spi_master.h'
ERROR: /app/sw/utils/nexus_loader/BUILD.bazel:17:11: Compiling sw/utils/nexus_loader/spi_master.cc failed: missing input file '//sw/utils/nexus_loader:spi_master.h'
ERROR: /app/sw/utils/nexus_loader/BUILD.bazel:17:11: Compiling sw/utils/nexus_loader/spi_master.cc failed: 3 input file(s) do not exist
ERROR: /app/fpga/BUILD:163:11: Compiling fpga/sw/display_hal.c failed: missing input file '//fpga:sw/display_hal.c'
ERROR: /app/fpga/BUILD:163:11: Compiling fpga/sw/display_hal.c failed: missing input file '//fpga:sw/gpio.h'
ERROR: /app/fpga/BUILD:163:11: Compiling fpga/sw/display_hal.c failed: missing input file '//fpga:sw/spi.h'
ERROR: /app/fpga/BUILD:163:11: Compiling fpga/sw/display_hal.c failed: missing input file '//fpga:sw/gpio.h'
ERROR: /app/fpga/BUILD:163:11: Compiling fpga/sw/display_hal.c failed: missing input file '//fpga:sw/clk.h'
ERROR: /app/fpga/BUILD:163:11: Compiling fpga/sw/display_hal.c failed: missing input file '//fpga:sw/spi.h'
ERROR: /app/fpga/BUILD:163:11: Compiling fpga/sw/display_hal.c failed: 6 input file(s) do not exist
ERROR: /app/sw/utils/nexus_loader/BUILD.bazel:46:8: Compiling sw/utils/nexus_loader/test.cc failed: missing input file '//sw/utils/nexus_loader:spi_master.h'
ERROR: /app/sw/utils/nexus_loader/BUILD.bazel:46:8: Compiling sw/utils/nexus_loader/test.cc failed: missing input file '//sw/utils/nexus_loader:spi_master.h'
ERROR: /app/sw/utils/nexus_loader/BUILD.bazel:46:8: Compiling sw/utils/nexus_loader/test.cc failed: 2 input file(s) do not exist
ERROR: /app/fpga/BUILD:148:11: Compiling fpga/sw/dma.c failed: missing input file '//fpga:sw/dma.c'
ERROR: /app/fpga/BUILD:148:11: Compiling fpga/sw/dma.c failed: missing input file '//fpga:sw/dma.h'
ERROR: /app/fpga/BUILD:148:11: Compiling fpga/sw/dma.c failed: missing input file '//fpga:sw/dma.h'
ERROR: /app/fpga/BUILD:148:11: Compiling fpga/sw/dma.c failed: 3 input file(s) do not exist
ERROR: /app/fpga/BUILD:174:11: Compiling fpga/sw/display_renderer.cc failed: missing input file '//fpga:sw/display_renderer.cc'
ERROR: /app/fpga/BUILD:174:11: Compiling fpga/sw/display_renderer.cc failed: missing input file '//fpga:sw/display_renderer.h'
ERROR: /app/fpga/BUILD:174:11: Compiling fpga/sw/display_renderer.cc failed: missing input file '//fpga:sw/dma.h'
ERROR: /app/fpga/BUILD:174:11: Compiling fpga/sw/display_renderer.cc failed: missing input file '//fpga:sw/gpio.h'
ERROR: /app/fpga/BUILD:174:11: Compiling fpga/sw/display_renderer.cc failed: missing input file '//fpga:sw/spi.h'
ERROR: /app/fpga/BUILD:174:11: Compiling fpga/sw/display_renderer.cc failed: missing input file '//fpga:sw/dma.h'
ERROR: /app/fpga/BUILD:174:11: Compiling fpga/sw/display_renderer.cc failed: missing input file '//fpga:sw/gpio.h'
ERROR: /app/fpga/BUILD:174:11: Compiling fpga/sw/display_renderer.cc failed: missing input file '//fpga:sw/display_renderer.h'
ERROR: /app/fpga/BUILD:174:11: Compiling fpga/sw/display_renderer.cc failed: missing input file '//fpga:sw/clk.h'
ERROR: /app/fpga/BUILD:174:11: Compiling fpga/sw/display_renderer.cc failed: missing input file '//fpga:sw/spi.h'
ERROR: /app/fpga/BUILD:174:11: Compiling fpga/sw/display_renderer.cc failed: 10 input file(s) do not exist
ERROR: /app/fpga/BUILD:141:11: Compiling fpga/sw/i2c.c failed: missing input file '//fpga:sw/i2c.c'
ERROR: /app/fpga/BUILD:141:11: Compiling fpga/sw/i2c.c failed: missing input file '//fpga:sw/i2c.h'
ERROR: /app/fpga/BUILD:141:11: Compiling fpga/sw/i2c.c failed: missing input file '//fpga:sw/clk.h'
ERROR: /app/fpga/BUILD:141:11: Compiling fpga/sw/i2c.c failed: missing input file '//fpga:sw/clk.h'
ERROR: /app/fpga/BUILD:141:11: Compiling fpga/sw/i2c.c failed: missing input file '//fpga:sw/i2c.h'
ERROR: /app/fpga/BUILD:141:11: Compiling fpga/sw/i2c.c failed: 5 input file(s) do not exist
ERROR: /app/sw/utils/nexus_loader/BUILD.bazel:23:10: Compiling sw/utils/nexus_loader/main.cc failed: missing input file '//sw/utils/nexus_loader:main.cc'
ERROR: /app/sw/utils/nexus_loader/BUILD.bazel:23:10: Compiling sw/utils/nexus_loader/main.cc failed: missing input file '//sw/utils/nexus_loader:spi_master.h'
ERROR: /app/sw/utils/nexus_loader/BUILD.bazel:23:10: Compiling sw/utils/nexus_loader/main.cc failed: missing input file '//sw/utils/nexus_loader:spi_master.h'
ERROR: /app/sw/utils/nexus_loader/BUILD.bazel:23:10: Compiling sw/utils/nexus_loader/main.cc failed: 3 input file(s) do not exist
Analyzing: 2440 targets (317 packages loaded, 12759 targets configured)
[682 / 988] 1 / 1 tests, 1 failed; Compiling hdl/verilog/sram_backdoor.cc; 0s processwrapper-sandbox ... (2 actions, 1 running)
Analyzing: 2440 targets (389 packages loaded, 14907 targets configured)
[769 / 1,355] 1 / 1 tests, 1 failed; Compiling hdl/verilog/sram_backdoor.cc; 1s processwrapper-sandbox ... (2 actions, 1 running)
ERROR: /app/examples/BUILD.bazel:24:19: Compiling examples/rvv_add_intrinsic.cc failed: missing input file '//examples:rvv_add_intrinsic.cc'
ERROR: /app/examples/BUILD.bazel:24:19: Compiling examples/rvv_add_intrinsic.cc failed: 1 input file(s) do not exist
ERROR: /app/fpga/BUILD:115:11: Compiling fpga/sw/clk.c failed: missing input file '//fpga:sw/clk.c'
ERROR: /app/fpga/BUILD:115:11: Compiling fpga/sw/clk.c failed: missing input file '//fpga:sw/clk.h'
ERROR: /app/fpga/BUILD:115:11: Compiling fpga/sw/clk.c failed: missing input file '//fpga:sw/clk.h'
ERROR: /app/fpga/BUILD:115:11: Compiling fpga/sw/clk.c failed: 3 input file(s) do not exist
ERROR: /app/fpga/BUILD:134:11: Compiling fpga/sw/spi.c failed: missing input file '//fpga:sw/spi.c'
ERROR: /app/fpga/BUILD:134:11: Compiling fpga/sw/spi.c failed: missing input file '//fpga:sw/spi.h'
ERROR: /app/fpga/BUILD:134:11: Compiling fpga/sw/spi.c failed: missing input file '//fpga:sw/clk.h'
ERROR: /app/fpga/BUILD:134:11: Compiling fpga/sw/spi.c failed: missing input file '//fpga:sw/clk.h'
ERROR: /app/fpga/BUILD:134:11: Compiling fpga/sw/spi.c failed: missing input file '//fpga:sw/spi.h'
ERROR: /app/fpga/BUILD:134:11: Compiling fpga/sw/spi.c failed: 5 input file(s) do not exist
ERROR: /app/fpga/BUILD:128:11: Compiling fpga/sw/gpio.c failed: missing input file '//fpga:sw/gpio.c'
ERROR: /app/fpga/BUILD:128:11: Compiling fpga/sw/gpio.c failed: missing input file '//fpga:sw/gpio.h'
ERROR: /app/fpga/BUILD:128:11: Compiling fpga/sw/gpio.c failed: missing input file '//fpga:sw/gpio.h'
ERROR: /app/fpga/BUILD:128:11: Compiling fpga/sw/gpio.c failed: 3 input file(s) do not exist
ERROR: /app/fpga/BUILD:163:11: Compiling fpga/sw/display_hal.c failed: missing input file '//fpga:sw/display_hal.c'
ERROR: /app/fpga/BUILD:163:11: Compiling fpga/sw/display_hal.c failed: missing input file '//fpga:sw/gpio.h'
ERROR: /app/fpga/BUILD:163:11: Compiling fpga/sw/display_hal.c failed: missing input file '//fpga:sw/spi.h'
ERROR: /app/fpga/BUILD:163:11: Compiling fpga/sw/display_hal.c failed: missing input file '//fpga:sw/gpio.h'
ERROR: /app/fpga/BUILD:163:11: Compiling fpga/sw/display_hal.c failed: missing input file '//fpga:sw/clk.h'
ERROR: /app/fpga/BUILD:163:11: Compiling fpga/sw/display_hal.c failed: missing input file '//fpga:sw/spi.h'
ERROR: /app/fpga/BUILD:163:11: Compiling fpga/sw/display_hal.c failed: 6 input file(s) do not exist
ERROR: /app/fpga/BUILD:197:19: Compiling fpga/sw/display_test.cc failed: missing input file '//fpga:sw/display_test.cc'
ERROR: /app/fpga/BUILD:197:19: Compiling fpga/sw/display_test.cc failed: missing input file '//fpga:sw/gpio.h'
ERROR: /app/fpga/BUILD:197:19: Compiling fpga/sw/display_test.cc failed: missing input file '//fpga:sw/spi.h'
ERROR: /app/fpga/BUILD:197:19: Compiling fpga/sw/display_test.cc failed: missing input file '//fpga:sw/gpio.h'
ERROR: /app/fpga/BUILD:197:19: Compiling fpga/sw/display_test.cc failed: missing input file '//fpga:sw/clk.h'
ERROR: /app/fpga/BUILD:197:19: Compiling fpga/sw/display_test.cc failed: missing input file '//fpga:sw/spi.h'
ERROR: /app/fpga/BUILD:197:19: Compiling fpga/sw/display_test.cc failed: 6 input file(s) do not exist
Analyzing: 2440 targets (416 packages loaded, 22180 targets configured)
[895 / 1,695] 1 / 1 tests, 1 failed; Compiling tests/cocotb/rvv/arithmetics/template_sub_uint8_m1.cc; 0s processwrapper-sandbox ... (8 actions running)
Analyzing: 2440 targets (416 packages loaded, 22827 targets configured)
[917 / 2,196] 1 / 1 tests, 1 failed; Compiling tests/cocotb/rvv/arithmetics/template_sub_uint8_m1.cc; 1s processwrapper-sandbox ... (9 actions, 8 running)
ERROR: /app/hdl/chisel/src/coralnpu/BUILD:91:15: no such target '//hdl/verilog/rvv/common:adder.sv': target 'adder.sv' not declared in package 'hdl/verilog/rvv/common' defined by /app/hdl/verilog/rvv/common/BUILD and referenced by '//hdl/chisel/src/coralnpu:coralnpu_rvv'
ERROR: /app/hdl/chisel/src/coralnpu/BUILD:91:15: no such target '//hdl/verilog/rvv/common:arb_round_robin.sv': target 'arb_round_robin.sv' not declared in package 'hdl/verilog/rvv/common' defined by /app/hdl/verilog/rvv/common/BUILD and referenced by '//hdl/chisel/src/coralnpu:coralnpu_rvv'
ERROR: /app/hdl/chisel/src/coralnpu/BUILD:91:15: no such target '//hdl/verilog/rvv/common:barrel_shifter.sv': target 'barrel_shifter.sv' not declared in package 'hdl/verilog/rvv/common' defined by /app/hdl/verilog/rvv/common/BUILD and referenced by '//hdl/chisel/src/coralnpu:coralnpu_rvv'
ERROR: /app/hdl/chisel/src/coralnpu/BUILD:91:15: no such target '//hdl/verilog/rvv/common:handshake_ff.sv': target 'handshake_ff.sv' not declared in package 'hdl/verilog/rvv/common' defined by /app/hdl/verilog/rvv/common/BUILD and referenced by '//hdl/chisel/src/coralnpu:coralnpu_rvv'
ERROR: /app/hdl/chisel/src/coralnpu/BUILD:91:15: no such target '//hdl/verilog/rvv/common:handshake_multi_fifo.sv': target 'handshake_multi_fifo.sv' not declared in package 'hdl/verilog/rvv/common' defined by /app/hdl/verilog/rvv/common/BUILD and referenced by '//hdl/chisel/src/coralnpu:coralnpu_rvv'
ERROR: /app/hdl/chisel/src/coralnpu/BUILD:91:15: no such target '//hdl/verilog/rvv/common:cdffr.sv': target 'cdffr.sv' not declared in package 'hdl/verilog/rvv/common' defined by /app/hdl/verilog/rvv/common/BUILD and referenced by '//hdl/chisel/src/coralnpu:coralnpu_rvv'
ERROR: /app/hdl/chisel/src/coralnpu/BUILD:91:15: no such target '//hdl/verilog/rvv/common:compressor_3_2.sv': target 'compressor_3_2.sv' not declared in package 'hdl/verilog/rvv/common' defined by /app/hdl/verilog/rvv/common/BUILD and referenced by '//hdl/chisel/src/coralnpu:coralnpu_rvv'
ERROR: /app/hdl/chisel/src/coralnpu/BUILD:91:15: no such target '//hdl/verilog/rvv/common:compressor_4_2.sv': target 'compressor_4_2.sv' not declared in package 'hdl/verilog/rvv/common' defined by /app/hdl/verilog/rvv/common/BUILD and referenced by '//hdl/chisel/src/coralnpu:coralnpu_rvv'
ERROR: /app/hdl/chisel/src/coralnpu/BUILD:91:15: no such target '//hdl/verilog/rvv/common:dff.sv': target 'dff.sv' not declared in package 'hdl/verilog/rvv/common' defined by /app/hdl/verilog/rvv/common/BUILD and referenced by '//hdl/chisel/src/coralnpu:coralnpu_rvv'
ERROR: /app/hdl/chisel/src/coralnpu/BUILD:91:15: no such target '//hdl/verilog/rvv/common:edff.sv': target 'edff.sv' not declared in package 'hdl/verilog/rvv/common' defined by /app/hdl/verilog/rvv/common/BUILD and referenced by '//hdl/chisel/src/coralnpu:coralnpu_rvv'
ERROR: /app/hdl/chisel/src/coralnpu/BUILD:91:15: no such target '//hdl/verilog/rvv/common:edff_2d.sv': target 'edff_2d.sv' not declared in package 'hdl/verilog/rvv/common' defined by /app/hdl/verilog/rvv/common/BUILD and referenced by '//hdl/chisel/src/coralnpu:coralnpu_rvv'
ERROR: /app/hdl/chisel/src/coralnpu/BUILD:91:15: no such target '//hdl/verilog/rvv/common:multi_fifo.sv': target 'multi_fifo.sv' not declared in package 'hdl/verilog/rvv/common' defined by /app/hdl/verilog/rvv/common/BUILD and referenced by '//hdl/chisel/src/coralnpu:coralnpu_rvv'
ERROR: /app/fpga/BUILD:568:8: no such target '//fpga/rtl:chip_nexus.sv': target 'chip_nexus.sv' not declared in package 'fpga/rtl' defined by /app/fpga/rtl/BUILD and referenced by '//fpga:check_pins_test'
Analyzing: 2440 targets (416 packages loaded, 23323 targets configured)
[918 / 2,241] 1 / 1 tests, 1 failed; Compiling tests/cocotb/rvv/arithmetics/template_sub_uint8_m1.cc; 2s processwrapper-sandbox ... (8 actions running)
Analyzing: 2440 targets (416 packages loaded, 24570 targets configured)
[918 / 2,342] 1 / 43 tests, 1 failed; Compiling tests/cocotb/rvv/arithmetics/template_sub_uint8_m1.cc; 3s processwrapper-sandbox ... (8 actions running)
Analyzing: 2440 targets (416 packages loaded, 24570 targets configured)
[919 / 2,342] 1 / 43 tests, 1 failed; Compiling tests/cocotb/rvv/arithmetics/template_sub_uint8_m1.cc; 4s processwrapper-sandbox ... (8 actions, 7 running)
ERROR: /app/fpga/BUILD:121:11: Compiling fpga/sw/uart.c failed: missing input file '//fpga:sw/uart.c'
ERROR: /app/fpga/BUILD:121:11: Compiling fpga/sw/uart.c failed: missing input file '//fpga:sw/uart.h'
ERROR: /app/fpga/BUILD:121:11: Compiling fpga/sw/uart.c failed: missing input file '//fpga:sw/clk.h'
ERROR: /app/fpga/BUILD:121:11: Compiling fpga/sw/uart.c failed: missing input file '//fpga:sw/clk.h'
ERROR: /app/fpga/BUILD:121:11: Compiling fpga/sw/uart.c failed: missing input file '//fpga:sw/uart.h'
ERROR: /app/fpga/BUILD:121:11: Compiling fpga/sw/uart.c failed: 5 input file(s) do not exist
ERROR: /app/fpga/BUILD:141:11: Compiling fpga/sw/i2c.c failed: missing input file '//fpga:sw/i2c.c'
ERROR: /app/fpga/BUILD:141:11: Compiling fpga/sw/i2c.c failed: missing input file '//fpga:sw/i2c.h'
ERROR: /app/fpga/BUILD:141:11: Compiling fpga/sw/i2c.c failed: missing input file '//fpga:sw/clk.h'
ERROR: /app/fpga/BUILD:141:11: Compiling fpga/sw/i2c.c failed: missing input file '//fpga:sw/clk.h'
ERROR: /app/fpga/BUILD:141:11: Compiling fpga/sw/i2c.c failed: missing input file '//fpga:sw/i2c.h'
ERROR: /app/fpga/BUILD:141:11: Compiling fpga/sw/i2c.c failed: 5 input file(s) do not exist
ERROR: /app/fpga/BUILD:353:19: Compiling fpga/sw/i2c_camera_test.cc failed: missing input file '//fpga:sw/i2c_camera_test.cc'
ERROR: /app/fpga/BUILD:353:19: Compiling fpga/sw/i2c_camera_test.cc failed: missing input file '//fpga:sw/i2c.h'
ERROR: /app/fpga/BUILD:353:19: Compiling fpga/sw/i2c_camera_test.cc failed: missing input file '//fpga:sw/uart.h'
ERROR: /app/fpga/BUILD:353:19: Compiling fpga/sw/i2c_camera_test.cc failed: missing input file '//fpga:sw/clk.h'
ERROR: /app/fpga/BUILD:353:19: Compiling fpga/sw/i2c_camera_test.cc failed: missing input file '//fpga:sw/i2c.h'
ERROR: /app/fpga/BUILD:353:19: Compiling fpga/sw/i2c_camera_test.cc failed: missing input file '//fpga:sw/uart.h'
ERROR: /app/fpga/BUILD:353:19: Compiling fpga/sw/i2c_camera_test.cc failed: 6 input file(s) do not exist
ERROR: /app/fpga/BUILD:210:19: Compiling fpga/sw/add_uint32_m1.cc failed: missing input file '//fpga:sw/add_uint32_m1.cc'
ERROR: /app/fpga/BUILD:210:19: Compiling fpga/sw/add_uint32_m1.cc failed: missing input file '//fpga:sw/uart.h'
ERROR: /app/fpga/BUILD:210:19: Compiling fpga/sw/add_uint32_m1.cc failed: missing input file '//fpga:sw/clk.h'
ERROR: /app/fpga/BUILD:210:19: Compiling fpga/sw/add_uint32_m1.cc failed: missing input file '//fpga:sw/uart.h'
ERROR: /app/fpga/BUILD:210:19: Compiling fpga/sw/add_uint32_m1.cc failed: 4 input file(s) do not exist
Analyzing: 2440 targets (416 packages loaded, 24570 targets configured)
[1,003 / 2,377] 1 / 43 tests, 1 failed; Compiling tests/cocotb/rvv/viota_test.cc; 0s processwrapper-sandbox ... (8 actions, 7 running)
ERROR: /app/fpga/BUILD:370:19: Compiling fpga/sw/isp_cam_test.c failed: missing input file '//fpga:sw/isp_cam_test.c'
ERROR: /app/fpga/BUILD:370:19: Compiling fpga/sw/isp_cam_test.c failed: missing input file '//fpga:sw/uart.h'
ERROR: /app/fpga/BUILD:370:19: Compiling fpga/sw/isp_cam_test.c failed: missing input file '//fpga:sw/yocto_isp_register_address.h'
ERROR: /app/fpga/BUILD:370:19: Compiling fpga/sw/isp_cam_test.c failed: missing input file '//fpga:sw/yocto_isp_register_address.h'
ERROR: /app/fpga/BUILD:370:19: Compiling fpga/sw/isp_cam_test.c failed: missing input file '//fpga:sw/clk.h'
ERROR: /app/fpga/BUILD:370:19: Compiling fpga/sw/isp_cam_test.c failed: missing input file '//fpga:sw/uart.h'
ERROR: /app/fpga/BUILD:370:19: Compiling fpga/sw/isp_cam_test.c failed: 6 input file(s) do not exist
ERROR: /app/fpga/BUILD:344:19: Compiling fpga/sw/i2c_camera_test.cc failed: missing input file '//fpga:sw/i2c_camera_test.cc'
ERROR: /app/fpga/BUILD:344:19: Compiling fpga/sw/i2c_camera_test.cc failed: missing input file '//fpga:sw/i2c.h'
ERROR: /app/fpga/BUILD:344:19: Compiling fpga/sw/i2c_camera_test.cc failed: missing input file '//fpga:sw/uart.h'
ERROR: /app/fpga/BUILD:344:19: Compiling fpga/sw/i2c_camera_test.cc failed: missing input file '//fpga:sw/clk.h'
ERROR: /app/fpga/BUILD:344:19: Compiling fpga/sw/i2c_camera_test.cc failed: missing input file '//fpga:sw/i2c.h'
ERROR: /app/fpga/BUILD:344:19: Compiling fpga/sw/i2c_camera_test.cc failed: missing input file '//fpga:sw/uart.h'
ERROR: /app/fpga/BUILD:344:19: Compiling fpga/sw/i2c_camera_test.cc failed: 6 input file(s) do not exist
ERROR: /app/examples/BUILD.bazel:19:19: Compiling examples/hello_world_add_floats.cc failed: missing input file '//examples:hello_world_add_floats.cc'
ERROR: /app/examples/BUILD.bazel:19:19: Compiling examples/hello_world_add_floats.cc failed: 1 input file(s) do not exist
Analyzing: 2440 targets (416 packages loaded, 24570 targets configured)
[1,607 / 3,324] 1 / 43 tests, 1 failed; Compiling tests/cocotb/rvv/arithmetics/template_sub_int8_m1.cc; 0s processwrapper-sandbox ... (8 actions, 7 running)
Analyzing: 2440 targets (416 packages loaded, 24570 targets configured)
[1,653 / 3,368] 1 / 43 tests, 1 failed; Building external/bazel_tools/tools/java/runfiles/libauto_bazel_repository.jar (1 source file) [for tool]; 0s multiplex-worker ... (8 actions, 7 running)
ERROR: /app/fpga/BUILD:225:19: Compiling fpga/sw/gpio_test.cc failed: missing input file '//fpga:sw/gpio_test.cc'
ERROR: /app/fpga/BUILD:225:19: Compiling fpga/sw/gpio_test.cc failed: missing input file '//fpga:sw/gpio.h'
ERROR: /app/fpga/BUILD:225:19: Compiling fpga/sw/gpio_test.cc failed: missing input file '//fpga:sw/uart.h'
ERROR: /app/fpga/BUILD:225:19: Compiling fpga/sw/gpio_test.cc failed: missing input file '//fpga:sw/gpio.h'
ERROR: /app/fpga/BUILD:225:19: Compiling fpga/sw/gpio_test.cc failed: missing input file '//fpga:sw/clk.h'
ERROR: /app/fpga/BUILD:225:19: Compiling fpga/sw/gpio_test.cc failed: missing input file '//fpga:sw/uart.h'
ERROR: /app/fpga/BUILD:225:19: Compiling fpga/sw/gpio_test.cc failed: 6 input file(s) do not exist
ERROR: /app/fpga/BUILD:364:19: Compiling fpga/sw/timer.cc failed: missing input file '//fpga:sw/timer.cc'
ERROR: /app/fpga/BUILD:364:19: Compiling fpga/sw/timer.cc failed: missing input file '//fpga:sw/uart.h'
ERROR: /app/fpga/BUILD:364:19: Compiling fpga/sw/timer.cc failed: missing input file '//fpga:sw/clk.h'
ERROR: /app/fpga/BUILD:364:19: Compiling fpga/sw/timer.cc failed: missing input file '//fpga:sw/uart.h'
ERROR: /app/fpga/BUILD:364:19: Compiling fpga/sw/timer.cc failed: 4 input file(s) do not exist
Analyzing: 2440 targets (416 packages loaded, 24570 targets configured)
[1,688 / 3,391] 1 / 43 tests, 1 failed; Building external/bazel_tools/tools/java/runfiles/libauto_bazel_repository.jar (1 source file) [for tool]; 1s multiplex-worker ... (7 actions, 6 running)
ERROR: /app/fpga/BUILD:187:11: Compiling fpga/sw/spi_flash.c failed: missing input file '//fpga:sw/spi_flash.c'
ERROR: /app/fpga/BUILD:187:11: Compiling fpga/sw/spi_flash.c failed: missing input file '//fpga:sw/spi_flash.h'
ERROR: /app/fpga/BUILD:187:11: Compiling fpga/sw/spi_flash.c failed: missing input file '//fpga:sw/clk.h'
ERROR: /app/fpga/BUILD:187:11: Compiling fpga/sw/spi_flash.c failed: missing input file '//fpga:sw/gpio.h'
ERROR: /app/fpga/BUILD:187:11: Compiling fpga/sw/spi_flash.c failed: missing input file '//fpga:sw/spi.h'
ERROR: /app/fpga/BUILD:187:11: Compiling fpga/sw/spi_flash.c failed: missing input file '//fpga:sw/gpio.h'
ERROR: /app/fpga/BUILD:187:11: Compiling fpga/sw/spi_flash.c failed: missing input file '//fpga:sw/spi_flash.h'
ERROR: /app/fpga/BUILD:187:11: Compiling fpga/sw/spi_flash.c failed: missing input file '//fpga:sw/clk.h'
ERROR: /app/fpga/BUILD:187:11: Compiling fpga/sw/spi_flash.c failed: missing input file '//fpga:sw/spi.h'
ERROR: /app/fpga/BUILD:187:11: Compiling fpga/sw/spi_flash.c failed: 9 input file(s) do not exist
ERROR: /app/fpga/BUILD:266:19: Compiling fpga/sw/flash_tool.c failed: missing input file '//fpga:sw/flash_tool.c'
ERROR: /app/fpga/BUILD:266:19: Compiling fpga/sw/flash_tool.c failed: missing input file '//fpga:sw/flash_tool_status.h'
ERROR: /app/fpga/BUILD:266:19: Compiling fpga/sw/flash_tool.c failed: missing input file '//fpga:sw/spi_flash.h'
ERROR: /app/fpga/BUILD:266:19: Compiling fpga/sw/flash_tool.c failed: missing input file '//fpga:sw/uart.h'
ERROR: /app/fpga/BUILD:266:19: Compiling fpga/sw/flash_tool.c failed: missing input file '//fpga:sw/flash_tool_status.h'
ERROR: /app/fpga/BUILD:266:19: Compiling fpga/sw/flash_tool.c failed: missing input file '//fpga:sw/clk.h'
ERROR: /app/fpga/BUILD:266:19: Compiling fpga/sw/flash_tool.c failed: missing input file '//fpga:sw/spi.h'
ERROR: /app/fpga/BUILD:266:19: Compiling fpga/sw/flash_tool.c failed: missing input file '//fpga:sw/gpio.h'
ERROR: /app/fpga/BUILD:266:19: Compiling fpga/sw/flash_tool.c failed: missing input file '//fpga:sw/spi_flash.h'
ERROR: /app/fpga/BUILD:266:19: Compiling fpga/sw/flash_tool.c failed: missing input file '//fpga:sw/uart.h'
ERROR: /app/fpga/BUILD:266:19: Compiling fpga/sw/flash_tool.c failed: 10 input file(s) do not exist
INFO: From Building external/bazel_tools/tools/java/runfiles/libauto_bazel_repository.jar (1 source file) [for tool]:
warning: [options] source value 8 is obsolete and will be removed in a future release
warning: [options] target value 8 is obsolete and will be removed in a future release
warning: [options] To suppress warnings about obsolete options, use -Xlint:-options.
Analyzing: 2440 targets (416 packages loaded, 24570 targets configured)
[1,710 / 3,394] 1 / 43 tests, 1 failed; Building external/com_google_protobuf/java/core/liblite_runtime_only.jar (93 source files) [for tool]; 2s multiplex-worker ... (8 actions, 7 running)
ERROR: /app/tests/cocotb/tutorial/counters/BUILD:27:19: Compiling tests/cocotb/tutorial/counters/inst_cycle_counter_example.cc failed: missing input file '//sw/utils:utils.h'
ERROR: /app/tests/cocotb/tutorial/counters/BUILD:27:19: Compiling tests/cocotb/tutorial/counters/inst_cycle_counter_example.cc failed: missing input file '//sw/utils:utils.h'
ERROR: /app/tests/cocotb/tutorial/counters/BUILD:27:19: Compiling tests/cocotb/tutorial/counters/inst_cycle_counter_example.cc failed: 2 input file(s) do not exist
ERROR: /app/fpga/BUILD:154:19: Compiling fpga/sw/clk_test.c failed: missing input file '//fpga:sw/clk_test.c'
ERROR: /app/fpga/BUILD:154:19: Compiling fpga/sw/clk_test.c failed: missing input file '//fpga:sw/clk.h'
ERROR: /app/fpga/BUILD:154:19: Compiling fpga/sw/clk_test.c failed: missing input file '//fpga:sw/uart.h'
ERROR: /app/fpga/BUILD:154:19: Compiling fpga/sw/clk_test.c failed: missing input file '//fpga:sw/clk.h'
ERROR: /app/fpga/BUILD:154:19: Compiling fpga/sw/clk_test.c failed: missing input file '//fpga:sw/uart.h'
ERROR: /app/fpga/BUILD:154:19: Compiling fpga/sw/clk_test.c failed: 5 input file(s) do not exist
Analyzing: 2440 targets (416 packages loaded, 24570 targets configured)
[1,752 / 3,402] 1 / 43 tests, 1 failed; Building external/com_google_protobuf/java/core/liblite_runtime_only.jar (93 source files) [for tool]; 3s multiplex-worker ... (8 actions, 7 running)
INFO: From Building external/bazel_tools/tools/java/runfiles/librunfiles.jar (2 source files) [for tool]:
warning: [options] source value 8 is obsolete and will be removed in a future release
warning: [options] target value 8 is obsolete and will be removed in a future release
warning: [options] To suppress warnings about obsolete options, use -Xlint:-options.
ERROR: /app/fpga/BUILD:216:19: Compiling fpga/sw/spi_test.cc failed: missing input file '//fpga:sw/spi_test.cc'
ERROR: /app/fpga/BUILD:216:19: Compiling fpga/sw/spi_test.cc failed: missing input file '//fpga:sw/spi.h'
ERROR: /app/fpga/BUILD:216:19: Compiling fpga/sw/spi_test.cc failed: missing input file '//fpga:sw/uart.h'
ERROR: /app/fpga/BUILD:216:19: Compiling fpga/sw/spi_test.cc failed: missing input file '//fpga:sw/clk.h'
ERROR: /app/fpga/BUILD:216:19: Compiling fpga/sw/spi_test.cc failed: missing input file '//fpga:sw/spi.h'
ERROR: /app/fpga/BUILD:216:19: Compiling fpga/sw/spi_test.cc failed: missing input file '//fpga:sw/uart.h'
ERROR: /app/fpga/BUILD:216:19: Compiling fpga/sw/spi_test.cc failed: 6 input file(s) do not exist
Analyzing: 2440 targets (416 packages loaded, 24570 targets configured)
[1,809 / 3,470] 1 / 43 tests, 1 failed; Building external/com_google_protobuf/java/core/liblite_runtime_only.jar (93 source files) [for tool]; 5s multiplex-worker ... (8 actions, 7 running)
Analyzing: 2440 targets (416 packages loaded, 24570 targets configured)
[1,896 / 3,858] 1 / 43 tests, 1 failed; Building external/com_google_protobuf/java/core/liblite_runtime_only.jar (93 source files) [for tool]; 6s multiplex-worker ... (8 actions, 7 running)
INFO: From Building external/bazel_tools/tools/java/runfiles/libauto_bazel_repository_processor.jar (1 source file) [for tool]:
warning: [options] source value 8 is obsolete and will be removed in a future release
warning: [options] target value 8 is obsolete and will be removed in a future release
warning: [options] To suppress warnings about obsolete options, use -Xlint:-options.
INFO: From Building external/io_bazel_rules_scala/src/java/io/bazel/rulesscala/scala_test/librunner.jar (1 source file) and running annotation processors (AutoBazelRepositoryProcessor) [for tool]:
warning: [options] source value 8 is obsolete and will be removed in a future release
warning: [options] target value 8 is obsolete and will be removed in a future release
warning: [options] To suppress warnings about obsolete options, use -Xlint:-options.
ERROR: /app/tests/cocotb/rvv/rvv_opt/BUILD:28:14: Compiling tests/cocotb/rvv/rvv_opt/memset_test.cc failed: missing input file '//sw/opt:rvv_opt.h'
ERROR: /app/tests/cocotb/rvv/rvv_opt/BUILD:28:14: Compiling tests/cocotb/rvv/rvv_opt/memset_test.cc failed: missing input file '//sw/opt:rvv_opt.h'
ERROR: /app/tests/cocotb/rvv/rvv_opt/BUILD:28:14: Compiling tests/cocotb/rvv/rvv_opt/memset_test.cc failed: 2 input file(s) do not exist
Analyzing: 2440 targets (416 packages loaded, 24570 targets configured)
[1,929 / 3,876] 1 / 43 tests, 1 failed; Building external/com_google_protobuf/java/core/liblite_runtime_only.jar (93 source files) [for tool]; 7s multiplex-worker ... (8 actions, 7 running)
ERROR: /app/tests/cocotb/rvv/rvv_opt/BUILD:28:14: Compiling tests/cocotb/rvv/rvv_opt/memcpy_test.cc failed: missing input file '//sw/opt:rvv_opt.h'
ERROR: /app/tests/cocotb/rvv/rvv_opt/BUILD:28:14: Compiling tests/cocotb/rvv/rvv_opt/memcpy_test.cc failed: missing input file '//sw/opt:rvv_opt.h'
ERROR: /app/tests/cocotb/rvv/rvv_opt/BUILD:28:14: Compiling tests/cocotb/rvv/rvv_opt/memcpy_test.cc failed: 2 input file(s) do not exist
Analyzing: 2440 targets (416 packages loaded, 24570 targets configured)
[1,971 / 3,885] 1 / 43 tests, 1 failed; Building external/com_google_protobuf/java/core/liblite_runtime_only.jar (93 source files) [for tool]; 8s multiplex-worker ... (8 actions, 7 running)
Analyzing: 2440 targets (416 packages loaded, 24570 targets configured)
[2,004 / 3,908] 1 / 43 tests, 1 failed; Building external/com_google_protobuf/java/core/liblite_runtime_only.jar (93 source files) [for tool]; 9s multiplex-worker ... (8 actions, 7 running)
Analyzing: 2440 targets (416 packages loaded, 24570 targets configured)
[2,027 / 3,912] 1 / 43 tests, 1 failed; Building external/com_google_protobuf/java/core/liblite_runtime_only.jar (93 source files) [for tool]; 10s multiplex-worker ... (8 actions, 7 running)
INFO: From Building external/com_google_protobuf/java/core/liblite_runtime_only.jar (93 source files) [for tool]:
warning: [options] source value 8 is obsolete and will be removed in a future release
warning: [options] target value 8 is obsolete and will be removed in a future release
warning: [options] To suppress warnings about obsolete options, use -Xlint:-options.
Analyzing: 2440 targets (416 packages loaded, 24570 targets configured)
[2,072 / 4,069] 1 / 43 tests, 1 failed; Compiling src/scan-gram-c.c [for tool]; 0s processwrapper-sandbox ... (7 actions, 6 running)
INFO: From Building external/io_bazel_rules_scala/src/java/io/bazel/rulesscala/io_utils/libio_utils.jar (2 source files) [for tool]:
warning: [options] source value 8 is obsolete and will be removed in a future release
warning: [options] target value 8 is obsolete and will be removed in a future release
warning: [options] To suppress warnings about obsolete options, use -Xlint:-options.
Analyzing: 2440 targets (416 packages loaded, 24570 targets configured)
[2,134 / 4,095] 1 / 43 tests, 1 failed; Compiling src/scan-code-c.c [for tool]; 0s processwrapper-sandbox ... (8 actions, 7 running)
INFO: From Building external/io_bazel_rules_scala/src/java/io/bazel/rulesscala/jar/libjar.jar (2 source files) [for tool]:
warning: [options] source value 8 is obsolete and will be removed in a future release
warning: [options] target value 8 is obsolete and will be removed in a future release
warning: [options] To suppress warnings about obsolete options, use -Xlint:-options.
INFO: From Building external/io_bazel_rules_scala/src/java/io/bazel/rulesscala/scalac/compileoptions/libcompileoptions.jar (1 source file) [for tool]:
warning: [path] bad path element "/home/builder/.cache/bazel/_bazel_builder/8c069df52082beee3c95ca17836fb8e2/execroot/coralnpu_hw/bazel-out/k8-opt-exec-ST-a828a81199fe/bin/external/io_bazel_rules_scala_scala_compiler_2_13_12/io_bazel_rules_scala_scala_compiler_2_13_12.stamp/scala-reflect.jar": no such file or directory
warning: [path] bad path element "/home/builder/.cache/bazel/_bazel_builder/8c069df52082beee3c95ca17836fb8e2/execroot/coralnpu_hw/bazel-out/k8-opt-exec-ST-a828a81199fe/bin/external/io_bazel_rules_scala_scala_compiler_2_13_12/io_bazel_rules_scala_scala_compiler_2_13_12.stamp/scala-library.jar": no such file or directory
warning: [options] source value 8 is obsolete and will be removed in a future release
warning: [options] target value 8 is obsolete and will be removed in a future release
warning: [options] To suppress warnings about obsolete options, use -Xlint:-options.
Analyzing: 2440 targets (416 packages loaded, 24570 targets configured)
[2,168 / 4,119] 1 / 43 tests, 1 failed; Compiling lib/vasnprintf.c [for tool]; 0s processwrapper-sandbox ... (8 actions, 7 running)
Analyzing: 2440 targets (416 packages loaded, 24570 targets configured)
[2,441 / 4,374] 1 / 43 tests, 1 failed; Compiling src/google/protobuf/compiler/main.cc [for tool]; 0s processwrapper-sandbox ... (7 actions, 6 running)
Analyzing: 2440 targets (416 packages loaded, 24570 targets configured)
[2,475 / 4,374] 1 / 43 tests, 1 failed; Compiling src/google/protobuf/compiler/main.cc [for tool]; 1s processwrapper-sandbox ... (8 actions, 7 running)
Analyzing: 2440 targets (416 packages loaded, 24570 targets configured)
[2,497 / 4,374] 1 / 43 tests, 1 failed; Compiling src/google/protobuf/compiler/main.cc [for tool]; 2s processwrapper-sandbox ... (8 actions, 7 running)
Analyzing: 2440 targets (416 packages loaded, 24570 targets configured)
[2,523 / 4,374] 1 / 43 tests, 1 failed; Compiling src/google/protobuf/compiler/main.cc [for tool]; 3s processwrapper-sandbox ... (8 actions, 7 running)
Analyzing: 2440 targets (416 packages loaded, 24570 targets configured)
[2,557 / 4,378] 1 / 43 tests, 1 failed; Compiling absl/time/internal/cctz/src/time_zone_impl.cc [for tool]; 0s processwrapper-sandbox ... (8 actions, 7 running)
Analyzing: 2440 targets (416 packages loaded, 24570 targets configured)
[2,588 / 4,378] 1 / 43 tests, 1 failed; Compiling tests/cocotb/rvv/arithmetics/template_mul_int32_m1.cc; 0s processwrapper-sandbox ... (8 actions, 7 running)
Analyzing: 2440 targets (416 packages loaded, 24570 targets configured)
[2,616 / 4,378] 1 / 43 tests, 1 failed; Compiling absl/time/internal/cctz/src/time_zone_format.cc [for tool]; 1s processwrapper-sandbox ... (8 actions, 7 running)
Analyzing: 2440 targets (416 packages loaded, 24570 targets configured)
[2,645 / 4,378] 1 / 43 tests, 1 failed; Compiling src/google/protobuf/compiler/subprocess.cc [for tool]; 2s processwrapper-sandbox ... (8 actions, 7 running)
Analyzing: 2440 targets (416 packages loaded, 24570 targets configured)
[2,679 / 4,380] 1 / 43 tests, 1 failed; Compiling absl/numeric/int128.cc [for tool]; 0s processwrapper-sandbox ... (8 actions, 7 running)
Analyzing: 2440 targets (416 packages loaded, 24570 targets configured)
[2,720 / 4,391] 1 / 43 tests, 1 failed; Compiling src/google/protobuf/compiler/command_line_interface.cc [for tool]; 1s processwrapper-sandbox ... (8 actions, 7 running)
Analyzing: 2440 targets (416 packages loaded, 24570 targets configured)
[2,916 / 4,411] 1 / 43 tests, 1 failed; Compiling src/google/protobuf/compiler/command_line_interface.cc [for tool]; 2s processwrapper-sandbox ... (6 actions, 5 running)
Analyzing: 2440 targets (416 packages loaded, 24570 targets configured)
[3,001 / 4,448] 1 / 43 tests, 1 failed; Compiling src/google/protobuf/compiler/command_line_interface.cc [for tool]; 3s processwrapper-sandbox ... (8 actions running)
Analyzing: 2440 targets (416 packages loaded, 24570 targets configured)
[3,041 / 4,454] 1 / 43 tests, 1 failed; Compiling src/google/protobuf/compiler/command_line_interface.cc [for tool]; 4s processwrapper-sandbox ... (8 actions, 7 running)
Analyzing: 2440 targets (416 packages loaded, 24570 targets configured)
[3,068 / 4,455] 1 / 43 tests, 1 failed; Compiling src/google/protobuf/compiler/command_line_interface.cc [for tool]; 6s processwrapper-sandbox ... (8 actions, 7 running)
Analyzing: 2440 targets (416 packages loaded, 24570 targets configured)
[3,071 / 4,455] 1 / 43 tests, 1 failed; Compiling src/google/protobuf/compiler/command_line_interface.cc [for tool]; 7s processwrapper-sandbox ... (7 actions, 6 running)
Analyzing: 2440 targets (416 packages loaded, 24570 targets configured)
[3,074 / 4,455] 1 / 43 tests, 1 failed; Compiling src/google/protobuf/compiler/command_line_interface.cc [for tool]; 8s processwrapper-sandbox ... (9 actions, 8 running)
Analyzing: 2440 targets (416 packages loaded, 24570 targets configured)
[3,077 / 4,455] 1 / 43 tests, 1 failed; Compiling src/google/protobuf/compiler/command_line_interface.cc [for tool]; 9s processwrapper-sandbox ... (8 actions, 7 running)
Analyzing: 2440 targets (416 packages loaded, 24570 targets configured)
[3,082 / 4,470] 1 / 43 tests, 1 failed; Compiling src/google/protobuf/compiler/command_line_interface.cc [for tool]; 10s processwrapper-sandbox ... (8 actions, 7 running)
Analyzing: 2440 targets (416 packages loaded, 24570 targets configured)
[3,083 / 4,470] 1 / 43 tests, 1 failed; Compiling src/google/protobuf/compiler/command_line_interface.cc [for tool]; 12s processwrapper-sandbox ... (9 actions, 8 running)
Analyzing: 2440 targets (416 packages loaded, 24570 targets configured)
[3,084 / 4,470] 1 / 43 tests, 1 failed; Compiling src/google/protobuf/compiler/command_line_interface.cc [for tool]; 14s processwrapper-sandbox ... (8 actions running)
Analyzing: 2440 targets (416 packages loaded, 24570 targets configured)
[3,085 / 4,470] 1 / 43 tests, 1 failed; Compiling src/google/protobuf/compiler/command_line_interface.cc [for tool]; 15s processwrapper-sandbox ... (9 actions, 8 running)
Analyzing: 2440 targets (416 packages loaded, 24570 targets configured)
[3,087 / 4,470] 1 / 43 tests, 1 failed; Compiling src/google/protobuf/compiler/command_line_interface.cc [for tool]; 16s processwrapper-sandbox ... (8 actions running)
Analyzing: 2440 targets (416 packages loaded, 24570 targets configured)
[3,088 / 4,470] 1 / 43 tests, 1 failed; Compiling src/google/protobuf/compiler/command_line_interface.cc [for tool]; 17s processwrapper-sandbox ... (9 actions, 8 running)
Analyzing: 2440 targets (416 packages loaded, 24570 targets configured)
[3,091 / 4,470] 1 / 43 tests, 1 failed; Compiling src/google/protobuf/compiler/command_line_interface.cc [for tool]; 18s processwrapper-sandbox ... (8 actions, 7 running)
Analyzing: 2440 targets (416 packages loaded, 24570 targets configured)
[3,097 / 4,470] 1 / 43 tests, 1 failed; Compiling src/google/protobuf/compiler/command_line_interface.cc [for tool]; 20s processwrapper-sandbox ... (8 actions, 7 running)
Analyzing: 2440 targets (416 packages loaded, 24570 targets configured)
[3,104 / 4,470] 1 / 43 tests, 1 failed; Compiling src/google/protobuf/compiler/command_line_interface.cc [for tool]; 21s processwrapper-sandbox ... (8 actions, 7 running)
Analyzing: 2440 targets (416 packages loaded, 24570 targets configured)
[3,107 / 4,470] 1 / 43 tests, 1 failed; Compiling src/google/protobuf/compiler/command_line_interface.cc [for tool]; 22s processwrapper-sandbox ... (8 actions, 7 running)
Analyzing: 2440 targets (416 packages loaded, 24570 targets configured)
[3,109 / 4,470] 1 / 43 tests, 1 failed; Compiling src/google/protobuf/compiler/command_line_interface.cc [for tool]; 23s processwrapper-sandbox ... (8 actions, 7 running)
Analyzing: 2440 targets (416 packages loaded, 24570 targets configured)
[3,116 / 4,470] 1 / 43 tests, 1 failed; Compiling src/google/protobuf/compiler/command_line_interface.cc [for tool]; 24s processwrapper-sandbox ... (8 actions, 7 running)
Analyzing: 2440 targets (416 packages loaded, 24570 targets configured)
[3,129 / 4,470] 1 / 43 tests, 1 failed; Compiling src/google/protobuf/compiler/command_line_interface.cc [for tool]; 25s processwrapper-sandbox ... (8 actions running)
Analyzing: 2440 targets (416 packages loaded, 24570 targets configured)
[3,136 / 4,470] 1 / 43 tests, 1 failed; Compiling src/google/protobuf/compiler/command_line_interface.cc [for tool]; 26s processwrapper-sandbox ... (8 actions running)
Analyzing: 2440 targets (416 packages loaded, 24570 targets configured)
[3,139 / 4,470] 1 / 43 tests, 1 failed; Compiling src/google/protobuf/compiler/command_line_interface.cc [for tool]; 27s processwrapper-sandbox ... (8 actions, 7 running)
Analyzing: 2440 targets (416 packages loaded, 24570 targets configured)
[3,152 / 4,470] 1 / 43 tests, 1 failed; Compiling src/google/protobuf/compiler/command_line_interface.cc [for tool]; 28s processwrapper-sandbox ... (8 actions, 7 running)
Analyzing: 2440 targets (416 packages loaded, 24570 targets configured)
[3,167 / 4,473] 1 / 43 tests, 1 failed; Compiling src/google/protobuf/compiler/command_line_interface.cc [for tool]; 29s processwrapper-sandbox ... (8 actions, 7 running)
Analyzing: 2440 targets (416 packages loaded, 24570 targets configured)
[3,184 / 4,501] 1 / 43 tests, 1 failed; Compiling src/google/protobuf/compiler/command_line_interface.cc [for tool]; 30s processwrapper-sandbox ... (8 actions, 7 running)
Analyzing: 2440 targets (416 packages loaded, 24570 targets configured)
[3,206 / 4,502] 1 / 43 tests, 1 failed; Compiling src/google/protobuf/compiler/command_line_interface.cc [for tool]; 31s processwrapper-sandbox ... (8 actions, 7 running)
Analyzing: 2440 targets (416 packages loaded, 24570 targets configured)
[3,462 / 4,591] 1 / 43 tests, 1 failed; Compiling src/google/protobuf/compiler/command_line_interface.cc [for tool]; 32s processwrapper-sandbox ... (8 actions, 7 running)
Analyzing: 2440 targets (416 packages loaded, 24570 targets configured)
[3,596 / 4,959] 1 / 43 tests, 1 failed; Compiling src/google/protobuf/compiler/command_line_interface.cc [for tool]; 34s processwrapper-sandbox ... (8 actions, 7 running)
Analyzing: 2440 targets (416 packages loaded, 24570 targets configured)
[3,674 / 5,018] 1 / 43 tests, 1 failed; Foreign Cc - CMake: Building systemc; 31s processwrapper-sandbox ... (8 actions, 7 running)
Analyzing: 2440 targets (416 packages loaded, 24570 targets configured)
[3,775 / 5,104] 1 / 43 tests, 1 failed; Foreign Cc - CMake: Building systemc; 32s processwrapper-sandbox ... (8 actions, 7 running)
ERROR: /app/sw/opt/litert-micro/BUILD:52:11: Compiling sw/opt/litert-micro/conv.cc failed: missing input file '//sw/opt/litert-micro:conv.cc'
ERROR: /app/sw/opt/litert-micro/BUILD:52:11: Compiling sw/opt/litert-micro/conv.cc failed: missing input file '//sw/opt/litert-micro:conv.h'
ERROR: /app/sw/opt/litert-micro/BUILD:52:11: Compiling sw/opt/litert-micro/conv.cc failed: missing input file '//sw/opt/litert-micro:memory_util.h'
ERROR: /app/sw/opt/litert-micro/BUILD:52:11: Compiling sw/opt/litert-micro/conv.cc failed: missing input file '//sw/opt/litert-micro:accumulator_util.h'
ERROR: /app/sw/opt/litert-micro/BUILD:52:11: Compiling sw/opt/litert-micro/conv.cc failed: missing input file '//sw/opt:rvv_opt.h'
ERROR: /app/sw/opt/litert-micro/BUILD:52:11: Compiling sw/opt/litert-micro/conv.cc failed: missing input file '//sw/opt:rvv_opt.h'
ERROR: /app/sw/opt/litert-micro/BUILD:52:11: Compiling sw/opt/litert-micro/conv.cc failed: missing input file '//sw/opt/litert-micro:conv.h'
ERROR: /app/sw/opt/litert-micro/BUILD:52:11: Compiling sw/opt/litert-micro/conv.cc failed: missing input file '//sw/opt/litert-micro:accumulator_util.h'
ERROR: /app/sw/opt/litert-micro/BUILD:52:11: Compiling sw/opt/litert-micro/conv.cc failed: missing input file '//sw/opt/litert-micro:memory_util.h'
ERROR: /app/sw/opt/litert-micro/BUILD:52:11: Compiling sw/opt/litert-micro/conv.cc failed: 9 input file(s) do not exist
ERROR: /app/sw/opt/litert-micro/BUILD:37:11: Compiling sw/opt/litert-micro/depthwise_conv.cc failed: missing input file '//sw/opt/litert-micro:depthwise_conv.cc'
ERROR: /app/sw/opt/litert-micro/BUILD:37:11: Compiling sw/opt/litert-micro/depthwise_conv.cc failed: missing input file '//sw/opt/litert-micro:depthwise_conv.h'
ERROR: /app/sw/opt/litert-micro/BUILD:37:11: Compiling sw/opt/litert-micro/depthwise_conv.cc failed: missing input file '//sw/opt/litert-micro:accumulator_util.h'
ERROR: /app/sw/opt/litert-micro/BUILD:37:11: Compiling sw/opt/litert-micro/depthwise_conv.cc failed: missing input file '//sw/opt/litert-micro:memory_util.h'
ERROR: /app/sw/opt/litert-micro/BUILD:37:11: Compiling sw/opt/litert-micro/depthwise_conv.cc failed: missing input file '//sw/opt:rvv_opt.h'
ERROR: /app/sw/opt/litert-micro/BUILD:37:11: Compiling sw/opt/litert-micro/depthwise_conv.cc failed: missing input file '//sw/opt:rvv_opt.h'
ERROR: /app/sw/opt/litert-micro/BUILD:37:11: Compiling sw/opt/litert-micro/depthwise_conv.cc failed: missing input file '//sw/opt/litert-micro:depthwise_conv.h'
ERROR: /app/sw/opt/litert-micro/BUILD:37:11: Compiling sw/opt/litert-micro/depthwise_conv.cc failed: missing input file '//sw/opt/litert-micro:memory_util.h'
ERROR: /app/sw/opt/litert-micro/BUILD:37:11: Compiling sw/opt/litert-micro/depthwise_conv.cc failed: missing input file '//sw/opt/litert-micro:accumulator_util.h'
ERROR: /app/sw/opt/litert-micro/BUILD:37:11: Compiling sw/opt/litert-micro/depthwise_conv.cc failed: 9 input file(s) do not exist
Analyzing: 2440 targets (416 packages loaded, 24570 targets configured)
[4,768 / 6,030] 1 / 43 tests, 1 failed; Compiling src/google/protobuf/compiler/parser.cc [for tool]; 2s processwrapper-sandbox ... (8 actions, 7 running)
ERROR: /app/tests/cocotb/tutorial/tfmicro/BUILD:190:19: Compiling tests/cocotb/tutorial/tfmicro/conv2d_test.cc failed: missing input file '//sw/opt/litert-micro:conv.h'
ERROR: /app/tests/cocotb/tutorial/tfmicro/BUILD:190:19: Compiling tests/cocotb/tutorial/tfmicro/conv2d_test.cc failed: missing input file '//sw/opt/litert-micro:memory_util.h'
ERROR: /app/tests/cocotb/tutorial/tfmicro/BUILD:190:19: Compiling tests/cocotb/tutorial/tfmicro/conv2d_test.cc failed: missing input file '//sw/opt/litert-micro:accumulator_util.h'
ERROR: /app/tests/cocotb/tutorial/tfmicro/BUILD:190:19: Compiling tests/cocotb/tutorial/tfmicro/conv2d_test.cc failed: missing input file '//sw/opt/litert-micro:memory_util.h'
ERROR: /app/tests/cocotb/tutorial/tfmicro/BUILD:190:19: Compiling tests/cocotb/tutorial/tfmicro/conv2d_test.cc failed: missing input file '//sw/opt:rvv_opt.h'
ERROR: /app/tests/cocotb/tutorial/tfmicro/BUILD:190:19: Compiling tests/cocotb/tutorial/tfmicro/conv2d_test.cc failed: missing input file '//sw/opt/litert-micro:conv.h'
ERROR: /app/tests/cocotb/tutorial/tfmicro/BUILD:190:19: Compiling tests/cocotb/tutorial/tfmicro/conv2d_test.cc failed: 6 input file(s) do not exist
ERROR: /app/sw/opt/litert-micro/test/BUILD:32:19: Compiling sw/opt/litert-micro/test/conv_test.cc failed: missing input file '//sw/opt/litert-micro:conv.h'
ERROR: /app/sw/opt/litert-micro/test/BUILD:32:19: Compiling sw/opt/litert-micro/test/conv_test.cc failed: missing input file '//sw/opt/litert-micro:memory_util.h'
ERROR: /app/sw/opt/litert-micro/test/BUILD:32:19: Compiling sw/opt/litert-micro/test/conv_test.cc failed: missing input file '//sw/utils:utils.h'
ERROR: /app/sw/opt/litert-micro/test/BUILD:32:19: Compiling sw/opt/litert-micro/test/conv_test.cc failed: missing input file '//sw/utils:utils.h'
ERROR: /app/sw/opt/litert-micro/test/BUILD:32:19: Compiling sw/opt/litert-micro/test/conv_test.cc failed: missing input file '//sw/opt/litert-micro:accumulator_util.h'
ERROR: /app/sw/opt/litert-micro/test/BUILD:32:19: Compiling sw/opt/litert-micro/test/conv_test.cc failed: missing input file '//sw/opt/litert-micro:memory_util.h'
ERROR: /app/sw/opt/litert-micro/test/BUILD:32:19: Compiling sw/opt/litert-micro/test/conv_test.cc failed: missing input file '//sw/opt:rvv_opt.h'
ERROR: /app/sw/opt/litert-micro/test/BUILD:32:19: Compiling sw/opt/litert-micro/test/conv_test.cc failed: missing input file '//sw/opt/litert-micro:conv.h'
ERROR: /app/sw/opt/litert-micro/test/BUILD:32:19: Compiling sw/opt/litert-micro/test/conv_test.cc failed: 8 input file(s) do not exist
ERROR: /app/sw/opt/litert-micro/BUILD:52:11: Compiling sw/opt/litert-micro/conv.cc failed: missing input file '//sw/opt/litert-micro:conv.cc'
ERROR: /app/sw/opt/litert-micro/BUILD:52:11: Compiling sw/opt/litert-micro/conv.cc failed: missing input file '//sw/opt/litert-micro:conv.h'
ERROR: /app/sw/opt/litert-micro/BUILD:52:11: Compiling sw/opt/litert-micro/conv.cc failed: missing input file '//sw/opt/litert-micro:memory_util.h'
ERROR: /app/sw/opt/litert-micro/BUILD:52:11: Compiling sw/opt/litert-micro/conv.cc failed: missing input file '//sw/opt/litert-micro:accumulator_util.h'
ERROR: /app/sw/opt/litert-micro/BUILD:52:11: Compiling sw/opt/litert-micro/conv.cc failed: missing input file '//sw/opt:rvv_opt.h'
ERROR: /app/sw/opt/litert-micro/BUILD:52:11: Compiling sw/opt/litert-micro/conv.cc failed: missing input file '//sw/opt:rvv_opt.h'
ERROR: /app/sw/opt/litert-micro/BUILD:52:11: Compiling sw/opt/litert-micro/conv.cc failed: missing input file '//sw/opt/litert-micro:conv.h'
ERROR: /app/sw/opt/litert-micro/BUILD:52:11: Compiling sw/opt/litert-micro/conv.cc failed: missing input file '//sw/opt/litert-micro:accumulator_util.h'
ERROR: /app/sw/opt/litert-micro/BUILD:52:11: Compiling sw/opt/litert-micro/conv.cc failed: missing input file '//sw/opt/litert-micro:memory_util.h'
ERROR: /app/sw/opt/litert-micro/BUILD:52:11: Compiling sw/opt/litert-micro/conv.cc failed: 9 input file(s) do not exist
ERROR: /app/tests/cocotb/tutorial/tfmicro/BUILD:119:19: Compiling tests/cocotb/tutorial/tfmicro/depthwise_conv_test.cc failed: missing input file '//sw/opt/litert-micro:depthwise_conv.h'
ERROR: /app/tests/cocotb/tutorial/tfmicro/BUILD:119:19: Compiling tests/cocotb/tutorial/tfmicro/depthwise_conv_test.cc failed: missing input file '//sw/opt/litert-micro:memory_util.h'
ERROR: /app/tests/cocotb/tutorial/tfmicro/BUILD:119:19: Compiling tests/cocotb/tutorial/tfmicro/depthwise_conv_test.cc failed: missing input file '//sw/opt/litert-micro:accumulator_util.h'
ERROR: /app/tests/cocotb/tutorial/tfmicro/BUILD:119:19: Compiling tests/cocotb/tutorial/tfmicro/depthwise_conv_test.cc failed: missing input file '//sw/opt:rvv_opt.h'
ERROR: /app/tests/cocotb/tutorial/tfmicro/BUILD:119:19: Compiling tests/cocotb/tutorial/tfmicro/depthwise_conv_test.cc failed: missing input file '//sw/opt/litert-micro:depthwise_conv.h'
ERROR: /app/tests/cocotb/tutorial/tfmicro/BUILD:119:19: Compiling tests/cocotb/tutorial/tfmicro/depthwise_conv_test.cc failed: 5 input file(s) do not exist
ERROR: /app/sw/opt/litert-micro/BUILD:37:11: Compiling sw/opt/litert-micro/depthwise_conv.cc failed: missing input file '//sw/opt/litert-micro:depthwise_conv.cc'
ERROR: /app/sw/opt/litert-micro/BUILD:37:11: Compiling sw/opt/litert-micro/depthwise_conv.cc failed: missing input file '//sw/opt/litert-micro:depthwise_conv.h'
ERROR: /app/sw/opt/litert-micro/BUILD:37:11: Compiling sw/opt/litert-micro/depthwise_conv.cc failed: missing input file '//sw/opt/litert-micro:accumulator_util.h'
ERROR: /app/sw/opt/litert-micro/BUILD:37:11: Compiling sw/opt/litert-micro/depthwise_conv.cc failed: missing input file '//sw/opt/litert-micro:memory_util.h'
ERROR: /app/sw/opt/litert-micro/BUILD:37:11: Compiling sw/opt/litert-micro/depthwise_conv.cc failed: missing input file '//sw/opt:rvv_opt.h'
ERROR: /app/sw/opt/litert-micro/BUILD:37:11: Compiling sw/opt/litert-micro/depthwise_conv.cc failed: missing input file '//sw/opt:rvv_opt.h'
ERROR: /app/sw/opt/litert-micro/BUILD:37:11: Compiling sw/opt/litert-micro/depthwise_conv.cc failed: missing input file '//sw/opt/litert-micro:depthwise_conv.h'
ERROR: /app/sw/opt/litert-micro/BUILD:37:11: Compiling sw/opt/litert-micro/depthwise_conv.cc failed: missing input file '//sw/opt/litert-micro:memory_util.h'
ERROR: /app/sw/opt/litert-micro/BUILD:37:11: Compiling sw/opt/litert-micro/depthwise_conv.cc failed: missing input file '//sw/opt/litert-micro:accumulator_util.h'
ERROR: /app/sw/opt/litert-micro/BUILD:37:11: Compiling sw/opt/litert-micro/depthwise_conv.cc failed: 9 input file(s) do not exist
ERROR: /app/tests/cocotb/tutorial/tfmicro/BUILD:318:19: Compiling tests/cocotb/tutorial/tfmicro/logistic_test.cc failed: missing input file '//sw/opt/litert-micro:logistic.h'
ERROR: /app/tests/cocotb/tutorial/tfmicro/BUILD:318:19: Compiling tests/cocotb/tutorial/tfmicro/logistic_test.cc failed: missing input file '//sw/utils:utils.h'
ERROR: /app/tests/cocotb/tutorial/tfmicro/BUILD:318:19: Compiling tests/cocotb/tutorial/tfmicro/logistic_test.cc failed: missing input file '//sw/utils:utils.h'
ERROR: /app/tests/cocotb/tutorial/tfmicro/BUILD:318:19: Compiling tests/cocotb/tutorial/tfmicro/logistic_test.cc failed: missing input file '//sw/opt/litert-micro:logistic.h'
ERROR: /app/tests/cocotb/tutorial/tfmicro/BUILD:318:19: Compiling tests/cocotb/tutorial/tfmicro/logistic_test.cc failed: 4 input file(s) do not exist
ERROR: /app/sw/opt/litert-micro/BUILD:93:11: Compiling sw/opt/litert-micro/logistic.cc failed: missing input file '//sw/opt/litert-micro:logistic.cc'
ERROR: /app/sw/opt/litert-micro/BUILD:93:11: Compiling sw/opt/litert-micro/logistic.cc failed: missing input file '//sw/opt/litert-micro:logistic.h'
ERROR: /app/sw/opt/litert-micro/BUILD:93:11: Compiling sw/opt/litert-micro/logistic.cc failed: missing input file '//sw/opt/litert-micro:logistic.h'
ERROR: /app/sw/opt/litert-micro/BUILD:93:11: Compiling sw/opt/litert-micro/logistic.cc failed: 3 input file(s) do not exist
ERROR: /app/sw/opt/litert-micro/test/BUILD:20:19: Compiling sw/opt/litert-micro/test/max_pool_test.cc failed: missing input file '//sw/opt/litert-micro:pooling.h'
ERROR: /app/sw/opt/litert-micro/test/BUILD:20:19: Compiling sw/opt/litert-micro/test/max_pool_test.cc failed: missing input file '//sw/utils:utils.h'
ERROR: /app/sw/opt/litert-micro/test/BUILD:20:19: Compiling sw/opt/litert-micro/test/max_pool_test.cc failed: missing input file '//sw/utils:utils.h'
ERROR: /app/sw/opt/litert-micro/test/BUILD:20:19: Compiling sw/opt/litert-micro/test/max_pool_test.cc failed: missing input file '//sw/opt/litert-micro:pooling.h'
ERROR: /app/sw/opt/litert-micro/test/BUILD:20:19: Compiling sw/opt/litert-micro/test/max_pool_test.cc failed: 4 input file(s) do not exist
ERROR: /app/tests/cocotb/tutorial/tfmicro/BUILD:240:19: Compiling tests/cocotb/tutorial/tfmicro/pooling_test.cc failed: missing input file '//sw/opt/litert-micro:pooling.h'
ERROR: /app/tests/cocotb/tutorial/tfmicro/BUILD:240:19: Compiling tests/cocotb/tutorial/tfmicro/pooling_test.cc failed: missing input file '//sw/utils:utils.h'
ERROR: /app/tests/cocotb/tutorial/tfmicro/BUILD:240:19: Compiling tests/cocotb/tutorial/tfmicro/pooling_test.cc failed: missing input file '//sw/utils:utils.h'
ERROR: /app/tests/cocotb/tutorial/tfmicro/BUILD:240:19: Compiling tests/cocotb/tutorial/tfmicro/pooling_test.cc failed: missing input file '//sw/opt/litert-micro:pooling.h'
ERROR: /app/tests/cocotb/tutorial/tfmicro/BUILD:240:19: Compiling tests/cocotb/tutorial/tfmicro/pooling_test.cc failed: 4 input file(s) do not exist
ERROR: /app/sw/opt/litert-micro/BUILD:68:11: Compiling sw/opt/litert-micro/pooling.cc failed: missing input file '//sw/opt/litert-micro:pooling.cc'
ERROR: /app/sw/opt/litert-micro/BUILD:68:11: Compiling sw/opt/litert-micro/pooling.cc failed: missing input file '//sw/opt/litert-micro:pooling.h'
ERROR: /app/sw/opt/litert-micro/BUILD:68:11: Compiling sw/opt/litert-micro/pooling.cc failed: missing input file '//sw/opt/litert-micro:pooling.h'
ERROR: /app/sw/opt/litert-micro/BUILD:68:11: Compiling sw/opt/litert-micro/pooling.cc failed: 3 input file(s) do not exist
ERROR: /app/tests/cocotb/tutorial/tfmicro/BUILD:283:19: Compiling tests/cocotb/tutorial/tfmicro/fully_connected_test.cc failed: missing input file '//sw/opt/litert-micro:fully_connected.h'
ERROR: /app/tests/cocotb/tutorial/tfmicro/BUILD:283:19: Compiling tests/cocotb/tutorial/tfmicro/fully_connected_test.cc failed: missing input file '//sw/utils:utils.h'
ERROR: /app/tests/cocotb/tutorial/tfmicro/BUILD:283:19: Compiling tests/cocotb/tutorial/tfmicro/fully_connected_test.cc failed: missing input file '//sw/utils:utils.h'
ERROR: /app/tests/cocotb/tutorial/tfmicro/BUILD:283:19: Compiling tests/cocotb/tutorial/tfmicro/fully_connected_test.cc failed: missing input file '//sw/opt/litert-micro:accumulator_util.h'
ERROR: /app/tests/cocotb/tutorial/tfmicro/BUILD:283:19: Compiling tests/cocotb/tutorial/tfmicro/fully_connected_test.cc failed: missing input file '//sw/opt/litert-micro:fully_connected.h'
ERROR: /app/tests/cocotb/tutorial/tfmicro/BUILD:283:19: Compiling tests/cocotb/tutorial/tfmicro/fully_connected_test.cc failed: 5 input file(s) do not exist
ERROR: /app/sw/opt/litert-micro/BUILD:80:11: Compiling sw/opt/litert-micro/fully_connected.cc failed: missing input file '//sw/opt/litert-micro:fully_connected.cc'
ERROR: /app/sw/opt/litert-micro/BUILD:80:11: Compiling sw/opt/litert-micro/fully_connected.cc failed: missing input file '//sw/opt/litert-micro:fully_connected.h'
ERROR: /app/sw/opt/litert-micro/BUILD:80:11: Compiling sw/opt/litert-micro/fully_connected.cc failed: missing input file '//sw/opt/litert-micro:accumulator_util.h'
ERROR: /app/sw/opt/litert-micro/BUILD:80:11: Compiling sw/opt/litert-micro/fully_connected.cc failed: missing input file '//sw/opt/litert-micro:fully_connected.h'
ERROR: /app/sw/opt/litert-micro/BUILD:80:11: Compiling sw/opt/litert-micro/fully_connected.cc failed: missing input file '//sw/opt/litert-micro:accumulator_util.h'
ERROR: /app/sw/opt/litert-micro/BUILD:80:11: Compiling sw/opt/litert-micro/fully_connected.cc failed: 5 input file(s) do not exist
Analyzing: 2440 targets (416 packages loaded, 24570 targets configured)
[4,971 / 6,061] 1 / 43 tests, 1 failed; Compiling src/google/protobuf/compiler/parser.cc [for tool]; 3s processwrapper-sandbox ... (8 actions, 7 running)
Analyzing: 2440 targets (416 packages loaded, 24570 targets configured)
[4,976 / 6,064] 1 / 43 tests, 1 failed; Compiling src/google/protobuf/compiler/parser.cc [for tool]; 4s processwrapper-sandbox ... (8 actions running)
Analyzing: 2440 targets (416 packages loaded, 24570 targets configured)
[4,983 / 6,068] 1 / 43 tests, 1 failed; Compiling src/google/protobuf/compiler/parser.cc [for tool]; 5s processwrapper-sandbox ... (8 actions, 7 running)
INFO: From Compiling src/google/protobuf/compiler/kotlin/generator.cc [for tool]:
In file included from bazel-out/k8-opt-exec-ST-a828a81199fe/bin/external/com_google_protobuf/src/google/protobuf/compiler/java/_virtual_includes/helpers/google/protobuf/compiler/java/helpers.h:23,
                 from external/com_google_protobuf/src/google/protobuf/compiler/kotlin/generator.cc:18:
bazel-out/k8-opt-exec-ST-a828a81199fe/bin/external/com_google_protobuf/src/google/protobuf/io/_virtual_includes/printer/google/protobuf/io/printer.h: In instantiation of 'void google::protobuf::io::AnnotationProtoCollector<AnnotationProto>::AddAnnotation(size_t, size_t, const std::string&, const std::vector<int>&, std::optional<google::protobuf::io::AnnotationCollector::Semantic>) [with AnnotationProto = google::protobuf::GeneratedCodeInfo; size_t = long unsigned int; std::string = std::__cxx11::basic_string<char>]':
bazel-out/k8-opt-exec-ST-a828a81199fe/bin/external/com_google_protobuf/src/google/protobuf/io/_virtual_includes/printer/google/protobuf/io/printer.h:123:8:   required from here
bazel-out/k8-opt-exec-ST-a828a81199fe/bin/external/com_google_protobuf/src/google/protobuf/io/_virtual_includes/printer/google/protobuf/io/printer.h:127:23: warning: comparison of integer expressions of different signedness: 'int' and 'std::vector<int>::size_type' {aka 'long unsigned int'} [-Wsign-compare]
  127 |     for (int i = 0; i < path.size(); ++i) {
      |                     ~~^~~~~~~~~~~~~
Analyzing: 2440 targets (416 packages loaded, 24570 targets configured)
[5,002 / 6,086] 1 / 43 tests, 1 failed; Compiling src/google/protobuf/compiler/csharp/csharp_doc_comment.cc [for tool]; 2s processwrapper-sandbox ... (8 actions, 7 running)
Analyzing: 2440 targets (416 packages loaded, 24570 targets configured)
[5,010 / 6,095] 1 / 43 tests, 1 failed; Compiling src/google/protobuf/compiler/kotlin/message.cc [for tool]; 3s processwrapper-sandbox ... (8 actions running)
Analyzing: 2440 targets (416 packages loaded, 24570 targets configured)
[5,020 / 6,099] 1 / 43 tests, 1 failed; Compiling src/google/protobuf/compiler/cpp/service.cc [for tool]; 3s processwrapper-sandbox ... (8 actions running)
Analyzing: 2440 targets (416 packages loaded, 24570 targets configured)
[5,030 / 6,103] 1 / 43 tests, 1 failed; Compiling src/google/protobuf/compiler/java/full/message_builder.cc [for tool]; 3s processwrapper-sandbox ... (8 actions, 7 running)
Analyzing: 2440 targets (416 packages loaded, 24570 targets configured)
[5,036 / 6,106] 1 / 43 tests, 1 failed; Compiling src/google/protobuf/compiler/java/full/message_builder.cc [for tool]; 4s processwrapper-sandbox ... (8 actions, 7 running)
INFO: From Compiling src/google/protobuf/compiler/java/full/message_builder.cc [for tool]:
external/com_google_protobuf/src/google/protobuf/compiler/java/full/message_builder.cc: In member function 'void google::protobuf::compiler::java::MessageBuilderGenerator::GenerateDescriptorMethods(google::protobuf::io::Printer*)':
external/com_google_protobuf/src/google/protobuf/compiler/java/full/message_builder.cc:214:23: warning: comparison of integer expressions of different signedness: 'int' and 'std::vector<const google::protobuf::FieldDescriptor*>::size_type' {aka 'long unsigned int'} [-Wsign-compare]
  214 |     for (int i = 0; i < map_fields.size(); ++i) {
      |                     ~~^~~~~~~~~~~~~~~~~~~
external/com_google_protobuf/src/google/protobuf/compiler/java/full/message_builder.cc:240:23: warning: comparison of integer expressions of different signedness: 'int' and 'std::vector<const google::protobuf::FieldDescriptor*>::size_type' {aka 'long unsigned int'} [-Wsign-compare]
  240 |     for (int i = 0; i < map_fields.size(); ++i) {
      |                     ~~^~~~~~~~~~~~~~~~~~~
Analyzing: 2440 targets (416 packages loaded, 24570 targets configured)
[5,049 / 6,114] 1 / 43 tests, 1 failed; Compiling src/V3Width.cpp; 4s processwrapper-sandbox ... (8 actions running)
INFO: From Compiling src/google/protobuf/compiler/kotlin/file.cc [for tool]:
In file included from bazel-out/k8-opt-exec-ST-a828a81199fe/bin/external/com_google_protobuf/src/google/protobuf/compiler/java/_virtual_includes/helpers/google/protobuf/compiler/java/helpers.h:23,
                 from bazel-out/k8-opt-exec-ST-a828a81199fe/bin/external/com_google_protobuf/src/google/protobuf/compiler/java/_virtual_includes/helpers/google/protobuf/compiler/java/context.h:15,
                 from bazel-out/k8-opt-exec-ST-a828a81199fe/bin/external/com_google_protobuf/src/google/protobuf/compiler/kotlin/_virtual_includes/kotlin_internal/google/protobuf/compiler/kotlin/message.h:12,
                 from bazel-out/k8-opt-exec-ST-a828a81199fe/bin/external/com_google_protobuf/src/google/protobuf/compiler/kotlin/_virtual_includes/kotlin_internal/google/protobuf/compiler/kotlin/file.h:18,
                 from external/com_google_protobuf/src/google/protobuf/compiler/kotlin/file.cc:8:
bazel-out/k8-opt-exec-ST-a828a81199fe/bin/external/com_google_protobuf/src/google/protobuf/io/_virtual_includes/printer/google/protobuf/io/printer.h: In instantiation of 'void google::protobuf::io::AnnotationProtoCollector<AnnotationProto>::AddAnnotation(size_t, size_t, const std::string&, const std::vector<int>&, std::optional<google::protobuf::io::AnnotationCollector::Semantic>) [with AnnotationProto = google::protobuf::GeneratedCodeInfo; size_t = long unsigned int; std::string = std::__cxx11::basic_string<char>]':
bazel-out/k8-opt-exec-ST-a828a81199fe/bin/external/com_google_protobuf/src/google/protobuf/io/_virtual_includes/printer/google/protobuf/io/printer.h:123:8:   required from here
bazel-out/k8-opt-exec-ST-a828a81199fe/bin/external/com_google_protobuf/src/google/protobuf/io/_virtual_includes/printer/google/protobuf/io/printer.h:127:23: warning: comparison of integer expressions of different signedness: 'int' and 'std::vector<int>::size_type' {aka 'long unsigned int'} [-Wsign-compare]
  127 |     for (int i = 0; i < path.size(); ++i) {
      |                     ~~^~~~~~~~~~~~~
Analyzing: 2440 targets (416 packages loaded, 24570 targets configured)
[5,078 / 6,136] 1 / 43 tests, 1 failed; Compiling src/V3Width.cpp; 6s processwrapper-sandbox ... (8 actions, 7 running)
Analyzing: 2440 targets (416 packages loaded, 24570 targets configured)
[5,087 / 6,139] 1 / 43 tests, 1 failed; Compiling src/google/protobuf/compiler/java/full/message.cc [for tool]; 3s processwrapper-sandbox ... (8 actions, 7 running)
Analyzing: 2440 targets (416 packages loaded, 24570 targets configured)
[5,096 / 6,147] 1 / 43 tests, 1 failed; Compiling src/google/protobuf/compiler/java/full/message.cc [for tool]; 5s processwrapper-sandbox ... (8 actions, 7 running)
INFO: From Compiling src/google/protobuf/compiler/java/full/enum.cc [for tool]:
external/com_google_protobuf/src/google/protobuf/compiler/java/full/enum.cc: In member function 'virtual void google::protobuf::compiler::java::EnumNonLiteGenerator::Generate(google::protobuf::io::Printer*)':
external/com_google_protobuf/src/google/protobuf/compiler/java/full/enum.cc:77:21: warning: comparison of integer expressions of different signedness: 'int' and 'std::vector<const google::protobuf::EnumValueDescriptor*>::size_type' {aka 'long unsigned int'} [-Wsign-compare]
   77 |   for (int i = 0; i < canonical_values_.size(); i++) {
      |                   ~~^~~~~~~~~~~~~~~~~~~~~~~~~~
external/com_google_protobuf/src/google/protobuf/compiler/java/full/enum.cc:85:21: warning: comparison of integer expressions of different signedness: 'int' and 'std::vector<const google::protobuf::EnumValueDescriptor*>::size_type' {aka 'long unsigned int'} [-Wsign-compare]
   85 |   for (int i = 0; i < canonical_values_.size(); i++) {
      |                   ~~^~~~~~~~~~~~~~~~~~~~~~~~~~
external/com_google_protobuf/src/google/protobuf/compiler/java/full/enum.cc:125:21: warning: comparison of integer expressions of different signedness: 'int' and 'std::vector<google::protobuf::compiler::java::EnumNonLiteGenerator::Alias>::size_type' {aka 'long unsigned int'} [-Wsign-compare]
  125 |   for (int i = 0; i < aliases_.size(); i++) {
      |                   ~~^~~~~~~~~~~~~~~~~
external/com_google_protobuf/src/google/protobuf/compiler/java/full/enum.cc:209:21: warning: comparison of integer expressions of different signedness: 'int' and 'std::vector<const google::protobuf::EnumValueDescriptor*>::size_type' {aka 'long unsigned int'} [-Wsign-compare]
  209 |   for (int i = 0; i < canonical_values_.size(); i++) {
      |                   ~~^~~~~~~~~~~~~~~~~~~~~~~~~~
external/com_google_protobuf/src/google/protobuf/compiler/java/full/enum.cc: In member function 'bool google::protobuf::compiler::java::EnumNonLiteGenerator::CanUseEnumValues()':
external/com_google_protobuf/src/google/protobuf/compiler/java/full/enum.cc:383:32: warning: comparison of integer expressions of different signedness: 'std::vector<const google::protobuf::EnumValueDescriptor*>::size_type' {aka 'long unsigned int'} and 'int' [-Wsign-compare]
  383 |   if (canonical_values_.size() != descriptor_->value_count()) {
      |       ~~~~~~~~~~~~~~~~~~~~~~~~~^~~~~~~~~~~~~~~~~~~~~~~~~~~~~
INFO: From Compiling src/google/protobuf/compiler/java/full/message.cc [for tool]:
external/com_google_protobuf/src/google/protobuf/compiler/java/full/message.cc: In member function 'void google::protobuf::compiler::java::ImmutableMessageGenerator::GenerateDescriptorMethods(google::protobuf::io::Printer*)':
external/com_google_protobuf/src/google/protobuf/compiler/java/full/message.cc:807:23: warning: comparison of integer expressions of different signedness: 'int' and 'std::vector<const google::protobuf::FieldDescriptor*>::size_type' {aka 'long unsigned int'} [-Wsign-compare]
  807 |     for (int i = 0; i < map_fields.size(); ++i) {
      |                     ~~^~~~~~~~~~~~~~~~~~~
Analyzing: 2440 targets (416 packages loaded, 24570 targets configured)
[5,113 / 6,163] 1 / 43 tests, 1 failed; Compiling src/google/protobuf/compiler/java/file.cc [for tool]; 4s processwrapper-sandbox ... (8 actions, 7 running)
Analyzing: 2440 targets (416 packages loaded, 24570 targets configured)
[5,121 / 6,166] 1 / 43 tests, 1 failed; Compiling src/google/protobuf/compiler/csharp/csharp_field_base.cc [for tool]; 4s processwrapper-sandbox ... (8 actions, 7 running)
Analyzing: 2440 targets (416 packages loaded, 24570 targets configured)
[5,137 / 6,174] 1 / 43 tests, 1 failed; Compiling src/google/protobuf/compiler/java/full/generator_factory.cc [for tool]; 2s processwrapper-sandbox ... (8 actions running)
Analyzing: 2440 targets (416 packages loaded, 24570 targets configured)
[5,143 / 6,179] 1 / 43 tests, 1 failed; Compiling src/google/protobuf/compiler/java/full/make_field_gens.cc [for tool]; 3s processwrapper-sandbox ... (8 actions, 7 running)
Analyzing: 2440 targets (416 packages loaded, 24570 targets configured)
[5,155 / 6,202] 1 / 43 tests, 1 failed; Compiling src/google/protobuf/compiler/java/context.cc [for tool]; 3s processwrapper-sandbox ... (8 actions, 7 running)
Analyzing: 2440 targets (416 packages loaded, 24570 targets configured)
[5,166 / 6,210] 1 / 43 tests, 1 failed; Compiling src/google/protobuf/compiler/java/full/extension.cc [for tool]; 2s processwrapper-sandbox ... (8 actions, 7 running)
Analyzing: 2440 targets (416 packages loaded, 24570 targets configured)
[5,173 / 6,216] 1 / 43 tests, 1 failed; Compiling src/google/protobuf/compiler/java/full/extension.cc [for tool]; 3s processwrapper-sandbox ... (8 actions, 7 running)
Analyzing: 2440 targets (416 packages loaded, 24570 targets configured)
[5,176 / 6,216] 1 / 43 tests, 1 failed; Compiling src/google/protobuf/compiler/java/full/extension.cc [for tool]; 4s processwrapper-sandbox ... (8 actions, 7 running)
Analyzing: 2440 targets (416 packages loaded, 24570 targets configured)
[5,185 / 6,230] 1 / 43 tests, 1 failed; Compiling src/google/protobuf/compiler/java/full/string_field.cc [for tool]; 5s processwrapper-sandbox ... (8 actions, 7 running)
Analyzing: 2440 targets (416 packages loaded, 24570 targets configured)
[5,188 / 6,230] 1 / 43 tests, 1 failed; Compiling src/google/protobuf/compiler/cpp/message.cc [for tool]; 6s processwrapper-sandbox ... (8 actions, 7 running)
Analyzing: 2440 targets (416 packages loaded, 24570 targets configured)
[5,191 / 6,230] 1 / 43 tests, 1 failed; Compiling src/google/protobuf/compiler/cpp/message.cc [for tool]; 7s processwrapper-sandbox ... (8 actions running)
Analyzing: 2440 targets (416 packages loaded, 24570 targets configured)
[5,193 / 6,230] 1 / 43 tests, 1 failed; Compiling src/google/protobuf/compiler/cpp/message.cc [for tool]; 8s processwrapper-sandbox ... (9 actions, 8 running)
Analyzing: 2440 targets (416 packages loaded, 24570 targets configured)
[5,196 / 6,230] 1 / 43 tests, 1 failed; Compiling src/google/protobuf/compiler/cpp/message.cc [for tool]; 9s processwrapper-sandbox ... (9 actions, 8 running)
Analyzing: 2440 targets (416 packages loaded, 24570 targets configured)
[5,200 / 6,230] 1 / 43 tests, 1 failed; Compiling src/google/protobuf/compiler/cpp/message.cc [for tool]; 11s processwrapper-sandbox ... (8 actions, 7 running)
Analyzing: 2440 targets (416 packages loaded, 24570 targets configured)
[5,205 / 6,232] 1 / 43 tests, 1 failed; Compiling src/google/protobuf/compiler/cpp/message.cc [for tool]; 12s processwrapper-sandbox ... (8 actions, 7 running)
Analyzing: 2440 targets (416 packages loaded, 24570 targets configured)
[5,209 / 6,234] 1 / 43 tests, 1 failed; Compiling src/google/protobuf/compiler/cpp/message.cc [for tool]; 13s processwrapper-sandbox ... (8 actions running)
Analyzing: 2440 targets (416 packages loaded, 24570 targets configured)
[5,213 / 6,236] 1 / 43 tests, 1 failed; Compiling src/google/protobuf/compiler/cpp/message.cc [for tool]; 14s processwrapper-sandbox ... (8 actions running)
Analyzing: 2440 targets (416 packages loaded, 24570 targets configured)
[5,222 / 6,238] 1 / 43 tests, 1 failed; Compiling src/google/protobuf/compiler/cpp/message.cc [for tool]; 16s processwrapper-sandbox ... (8 actions, 7 running)
Analyzing: 2440 targets (416 packages loaded, 24570 targets configured)
[5,229 / 6,240] 1 / 43 tests, 1 failed; Compiling src/google/protobuf/compiler/cpp/message.cc [for tool]; 17s processwrapper-sandbox ... (8 actions, 7 running)
ERROR: /app/tests/npusim_examples/BUILD:31:19: Compiling tests/npusim_examples/run_full_mobilenet_v1.cc failed: missing input file '//sw/opt/litert-micro:conv.h'
ERROR: /app/tests/npusim_examples/BUILD:31:19: Compiling tests/npusim_examples/run_full_mobilenet_v1.cc failed: missing input file '//sw/opt/litert-micro:memory_util.h'
ERROR: /app/tests/npusim_examples/BUILD:31:19: Compiling tests/npusim_examples/run_full_mobilenet_v1.cc failed: missing input file '//sw/opt/litert-micro:depthwise_conv.h'
ERROR: /app/tests/npusim_examples/BUILD:31:19: Compiling tests/npusim_examples/run_full_mobilenet_v1.cc failed: missing input file '//sw/opt:rvv_opt.h'
ERROR: /app/tests/npusim_examples/BUILD:31:19: Compiling tests/npusim_examples/run_full_mobilenet_v1.cc failed: missing input file '//sw/opt:rvv_opt.h'
ERROR: /app/tests/npusim_examples/BUILD:31:19: Compiling tests/npusim_examples/run_full_mobilenet_v1.cc failed: missing input file '//sw/opt/litert-micro:accumulator_util.h'
ERROR: /app/tests/npusim_examples/BUILD:31:19: Compiling tests/npusim_examples/run_full_mobilenet_v1.cc failed: missing input file '//sw/opt/litert-micro:memory_util.h'
ERROR: /app/tests/npusim_examples/BUILD:31:19: Compiling tests/npusim_examples/run_full_mobilenet_v1.cc failed: missing input file '//sw/opt/litert-micro:conv.h'
ERROR: /app/tests/npusim_examples/BUILD:31:19: Compiling tests/npusim_examples/run_full_mobilenet_v1.cc failed: missing input file '//sw/opt/litert-micro:depthwise_conv.h'
ERROR: /app/tests/npusim_examples/BUILD:31:19: Compiling tests/npusim_examples/run_full_mobilenet_v1.cc failed: 9 input file(s) do not exist
Analyzing: 2440 targets (416 packages loaded, 24570 targets configured)
[5,240 / 6,244] 1 / 43 tests, 1 failed; Compiling src/google/protobuf/compiler/cpp/message.cc [for tool]; 18s processwrapper-sandbox ... (8 actions, 7 running)
Analyzing: 2440 targets (416 packages loaded, 24570 targets configured)
[5,252 / 6,248] 1 / 43 tests, 1 failed; Compiling src/google/protobuf/compiler/java/lite/generator_factory.cc [for tool]; 3s processwrapper-sandbox ... (8 actions, 7 running)
Analyzing: 2440 targets (416 packages loaded, 24570 targets configured)
[5,258 / 6,248] 1 / 43 tests, 1 failed; Compiling src/google/protobuf/compiler/java/lite/generator_factory.cc [for tool]; 4s processwrapper-sandbox ... (8 actions running)
Analyzing: 2440 targets (416 packages loaded, 24570 targets configured)
[5,266 / 6,250] 1 / 43 tests, 1 failed; Compiling src/V3Trace.cpp; 4s processwrapper-sandbox ... (9 actions, 8 running)
Analyzing: 2440 targets (416 packages loaded, 24570 targets configured)
[5,278 / 6,252] 1 / 43 tests, 1 failed; Compiling src/google/protobuf/compiler/java/lite/message_field.cc [for tool]; 4s processwrapper-sandbox ... (8 actions, 7 running)
Analyzing: 2440 targets (416 packages loaded, 24570 targets configured)
[5,282 / 6,259] 1 / 43 tests, 1 failed; Compiling src/google/protobuf/compiler/java/lite/message_field.cc [for tool]; 5s processwrapper-sandbox ... (8 actions running)
ERROR: /app/tests/cocotb/tutorial/tfmicro/BUILD:32:19: Compiling tests/cocotb/tutorial/tfmicro/mobilenet_v1_025_partial_layers.cc failed: missing input file '//sw/opt/litert-micro:memory_util.h'
ERROR: /app/tests/cocotb/tutorial/tfmicro/BUILD:32:19: Compiling tests/cocotb/tutorial/tfmicro/mobilenet_v1_025_partial_layers.cc failed: missing input file '//sw/opt/litert-micro:accumulator_util.h'
ERROR: /app/tests/cocotb/tutorial/tfmicro/BUILD:32:19: Compiling tests/cocotb/tutorial/tfmicro/mobilenet_v1_025_partial_layers.cc failed: missing input file '//sw/opt:rvv_opt.h'
ERROR: /app/tests/cocotb/tutorial/tfmicro/BUILD:32:19: Compiling tests/cocotb/tutorial/tfmicro/mobilenet_v1_025_partial_layers.cc failed: missing input file '//sw/opt/litert-micro:depthwise_conv.h'
ERROR: /app/tests/cocotb/tutorial/tfmicro/BUILD:32:19: Compiling tests/cocotb/tutorial/tfmicro/mobilenet_v1_025_partial_layers.cc failed: 4 input file(s) do not exist
ERROR: /app/tests/cocotb/tutorial/tfmicro/BUILD:32:19: Compiling tests/cocotb/tutorial/tfmicro/run_partial_mobilenet.cc failed: missing input file '//sw/opt/litert-micro:depthwise_conv.h'
ERROR: /app/tests/cocotb/tutorial/tfmicro/BUILD:32:19: Compiling tests/cocotb/tutorial/tfmicro/run_partial_mobilenet.cc failed: missing input file '//sw/opt/litert-micro:memory_util.h'
ERROR: /app/tests/cocotb/tutorial/tfmicro/BUILD:32:19: Compiling tests/cocotb/tutorial/tfmicro/run_partial_mobilenet.cc failed: missing input file '//sw/opt/litert-micro:accumulator_util.h'
ERROR: /app/tests/cocotb/tutorial/tfmicro/BUILD:32:19: Compiling tests/cocotb/tutorial/tfmicro/run_partial_mobilenet.cc failed: missing input file '//sw/opt:rvv_opt.h'
ERROR: /app/tests/cocotb/tutorial/tfmicro/BUILD:32:19: Compiling tests/cocotb/tutorial/tfmicro/run_partial_mobilenet.cc failed: missing input file '//sw/opt/litert-micro:depthwise_conv.h'
ERROR: /app/tests/cocotb/tutorial/tfmicro/BUILD:32:19: Compiling tests/cocotb/tutorial/tfmicro/run_partial_mobilenet.cc failed: 5 input file(s) do not exist
Analyzing: 2440 targets (416 packages loaded, 24570 targets configured)
[5,298 / 6,261] 1 / 43 tests, 1 failed; Compiling src/google/protobuf/compiler/java/full/map_field.cc [for tool]; 6s processwrapper-sandbox ... (9 actions, 8 running)
Analyzing: 2440 targets (416 packages loaded, 24570 targets configured)
[5,310 / 6,261] 1 / 43 tests, 1 failed; Compiling src/google/protobuf/compiler/cpp/generator.cc [for tool]; 4s processwrapper-sandbox ... (8 actions running)
Analyzing: 2440 targets (416 packages loaded, 24570 targets configured)
[5,315 / 6,261] 1 / 43 tests, 1 failed; Compiling src/google/protobuf/compiler/cpp/generator.cc [for tool]; 6s processwrapper-sandbox ... (8 actions, 7 running)
Analyzing: 2440 targets (416 packages loaded, 24570 targets configured)
[5,326 / 6,261] 2 / 43 tests, 1 failed; Compiling src/google/protobuf/compiler/java/field_common.cc [for tool]; 4s processwrapper-sandbox ... (8 actions, 7 running)
INFO: From Compiling src/google/protobuf/compiler/java/lite/enum.cc [for tool]:
external/com_google_protobuf/src/google/protobuf/compiler/java/lite/enum.cc: In member function 'virtual void google::protobuf::compiler::java::EnumLiteGenerator::Generate(google::protobuf::io::Printer*)':
external/com_google_protobuf/src/google/protobuf/compiler/java/lite/enum.cc:70:21: warning: comparison of integer expressions of different signedness: 'int' and 'std::vector<const google::protobuf::EnumValueDescriptor*>::size_type' {aka 'long unsigned int'} [-Wsign-compare]
   70 |   for (int i = 0; i < canonical_values_.size(); i++) {
      |                   ~~^~~~~~~~~~~~~~~~~~~~~~~~~~
external/com_google_protobuf/src/google/protobuf/compiler/java/lite/enum.cc:94:21: warning: comparison of integer expressions of different signedness: 'int' and 'std::vector<google::protobuf::compiler::java::EnumLiteGenerator::Alias>::size_type' {aka 'long unsigned int'} [-Wsign-compare]
   94 |   for (int i = 0; i < aliases_.size(); i++) {
      |                   ~~^~~~~~~~~~~~~~~~~
external/com_google_protobuf/src/google/protobuf/compiler/java/lite/enum.cc:165:21: warning: comparison of integer expressions of different signedness: 'int' and 'std::vector<const google::protobuf::EnumValueDescriptor*>::size_type' {aka 'long unsigned int'} [-Wsign-compare]
  165 |   for (int i = 0; i < canonical_values_.size(); i++) {
      |                   ~~^~~~~~~~~~~~~~~~~~~~~~~~~~
Analyzing: 2440 targets (416 packages loaded, 24570 targets configured)
[5,333 / 6,266] 2 / 43 tests, 1 failed; Compiling src/google/protobuf/compiler/java/lite/map_field.cc [for tool]; 5s processwrapper-sandbox ... (8 actions running)
Analyzing: 2440 targets (416 packages loaded, 24570 targets configured)
[5,348 / 6,285] 2 / 43 tests, 1 failed; Compiling src/google/protobuf/compiler/java/lite/enum_field.cc [for tool]; 3s processwrapper-sandbox ... (8 actions, 7 running)
Analyzing: 2440 targets (416 packages loaded, 24570 targets configured)
[5,355 / 6,288] 2 / 43 tests, 1 failed; Compiling src/google/protobuf/compiler/java/lite/enum_field.cc [for tool]; 4s processwrapper-sandbox ... (8 actions, 7 running)
Analyzing: 2440 targets (416 packages loaded, 24570 targets configured)
[5,360 / 6,288] 2 / 43 tests, 1 failed; Compiling src/google/protobuf/compiler/java/lite/enum_field.cc [for tool]; 5s processwrapper-sandbox ... (8 actions, 7 running)
Analyzing: 2440 targets (416 packages loaded, 24570 targets configured)
[5,364 / 6,293] 2 / 43 tests, 1 failed; Compiling src/google/protobuf/compiler/cpp/file.cc [for tool]; 6s processwrapper-sandbox ... (8 actions, 7 running)
Analyzing: 2440 targets (416 packages loaded, 24570 targets configured)
[5,369 / 6,295] 2 / 43 tests, 1 failed; Compiling src/google/protobuf/compiler/cpp/file.cc [for tool]; 8s processwrapper-sandbox ... (9 actions, 8 running)
Analyzing: 2440 targets (416 packages loaded, 24570 targets configured)
[5,384 / 6,299] 2 / 43 tests, 1 failed; Compiling src/google/protobuf/compiler/cpp/file.cc [for tool]; 9s processwrapper-sandbox ... (8 actions, 7 running)
Analyzing: 2440 targets (416 packages loaded, 24570 targets configured)
[5,392 / 6,305] 2 / 43 tests, 1 failed; Compiling src/google/protobuf/compiler/cpp/file.cc [for tool]; 11s processwrapper-sandbox ... (8 actions running)
Analyzing: 2440 targets (416 packages loaded, 24570 targets configured)
[5,396 / 6,307] 2 / 43 tests, 1 failed; Compiling src/google/protobuf/compiler/cpp/file.cc [for tool]; 12s processwrapper-sandbox ... (9 actions, 8 running)
Analyzing: 2440 targets (416 packages loaded, 24570 targets configured)
[5,410 / 6,311] 2 / 43 tests, 1 failed; Compiling src/google/protobuf/compiler/php/php_generator.cc [for tool]; 5s processwrapper-sandbox ... (8 actions, 7 running)
Analyzing: 2440 targets (416 packages loaded, 24570 targets configured)
[5,418 / 6,313] 2 / 43 tests, 1 failed; Compiling src/google/protobuf/compiler/php/php_generator.cc [for tool]; 6s processwrapper-sandbox ... (8 actions, 7 running)
Analyzing: 2440 targets (416 packages loaded, 24570 targets configured)
[5,429 / 6,324] 2 / 43 tests, 1 failed; Compiling src/google/protobuf/compiler/objectivec/message_field.cc [for tool]; 3s processwrapper-sandbox ... (8 actions, 7 running)
Analyzing: 2440 targets (416 packages loaded, 24570 targets configured)
[5,434 / 6,324] 2 / 43 tests, 1 failed; Compiling src/google/protobuf/compiler/cpp/field_generators/string_view_field.cc [for tool]; 4s processwrapper-sandbox ... (9 actions, 8 running)
Analyzing: 2440 targets (416 packages loaded, 24570 targets configured)
[5,438 / 6,324] 2 / 43 tests, 1 failed; Compiling src/google/protobuf/compiler/cpp/field_generators/string_view_field.cc [for tool]; 5s processwrapper-sandbox ... (8 actions, 7 running)
Analyzing: 2440 targets (416 packages loaded, 24570 targets configured)
[5,448 / 6,326] 2 / 43 tests, 1 failed; Compiling src/google/protobuf/compiler/ruby/ruby_generator.cc [for tool]; 4s processwrapper-sandbox ... (8 actions, 7 running)
Analyzing: 2440 targets (416 packages loaded, 24570 targets configured)
[5,454 / 6,328] 2 / 43 tests, 1 failed; Compiling src/google/protobuf/compiler/rust/generator.cc [for tool]; 5s processwrapper-sandbox ... (8 actions, 7 running)
Analyzing: 2440 targets (416 packages loaded, 24570 targets configured)
[5,465 / 6,332] 2 / 43 tests, 1 failed; Compiling src/google/protobuf/compiler/objectivec/message.cc [for tool]; 5s processwrapper-sandbox ... (8 actions, 7 running)
Analyzing: 2440 targets (416 packages loaded, 24570 targets configured)
[5,469 / 6,334] 2 / 43 tests, 1 failed; Compiling src/google/protobuf/compiler/objectivec/message.cc [for tool]; 6s processwrapper-sandbox ... (8 actions running)
Analyzing: 2440 targets (416 packages loaded, 24570 targets configured)
[5,474 / 6,336] 2 / 43 tests, 1 failed; Compiling src/google/protobuf/compiler/cpp/field_generators/string_field.cc [for tool]; 5s processwrapper-sandbox ... (8 actions, 7 running)
Analyzing: 2440 targets (416 packages loaded, 24570 targets configured)
[5,476 / 6,336] 2 / 43 tests, 1 failed; Compiling src/google/protobuf/compiler/python/generator.cc [for tool]; 7s processwrapper-sandbox ... (8 actions, 7 running)
Analyzing: 2440 targets (416 packages loaded, 24570 targets configured)
[5,482 / 6,340] 2 / 43 tests, 1 failed; Compiling src/google/protobuf/compiler/rust/message.cc [for tool]; 5s processwrapper-sandbox ... (8 actions, 7 running)
Analyzing: 2440 targets (416 packages loaded, 24570 targets configured)
[5,492 / 6,358] 2 / 43 tests, 1 failed; Compiling src/google/protobuf/compiler/objectivec/map_field.cc [for tool]; 4s processwrapper-sandbox ... (8 actions, 7 running)
Analyzing: 2440 targets (416 packages loaded, 24570 targets configured)
[5,501 / 6,360] 2 / 43 tests, 1 failed; Compiling src/google/protobuf/compiler/cpp/field_generators/primitive_field.cc [for tool]; 3s processwrapper-sandbox ... (8 actions, 7 running)
Analyzing: 2440 targets (416 packages loaded, 24570 targets configured)
[5,504 / 6,365] 2 / 43 tests, 1 failed; Compiling src/google/protobuf/compiler/cpp/field_generators/primitive_field.cc [for tool]; 4s processwrapper-sandbox ... (8 actions running)
Analyzing: 2440 targets (416 packages loaded, 24570 targets configured)
[5,512 / 6,367] 2 / 43 tests, 1 failed; Compiling absl/strings/cord.cc [for tool]; 3s processwrapper-sandbox ... (8 actions, 7 running)
Analyzing: 2440 targets (416 packages loaded, 24570 targets configured)
[5,521 / 6,371] 2 / 43 tests, 1 failed; Compiling src/google/protobuf/compiler/rust/naming.cc [for tool]; 2s processwrapper-sandbox ... (7 actions, 6 running)
INFO: From Compiling src/google/protobuf/compiler/rust/relative_path.cc [for tool]:
external/com_google_protobuf/src/google/protobuf/compiler/rust/relative_path.cc: In member function 'std::string google::protobuf::compiler::rust::RelativePath::Relative(const google::protobuf::compiler::rust::RelativePath&) const':
external/com_google_protobuf/src/google/protobuf/compiler/rust/relative_path.cc:65:21: warning: comparison of integer expressions of different signedness: 'int' and 'std::vector<std::basic_string_view<char> >::size_type' {aka 'long unsigned int'} [-Wsign-compare]
   65 |   for (int i = 0; i < current_segments.size(); ++i) {
      |                   ~~^~~~~~~~~~~~~~~~~~~~~~~~~
Analyzing: 2440 targets (416 packages loaded, 24570 targets configured)
[5,529 / 6,375] 2 / 43 tests, 1 failed; Compiling src/google/protobuf/compiler/rust/naming.cc [for tool]; 3s processwrapper-sandbox ... (8 actions, 7 running)
Analyzing: 2440 targets (416 packages loaded, 24570 targets configured)
[5,535 / 6,383] 2 / 43 tests, 1 failed; Compiling src/google/protobuf/compiler/cpp/field_generators/message_field.cc [for tool]; 4s processwrapper-sandbox ... (8 actions running)
Analyzing: 2440 targets (416 packages loaded, 24570 targets configured)
[5,540 / 6,385] 2 / 43 tests, 1 failed; Compiling src/google/protobuf/compiler/cpp/field_generators/message_field.cc [for tool]; 5s processwrapper-sandbox ... (8 actions, 7 running)
Analyzing: 2440 targets (416 packages loaded, 24570 targets configured)
[5,550 / 6,387] 2 / 43 tests, 1 failed; Compiling src/google/protobuf/compiler/cpp/helpers.cc [for tool]; 5s processwrapper-sandbox ... (8 actions, 7 running)
Analyzing: 2440 targets (416 packages loaded, 24570 targets configured)
[5,553 / 6,387] 2 / 43 tests, 1 failed; Compiling src/google/protobuf/compiler/cpp/helpers.cc [for tool]; 6s processwrapper-sandbox ... (8 actions running)
Analyzing: 2440 targets (416 packages loaded, 24570 targets configured)
[5,558 / 6,389] 2 / 43 tests, 1 failed; Compiling src/google/protobuf/compiler/cpp/helpers.cc [for tool]; 7s processwrapper-sandbox ... (8 actions, 7 running)
Analyzing: 2440 targets (416 packages loaded, 24570 targets configured)
[5,718 / 6,412] 2 / 43 tests, 1 failed; Compiling src/google/protobuf/compiler/cpp/field_generators/map_field.cc [for tool]; 4s processwrapper-sandbox ... (8 actions, 7 running)
Analyzing: 2440 targets (416 packages loaded, 24570 targets configured)
[5,725 / 6,433] 2 / 43 tests, 1 failed; Compiling src/google/protobuf/compiler/cpp/field_generators/map_field.cc [for tool]; 5s processwrapper-sandbox ... (9 actions, 8 running)
Analyzing: 2440 targets (416 packages loaded, 24570 targets configured)
[5,728 / 6,433] 2 / 43 tests, 1 failed; Compiling src/google/protobuf/wire_format.cc [for tool]; 3s processwrapper-sandbox ... (8 actions running)
Analyzing: 2440 targets (416 packages loaded, 24570 targets configured)
[5,736 / 6,437] 2 / 43 tests, 1 failed; Compiling src/google/protobuf/wire_format.cc [for tool]; 4s processwrapper-sandbox ... (8 actions, 7 running)
Analyzing: 2440 targets (416 packages loaded, 24570 targets configured)
[5,744 / 6,455] 2 / 43 tests, 1 failed; Compiling external/verilator/V3Const__gen.cpp; 5s processwrapper-sandbox ... (8 actions, 7 running)
Analyzing: 2440 targets (416 packages loaded, 24570 targets configured)
[5,752 / 6,457] 2 / 43 tests, 1 failed; Compiling src/google/protobuf/compiler/objectivec/file.cc [for tool]; 5s processwrapper-sandbox ... (8 actions, 7 running)
Analyzing: 2440 targets (416 packages loaded, 24570 targets configured)
[5,759 / 6,459] 2 / 43 tests, 1 failed; Compiling src/google/protobuf/compiler/objectivec/file.cc [for tool]; 6s processwrapper-sandbox ... (8 actions, 7 running)
Analyzing: 2440 targets (416 packages loaded, 24570 targets configured)
[5,767 / 6,461] 2 / 43 tests, 1 failed; Compiling src/google/protobuf/compiler/rust/accessors/singular_cord.cc [for tool]; 2s processwrapper-sandbox ... (8 actions, 7 running)
Analyzing: 2440 targets (416 packages loaded, 24570 targets configured)
[5,773 / 6,463] 2 / 43 tests, 1 failed; Compiling src/google/protobuf/compiler/rust/accessors/singular_cord.cc [for tool]; 3s processwrapper-sandbox ... (8 actions, 7 running)
Analyzing: 2440 targets (416 packages loaded, 24570 targets configured)
[5,781 / 6,465] 2 / 43 tests, 1 failed; Compiling src/google/protobuf/compiler/rust/accessors/singular_cord.cc [for tool]; 4s processwrapper-sandbox ... (8 actions, 7 running)
Analyzing: 2440 targets (416 packages loaded, 24570 targets configured)
[5,788 / 6,467] 2 / 43 tests, 1 failed; Compiling src/google/protobuf/compiler/objectivec/field.cc [for tool]; 4s processwrapper-sandbox ... (8 actions running)
Analyzing: 2440 targets (416 packages loaded, 24570 targets configured)
[5,793 / 6,473] 2 / 43 tests, 1 failed; Compiling src/google/protobuf/text_format.cc [for tool]; 4s processwrapper-sandbox ... (8 actions, 7 running)
Analyzing: 2440 targets (416 packages loaded, 24570 targets configured)
[5,798 / 6,473] 2 / 43 tests, 1 failed; Compiling src/google/protobuf/text_format.cc [for tool]; 6s processwrapper-sandbox ... (8 actions, 7 running)
Analyzing: 2440 targets (416 packages loaded, 24570 targets configured)
[5,804 / 6,475] 2 / 43 tests, 1 failed; Compiling src/google/protobuf/compiler/objectivec/extension.cc [for tool]; 2s processwrapper-sandbox ... (8 actions, 7 running)
Analyzing: 2440 targets (416 packages loaded, 24570 targets configured)
[5,814 / 6,477] 2 / 43 tests, 1 failed; Compiling src/google/protobuf/compiler/objectivec/extension.cc [for tool]; 3s processwrapper-sandbox ... (8 actions, 7 running)
Analyzing: 2440 targets (416 packages loaded, 24570 targets configured)
[5,823 / 6,483] 2 / 43 tests, 1 failed; Compiling src/google/protobuf/compiler/cpp/field.cc [for tool]; 3s processwrapper-sandbox ... (9 actions, 8 running)
Analyzing: 2440 targets (416 packages loaded, 24570 targets configured)
[5,829 / 6,485] 2 / 43 tests, 1 failed; Compiling src/google/protobuf/compiler/cpp/field.cc [for tool]; 5s processwrapper-sandbox ... (8 actions, 7 running)
Analyzing: 2440 targets (416 packages loaded, 24570 targets configured)
[5,835 / 6,485] 2 / 43 tests, 1 failed; Compiling src/google/protobuf/io/printer.cc [for tool]; 3s processwrapper-sandbox ... (8 actions, 7 running)
Analyzing: 2440 targets (416 packages loaded, 24570 targets configured)
[5,838 / 6,487] 2 / 43 tests, 1 failed; Compiling src/google/protobuf/io/printer.cc [for tool]; 4s processwrapper-sandbox ... (9 actions, 8 running)
Analyzing: 2440 targets (416 packages loaded, 24570 targets configured)
[5,846 / 6,491] 2 / 43 tests, 1 failed; Compiling src/V3SchedAcyclic.cpp; 3s processwrapper-sandbox ... (9 actions, 8 running)
Analyzing: 2440 targets (416 packages loaded, 24570 targets configured)
[5,848 / 6,491] 2 / 43 tests, 1 failed; Compiling src/google/protobuf/message.cc [for tool]; 4s processwrapper-sandbox ... (8 actions, 7 running)
Analyzing: 2440 targets (416 packages loaded, 24570 targets configured)
[5,855 / 6,498] 2 / 43 tests, 1 failed; Compiling src/google/protobuf/compiler/cpp/extension.cc [for tool]; 5s processwrapper-sandbox ... (8 actions, 7 running)
Analyzing: 2440 targets (416 packages loaded, 24570 targets configured)
[5,864 / 6,498] 2 / 43 tests, 1 failed; Compiling src/google/protobuf/generated_message_tctable_lite.cc [for tool]; 4s processwrapper-sandbox ... (8 actions, 7 running)
Analyzing: 2440 targets (416 packages loaded, 24570 targets configured)
[5,866 / 6,498] 2 / 43 tests, 1 failed; Compiling src/google/protobuf/generated_message_tctable_lite.cc [for tool]; 5s processwrapper-sandbox ... (8 actions, 7 running)
Analyzing: 2440 targets (416 packages loaded, 24570 targets configured)
[5,909 / 6,498] 2 / 43 tests, 1 failed; Compiling src/google/protobuf/generated_message_tctable_lite.cc [for tool]; 6s processwrapper-sandbox ... (9 actions, 8 running)
Analyzing: 2440 targets (416 packages loaded, 24570 targets configured)
[6,110 / 6,498] 2 / 43 tests, 1 failed; Compiling src/V3AstNodes.cpp; 4s processwrapper-sandbox ... (8 actions, 7 running)
Analyzing: 2440 targets (416 packages loaded, 24570 targets configured)
[6,112 / 6,498] 2 / 43 tests, 1 failed; Compiling src/V3AstNodes.cpp; 5s processwrapper-sandbox ... (8 actions, 7 running)
Analyzing: 2440 targets (416 packages loaded, 24570 targets configured)
[6,115 / 6,498] 2 / 43 tests, 1 failed; Compiling src/V3AstNodes.cpp; 6s processwrapper-sandbox ... (8 actions, 7 running)
Analyzing: 2440 targets (416 packages loaded, 24570 targets configured)
[6,132 / 6,498] 2 / 43 tests, 1 failed; Compiling src/V3AstNodes.cpp; 7s processwrapper-sandbox ... (8 actions, 7 running)
Analyzing: 2440 targets (416 packages loaded, 24570 targets configured)
[6,136 / 6,498] 2 / 43 tests, 1 failed; Compiling src/V3AstNodes.cpp; 8s processwrapper-sandbox ... (9 actions, 8 running)
Analyzing: 2440 targets (416 packages loaded, 24570 targets configured)
[6,141 / 6,498] 2 / 43 tests, 1 failed; Compiling src/V3Case.cpp; 2s processwrapper-sandbox ... (8 actions, 7 running)
Analyzing: 2440 targets (416 packages loaded, 24570 targets configured)
[6,146 / 6,498] 2 / 43 tests, 1 failed; Compiling src/V3Randomize.cpp; 2s processwrapper-sandbox ... (8 actions, 7 running)
Analyzing: 2440 targets (416 packages loaded, 24570 targets configured)
[6,147 / 6,498] 2 / 43 tests, 1 failed; Compiling src/V3Randomize.cpp; 3s processwrapper-sandbox ... (8 actions, 7 running)
Analyzing: 2440 targets (416 packages loaded, 24570 targets configured)
[6,151 / 6,498] 2 / 43 tests, 1 failed; Compiling src/google/protobuf/generated_message_reflection.cc [for tool]; 4s processwrapper-sandbox ... (9 actions, 8 running)
Analyzing: 2440 targets (416 packages loaded, 24570 targets configured)
[6,153 / 6,498] 2 / 43 tests, 1 failed; Compiling src/google/protobuf/generated_message_reflection.cc [for tool]; 6s processwrapper-sandbox ... (8 actions, 7 running)
Analyzing: 2440 targets (416 packages loaded, 24570 targets configured)
[6,158 / 6,498] 2 / 43 tests, 1 failed; Compiling src/V3Delayed.cpp; 3s processwrapper-sandbox ... (9 actions, 8 running)
Analyzing: 2440 targets (416 packages loaded, 24570 targets configured)
[6,160 / 6,498] 2 / 43 tests, 1 failed; Compiling src/google/protobuf/descriptor.cc [for tool]; 2s processwrapper-sandbox ... (9 actions, 8 running)
Analyzing: 2440 targets (416 packages loaded, 24570 targets configured)
[6,162 / 6,498] 2 / 43 tests, 1 failed; Compiling src/google/protobuf/descriptor.cc [for tool]; 3s processwrapper-sandbox ... (8 actions, 7 running)
Analyzing: 2440 targets (416 packages loaded, 24570 targets configured)
[6,165 / 6,498] 2 / 43 tests, 1 failed; Compiling src/google/protobuf/descriptor.cc [for tool]; 5s processwrapper-sandbox ... (9 actions, 8 running)
Analyzing: 2440 targets (416 packages loaded, 24570 targets configured)
[6,169 / 6,498] 2 / 43 tests, 1 failed; Compiling src/google/protobuf/descriptor.cc [for tool]; 7s processwrapper-sandbox ... (8 actions, 7 running)
Analyzing: 2440 targets (416 packages loaded, 24570 targets configured)
[6,172 / 6,498] 2 / 43 tests, 1 failed; Compiling src/google/protobuf/descriptor.cc [for tool]; 8s processwrapper-sandbox ... (8 actions, 7 running)
Analyzing: 2440 targets (416 packages loaded, 24570 targets configured)
[6,174 / 6,498] 2 / 43 tests, 1 failed; Compiling src/google/protobuf/descriptor.cc [for tool]; 9s processwrapper-sandbox ... (9 actions, 8 running)
Analyzing: 2440 targets (416 packages loaded, 24570 targets configured)
[6,176 / 6,498] 2 / 43 tests, 1 failed; Compiling src/google/protobuf/descriptor.cc [for tool]; 10s processwrapper-sandbox ... (9 actions, 8 running)
Analyzing: 2440 targets (416 packages loaded, 24570 targets configured)
[6,178 / 6,498] 2 / 43 tests, 1 failed; Compiling src/google/protobuf/descriptor.cc [for tool]; 11s processwrapper-sandbox ... (9 actions, 8 running)
Analyzing: 2440 targets (416 packages loaded, 24570 targets configured)
[6,181 / 6,498] 2 / 43 tests, 1 failed; Compiling src/google/protobuf/descriptor.cc [for tool]; 12s processwrapper-sandbox ... (8 actions, 7 running)
Analyzing: 2440 targets (416 packages loaded, 24570 targets configured)
[6,184 / 6,498] 2 / 43 tests, 1 failed; Compiling src/google/protobuf/descriptor.cc [for tool]; 13s processwrapper-sandbox ... (8 actions, 7 running)
Analyzing: 2440 targets (416 packages loaded, 24570 targets configured)
[6,185 / 6,498] 2 / 43 tests, 1 failed; Compiling src/google/protobuf/descriptor.cc [for tool]; 14s processwrapper-sandbox ... (8 actions, 7 running)
Analyzing: 2440 targets (416 packages loaded, 24570 targets configured)
[6,188 / 6,498] 2 / 43 tests, 1 failed; Compiling src/google/protobuf/descriptor.cc [for tool]; 15s processwrapper-sandbox ... (8 actions, 7 running)
Analyzing: 2440 targets (416 packages loaded, 24570 targets configured)
[6,189 / 6,498] 2 / 43 tests, 1 failed; Compiling src/google/protobuf/descriptor.cc [for tool]; 17s processwrapper-sandbox ... (9 actions, 8 running)
Analyzing: 2440 targets (416 packages loaded, 24570 targets configured)
[6,193 / 6,498] 2 / 43 tests, 1 failed; Compiling src/google/protobuf/descriptor.cc [for tool]; 18s processwrapper-sandbox ... (8 actions, 7 running)
Analyzing: 2440 targets (416 packages loaded, 24570 targets configured)
[6,195 / 6,498] 2 / 43 tests, 1 failed; Compiling src/google/protobuf/descriptor.cc [for tool]; 20s processwrapper-sandbox ... (9 actions, 8 running)
Analyzing: 2440 targets (416 packages loaded, 24570 targets configured)
[6,197 / 6,498] 2 / 43 tests, 1 failed; Compiling src/google/protobuf/descriptor.cc [for tool]; 21s processwrapper-sandbox ... (8 actions, 7 running)
Analyzing: 2440 targets (416 packages loaded, 24570 targets configured)
[6,203 / 6,498] 2 / 43 tests, 1 failed; Compiling src/V3Fork.cpp; 2s processwrapper-sandbox ... (8 actions, 7 running)
Analyzing: 2440 targets (416 packages loaded, 24570 targets configured)
[6,205 / 6,498] 2 / 43 tests, 1 failed; Compiling src/V3Fork.cpp; 3s processwrapper-sandbox ... (8 actions, 7 running)
Analyzing: 2440 targets (416 packages loaded, 24570 targets configured)
[6,208 / 6,498] 2 / 43 tests, 1 failed; Compiling src/V3Gate.cpp; 3s processwrapper-sandbox ... (9 actions, 7 running)
Analyzing: 2440 targets (416 packages loaded, 24570 targets configured)
[6,213 / 6,498] 2 / 43 tests, 1 failed; Compiling src/V3ParseGrammar.cpp; 4s processwrapper-sandbox ... (9 actions, 8 running)
Analyzing: 2440 targets (416 packages loaded, 24570 targets configured)
[6,214 / 6,498] 2 / 43 tests, 1 failed; Compiling src/V3ParseGrammar.cpp; 6s processwrapper-sandbox ... (9 actions, 7 running)
Analyzing: 2440 targets (416 packages loaded, 24570 targets configured)
[6,220 / 6,498] 2 / 43 tests, 1 failed; Compiling src/google/protobuf/descriptor.pb.cc [for tool]; 7s processwrapper-sandbox ... (8 actions, 7 running)
Analyzing: 2440 targets (416 packages loaded, 24570 targets configured)
[6,222 / 6,498] 2 / 43 tests, 1 failed; Compiling src/V3Life.cpp; 2s processwrapper-sandbox ... (8 actions running)
Analyzing: 2440 targets (416 packages loaded, 24570 targets configured)
[6,225 / 6,498] 2 / 43 tests, 1 failed; Compiling src/V3LinkCells.cpp; 3s processwrapper-sandbox ... (8 actions, 7 running)
ERROR: /app/sw/coralnpu_sim/BUILD:21:17: Compiling sw/coralnpu_sim/coralnpu_v2_sim_pybind.cc failed: missing input file '//sw/coralnpu_sim:coralnpu_v2_sim_pybind.cc'
ERROR: /app/sw/coralnpu_sim/BUILD:21:17: Compiling sw/coralnpu_sim/coralnpu_v2_sim_pybind.cc failed: 1 input file(s) do not exist
Analyzing: 2440 targets (416 packages loaded, 24570 targets configured)
[6,329 / 6,497] 5 / 43 tests, 4 failed; Compiling src/V3LinkDot.cpp; 4s processwrapper-sandbox ... (8 actions running)
Analyzing: 2440 targets (416 packages loaded, 24570 targets configured)
[6,331 / 6,497] 5 / 43 tests, 4 failed; Compiling src/V3LinkDot.cpp; 5s processwrapper-sandbox ... (8 actions, 7 running)
Analyzing: 2440 targets (416 packages loaded, 24570 targets configured)
[6,342 / 6,497] 5 / 43 tests, 4 failed; Compiling src/V3Param.cpp; 5s processwrapper-sandbox ... (8 actions, 7 running)
Analyzing: 2440 targets (416 packages loaded, 24570 targets configured)
[6,346 / 6,497] 5 / 43 tests, 4 failed; Compiling src/V3Number.cpp; 2s processwrapper-sandbox ... (8 actions, 7 running)
Analyzing: 2440 targets (416 packages loaded, 24570 targets configured)
[6,350 / 6,497] 5 / 43 tests, 4 failed; Compiling src/V3Number.cpp; 3s processwrapper-sandbox ... (8 actions, 7 running)
Analyzing: 2440 targets (416 packages loaded, 24570 targets configured)
[6,360 / 6,497] 5 / 43 tests, 4 failed; Compiling src/V3Options.cpp; 4s processwrapper-sandbox ... (7 actions, 5 running)
INFO: From Building external/io_bazel_rules_scala/src/java/io/bazel/rulesscala/scalac/reporter/libreporter.jar (2 source files) [for tool]:
warning: [path] bad path element "/home/builder/.cache/bazel/_bazel_builder/8c069df52082beee3c95ca17836fb8e2/execroot/coralnpu_hw/bazel-out/k8-opt-exec-ST-a828a81199fe/bin/external/io_bazel_rules_scala_scala_compiler_2_13_12/io_bazel_rules_scala_scala_compiler_2_13_12.stamp/scala-reflect.jar": no such file or directory
warning: [path] bad path element "/home/builder/.cache/bazel/_bazel_builder/8c069df52082beee3c95ca17836fb8e2/execroot/coralnpu_hw/bazel-out/k8-opt-exec-ST-a828a81199fe/bin/external/io_bazel_rules_scala_scala_compiler_2_13_12/io_bazel_rules_scala_scala_compiler_2_13_12.stamp/scala-library.jar": no such file or directory
warning: [options] source value 8 is obsolete and will be removed in a future release
warning: [options] target value 8 is obsolete and will be removed in a future release
warning: [options] To suppress warnings about obsolete options, use -Xlint:-options.
INFO: From Building external/io_bazel_rules_scala/src/java/io/bazel/rulesscala/scalac/reporter/libscala_deps_proto-speed.jar (1 source jar) [for tool]:
warning: [options] source value 8 is obsolete and will be removed in a future release
warning: [options] target value 8 is obsolete and will be removed in a future release
warning: [options] To suppress warnings about obsolete options, use -Xlint:-options.
INFO: From Building external/bazel_tools/src/main/protobuf/libworker_protocol_proto-speed.jar (1 source jar) [for tool]:
warning: [options] source value 8 is obsolete and will be removed in a future release
warning: [options] target value 8 is obsolete and will be removed in a future release
warning: [options] To suppress warnings about obsolete options, use -Xlint:-options.
Analyzing: 2440 targets (416 packages loaded, 24570 targets configured)
[6,367 / 6,497] 5 / 43 tests, 4 failed; Compiling src/V3Options.cpp; 5s processwrapper-sandbox ... (8 actions running)
INFO: From Building external/io_bazel_rules_scala/src/java/io/bazel/rulesscala/worker/libworker.jar (1 source file) [for tool]:
warning: [options] source value 8 is obsolete and will be removed in a future release
warning: [options] target value 8 is obsolete and will be removed in a future release
warning: [options] To suppress warnings about obsolete options, use -Xlint:-options.
INFO: From Building external/io_bazel_rules_scala/src/java/io/bazel/rulesscala/scalac/scalac.jar (4 source files) [for tool]:
warning: [path] bad path element "/home/builder/.cache/bazel/_bazel_builder/8c069df52082beee3c95ca17836fb8e2/execroot/coralnpu_hw/bazel-out/k8-opt-exec-ST-a828a81199fe/bin/external/io_bazel_rules_scala_scala_compiler_2_13_12/io_bazel_rules_scala_scala_compiler_2_13_12.stamp/scala-reflect.jar": no such file or directory
warning: [path] bad path element "/home/builder/.cache/bazel/_bazel_builder/8c069df52082beee3c95ca17836fb8e2/execroot/coralnpu_hw/bazel-out/k8-opt-exec-ST-a828a81199fe/bin/external/io_bazel_rules_scala_scala_compiler_2_13_12/io_bazel_rules_scala_scala_compiler_2_13_12.stamp/scala-library.jar": no such file or directory
warning: [options] source value 8 is obsolete and will be removed in a future release
warning: [options] target value 8 is obsolete and will be removed in a future release
warning: [options] To suppress warnings about obsolete options, use -Xlint:-options.
INFO: From Building external/io_bazel_rules_scala/src/protobuf/io/bazel/rules_scala/libdiagnostics_proto-speed.jar (1 source jar) [for tool]:
warning: [options] source value 8 is obsolete and will be removed in a future release
warning: [options] target value 8 is obsolete and will be removed in a future release
warning: [options] To suppress warnings about obsolete options, use -Xlint:-options.
Analyzing: 2440 targets (416 packages loaded, 24570 targets configured)
[6,375 / 6,497] 5 / 43 tests, 4 failed; Building external/com_google_protobuf/java/core/libcore.jar (43 source files, 1 source jar) [for tool]; 4s multiplex-worker ... (2 actions, 1 running)
Analyzing: 2440 targets (416 packages loaded, 24570 targets configured)
[6,376 / 6,497] 5 / 43 tests, 4 failed; Building external/com_google_protobuf/java/core/libcore.jar (43 source files, 1 source jar) [for tool]; 5s multiplex-worker ... (2 actions running)
INFO: From Building external/com_google_protobuf/java/core/libcore.jar (43 source files, 1 source jar) [for tool]:
warning: [options] source value 8 is obsolete and will be removed in a future release
warning: [options] target value 8 is obsolete and will be removed in a future release
warning: [options] To suppress warnings about obsolete options, use -Xlint:-options.
Analyzing: 2440 targets (416 packages loaded, 24570 targets configured)
[6,378 / 6,497] 5 / 43 tests, 4 failed; [Prepa] scala @//hdl/chisel/src/coralnpu:CoralNPUScmInfo
ERROR: /app/hdl/chisel/src/coralnpu/BUILD:374:15: scala @//hdl/chisel/src/coralnpu:coralnpu_params [for tool] failed: missing input file '//hdl/chisel/src/coralnpu:MemorySize.scala'
ERROR: /app/hdl/chisel/src/coralnpu/BUILD:374:15: scala @//hdl/chisel/src/coralnpu:coralnpu_params [for tool] failed: missing input file '//hdl/chisel/src/coralnpu:Parameters.scala'
ERROR: /app/hdl/chisel/src/coralnpu/BUILD:245:15: scala @//hdl/chisel/src/coralnpu:clock_gate failed: missing input file '//hdl/chisel/src/coralnpu:ClockGate.scala'
ERROR: /app/hdl/chisel/src/coralnpu/BUILD:245:15: scala @//hdl/chisel/src/coralnpu:clock_gate failed: missing input file '//hdl/verilog:ClockGate.sv'
ERROR: /app/hdl/chisel/src/coralnpu/BUILD:374:15: scala @//hdl/chisel/src/coralnpu:coralnpu_params [for tool] failed: 2 input file(s) do not exist
ERROR: /app/hdl/chisel/src/coralnpu/BUILD:245:15: scala @//hdl/chisel/src/coralnpu:clock_gate failed: 2 input file(s) do not exist
ERROR: /app/hdl/chisel/src/coralnpu/BUILD:267:15: scala @//hdl/chisel/src/coralnpu:RstSync failed: missing input file '//hdl/chisel/src/coralnpu:RstSync.scala'
ERROR: /app/hdl/chisel/src/coralnpu/BUILD:267:15: scala @//hdl/chisel/src/coralnpu:RstSync failed: missing input file '//hdl/verilog:RstSync.sv'
ERROR: /app/hdl/chisel/src/coralnpu/BUILD:267:15: scala @//hdl/chisel/src/coralnpu:RstSync failed: 2 input file(s) do not exist
ERROR: /app/hdl/chisel/src/common/BUILD:61:15: scala @//hdl/chisel/src/common:aligner failed: missing input file '//hdl/verilog/rvv/design:Aligner.sv'
ERROR: /app/hdl/chisel/src/common/BUILD:61:15: scala @//hdl/chisel/src/common:aligner failed: 1 input file(s) do not exist
ERROR: /app/hdl/chisel/src/coralnpu/BUILD:374:15: scala @//hdl/chisel/src/coralnpu:coralnpu_params failed: missing input file '//hdl/chisel/src/coralnpu:MemorySize.scala'
ERROR: /app/hdl/chisel/src/coralnpu/BUILD:374:15: scala @//hdl/chisel/src/coralnpu:coralnpu_params failed: missing input file '//hdl/chisel/src/coralnpu:Parameters.scala'
ERROR: /app/hdl/chisel/src/coralnpu/BUILD:374:15: scala @//hdl/chisel/src/coralnpu:coralnpu_params failed: 2 input file(s) do not exist
Analyzing: 2440 targets (416 packages loaded, 24570 targets configured)
[6,436 / 6,504] 8 / 43 tests, 7 failed; scala @//hdl/chisel/src/common:library [for tool]; 1s worker ... (8 actions running)
Analyzing: 2440 targets (416 packages loaded, 24570 targets configured)
[6,447 / 6,504] 13 / 43 tests, 12 failed; Testing //hdl/chisel/src/common:scatter_gather_test; 3s processwrapper-sandbox ... (8 actions running)
Analyzing: 2440 targets (416 packages loaded, 24570 targets configured)
[6,450 / 6,506] 13 / 43 tests, 12 failed; Testing //hdl/chisel/src/common:scatter_gather_test; 4s processwrapper-sandbox ... (8 actions running)
Analyzing: 2440 targets (416 packages loaded, 24570 targets configured)
[6,453 / 6,508] 13 / 43 tests, 12 failed; Testing //hdl/chisel/src/common:scatter_gather_test; 6s processwrapper-sandbox ... (8 actions running)
Analyzing: 2440 targets (416 packages loaded, 24570 targets configured)
[6,454 / 6,508] 13 / 43 tests, 12 failed; Testing //hdl/chisel/src/common:scatter_gather_test; 9s processwrapper-sandbox ... (8 actions, 7 running)
Analyzing: 2440 targets (416 packages loaded, 24570 targets configured)
[6,454 / 6,508] 13 / 43 tests, 12 failed; Testing //hdl/chisel/src/common:scatter_gather_test; 11s processwrapper-sandbox ... (8 actions running)
Analyzing: 2440 targets (416 packages loaded, 24570 targets configured)
[6,454 / 6,508] 13 / 43 tests, 12 failed; Testing //hdl/chisel/src/common:scatter_gather_test; 20s processwrapper-sandbox ... (8 actions running)
Analyzing: 2440 targets (416 packages loaded, 24570 targets configured)
[6,454 / 6,508] 14 / 43 tests, 12 failed; Testing //hdl/chisel/src/common:scatter_gather_test; 44s processwrapper-sandbox ... (8 actions running)
Analyzing: 2440 targets (416 packages loaded, 24570 targets configured)
[6,498 / 6,508] 33 / 43 tests, 31 failed; Testing //hdl/chisel/src/common:library_test; 45s processwrapper-sandbox ... (8 actions running)
Analyzing: 2440 targets (416 packages loaded, 24570 targets configured)
[6,498 / 6,508] 33 / 43 tests, 31 failed; Testing //hdl/chisel/src/common:library_test; 55s processwrapper-sandbox ... (8 actions running)
FAIL: //hdl/chisel/src/common:instruction_buffer_test (see /home/builder/.cache/bazel/_bazel_builder/8c069df52082beee3c95ca17836fb8e2/execroot/coralnpu_hw/bazel-out/k8-fastbuild/testlogs/hdl/chisel/src/common/instruction_buffer_test/test.log)
Analyzing: 2440 targets (416 packages loaded, 24570 targets configured)
[6,498 / 6,508] 34 / 43 tests, 32 failed; Testing //hdl/chisel/src/common:library_test; 71s processwrapper-sandbox ... (8 actions running)
INFO: From Testing //hdl/chisel/src/common:instruction_buffer_test:
==================== Test output for //hdl/chisel/src/common:instruction_buffer_test:
Discovery starting.
Discovery completed in 490 milliseconds.
Run starting. Expected test count is: 5
InstructionBufferSpec:
- InstructionBuffer Fill *** FAILED *** (21 seconds, 107 milliseconds)
  chisel3.simulator.PeekPokeAPI$FailedExpectationException: Failed Expectation
------------------------------------------------------------------------------
Observed value: '0'
Expected value: '4'
Expectation failed: observed value 0 != 4 @[app/hdl/chisel/src/common/InstructionBufferTest.scala:44:34]
------------------------------------------------------------------------------
- InstructionBuffer Remove (12 seconds, 896 milliseconds)
- InstructionBuffer Add and Remove (10 seconds, 820 milliseconds)
- InstructionBuffer Add and Remove Max Capacity (11 seconds, 469 milliseconds)
- InstructionBuffer Flush (11 seconds, 317 milliseconds)
Run completed in 1 minute, 8 seconds.
Total number of tests run: 5
Suites: completed 2, aborted 0
Tests: succeeded 4, failed 1, canceled 0, ignored 0, pending 0
*** 1 TEST FAILED ***
================================================================================
Analyzing: 2440 targets (416 packages loaded, 24570 targets configured)
[6,499 / 6,508] 34 / 43 tests, 32 failed; Testing //hdl/chisel/src/common:library_test; 72s processwrapper-sandbox ... (8 actions running)
FAIL: //hdl/chisel/src/common:sv_generation_utils_test (see /home/builder/.cache/bazel/_bazel_builder/8c069df52082beee3c95ca17836fb8e2/execroot/coralnpu_hw/bazel-out/k8-fastbuild/testlogs/hdl/chisel/src/common/sv_generation_utils_test/test.log)
Analyzing: 2440 targets (416 packages loaded, 24570 targets configured)
[6,499 / 6,508] 35 / 43 tests, 33 failed; Testing //hdl/chisel/src/common:library_test; 75s processwrapper-sandbox ... (8 actions running)
INFO: From Testing //hdl/chisel/src/common:sv_generation_utils_test:
==================== Test output for //hdl/chisel/src/common:sv_generation_utils_test:
Discovery starting.
Discovery completed in 700 milliseconds.
Run starting. Expected test count is: 5
GenerateInterfaceSpec:
- BasicModule *** FAILED *** (18 seconds, 216 milliseconds)
  "  [output  logic [31:0] io_out,
    input  logic [31:0] io_in]" did not equal "  [input  logic [31:0] io_in,
    output logic [31:0] io_out]" (SvGenerationUtilsTest.scala:93)
  Analysis:
  "  [output  logic [31:0] io_out,
  input  logic [31:0] io_in]" -> "  [input  logic [31:0] io_in,
  output logic [31:0] io_out]"
  org.scalatest.exceptions.TestFailedException:
  at org.scalatest.Assertions.newAssertionFailedException(Assertions.scala:472)
  at org.scalatest.Assertions.newAssertionFailedException$(Assertions.scala:471)
  at org.scalatest.Assertions$.newAssertionFailedException(Assertions.scala:1231)
  at org.scalatest.Assertions$AssertionsHelper.macroAssert(Assertions.scala:1295)
  at common.GenerateInterfaceSpec.$anonfun$new$8(SvGenerationUtilsTest.scala:93)
  at common.GenerateInterfaceSpec.$anonfun$new$8$adapted(SvGenerationUtilsTest.scala:91)
  at chisel3.simulator.SimulatorAPI.$anonfun$simulate$1(SimulatorAPI.scala:102)
  at chisel3.simulator.SimulatorAPI.$anonfun$simulate$1$adapted(SimulatorAPI.scala:100)
  at chisel3.simulator.SimulatorAPI.$anonfun$simulateRaw$1(SimulatorAPI.scala:56)
  at chisel3.simulator.SimulatorAPI.$anonfun$simulateRaw$1$adapted(SimulatorAPI.scala:55)
  at chisel3.simulator.Simulator.$anonfun$simulate$3(Simulator.scala:186)
  at chisel3.simulator.package$ChiselSimulation.$anonfun$runElaboratedModule$2(package.scala:122)
  at scala.util.DynamicVariable.withValue(DynamicVariable.scala:59)
  at chisel3.simulator.package$AnySimulatedModule$.withValue(package.scala:106)
  at chisel3.simulator.package$ChiselSimulation.$anonfun$runElaboratedModule$1(package.scala:122)
  at svsim.Simulation.$anonfun$run$4(Simulation.scala:59)
  at scala.util.Try$.apply(Try.scala:210)
  at svsim.Simulation.run(Simulation.scala:58)
  at chisel3.simulator.package$ChiselSimulation.runElaboratedModule(package.scala:119)
  at chisel3.simulator.Simulator.$anonfun$simulate$2(Simulator.scala:185)
  at scala.util.Try$.apply(Try.scala:210)
  at chisel3.simulator.SimulatorAPI.simulateRaw(SimulatorAPI.scala:55)
  at chisel3.simulator.SimulatorAPI.simulateRaw$(SimulatorAPI.scala:33)
  at common.GenerateInterfaceSpec.simulateRaw(SvGenerationUtilsTest.scala:85)
  at chisel3.simulator.SimulatorAPI.simulate(SimulatorAPI.scala:100)
  at chisel3.simulator.SimulatorAPI.simulate$(SimulatorAPI.scala:80)
  at common.GenerateInterfaceSpec.simulate(SvGenerationUtilsTest.scala:85)
  at common.GenerateInterfaceSpec.$anonfun$new$6(SvGenerationUtilsTest.scala:91)
  at scala.runtime.java8.JFunction0$mcV$sp.apply(JFunction0$mcV$sp.scala:18)
  at org.scalatest.OutcomeOf.outcomeOf(OutcomeOf.scala:85)
  at org.scalatest.OutcomeOf.outcomeOf$(OutcomeOf.scala:83)
  at org.scalatest.OutcomeOf$.outcomeOf(OutcomeOf.scala:104)
  at org.scalatest.Transformer.apply(Transformer.scala:22)
  at org.scalatest.Transformer.apply(Transformer.scala:20)
  at org.scalatest.freespec.AnyFreeSpecLike$$anon$1.apply(AnyFreeSpecLike.scala:430)
  at org.scalatest.TestSuite.withFixture(TestSuite.scala:196)
  at org.scalatest.TestSuite.withFixture$(TestSuite.scala:195)
  at common.GenerateInterfaceSpec.chisel3$testing$scalatest$HasConfigMap$$super$withFixture(SvGenerationUtilsTest.scala:85)
  at chisel3.testing.scalatest.HasConfigMap.$anonfun$withFixture$1(HasConfigMap.scala:37)
  at scala.util.DynamicVariable.withValue(DynamicVariable.scala:59)
  at chisel3.testing.scalatest.HasConfigMap.withFixture(HasConfigMap.scala:37)
  at chisel3.testing.scalatest.HasConfigMap.withFixture$(HasConfigMap.scala:35)
  at common.GenerateInterfaceSpec.chisel3$testing$scalatest$TestingDirectory$$super$withFixture(SvGenerationUtilsTest.scala:85)
  at chisel3.testing.scalatest.TestingDirectory.$anonfun$withFixture$1(WithTestingDirectory.scala:46)
  at scala.util.DynamicVariable.withValue(DynamicVariable.scala:59)
  at chisel3.testing.scalatest.TestingDirectory.withFixture(WithTestingDirectory.scala:46)
  at chisel3.testing.scalatest.TestingDirectory.withFixture$(WithTestingDirectory.scala:44)
  at common.GenerateInterfaceSpec.withFixture(SvGenerationUtilsTest.scala:85)
  at org.scalatest.freespec.AnyFreeSpecLike.invokeWithFixture$1(AnyFreeSpecLike.scala:428)
  at org.scalatest.freespec.AnyFreeSpecLike.$anonfun$runTest$1(AnyFreeSpecLike.scala:440)
  at org.scalatest.SuperEngine.runTestImpl(Engine.scala:306)
  at org.scalatest.freespec.AnyFreeSpecLike.runTest(AnyFreeSpecLike.scala:440)
  at org.scalatest.freespec.AnyFreeSpecLike.runTest$(AnyFreeSpecLike.scala:422)
  at org.scalatest.freespec.AnyFreeSpec.runTest(AnyFreeSpec.scala:1739)
  at org.scalatest.freespec.AnyFreeSpecLike.$anonfun$runTests$1(AnyFreeSpecLike.scala:499)
  at org.scalatest.SuperEngine.$anonfun$runTestsInBranch$1(Engine.scala:413)
  at scala.collection.immutable.List.foreach(List.scala:333)
  at org.scalatest.SuperEngine.traverseSubNodes$1(Engine.scala:401)
  at org.scalatest.SuperEngine.runTestsInBranch(Engine.scala:396)
  at org.scalatest.SuperEngine.runTestsImpl(Engine.scala:475)
  at org.scalatest.freespec.AnyFreeSpecLike.runTests(AnyFreeSpecLike.scala:499)
  at org.scalatest.freespec.AnyFreeSpecLike.runTests$(AnyFreeSpecLike.scala:498)
  at org.scalatest.freespec.AnyFreeSpec.runTests(AnyFreeSpec.scala:1739)
  at org.scalatest.Suite.run(Suite.scala:1112)
  at org.scalatest.Suite.run$(Suite.scala:1094)
  at org.scalatest.freespec.AnyFreeSpec.org$scalatest$freespec$AnyFreeSpecLike$$super$run(AnyFreeSpec.scala:1739)
  at org.scalatest.freespec.AnyFreeSpecLike.$anonfun$run$1(AnyFreeSpecLike.scala:543)
  at org.scalatest.SuperEngine.runImpl(Engine.scala:535)
  at org.scalatest.freespec.AnyFreeSpecLike.run(AnyFreeSpecLike.scala:543)
  at org.scalatest.freespec.AnyFreeSpecLike.run$(AnyFreeSpecLike.scala:542)
  at org.scalatest.freespec.AnyFreeSpec.run(AnyFreeSpec.scala:1739)
  at org.scalatest.Suite.callExecuteOnSuite$1(Suite.scala:1175)
  at org.scalatest.Suite.$anonfun$runNestedSuites$1(Suite.scala:1222)
  at scala.collection.ArrayOps$.foreach$extension(ArrayOps.scala:1323)
  at org.scalatest.Suite.runNestedSuites(Suite.scala:1220)
  at org.scalatest.Suite.runNestedSuites$(Suite.scala:1154)
  at org.scalatest.tools.DiscoverySuite.runNestedSuites(DiscoverySuite.scala:30)
  at org.scalatest.Suite.run(Suite.scala:1109)
  at org.scalatest.Suite.run$(Suite.scala:1094)
  at org.scalatest.tools.DiscoverySuite.run(DiscoverySuite.scala:30)
  at org.scalatest.tools.SuiteRunner.run(SuiteRunner.scala:45)
  at org.scalatest.tools.Runner$.$anonfun$doRunRunRunDaDoRunRun$13(Runner.scala:1322)
  at org.scalatest.tools.Runner$.$anonfun$doRunRunRunDaDoRunRun$13$adapted(Runner.scala:1316)
  at scala.collection.immutable.List.foreach(List.scala:333)
  at org.scalatest.tools.Runner$.doRunRunRunDaDoRunRun(Runner.scala:1316)
  at org.scalatest.tools.Runner$.$anonfun$runOptionallyWithPassFailReporter$24(Runner.scala:993)
  at org.scalatest.tools.Runner$.$anonfun$runOptionallyWithPassFailReporter$24$adapted(Runner.scala:971)
  at org.scalatest.tools.Runner$.withClassLoaderAndDispatchReporter(Runner.scala:1482)
  at org.scalatest.tools.Runner$.runOptionallyWithPassFailReporter(Runner.scala:971)
  at org.scalatest.tools.Runner$.main(Runner.scala:775)
  at org.scalatest.tools.Runner.main(Runner.scala)
  at io.bazel.rulesscala.scala_test.Runner.main(Runner.java:33)
- ValidModule *** FAILED *** (11 seconds, 193 milliseconds)
  "  [output  logic [31:0] io_out_bits,
    output  logic io_out_valid,
    input  logic [31:0] io_in_bits,
    input  logic io_in_valid]" did not equal "  [input  logic io_in_valid,
    input  logic [31:0] io_in_bits,
    output logic io_out_valid,
    output logic [31:0] io_out_bits]" (SvGenerationUtilsTest.scala:106)
  Analysis:
  "  [output  logic [31:0] io_out_bits,
  output  logic io_out_valid,
  input  logic [31:0] io_in_bits,
  input  logic io_in_valid]" -> "  [input  logic io_in_valid,
  input  logic [31:0] io_in_bits,
  output logic io_out_valid,
  output logic [31:0] io_out_bits]"
  org.scalatest.exceptions.TestFailedException:
  at org.scalatest.Assertions.newAssertionFailedException(Assertions.scala:472)
  at org.scalatest.Assertions.newAssertionFailedException$(Assertions.scala:471)
  at org.scalatest.Assertions$.newAssertionFailedException(Assertions.scala:1231)
  at org.scalatest.Assertions$AssertionsHelper.macroAssert(Assertions.scala:1295)
  at common.GenerateInterfaceSpec.$anonfun$new$11(SvGenerationUtilsTest.scala:106)
  at common.GenerateInterfaceSpec.$anonfun$new$11$adapted(SvGenerationUtilsTest.scala:104)
  at chisel3.simulator.SimulatorAPI.$anonfun$simulate$1(SimulatorAPI.scala:102)
  at chisel3.simulator.SimulatorAPI.$anonfun$simulate$1$adapted(SimulatorAPI.scala:100)
  at chisel3.simulator.SimulatorAPI.$anonfun$simulateRaw$1(SimulatorAPI.scala:56)
  at chisel3.simulator.SimulatorAPI.$anonfun$simulateRaw$1$adapted(SimulatorAPI.scala:55)
  at chisel3.simulator.Simulator.$anonfun$simulate$3(Simulator.scala:186)
  at chisel3.simulator.package$ChiselSimulation.$anonfun$runElaboratedModule$2(package.scala:122)
  at scala.util.DynamicVariable.withValue(DynamicVariable.scala:59)
  at chisel3.simulator.package$AnySimulatedModule$.withValue(package.scala:106)
  at chisel3.simulator.package$ChiselSimulation.$anonfun$runElaboratedModule$1(package.scala:122)
  at svsim.Simulation.$anonfun$run$4(Simulation.scala:59)
  at scala.util.Try$.apply(Try.scala:210)
  at svsim.Simulation.run(Simulation.scala:58)
  at chisel3.simulator.package$ChiselSimulation.runElaboratedModule(package.scala:119)
  at chisel3.simulator.Simulator.$anonfun$simulate$2(Simulator.scala:185)
  at scala.util.Try$.apply(Try.scala:210)
  at chisel3.simulator.SimulatorAPI.simulateRaw(SimulatorAPI.scala:55)
  at chisel3.simulator.SimulatorAPI.simulateRaw$(SimulatorAPI.scala:33)
  at common.GenerateInterfaceSpec.simulateRaw(SvGenerationUtilsTest.scala:85)
  at chisel3.simulator.SimulatorAPI.simulate(SimulatorAPI.scala:100)
  at chisel3.simulator.SimulatorAPI.simulate$(SimulatorAPI.scala:80)
  at common.GenerateInterfaceSpec.simulate(SvGenerationUtilsTest.scala:85)
  at common.GenerateInterfaceSpec.$anonfun$new$9(SvGenerationUtilsTest.scala:104)
  at scala.runtime.java8.JFunction0$mcV$sp.apply(JFunction0$mcV$sp.scala:18)
  at org.scalatest.OutcomeOf.outcomeOf(OutcomeOf.scala:85)
  at org.scalatest.OutcomeOf.outcomeOf$(OutcomeOf.scala:83)
  at org.scalatest.OutcomeOf$.outcomeOf(OutcomeOf.scala:104)
  at org.scalatest.Transformer.apply(Transformer.scala:22)
  at org.scalatest.Transformer.apply(Transformer.scala:20)
  at org.scalatest.freespec.AnyFreeSpecLike$$anon$1.apply(AnyFreeSpecLike.scala:430)
  at org.scalatest.TestSuite.withFixture(TestSuite.scala:196)
  at org.scalatest.TestSuite.withFixture$(TestSuite.scala:195)
  at common.GenerateInterfaceSpec.chisel3$testing$scalatest$HasConfigMap$$super$withFixture(SvGenerationUtilsTest.scala:85)
  at chisel3.testing.scalatest.HasConfigMap.$anonfun$withFixture$1(HasConfigMap.scala:37)
  at scala.util.DynamicVariable.withValue(DynamicVariable.scala:59)
  at chisel3.testing.scalatest.HasConfigMap.withFixture(HasConfigMap.scala:37)
  at chisel3.testing.scalatest.HasConfigMap.withFixture$(HasConfigMap.scala:35)
  at common.GenerateInterfaceSpec.chisel3$testing$scalatest$TestingDirectory$$super$withFixture(SvGenerationUtilsTest.scala:85)
  at chisel3.testing.scalatest.TestingDirectory.$anonfun$withFixture$1(WithTestingDirectory.scala:46)
  at scala.util.DynamicVariable.withValue(DynamicVariable.scala:59)
  at chisel3.testing.scalatest.TestingDirectory.withFixture(WithTestingDirectory.scala:46)
  at chisel3.testing.scalatest.TestingDirectory.withFixture$(WithTestingDirectory.scala:44)
  at common.GenerateInterfaceSpec.withFixture(SvGenerationUtilsTest.scala:85)
  at org.scalatest.freespec.AnyFreeSpecLike.invokeWithFixture$1(AnyFreeSpecLike.scala:428)
  at org.scalatest.freespec.AnyFreeSpecLike.$anonfun$runTest$1(AnyFreeSpecLike.scala:440)
  at org.scalatest.SuperEngine.runTestImpl(Engine.scala:306)
  at org.scalatest.freespec.AnyFreeSpecLike.runTest(AnyFreeSpecLike.scala:440)
  at org.scalatest.freespec.AnyFreeSpecLike.runTest$(AnyFreeSpecLike.scala:422)
  at org.scalatest.freespec.AnyFreeSpec.runTest(AnyFreeSpec.scala:1739)
  at org.scalatest.freespec.AnyFreeSpecLike.$anonfun$runTests$1(AnyFreeSpecLike.scala:499)
  at org.scalatest.SuperEngine.$anonfun$runTestsInBranch$1(Engine.scala:413)
  at scala.collection.immutable.List.foreach(List.scala:333)
  at org.scalatest.SuperEngine.traverseSubNodes$1(Engine.scala:401)
  at org.scalatest.SuperEngine.runTestsInBranch(Engine.scala:396)
  at org.scalatest.SuperEngine.runTestsImpl(Engine.scala:475)
  at org.scalatest.freespec.AnyFreeSpecLike.runTests(AnyFreeSpecLike.scala:499)
  at org.scalatest.freespec.AnyFreeSpecLike.runTests$(AnyFreeSpecLike.scala:498)
  at org.scalatest.freespec.AnyFreeSpec.runTests(AnyFreeSpec.scala:1739)
  at org.scalatest.Suite.run(Suite.scala:1112)
  at org.scalatest.Suite.run$(Suite.scala:1094)
  at org.scalatest.freespec.AnyFreeSpec.org$scalatest$freespec$AnyFreeSpecLike$$super$run(AnyFreeSpec.scala:1739)
  at org.scalatest.freespec.AnyFreeSpecLike.$anonfun$run$1(AnyFreeSpecLike.scala:543)
  at org.scalatest.SuperEngine.runImpl(Engine.scala:535)
  at org.scalatest.freespec.AnyFreeSpecLike.run(AnyFreeSpecLike.scala:543)
  at org.scalatest.freespec.AnyFreeSpecLike.run$(AnyFreeSpecLike.scala:542)
  at org.scalatest.freespec.AnyFreeSpec.run(AnyFreeSpec.scala:1739)
  at org.scalatest.Suite.callExecuteOnSuite$1(Suite.scala:1175)
  at org.scalatest.Suite.$anonfun$runNestedSuites$1(Suite.scala:1222)
  at scala.collection.ArrayOps$.foreach$extension(ArrayOps.scala:1323)
  at org.scalatest.Suite.runNestedSuites(Suite.scala:1220)
  at org.scalatest.Suite.runNestedSuites$(Suite.scala:1154)
  at org.scalatest.tools.DiscoverySuite.runNestedSuites(DiscoverySuite.scala:30)
  at org.scalatest.Suite.run(Suite.scala:1109)
  at org.scalatest.Suite.run$(Suite.scala:1094)
  at org.scalatest.tools.DiscoverySuite.run(DiscoverySuite.scala:30)
  at org.scalatest.tools.SuiteRunner.run(SuiteRunner.scala:45)
  at org.scalatest.tools.Runner$.$anonfun$doRunRunRunDaDoRunRun$13(Runner.scala:1322)
  at org.scalatest.tools.Runner$.$anonfun$doRunRunRunDaDoRunRun$13$adapted(Runner.scala:1316)
  at scala.collection.immutable.List.foreach(List.scala:333)
  at org.scalatest.tools.Runner$.doRunRunRunDaDoRunRun(Runner.scala:1316)
  at org.scalatest.tools.Runner$.$anonfun$runOptionallyWithPassFailReporter$24(Runner.scala:993)
  at org.scalatest.tools.Runner$.$anonfun$runOptionallyWithPassFailReporter$24$adapted(Runner.scala:971)
  at org.scalatest.tools.Runner$.withClassLoaderAndDispatchReporter(Runner.scala:1482)
  at org.scalatest.tools.Runner$.runOptionallyWithPassFailReporter(Runner.scala:971)
  at org.scalatest.tools.Runner$.main(Runner.scala:775)
  at org.scalatest.tools.Runner.main(Runner.scala)
  at io.bazel.rulesscala.scala_test.Runner.main(Runner.java:33)
- ChiselEnumModule *** FAILED *** (10 seconds, 697 milliseconds)
  "  [output  logic [1:0] io_out,
    input  logic [1:0] io_in]" did not equal "  [input  logic [1:0] io_in,
    output logic [1:0] io_out]" (SvGenerationUtilsTest.scala:116)
  Analysis:
  "  [output  logic [1:0] io_out,
  input  logic [1:0] io_in]" -> "  [input  logic [1:0] io_in,
  output logic [1:0] io_out]"
  org.scalatest.exceptions.TestFailedException:
  at org.scalatest.Assertions.newAssertionFailedException(Assertions.scala:472)
  at org.scalatest.Assertions.newAssertionFailedException$(Assertions.scala:471)
  at org.scalatest.Assertions$.newAssertionFailedException(Assertions.scala:1231)
  at org.scalatest.Assertions$AssertionsHelper.macroAssert(Assertions.scala:1295)
  at common.GenerateInterfaceSpec.$anonfun$new$14(SvGenerationUtilsTest.scala:116)
  at common.GenerateInterfaceSpec.$anonfun$new$14$adapted(SvGenerationUtilsTest.scala:114)
  at chisel3.simulator.SimulatorAPI.$anonfun$simulate$1(SimulatorAPI.scala:102)
  at chisel3.simulator.SimulatorAPI.$anonfun$simulate$1$adapted(SimulatorAPI.scala:100)
  at chisel3.simulator.SimulatorAPI.$anonfun$simulateRaw$1(SimulatorAPI.scala:56)
  at chisel3.simulator.SimulatorAPI.$anonfun$simulateRaw$1$adapted(SimulatorAPI.scala:55)
  at chisel3.simulator.Simulator.$anonfun$simulate$3(Simulator.scala:186)
  at chisel3.simulator.package$ChiselSimulation.$anonfun$runElaboratedModule$2(package.scala:122)
  at scala.util.DynamicVariable.withValue(DynamicVariable.scala:59)
  at chisel3.simulator.package$AnySimulatedModule$.withValue(package.scala:106)
  at chisel3.simulator.package$ChiselSimulation.$anonfun$runElaboratedModule$1(package.scala:122)
  at svsim.Simulation.$anonfun$run$4(Simulation.scala:59)
  at scala.util.Try$.apply(Try.scala:210)
  at svsim.Simulation.run(Simulation.scala:58)
  at chisel3.simulator.package$ChiselSimulation.runElaboratedModule(package.scala:119)
  at chisel3.simulator.Simulator.$anonfun$simulate$2(Simulator.scala:185)
  at scala.util.Try$.apply(Try.scala:210)
  at chisel3.simulator.SimulatorAPI.simulateRaw(SimulatorAPI.scala:55)
  at chisel3.simulator.SimulatorAPI.simulateRaw$(SimulatorAPI.scala:33)
  at common.GenerateInterfaceSpec.simulateRaw(SvGenerationUtilsTest.scala:85)
  at chisel3.simulator.SimulatorAPI.simulate(SimulatorAPI.scala:100)
  at chisel3.simulator.SimulatorAPI.simulate$(SimulatorAPI.scala:80)
  at common.GenerateInterfaceSpec.simulate(SvGenerationUtilsTest.scala:85)
  at common.GenerateInterfaceSpec.$anonfun$new$12(SvGenerationUtilsTest.scala:114)
  at scala.runtime.java8.JFunction0$mcV$sp.apply(JFunction0$mcV$sp.scala:18)
  at org.scalatest.OutcomeOf.outcomeOf(OutcomeOf.scala:85)
  at org.scalatest.OutcomeOf.outcomeOf$(OutcomeOf.scala:83)
  at org.scalatest.OutcomeOf$.outcomeOf(OutcomeOf.scala:104)
  at org.scalatest.Transformer.apply(Transformer.scala:22)
  at org.scalatest.Transformer.apply(Transformer.scala:20)
  at org.scalatest.freespec.AnyFreeSpecLike$$anon$1.apply(AnyFreeSpecLike.scala:430)
  at org.scalatest.TestSuite.withFixture(TestSuite.scala:196)
  at org.scalatest.TestSuite.withFixture$(TestSuite.scala:195)
  at common.GenerateInterfaceSpec.chisel3$testing$scalatest$HasConfigMap$$super$withFixture(SvGenerationUtilsTest.scala:85)
  at chisel3.testing.scalatest.HasConfigMap.$anonfun$withFixture$1(HasConfigMap.scala:37)
  at scala.util.DynamicVariable.withValue(DynamicVariable.scala:59)
  at chisel3.testing.scalatest.HasConfigMap.withFixture(HasConfigMap.scala:37)
  at chisel3.testing.scalatest.HasConfigMap.withFixture$(HasConfigMap.scala:35)
  at common.GenerateInterfaceSpec.chisel3$testing$scalatest$TestingDirectory$$super$withFixture(SvGenerationUtilsTest.scala:85)
  at chisel3.testing.scalatest.TestingDirectory.$anonfun$withFixture$1(WithTestingDirectory.scala:46)
  at scala.util.DynamicVariable.withValue(DynamicVariable.scala:59)
  at chisel3.testing.scalatest.TestingDirectory.withFixture(WithTestingDirectory.scala:46)
  at chisel3.testing.scalatest.TestingDirectory.withFixture$(WithTestingDirectory.scala:44)
  at common.GenerateInterfaceSpec.withFixture(SvGenerationUtilsTest.scala:85)
  at org.scalatest.freespec.AnyFreeSpecLike.invokeWithFixture$1(AnyFreeSpecLike.scala:428)
  at org.scalatest.freespec.AnyFreeSpecLike.$anonfun$runTest$1(AnyFreeSpecLike.scala:440)
  at org.scalatest.SuperEngine.runTestImpl(Engine.scala:306)
  at org.scalatest.freespec.AnyFreeSpecLike.runTest(AnyFreeSpecLike.scala:440)
  at org.scalatest.freespec.AnyFreeSpecLike.runTest$(AnyFreeSpecLike.scala:422)
  at org.scalatest.freespec.AnyFreeSpec.runTest(AnyFreeSpec.scala:1739)
  at org.scalatest.freespec.AnyFreeSpecLike.$anonfun$runTests$1(AnyFreeSpecLike.scala:499)
  at org.scalatest.SuperEngine.$anonfun$runTestsInBranch$1(Engine.scala:413)
  at scala.collection.immutable.List.foreach(List.scala:333)
  at org.scalatest.SuperEngine.traverseSubNodes$1(Engine.scala:401)
  at org.scalatest.SuperEngine.runTestsInBranch(Engine.scala:396)
  at org.scalatest.SuperEngine.runTestsImpl(Engine.scala:475)
  at org.scalatest.freespec.AnyFreeSpecLike.runTests(AnyFreeSpecLike.scala:499)
  at org.scalatest.freespec.AnyFreeSpecLike.runTests$(AnyFreeSpecLike.scala:498)
  at org.scalatest.freespec.AnyFreeSpec.runTests(AnyFreeSpec.scala:1739)
  at org.scalatest.Suite.run(Suite.scala:1112)
  at org.scalatest.Suite.run$(Suite.scala:1094)
  at org.scalatest.freespec.AnyFreeSpec.org$scalatest$freespec$AnyFreeSpecLike$$super$run(AnyFreeSpec.scala:1739)
  at org.scalatest.freespec.AnyFreeSpecLike.$anonfun$run$1(AnyFreeSpecLike.scala:543)
  at org.scalatest.SuperEngine.runImpl(Engine.scala:535)
  at org.scalatest.freespec.AnyFreeSpecLike.run(AnyFreeSpecLike.scala:543)
  at org.scalatest.freespec.AnyFreeSpecLike.run$(AnyFreeSpecLike.scala:542)
  at org.scalatest.freespec.AnyFreeSpec.run(AnyFreeSpec.scala:1739)
  at org.scalatest.Suite.callExecuteOnSuite$1(Suite.scala:1175)
  at org.scalatest.Suite.$anonfun$runNestedSuites$1(Suite.scala:1222)
  at scala.collection.ArrayOps$.foreach$extension(ArrayOps.scala:1323)
  at org.scalatest.Suite.runNestedSuites(Suite.scala:1220)
  at org.scalatest.Suite.runNestedSuites$(Suite.scala:1154)
  at org.scalatest.tools.DiscoverySuite.runNestedSuites(DiscoverySuite.scala:30)
  at org.scalatest.Suite.run(Suite.scala:1109)
  at org.scalatest.Suite.run$(Suite.scala:1094)
  at org.scalatest.tools.DiscoverySuite.run(DiscoverySuite.scala:30)
  at org.scalatest.tools.SuiteRunner.run(SuiteRunner.scala:45)
  at org.scalatest.tools.Runner$.$anonfun$doRunRunRunDaDoRunRun$13(Runner.scala:1322)
  at org.scalatest.tools.Runner$.$anonfun$doRunRunRunDaDoRunRun$13$adapted(Runner.scala:1316)
  at scala.collection.immutable.List.foreach(List.scala:333)
  at org.scalatest.tools.Runner$.doRunRunRunDaDoRunRun(Runner.scala:1316)
  at org.scalatest.tools.Runner$.$anonfun$runOptionallyWithPassFailReporter$24(Runner.scala:993)
  at org.scalatest.tools.Runner$.$anonfun$runOptionallyWithPassFailReporter$24$adapted(Runner.scala:971)
  at org.scalatest.tools.Runner$.withClassLoaderAndDispatchReporter(Runner.scala:1482)
  at org.scalatest.tools.Runner$.runOptionallyWithPassFailReporter(Runner.scala:971)
  at org.scalatest.tools.Runner$.main(Runner.scala:775)
  at org.scalatest.tools.Runner.main(Runner.scala)
  at io.bazel.rulesscala.scala_test.Runner.main(Runner.java:33)
- VectorModule *** FAILED *** (10 seconds, 687 milliseconds)
  "  [output  logic [7:0] io_out_0,
    output  logic [7:0] io_out_1,
    output  logic [7:0] io_out_2,
    output  logic [7:0] io_out_3,
    input  logic [7:0] io_in_0,
    input  logic [7:0] io_in_1,
    input  logic [7:0] io_in_2,
    input  logic [7:0] io_in]_3" did not equal "  [input  logic [7:0] io_in_0,
    input  logic [7:0] io_in_1,
    input  logic [7:0] io_in_2,
    input  logic [7:0] io_in_3,
    output logic [7:0] io_out_0,
    output logic [7:0] io_out_1,
    output logic [7:0] io_out_2,
    output logic [7:0] io_out]_3" (SvGenerationUtilsTest.scala:133)
  Analysis:
  "  [output  logic [7:0] io_out_0,
  output  logic [7:0] io_out_1,
  output  logic [7:0] io_out_2,
  output  logic [7:0] io_out_3,
  input  logic [7:0] io_in_0,
  input  logic [7:0] io_in_1,
  input  logic [7:0] io_in_2,
  input  logic [7:0] io_in]_3" -> "  [input  logic [7:0] io_in_0,
  input  logic [7:0] io_in_1,
  input  logic [7:0] io_in_2,
  input  logic [7:0] io_in_3,
  output logic [7:0] io_out_0,
  output logic [7:0] io_out_1,
  output logic [7:0] io_out_2,
  output logic [7:0] io_out]_3"
  org.scalatest.exceptions.TestFailedException:
  at org.scalatest.Assertions.newAssertionFailedException(Assertions.scala:472)
  at org.scalatest.Assertions.newAssertionFailedException$(Assertions.scala:471)
  at org.scalatest.Assertions$.newAssertionFailedException(Assertions.scala:1231)
  at org.scalatest.Assertions$AssertionsHelper.macroAssert(Assertions.scala:1295)
  at common.GenerateInterfaceSpec.$anonfun$new$17(SvGenerationUtilsTest.scala:133)
  at common.GenerateInterfaceSpec.$anonfun$new$17$adapted(SvGenerationUtilsTest.scala:131)
  at chisel3.simulator.SimulatorAPI.$anonfun$simulate$1(SimulatorAPI.scala:102)
  at chisel3.simulator.SimulatorAPI.$anonfun$simulate$1$adapted(SimulatorAPI.scala:100)
  at chisel3.simulator.SimulatorAPI.$anonfun$simulateRaw$1(SimulatorAPI.scala:56)
  at chisel3.simulator.SimulatorAPI.$anonfun$simulateRaw$1$adapted(SimulatorAPI.scala:55)
  at chisel3.simulator.Simulator.$anonfun$simulate$3(Simulator.scala:186)
  at chisel3.simulator.package$ChiselSimulation.$anonfun$runElaboratedModule$2(package.scala:122)
  at scala.util.DynamicVariable.withValue(DynamicVariable.scala:59)
  at chisel3.simulator.package$AnySimulatedModule$.withValue(package.scala:106)
  at chisel3.simulator.package$ChiselSimulation.$anonfun$runElaboratedModule$1(package.scala:122)
  at svsim.Simulation.$anonfun$run$4(Simulation.scala:59)
  at scala.util.Try$.apply(Try.scala:210)
  at svsim.Simulation.run(Simulation.scala:58)
  at chisel3.simulator.package$ChiselSimulation.runElaboratedModule(package.scala:119)
  at chisel3.simulator.Simulator.$anonfun$simulate$2(Simulator.scala:185)
  at scala.util.Try$.apply(Try.scala:210)
  at chisel3.simulator.SimulatorAPI.simulateRaw(SimulatorAPI.scala:55)
  at chisel3.simulator.SimulatorAPI.simulateRaw$(SimulatorAPI.scala:33)
  at common.GenerateInterfaceSpec.simulateRaw(SvGenerationUtilsTest.scala:85)
  at chisel3.simulator.SimulatorAPI.simulate(SimulatorAPI.scala:100)
  at chisel3.simulator.SimulatorAPI.simulate$(SimulatorAPI.scala:80)
  at common.GenerateInterfaceSpec.simulate(SvGenerationUtilsTest.scala:85)
  at common.GenerateInterfaceSpec.$anonfun$new$15(SvGenerationUtilsTest.scala:131)
  at scala.runtime.java8.JFunction0$mcV$sp.apply(JFunction0$mcV$sp.scala:18)
  at org.scalatest.OutcomeOf.outcomeOf(OutcomeOf.scala:85)
  at org.scalatest.OutcomeOf.outcomeOf$(OutcomeOf.scala:83)
  at org.scalatest.OutcomeOf$.outcomeOf(OutcomeOf.scala:104)
  at org.scalatest.Transformer.apply(Transformer.scala:22)
  at org.scalatest.Transformer.apply(Transformer.scala:20)
  at org.scalatest.freespec.AnyFreeSpecLike$$anon$1.apply(AnyFreeSpecLike.scala:430)
  at org.scalatest.TestSuite.withFixture(TestSuite.scala:196)
  at org.scalatest.TestSuite.withFixture$(TestSuite.scala:195)
  at common.GenerateInterfaceSpec.chisel3$testing$scalatest$HasConfigMap$$super$withFixture(SvGenerationUtilsTest.scala:85)
  at chisel3.testing.scalatest.HasConfigMap.$anonfun$withFixture$1(HasConfigMap.scala:37)
  at scala.util.DynamicVariable.withValue(DynamicVariable.scala:59)
  at chisel3.testing.scalatest.HasConfigMap.withFixture(HasConfigMap.scala:37)
  at chisel3.testing.scalatest.HasConfigMap.withFixture$(HasConfigMap.scala:35)
  at common.GenerateInterfaceSpec.chisel3$testing$scalatest$TestingDirectory$$super$withFixture(SvGenerationUtilsTest.scala:85)
  at chisel3.testing.scalatest.TestingDirectory.$anonfun$withFixture$1(WithTestingDirectory.scala:46)
  at scala.util.DynamicVariable.withValue(DynamicVariable.scala:59)
  at chisel3.testing.scalatest.TestingDirectory.withFixture(WithTestingDirectory.scala:46)
  at chisel3.testing.scalatest.TestingDirectory.withFixture$(WithTestingDirectory.scala:44)
  at common.GenerateInterfaceSpec.withFixture(SvGenerationUtilsTest.scala:85)
  at org.scalatest.freespec.AnyFreeSpecLike.invokeWithFixture$1(AnyFreeSpecLike.scala:428)
  at org.scalatest.freespec.AnyFreeSpecLike.$anonfun$runTest$1(AnyFreeSpecLike.scala:440)
  at org.scalatest.SuperEngine.runTestImpl(Engine.scala:306)
  at org.scalatest.freespec.AnyFreeSpecLike.runTest(AnyFreeSpecLike.scala:440)
  at org.scalatest.freespec.AnyFreeSpecLike.runTest$(AnyFreeSpecLike.scala:422)
  at org.scalatest.freespec.AnyFreeSpec.runTest(AnyFreeSpec.scala:1739)
  at org.scalatest.freespec.AnyFreeSpecLike.$anonfun$runTests$1(AnyFreeSpecLike.scala:499)
  at org.scalatest.SuperEngine.$anonfun$runTestsInBranch$1(Engine.scala:413)
  at scala.collection.immutable.List.foreach(List.scala:333)
  at org.scalatest.SuperEngine.traverseSubNodes$1(Engine.scala:401)
  at org.scalatest.SuperEngine.runTestsInBranch(Engine.scala:396)
  at org.scalatest.SuperEngine.runTestsImpl(Engine.scala:475)
  at org.scalatest.freespec.AnyFreeSpecLike.runTests(AnyFreeSpecLike.scala:499)
  at org.scalatest.freespec.AnyFreeSpecLike.runTests$(AnyFreeSpecLike.scala:498)
  at org.scalatest.freespec.AnyFreeSpec.runTests(AnyFreeSpec.scala:1739)
  at org.scalatest.Suite.run(Suite.scala:1112)
  at org.scalatest.Suite.run$(Suite.scala:1094)
  at org.scalatest.freespec.AnyFreeSpec.org$scalatest$freespec$AnyFreeSpecLike$$super$run(AnyFreeSpec.scala:1739)
  at org.scalatest.freespec.AnyFreeSpecLike.$anonfun$run$1(AnyFreeSpecLike.scala:543)
  at org.scalatest.SuperEngine.runImpl(Engine.scala:535)
  at org.scalatest.freespec.AnyFreeSpecLike.run(AnyFreeSpecLike.scala:543)
  at org.scalatest.freespec.AnyFreeSpecLike.run$(AnyFreeSpecLike.scala:542)
  at org.scalatest.freespec.AnyFreeSpec.run(AnyFreeSpec.scala:1739)
  at org.scalatest.Suite.callExecuteOnSuite$1(Suite.scala:1175)
  at org.scalatest.Suite.$anonfun$runNestedSuites$1(Suite.scala:1222)
  at scala.collection.ArrayOps$.foreach$extension(ArrayOps.scala:1323)
  at org.scalatest.Suite.runNestedSuites(Suite.scala:1220)
  at org.scalatest.Suite.runNestedSuites$(Suite.scala:1154)
  at org.scalatest.tools.DiscoverySuite.runNestedSuites(DiscoverySuite.scala:30)
  at org.scalatest.Suite.run(Suite.scala:1109)
  at org.scalatest.Suite.run$(Suite.scala:1094)
  at org.scalatest.tools.DiscoverySuite.run(DiscoverySuite.scala:30)
  at org.scalatest.tools.SuiteRunner.run(SuiteRunner.scala:45)
  at org.scalatest.tools.Runner$.$anonfun$doRunRunRunDaDoRunRun$13(Runner.scala:1322)
  at org.scalatest.tools.Runner$.$anonfun$doRunRunRunDaDoRunRun$13$adapted(Runner.scala:1316)
  at scala.collection.immutable.List.foreach(List.scala:333)
  at org.scalatest.tools.Runner$.doRunRunRunDaDoRunRun(Runner.scala:1316)
  at org.scalatest.tools.Runner$.$anonfun$runOptionallyWithPassFailReporter$24(Runner.scala:993)
  at org.scalatest.tools.Runner$.$anonfun$runOptionallyWithPassFailReporter$24$adapted(Runner.scala:971)
  at org.scalatest.tools.Runner$.withClassLoaderAndDispatchReporter(Runner.scala:1482)
  at org.scalatest.tools.Runner$.runOptionallyWithPassFailReporter(Runner.scala:971)
  at org.scalatest.tools.Runner$.main(Runner.scala:775)
  at org.scalatest.tools.Runner.main(Runner.scala)
  at io.bazel.rulesscala.scala_test.Runner.main(Runner.java:33)
- KitchenSyncModule *** FAILED *** (11 seconds, 222 milliseconds)
  "  output [ logic [1:0] io_out_bits_v_0_ns,
    output  logic [2:0] io_out_bits_v_0_nu,
    output  logic [1:0] io_out_bits_v_1_ns,
    output  logic [2:0] io_out_bits_v_1_nu,
    output  logic [1:0] io_out_bits_v_2_ns,
    output  logic [2:0] io_out_bits_v_2_nu,
    output  logic [1:0] io_out_bits_e,
    output  logic [6:0] io_out_bits_s,
    output  logic [11:0] io_out_bits_u,
    output  logic io_out_bits_b,
    output  logic io_out_valid,
    input  logic io_out_ready,
    input  logic [1:0] io_in_bits_v_0_ns,
    input  logic [2:0] io_in_bits_v_0_nu,
    input  logic [1:0] io_in_bits_v_1_ns,
    input  logic [2:0] io_in_bits_v_1_nu,
    input  logic [1:0] io_in_bits_v_2_ns,
    input  logic [2:0] io_in_bits_v_2_nu,
    input  logic [1:0] io_in_bits_e,
    input  logic [6:0] io_in_bits_s,
    input  logic [11:0] io_in_bits_u,
    input  logic io_in_bits_b,
    input  logic io_in_valid,
    output  logic io_in_ready]" did not equal "  output [logic io_in_ready,
    input  logic io_in_valid,
    input  logic io_in_bits_b,
    input  logic [11:0] io_in_bits_u,
    input  logic [6:0] io_in_bits_s,
    input  logic [1:0] io_in_bits_e,
    input  logic [2:0] io_in_bits_v_0_nu,
    input  logic [1:0] io_in_bits_v_0_ns,
    input  logic [2:0] io_in_bits_v_1_nu,
    input  logic [1:0] io_in_bits_v_1_ns,
    input  logic [2:0] io_in_bits_v_2_nu,
    input  logic [1:0] io_in_bits_v_2_ns,
    input  logic io_out_ready,
    output logic io_out_valid,
    output logic io_out_bits_b,
    output logic [11:0] io_out_bits_u,
    output logic [6:0] io_out_bits_s,
    output logic [1:0] io_out_bits_e,
    output logic [2:0] io_out_bits_v_0_nu,
    output logic [1:0] io_out_bits_v_0_ns,
    output logic [2:0] io_out_bits_v_1_nu,
    output logic [1:0] io_out_bits_v_1_ns,
    output logic [2:0] io_out_bits_v_2_nu,
    output logic [1:0] io_out_bits_v_2_ns]" (SvGenerationUtilsTest.scala:166)
  Analysis:
  "  output [ logic [1:0] io_out_bits_v_0_ns,
  output  logic [2:0] io_out_bits_v_0_nu,
  output  logic [1:0] io_out_bits_v_1_ns,
  output  logic [2:0] io_out_bits_v_1_nu,
  output  logic [1:0] io_out_bits_v_2_ns,
  output  logic [2:0] io_out_bits_v_2_nu,
  output  logic [1:0] io_out_bits_e,
  output  logic [6:0] io_out_bits_s,
  output  logic [11:0] io_out_bits_u,
  output  logic io_out_bits_b,
  output  logic io_out_valid,
  input  logic io_out_ready,
  input  logic [1:0] io_in_bits_v_0_ns,
  input  logic [2:0] io_in_bits_v_0_nu,
  input  logic [1:0] io_in_bits_v_1_ns,
  input  logic [2:0] io_in_bits_v_1_nu,
  input  logic [1:0] io_in_bits_v_2_ns,
  input  logic [2:0] io_in_bits_v_2_nu,
  input  logic [1:0] io_in_bits_e,
  input  logic [6:0] io_in_bits_s,
  input  logic [11:0] io_in_bits_u,
  input  logic io_in_bits_b,
  input  logic io_in_valid,
  output  logic io_in_ready]" -> "  output [logic io_in_ready,
  input  logic io_in_valid,
  input  logic io_in_bits_b,
  input  logic [11:0] io_in_bits_u,
  input  logic [6:0] io_in_bits_s,
  input  logic [1:0] io_in_bits_e,
  input  logic [2:0] io_in_bits_v_0_nu,
  input  logic [1:0] io_in_bits_v_0_ns,
  input  logic [2:0] io_in_bits_v_1_nu,
  input  logic [1:0] io_in_bits_v_1_ns,
  input  logic [2:0] io_in_bits_v_2_nu,
  input  logic [1:0] io_in_bits_v_2_ns,
  input  logic io_out_ready,
  output logic io_out_valid,
  output logic io_out_bits_b,
  output logic [11:0] io_out_bits_u,
  output logic [6:0] io_out_bits_s,
  output logic [1:0] io_out_bits_e,
  output logic [2:0] io_out_bits_v_0_nu,
  output logic [1:0] io_out_bits_v_0_ns,
  output logic [2:0] io_out_bits_v_1_nu,
  output logic [1:0] io_out_bits_v_1_ns,
  output logic [2:0] io_out_bits_v_2_nu,
  output logic [1:0] io_out_bits_v_2_ns]"
  org.scalatest.exceptions.TestFailedException:
  at org.scalatest.Assertions.newAssertionFailedException(Assertions.scala:472)
  at org.scalatest.Assertions.newAssertionFailedException$(Assertions.scala:471)
  at org.scalatest.Assertions$.newAssertionFailedException(Assertions.scala:1231)
  at org.scalatest.Assertions$AssertionsHelper.macroAssert(Assertions.scala:1295)
  at common.GenerateInterfaceSpec.$anonfun$new$20(SvGenerationUtilsTest.scala:166)
  at common.GenerateInterfaceSpec.$anonfun$new$20$adapted(SvGenerationUtilsTest.scala:164)
  at chisel3.simulator.SimulatorAPI.$anonfun$simulate$1(SimulatorAPI.scala:102)
  at chisel3.simulator.SimulatorAPI.$anonfun$simulate$1$adapted(SimulatorAPI.scala:100)
  at chisel3.simulator.SimulatorAPI.$anonfun$simulateRaw$1(SimulatorAPI.scala:56)
  at chisel3.simulator.SimulatorAPI.$anonfun$simulateRaw$1$adapted(SimulatorAPI.scala:55)
  at chisel3.simulator.Simulator.$anonfun$simulate$3(Simulator.scala:186)
  at chisel3.simulator.package$ChiselSimulation.$anonfun$runElaboratedModule$2(package.scala:122)
  at scala.util.DynamicVariable.withValue(DynamicVariable.scala:59)
  at chisel3.simulator.package$AnySimulatedModule$.withValue(package.scala:106)
  at chisel3.simulator.package$ChiselSimulation.$anonfun$runElaboratedModule$1(package.scala:122)
  at svsim.Simulation.$anonfun$run$4(Simulation.scala:59)
  at scala.util.Try$.apply(Try.scala:210)
  at svsim.Simulation.run(Simulation.scala:58)
  at chisel3.simulator.package$ChiselSimulation.runElaboratedModule(package.scala:119)
  at chisel3.simulator.Simulator.$anonfun$simulate$2(Simulator.scala:185)
  at scala.util.Try$.apply(Try.scala:210)
  at chisel3.simulator.SimulatorAPI.simulateRaw(SimulatorAPI.scala:55)
  at chisel3.simulator.SimulatorAPI.simulateRaw$(SimulatorAPI.scala:33)
  at common.GenerateInterfaceSpec.simulateRaw(SvGenerationUtilsTest.scala:85)
  at chisel3.simulator.SimulatorAPI.simulate(SimulatorAPI.scala:100)
  at chisel3.simulator.SimulatorAPI.simulate$(SimulatorAPI.scala:80)
  at common.GenerateInterfaceSpec.simulate(SvGenerationUtilsTest.scala:85)
  at common.GenerateInterfaceSpec.$anonfun$new$18(SvGenerationUtilsTest.scala:164)
  at scala.runtime.java8.JFunction0$mcV$sp.apply(JFunction0$mcV$sp.scala:18)
  at org.scalatest.OutcomeOf.outcomeOf(OutcomeOf.scala:85)
  at org.scalatest.OutcomeOf.outcomeOf$(OutcomeOf.scala:83)
  at org.scalatest.OutcomeOf$.outcomeOf(OutcomeOf.scala:104)
  at org.scalatest.Transformer.apply(Transformer.scala:22)
  at org.scalatest.Transformer.apply(Transformer.scala:20)
  at org.scalatest.freespec.AnyFreeSpecLike$$anon$1.apply(AnyFreeSpecLike.scala:430)
  at org.scalatest.TestSuite.withFixture(TestSuite.scala:196)
  at org.scalatest.TestSuite.withFixture$(TestSuite.scala:195)
  at common.GenerateInterfaceSpec.chisel3$testing$scalatest$HasConfigMap$$super$withFixture(SvGenerationUtilsTest.scala:85)
  at chisel3.testing.scalatest.HasConfigMap.$anonfun$withFixture$1(HasConfigMap.scala:37)
  at scala.util.DynamicVariable.withValue(DynamicVariable.scala:59)
  at chisel3.testing.scalatest.HasConfigMap.withFixture(HasConfigMap.scala:37)
  at chisel3.testing.scalatest.HasConfigMap.withFixture$(HasConfigMap.scala:35)
  at common.GenerateInterfaceSpec.chisel3$testing$scalatest$TestingDirectory$$super$withFixture(SvGenerationUtilsTest.scala:85)
  at chisel3.testing.scalatest.TestingDirectory.$anonfun$withFixture$1(WithTestingDirectory.scala:46)
  at scala.util.DynamicVariable.withValue(DynamicVariable.scala:59)
  at chisel3.testing.scalatest.TestingDirectory.withFixture(WithTestingDirectory.scala:46)
  at chisel3.testing.scalatest.TestingDirectory.withFixture$(WithTestingDirectory.scala:44)
  at common.GenerateInterfaceSpec.withFixture(SvGenerationUtilsTest.scala:85)
  at org.scalatest.freespec.AnyFreeSpecLike.invokeWithFixture$1(AnyFreeSpecLike.scala:428)
  at org.scalatest.freespec.AnyFreeSpecLike.$anonfun$runTest$1(AnyFreeSpecLike.scala:440)
  at org.scalatest.SuperEngine.runTestImpl(Engine.scala:306)
  at org.scalatest.freespec.AnyFreeSpecLike.runTest(AnyFreeSpecLike.scala:440)
  at org.scalatest.freespec.AnyFreeSpecLike.runTest$(AnyFreeSpecLike.scala:422)
  at org.scalatest.freespec.AnyFreeSpec.runTest(AnyFreeSpec.scala:1739)
  at org.scalatest.freespec.AnyFreeSpecLike.$anonfun$runTests$1(AnyFreeSpecLike.scala:499)
  at org.scalatest.SuperEngine.$anonfun$runTestsInBranch$1(Engine.scala:413)
  at scala.collection.immutable.List.foreach(List.scala:333)
  at org.scalatest.SuperEngine.traverseSubNodes$1(Engine.scala:401)
  at org.scalatest.SuperEngine.runTestsInBranch(Engine.scala:396)
  at org.scalatest.SuperEngine.runTestsImpl(Engine.scala:475)
  at org.scalatest.freespec.AnyFreeSpecLike.runTests(AnyFreeSpecLike.scala:499)
  at org.scalatest.freespec.AnyFreeSpecLike.runTests$(AnyFreeSpecLike.scala:498)
  at org.scalatest.freespec.AnyFreeSpec.runTests(AnyFreeSpec.scala:1739)
  at org.scalatest.Suite.run(Suite.scala:1112)
  at org.scalatest.Suite.run$(Suite.scala:1094)
  at org.scalatest.freespec.AnyFreeSpec.org$scalatest$freespec$AnyFreeSpecLike$$super$run(AnyFreeSpec.scala:1739)
  at org.scalatest.freespec.AnyFreeSpecLike.$anonfun$run$1(AnyFreeSpecLike.scala:543)
  at org.scalatest.SuperEngine.runImpl(Engine.scala:535)
  at org.scalatest.freespec.AnyFreeSpecLike.run(AnyFreeSpecLike.scala:543)
  at org.scalatest.freespec.AnyFreeSpecLike.run$(AnyFreeSpecLike.scala:542)
  at org.scalatest.freespec.AnyFreeSpec.run(AnyFreeSpec.scala:1739)
  at org.scalatest.Suite.callExecuteOnSuite$1(Suite.scala:1175)
  at org.scalatest.Suite.$anonfun$runNestedSuites$1(Suite.scala:1222)
  at scala.collection.ArrayOps$.foreach$extension(ArrayOps.scala:1323)
  at org.scalatest.Suite.runNestedSuites(Suite.scala:1220)
  at org.scalatest.Suite.runNestedSuites$(Suite.scala:1154)
  at org.scalatest.tools.DiscoverySuite.runNestedSuites(DiscoverySuite.scala:30)
  at org.scalatest.Suite.run(Suite.scala:1109)
  at org.scalatest.Suite.run$(Suite.scala:1094)
  at org.scalatest.tools.DiscoverySuite.run(DiscoverySuite.scala:30)
  at org.scalatest.tools.SuiteRunner.run(SuiteRunner.scala:45)
  at org.scalatest.tools.Runner$.$anonfun$doRunRunRunDaDoRunRun$13(Runner.scala:1322)
  at org.scalatest.tools.Runner$.$anonfun$doRunRunRunDaDoRunRun$13$adapted(Runner.scala:1316)
  at scala.collection.immutable.List.foreach(List.scala:333)
  at org.scalatest.tools.Runner$.doRunRunRunDaDoRunRun(Runner.scala:1316)
  at org.scalatest.tools.Runner$.$anonfun$runOptionallyWithPassFailReporter$24(Runner.scala:993)
  at org.scalatest.tools.Runner$.$anonfun$runOptionallyWithPassFailReporter$24$adapted(Runner.scala:971)
  at org.scalatest.tools.Runner$.withClassLoaderAndDispatchReporter(Runner.scala:1482)
  at org.scalatest.tools.Runner$.runOptionallyWithPassFailReporter(Runner.scala:971)
  at org.scalatest.tools.Runner$.main(Runner.scala:775)
  at org.scalatest.tools.Runner.main(Runner.scala)
  at io.bazel.rulesscala.scala_test.Runner.main(Runner.java:33)
Run completed in 1 minute, 3 seconds.
Total number of tests run: 5
Suites: completed 2, aborted 0
Tests: succeeded 0, failed 5, canceled 0, ignored 0, pending 0
*** 5 TESTS FAILED ***
================================================================================
Analyzing: 2440 targets (416 packages loaded, 24570 targets configured)
[6,500 / 6,508] 35 / 43 tests, 33 failed; Testing //hdl/chisel/src/common:library_test; 77s processwrapper-sandbox ... (8 actions running)
FAIL: //hdl/chisel/src/common:fp_test (see /home/builder/.cache/bazel/_bazel_builder/8c069df52082beee3c95ca17836fb8e2/execroot/coralnpu_hw/bazel-out/k8-fastbuild/testlogs/hdl/chisel/src/common/fp_test/test.log)
Analyzing: 2440 targets (416 packages loaded, 24570 targets configured)
[6,500 / 6,508] 36 / 43 tests, 34 failed; Testing //hdl/chisel/src/common:library_test; 78s processwrapper-sandbox ... (8 actions running)
INFO: From Testing //hdl/chisel/src/common:fp_test:
==================== Test output for //hdl/chisel/src/common:fp_test:
Discovery starting.
Discovery completed in 306 milliseconds.
Run starting. Expected test count is: 5
FpSpec:
- Zero (20 seconds, 913 milliseconds)
- Inf (11 seconds, 331 milliseconds)
- Nan (10 seconds, 872 milliseconds)
- Convert UInt to Float (15 seconds, 25 milliseconds)
- Convert SInt to Float *** FAILED *** (13 seconds, 357 milliseconds)
  Expected 1.678E7, but got 1.6779998E7 (FpTest.scala:127)
  org.scalatest.exceptions.TestFailedException:
  at org.scalatest.Assertions.newAssertionFailedException(Assertions.scala:472)
  at org.scalatest.Assertions.newAssertionFailedException$(Assertions.scala:471)
  at org.scalatest.freespec.AnyFreeSpec.newAssertionFailedException(AnyFreeSpec.scala:1739)
  at org.scalatest.Assertions.assertResult(Assertions.scala:867)
  at org.scalatest.Assertions.assertResult$(Assertions.scala:863)
  at org.scalatest.freespec.AnyFreeSpec.assertResult(AnyFreeSpec.scala:1739)
  at common.FpSpec.$anonfun$new$28(FpTest.scala:127)
  at common.FpSpec.$anonfun$new$28$adapted(FpTest.scala:124)
  at scala.collection.immutable.Range.foreach(Range.scala:190)
  at common.FpSpec.$anonfun$new$27(FpTest.scala:124)
  at common.FpSpec.$anonfun$new$27$adapted(FpTest.scala:123)
  at chisel3.simulator.SimulatorAPI.$anonfun$simulate$1(SimulatorAPI.scala:102)
  at chisel3.simulator.SimulatorAPI.$anonfun$simulate$1$adapted(SimulatorAPI.scala:100)
  at chisel3.simulator.SimulatorAPI.$anonfun$simulateRaw$1(SimulatorAPI.scala:56)
  at chisel3.simulator.SimulatorAPI.$anonfun$simulateRaw$1$adapted(SimulatorAPI.scala:55)
  at chisel3.simulator.Simulator.$anonfun$simulate$3(Simulator.scala:186)
  at chisel3.simulator.package$ChiselSimulation.$anonfun$runElaboratedModule$2(package.scala:122)
  at scala.util.DynamicVariable.withValue(DynamicVariable.scala:59)
  at chisel3.simulator.package$AnySimulatedModule$.withValue(package.scala:106)
  at chisel3.simulator.package$ChiselSimulation.$anonfun$runElaboratedModule$1(package.scala:122)
  at svsim.Simulation.$anonfun$run$4(Simulation.scala:59)
  at scala.util.Try$.apply(Try.scala:210)
  at svsim.Simulation.run(Simulation.scala:58)
  at chisel3.simulator.package$ChiselSimulation.runElaboratedModule(package.scala:119)
  at chisel3.simulator.Simulator.$anonfun$simulate$2(Simulator.scala:185)
  at scala.util.Try$.apply(Try.scala:210)
  at chisel3.simulator.SimulatorAPI.simulateRaw(SimulatorAPI.scala:55)
  at chisel3.simulator.SimulatorAPI.simulateRaw$(SimulatorAPI.scala:33)
  at common.FpSpec.simulateRaw(FpTest.scala:65)
  at chisel3.simulator.SimulatorAPI.simulate(SimulatorAPI.scala:100)
  at chisel3.simulator.SimulatorAPI.simulate$(SimulatorAPI.scala:80)
  at common.FpSpec.simulate(FpTest.scala:65)
  at common.FpSpec.$anonfun$new$25(FpTest.scala:123)
  at scala.runtime.java8.JFunction0$mcV$sp.apply(JFunction0$mcV$sp.scala:18)
  at org.scalatest.OutcomeOf.outcomeOf(OutcomeOf.scala:85)
  at org.scalatest.OutcomeOf.outcomeOf$(OutcomeOf.scala:83)
  at org.scalatest.OutcomeOf$.outcomeOf(OutcomeOf.scala:104)
  at org.scalatest.Transformer.apply(Transformer.scala:22)
  at org.scalatest.Transformer.apply(Transformer.scala:20)
  at org.scalatest.freespec.AnyFreeSpecLike$$anon$1.apply(AnyFreeSpecLike.scala:430)
  at org.scalatest.TestSuite.withFixture(TestSuite.scala:196)
  at org.scalatest.TestSuite.withFixture$(TestSuite.scala:195)
  at common.FpSpec.chisel3$testing$scalatest$HasConfigMap$$super$withFixture(FpTest.scala:65)
  at chisel3.testing.scalatest.HasConfigMap.$anonfun$withFixture$1(HasConfigMap.scala:37)
  at scala.util.DynamicVariable.withValue(DynamicVariable.scala:59)
  at chisel3.testing.scalatest.HasConfigMap.withFixture(HasConfigMap.scala:37)
  at chisel3.testing.scalatest.HasConfigMap.withFixture$(HasConfigMap.scala:35)
  at common.FpSpec.chisel3$testing$scalatest$TestingDirectory$$super$withFixture(FpTest.scala:65)
  at chisel3.testing.scalatest.TestingDirectory.$anonfun$withFixture$1(WithTestingDirectory.scala:46)
  at scala.util.DynamicVariable.withValue(DynamicVariable.scala:59)
  at chisel3.testing.scalatest.TestingDirectory.withFixture(WithTestingDirectory.scala:46)
  at chisel3.testing.scalatest.TestingDirectory.withFixture$(WithTestingDirectory.scala:44)
  at common.FpSpec.withFixture(FpTest.scala:65)
  at org.scalatest.freespec.AnyFreeSpecLike.invokeWithFixture$1(AnyFreeSpecLike.scala:428)
  at org.scalatest.freespec.AnyFreeSpecLike.$anonfun$runTest$1(AnyFreeSpecLike.scala:440)
  at org.scalatest.SuperEngine.runTestImpl(Engine.scala:306)
  at org.scalatest.freespec.AnyFreeSpecLike.runTest(AnyFreeSpecLike.scala:440)
  at org.scalatest.freespec.AnyFreeSpecLike.runTest$(AnyFreeSpecLike.scala:422)
  at org.scalatest.freespec.AnyFreeSpec.runTest(AnyFreeSpec.scala:1739)
  at org.scalatest.freespec.AnyFreeSpecLike.$anonfun$runTests$1(AnyFreeSpecLike.scala:499)
  at org.scalatest.SuperEngine.$anonfun$runTestsInBranch$1(Engine.scala:413)
  at scala.collection.immutable.List.foreach(List.scala:333)
  at org.scalatest.SuperEngine.traverseSubNodes$1(Engine.scala:401)
  at org.scalatest.SuperEngine.runTestsInBranch(Engine.scala:396)
  at org.scalatest.SuperEngine.runTestsImpl(Engine.scala:475)
  at org.scalatest.freespec.AnyFreeSpecLike.runTests(AnyFreeSpecLike.scala:499)
  at org.scalatest.freespec.AnyFreeSpecLike.runTests$(AnyFreeSpecLike.scala:498)
  at org.scalatest.freespec.AnyFreeSpec.runTests(AnyFreeSpec.scala:1739)
  at org.scalatest.Suite.run(Suite.scala:1112)
  at org.scalatest.Suite.run$(Suite.scala:1094)
  at org.scalatest.freespec.AnyFreeSpec.org$scalatest$freespec$AnyFreeSpecLike$$super$run(AnyFreeSpec.scala:1739)
  at org.scalatest.freespec.AnyFreeSpecLike.$anonfun$run$1(AnyFreeSpecLike.scala:543)
  at org.scalatest.SuperEngine.runImpl(Engine.scala:535)
  at org.scalatest.freespec.AnyFreeSpecLike.run(AnyFreeSpecLike.scala:543)
  at org.scalatest.freespec.AnyFreeSpecLike.run$(AnyFreeSpecLike.scala:542)
  at org.scalatest.freespec.AnyFreeSpec.run(AnyFreeSpec.scala:1739)
  at org.scalatest.Suite.callExecuteOnSuite$1(Suite.scala:1175)
  at org.scalatest.Suite.$anonfun$runNestedSuites$1(Suite.scala:1222)
  at scala.collection.ArrayOps$.foreach$extension(ArrayOps.scala:1323)
  at org.scalatest.Suite.runNestedSuites(Suite.scala:1220)
  at org.scalatest.Suite.runNestedSuites$(Suite.scala:1154)
  at org.scalatest.tools.DiscoverySuite.runNestedSuites(DiscoverySuite.scala:30)
  at org.scalatest.Suite.run(Suite.scala:1109)
  at org.scalatest.Suite.run$(Suite.scala:1094)
  at org.scalatest.tools.DiscoverySuite.run(DiscoverySuite.scala:30)
  at org.scalatest.tools.SuiteRunner.run(SuiteRunner.scala:45)
  at org.scalatest.tools.Runner$.$anonfun$doRunRunRunDaDoRunRun$13(Runner.scala:1322)
  at org.scalatest.tools.Runner$.$anonfun$doRunRunRunDaDoRunRun$13$adapted(Runner.scala:1316)
  at scala.collection.immutable.List.foreach(List.scala:333)
  at org.scalatest.tools.Runner$.doRunRunRunDaDoRunRun(Runner.scala:1316)
  at org.scalatest.tools.Runner$.$anonfun$runOptionallyWithPassFailReporter$24(Runner.scala:993)
  at org.scalatest.tools.Runner$.$anonfun$runOptionallyWithPassFailReporter$24$adapted(Runner.scala:971)
  at org.scalatest.tools.Runner$.withClassLoaderAndDispatchReporter(Runner.scala:1482)
  at org.scalatest.tools.Runner$.runOptionallyWithPassFailReporter(Runner.scala:971)
  at org.scalatest.tools.Runner$.main(Runner.scala:775)
  at org.scalatest.tools.Runner.main(Runner.scala)
  at io.bazel.rulesscala.scala_test.Runner.main(Runner.java:33)
Run completed in 1 minute, 12 seconds.
Total number of tests run: 5
Suites: completed 2, aborted 0
Tests: succeeded 4, failed 1, canceled 0, ignored 0, pending 0
*** 1 TEST FAILED ***
================================================================================
FAIL: //hdl/chisel/src/common:index_allocator_test (see /home/builder/.cache/bazel/_bazel_builder/8c069df52082beee3c95ca17836fb8e2/execroot/coralnpu_hw/bazel-out/k8-fastbuild/testlogs/hdl/chisel/src/common/index_allocator_test/test.log)
INFO: From Testing //hdl/chisel/src/common:index_allocator_test:
==================== Test output for //hdl/chisel/src/common:index_allocator_test:
Discovery starting.
Discovery completed in 404 milliseconds.
Run starting. Expected test count is: 6
IndexAllocatorShiftingSpec:
- Initialize (15 seconds, 914 milliseconds)
- Allocate all (13 seconds, 71 milliseconds)
- No pipe (10 seconds, 534 milliseconds)
- Flow (11 seconds, 602 milliseconds)
- Out of order free *** FAILED *** (11 seconds, 178 milliseconds)
  chisel3.simulator.PeekPokeAPI$FailedExpectationException: Failed Expectation
------------------------------------------------------------------------------
Observed value: '0'
Expected value: '1'
Expectation failed: observed value 0 != 1 @[app/hdl/chisel/src/common/IndexAllocatorTest.scala:83:36]
------------------------------------------------------------------------------
- Alloc and free on same cycle (9 seconds, 686 milliseconds)
Run completed in 1 minute, 12 seconds.
Total number of tests run: 6
Suites: completed 2, aborted 0
Tests: succeeded 5, failed 1, canceled 0, ignored 0, pending 0
*** 1 TEST FAILED ***
================================================================================
Analyzing: 2440 targets (416 packages loaded, 24570 targets configured)
[6,502 / 6,508] 37 / 43 tests, 35 failed; Testing //hdl/chisel/src/common:library_test; 80s processwrapper-sandbox ... (6 actions running)
Analyzing: 2440 targets (416 packages loaded, 24570 targets configured)
[6,502 / 6,508] 38 / 43 tests, 35 failed; Testing //hdl/chisel/src/common:library_test; 86s processwrapper-sandbox ... (6 actions running)
Analyzing: 2440 targets (416 packages loaded, 24570 targets configured)
[6,503 / 6,508] 38 / 43 tests, 35 failed; Testing //hdl/chisel/src/common:library_test; 88s processwrapper-sandbox ... (5 actions running)
Analyzing: 2440 targets (416 packages loaded, 24570 targets configured)
[6,504 / 6,508] 39 / 43 tests, 35 failed; Testing //hdl/chisel/src/common:library_test; 89s processwrapper-sandbox ... (4 actions running)
Analyzing: 2440 targets (416 packages loaded, 24570 targets configured)
[6,504 / 6,508] 40 / 43 tests, 35 failed; Testing //hdl/chisel/src/common:library_test; 90s processwrapper-sandbox ... (4 actions running)
Analyzing: 2440 targets (416 packages loaded, 24570 targets configured)
[6,505 / 6,508] 40 / 43 tests, 35 failed; Testing //hdl/chisel/src/common:library_test; 92s processwrapper-sandbox ... (3 actions running)
Analyzing: 2440 targets (416 packages loaded, 24570 targets configured)
[6,505 / 6,508] 40 / 43 tests, 35 failed; Testing //hdl/chisel/src/common:library_test; 101s processwrapper-sandbox ... (3 actions running)
Analyzing: 2440 targets (416 packages loaded, 24570 targets configured)
[6,506 / 6,508] 41 / 43 tests, 35 failed; Testing //hdl/chisel/src/common:library_test; 103s processwrapper-sandbox ... (2 actions running)
Analyzing: 2440 targets (416 packages loaded, 24570 targets configured)
[6,507 / 6,508] 42 / 43 tests, 35 failed; Testing //hdl/chisel/src/common:fma_test; 61s processwrapper-sandbox
Analyzing: 2440 targets (416 packages loaded, 24570 targets configured)
[6,507 / 6,508] 42 / 43 tests, 35 failed; Testing //hdl/chisel/src/common:fma_test; 69s processwrapper-sandbox
FAIL: //hdl/chisel/src/common:fma_test (see /home/builder/.cache/bazel/_bazel_builder/8c069df52082beee3c95ca17836fb8e2/execroot/coralnpu_hw/bazel-out/k8-fastbuild/testlogs/hdl/chisel/src/common/fma_test/test.log)
Analyzing: 2440 targets (416 packages loaded, 24570 targets configured)
[6,507 / 6,508] 43 / 43 tests, 36 failed; Testing //hdl/chisel/src/common:fma_test; 93s processwrapper-sandbox
INFO: From Testing //hdl/chisel/src/common:fma_test:
==================== Test output for //hdl/chisel/src/common:fma_test:
Discovery starting.
Discovery completed in 292 milliseconds.
Run starting. Expected test count is: 13
FmaSpec:
- Mul Zero (13 seconds, 3 milliseconds)
- Mul Identity *** FAILED *** (11 seconds, 362 milliseconds)
  chisel3.simulator.PeekPokeAPI$FailedExpectationException: Failed Expectation
------------------------------------------------------------------------------
Observed value: '0'
Expected value: '132'
Expectation failed: observed value 0 != 132 @[app/hdl/chisel/src/common/FmaTest.scala:79:33]
------------------------------------------------------------------------------
- Mul Negative *** FAILED *** (10 seconds, 496 milliseconds)
  chisel3.simulator.PeekPokeAPI$FailedExpectationException: Failed Expectation
------------------------------------------------------------------------------
Observed value: '0'
Expected value: '1'
Expectation failed: observed value 0 != 1 @[app/hdl/chisel/src/common/FmaTest.scala:89:29]
------------------------------------------------------------------------------
- Mul Half *** FAILED *** (8 seconds, 591 milliseconds)
  chisel3.simulator.PeekPokeAPI$FailedExpectationException: Failed Expectation
------------------------------------------------------------------------------
Observed value: '0'
Expected value: '131'
Expectation failed: observed value 0 != 131 @[app/hdl/chisel/src/common/FmaTest.scala:101:33]
------------------------------------------------------------------------------
- Mul Overflow *** FAILED *** (7 seconds, 721 milliseconds)
  chisel3.simulator.PeekPokeAPI$FailedExpectationException: Failed Expectation
------------------------------------------------------------------------------
Observed value: '0'
Expected value: '255'
Expectation failed: observed value 0 != 255 @[app/hdl/chisel/src/common/FmaTest.scala:112:33]
------------------------------------------------------------------------------
- Mul Rounds to Zero (6 seconds, 20 milliseconds)
- Mul NaN (5 seconds, 13 milliseconds)
- Fma *** FAILED *** (4 seconds, 727 milliseconds)
  chisel3.simulator.PeekPokeAPI$FailedExpectationException: Failed Expectation
------------------------------------------------------------------------------
Observed value: '0'
Expected value: '130'
Expectation failed: observed value 0 != 130 @[app/hdl/chisel/src/common/FmaTest.scala:146:33]
------------------------------------------------------------------------------
- Fms *** FAILED *** (4 seconds, 939 milliseconds)
  chisel3.simulator.PeekPokeAPI$FailedExpectationException: Failed Expectation
------------------------------------------------------------------------------
Observed value: '0'
Expected value: '1'
Expectation failed: observed value 0 != 1 @[app/hdl/chisel/src/common/FmaTest.scala:157:29]
------------------------------------------------------------------------------
- Fnma *** FAILED *** (4 seconds, 759 milliseconds)
  chisel3.simulator.PeekPokeAPI$FailedExpectationException: Failed Expectation
------------------------------------------------------------------------------
Observed value: '1'
Expected value: '0'
Expectation failed: observed value 1 != 0 @[app/hdl/chisel/src/common/FmaTest.scala:169:29]
------------------------------------------------------------------------------
- Fnms *** FAILED *** (4 seconds, 653 milliseconds)
  chisel3.simulator.PeekPokeAPI$FailedExpectationException: Failed Expectation
------------------------------------------------------------------------------
Observed value: '0'
Expected value: '131'
Expectation failed: observed value 0 != 131 @[app/hdl/chisel/src/common/FmaTest.scala:182:33]
------------------------------------------------------------------------------
- Add *** FAILED *** (4 seconds, 510 milliseconds)
  chisel3.simulator.PeekPokeAPI$FailedExpectationException: Failed Expectation
------------------------------------------------------------------------------
Observed value: '0'
Expected value: '140'
Expectation failed: observed value 0 != 140 @[app/hdl/chisel/src/common/FmaTest.scala:194:33]
------------------------------------------------------------------------------
- Sub *** FAILED *** (5 seconds, 220 milliseconds)
  chisel3.simulator.PeekPokeAPI$FailedExpectationException: Failed Expectation
------------------------------------------------------------------------------
Observed value: '0'
Expected value: '1'
Expectation failed: observed value 0 != 1 @[app/hdl/chisel/src/common/FmaTest.scala:205:29]
------------------------------------------------------------------------------
Run completed in 1 minute, 31 seconds.
Total number of tests run: 13
Suites: completed 2, aborted 0
Tests: succeeded 3, failed 10, canceled 0, ignored 0, pending 0
*** 10 TESTS FAILED ***
================================================================================
WARNING: errors encountered while analyzing target '//hdl/chisel/src/soc:coralnpu_xbar_cc_library_emit_verilog', it will not be built.
Analysis failed
WARNING: errors encountered while analyzing target '//fpga/ip/i2c_master:i2c_master_sim', it will not be built.
Analysis failed
WARNING: errors encountered while analyzing target '//hdl/chisel/src/coralnpu:core_scalar_cc_library_emit_verilog_binary', it will not be built.
Analysis failed
WARNING: errors encountered while analyzing target '//hdl/chisel/src/coralnpu:alu_cc_library_cc', it will not be built.
Analysis failed
WARNING: errors encountered while analyzing target '//fpga:check_pins_test', it will not be built.
Analysis failed
WARNING: errors encountered while analyzing target '//fpga/ip/coralnpu_chisel_subsystem_highmem:coralnpu_chisel_subsystem_highmem_verilog', it will not be built.
Analysis failed
WARNING: errors encountered while analyzing target '//tests/verilator_sim:core_mini_verification_axi_sim', it will not be built.
Analysis failed
WARNING: errors encountered while analyzing target '//tests/cocotb:rvv_itcm512kb_dtcm512kb_tests_core_mini_axi_basic_write_read_memory', it will not be built.
Analysis failed
WARNING: errors encountered while analyzing target '//tests/cocotb/tutorial/tfmicro:cocotb_conv2d_test_conv2d_9x2', it will not be built.
Analysis failed
WARNING: errors encountered while analyzing target '//hdl/chisel/src/coralnpu:core_mini_cc_library_verilog', it will not be built.
Analysis failed
WARNING: errors encountered while analyzing target '//hdl/chisel/src/coralnpu:dvu_cc_library_verilog', it will not be built.
Analysis failed
WARNING: errors encountered while analyzing target '//tests/cocotb:rvv_arithmetic_cocotb_test_arithmetic_m1_vanilla_ops', it will not be built.
Analysis failed
WARNING: errors encountered while analyzing target '//tests/cocotb:rvv_core_mini_axi_sim_cocotb_slow_core_mini_axi_float_csr_test', it will not be built.
Analysis failed
WARNING: errors encountered while analyzing target '//tests/cocotb:core_mini_axi_sim_cocotb_slow_core_mini_axi_coralnpu_isa_test', it will not be built.
Analysis failed
WARNING: errors encountered while analyzing target '//tests/verilator_sim:core_mini_axi_tb', it will not be built.
Analysis failed
WARNING: errors encountered while analyzing target '//tests/cocotb:core_mini_axi_sim_cocotb_core_mini_axi_burst_types_test', it will not be built.
Analysis failed
WARNING: errors encountered while analyzing target '//tests/cocotb:core_mini_axi_debug_cocotb_core_mini_axi_debug_hartsel', it will not be built.
Analysis failed
WARNING: errors encountered while analyzing target '//utils/coralnpu_soc_loader:run_isp_cam_sim', it will not be built.
Analysis failed
WARNING: errors encountered while analyzing target '//tests/verilator_sim:core_mini_sim', it will not be built.
Analysis failed
WARNING: errors encountered while analyzing target '//tests/cocotb:core_mini_axi_sim_cocotb_core_mini_axi_rand_instr_test', it will not be built.
Analysis failed
WARNING: errors encountered while analyzing target '//tests/cocotb:rvv_core_mini_axi_sim_cocotb_core_mini_axi_burst_types_test', it will not be built.
Analysis failed
WARNING: errors encountered while analyzing target '//tests/cocotb:rvv_core_mini_axi_sim_cocotb_slow_unreachable_prefetch_fault', it will not be built.
Analysis failed
WARNING: errors encountered while analyzing target '//fpga:chip_verilator_binary', it will not be built.
Analysis failed
WARNING: errors encountered while analyzing target '//tests/cocotb:core_mini_axi_sim_cocotb_slow_core_mini_axi_exceptions_test', it will not be built.
Analysis failed
WARNING: errors encountered while analyzing target '//tests/cocotb:rvv_core_mini_axi_sim_cocotb_core_mini_axi_csr_test', it will not be built.
Analysis failed
WARNING: errors encountered while analyzing target '//hdl/chisel/src/soc:coralnpu_chisel_subsystem_highmem_cc_library_emit_verilog', it will not be built.
Analysis failed
WARNING: errors encountered while analyzing target '//tests/cocotb/tlul:coralnpu_xbar_cocotb_test_16bit_writes_to_sram', it will not be built.
Analysis failed
WARNING: errors encountered while analyzing target '//tests/cocotb:core_mini_axi_sim_cocotb_slow_core_mini_axi_riscv_dv', it will not be built.
Analysis failed
WARNING: errors encountered while analyzing target '//hdl/chisel/src/coralnpu:core_mini_highmem_axi_cc_library', it will not be built.
Analysis failed
WARNING: errors encountered while analyzing target '//hdl/chisel/src/coralnpu:coralnpu_rvv', it will not be built.
Analysis failed
WARNING: errors encountered while analyzing target '//hdl/chisel/src/coralnpu:core_mini_highmem_axi_cc_library_verilog', it will not be built.
Analysis failed
WARNING: errors encountered while analyzing target '//hdl/chisel/src/coralnpu:core_mini_axi_cc_library_cc', it will not be built.
Analysis failed
WARNING: errors encountered while analyzing target '//tests/cocotb/tutorial/tfmicro:cocotb_conv2d_test_conv2d_16x1', it will not be built.
Analysis failed
WARNING: errors encountered while analyzing target '//tests/cocotb:rvv_load_store_test_load32_index8', it will not be built.
Analysis failed
WARNING: errors encountered while analyzing target '//tests/cocotb:core_mini_axi_sim_cocotb_slow_core_mini_axi_csr_test', it will not be built.
Analysis failed
WARNING: errors encountered while analyzing target '//tests/cocotb:rvv_arithmetic_cocotb_test_reduction_m1_failure_ops', it will not be built.
Analysis failed
WARNING: errors encountered while analyzing target '//tests/cocotb/rvv/rvv_opt:cocotb_rvv_opt_test_rvv_memcpy_test', it will not be built.
Analysis failed
WARNING: errors encountered while analyzing target '//tests/verilator_sim:rvv_core_mini_verification_axi_sim', it will not be built.
Analysis failed
WARNING: errors encountered while analyzing target '//hdl/chisel/src/coralnpu:rvv_core_mini_highmem_axi_cc_library_emit_verilog', it will not be built.
Analysis failed
WARNING: errors encountered while analyzing target '//tests/cocotb:rvv_load_store_test_store_strided_all_vtypes_test', it will not be built.
Analysis failed
WARNING: errors encountered while analyzing target '//tests/cocotb:rvv_assembly_cocotb_test_core_mini_vmsof_test', it will not be built.
Analysis failed
WARNING: errors encountered while analyzing target '//tests/cocotb:rvv_load_store_test_load16_segment2_stride6_m1', it will not be built.
Analysis failed
WARNING: errors encountered while analyzing target '//hdl/chisel/src/coralnpu:rvv_core_mini_verification_axi_cc_library', it will not be built.
Analysis failed
WARNING: errors encountered while analyzing target '//tests/cocotb:rvv_core_mini_axi_sim_cocotb_core_mini_axi_write_read_memory_stress_test', it will not be built.
Analysis failed
WARNING: errors encountered while analyzing target '//tests/cocotb:rvv_core_mini_axi_sim_cocotb_slow_core_mini_axi_slow_bready', it will not be built.
Analysis failed
WARNING: errors encountered while analyzing target '//hdl/chisel/src/soc:coralnpu_chisel_subsystem_highmem_testharness_cc_library_cc', it will not be built.
Analysis failed
WARNING: errors encountered while analyzing target '//tests/cocotb:rvv_load_store_test_load32_index32_seg', it will not be built.
Analysis failed
WARNING: errors encountered while analyzing target '//fpga/ip/ispyocto:isp_wrapper_sim_test', it will not be built.
Analysis failed
WARNING: errors encountered while analyzing target '//hdl/chisel/src/soc:coralnpu_chisel_subsystem_itcm512kb_dtcm512kb_cc_library_emit_verilog', it will not be built.
Analysis failed
WARNING: errors encountered while analyzing target '//tests/cocotb:rvv_load_store_test_load_unit_all_vtypes_test', it will not be built.
Analysis failed
WARNING: errors encountered while analyzing target '//fpga/ip/coralnpu_chisel_subsystem_highmem:generate_core_file', it will not be built.
Analysis failed
WARNING: errors encountered while analyzing target '//hdl/chisel/src/coralnpu:coralnpu', it will not be built.
Analysis failed
WARNING: errors encountered while analyzing target '//hdl/chisel/src/coralnpu:dvu_cc_library_emit_verilog', it will not be built.
Analysis failed
WARNING: errors encountered while analyzing target '//tests/cocotb:core_mini_axi_sim_cocotb_core_mini_axi_frm_test', it will not be built.
Analysis failed
WARNING: errors encountered while analyzing target '//tests/cocotb:rvv_load_store_test_load_store8_unit_m2', it will not be built.
Analysis failed
WARNING: errors encountered while analyzing target '//hdl/chisel/src/coralnpu:coralnpu_float_tests', it will not be built.
Analysis failed
WARNING: errors encountered while analyzing target '//tests/cocotb:rvv_assembly_cocotb_test_core_mini_vcpop_exception_test', it will not be built.
Analysis failed
WARNING: errors encountered while analyzing target '//hdl/chisel/src/soc:coralnpu_xbar_testharness_cc_library_cc', it will not be built.
Analysis failed
WARNING: errors encountered while analyzing target '//tests/verilator_sim:rvv_core_mini_axi_sim', it will not be built.
Analysis failed
WARNING: errors encountered while analyzing target '//tests/cocotb:rvv_core_mini_axi_model', it will not be built.
Analysis failed
WARNING: errors encountered while analyzing target '//tests/verilator_sim:core_sim', it will not be built.
Analysis failed
WARNING: errors encountered while analyzing target '//fpga/ip/coralnpu_chisel_subsystem_highmem:rtl_files', it will not be built.
Analysis failed
WARNING: errors encountered while analyzing target '//hdl/chisel/src/coralnpu:mlu_cc_library_cc', it will not be built.
Analysis failed
WARNING: errors encountered while analyzing target '//tests/cocotb:rvv_core_mini_axi_sim_cocotb_unreachable_prefetch_fault', it will not be built.
Analysis failed
WARNING: errors encountered while analyzing target '//tests/cocotb:rvv_assembly_cocotb_test_core_mini_vill_test', it will not be built.
Analysis failed
WARNING: errors encountered while analyzing target '//tests/cocotb:core_mini_axi_sim_cocotb_slow_core_mini_axi_master_write_alignment', it will not be built.
Analysis failed
WARNING: errors encountered while analyzing target '//hdl/chisel/src/coralnpu:l1icache_cc_library_cc', it will not be built.
Analysis failed
WARNING: errors encountered while analyzing target '//tests/cocotb/tlul:coralnpu_chisel_subsystem_cocotb_test_boot_addr_override', it will not be built.
Analysis failed
WARNING: errors encountered while analyzing target '//tests/cocotb:rvv_assembly_cocotb_test_vslide1up_test', it will not be built.
Analysis failed
WARNING: errors encountered while analyzing target '//tests/cocotb:rvv_highmem_tests_core_mini_axi_basic_write_read_memory', it will not be built.
Analysis failed
WARNING: errors encountered while analyzing target '//tests/cocotb:core_mini_axi_model', it will not be built.
Analysis failed
WARNING: errors encountered while analyzing target '//tests/cocotb:core_mini_axi_sim_cocotb_core_mini_axi_finish_txn_before_halt_test', it will not be built.
Analysis failed
WARNING: errors encountered while analyzing target '//tests/verilator_sim:core_mini_verification_axi_tb', it will not be built.
Analysis failed
WARNING: errors encountered while analyzing target '//hdl/chisel/src/soc:coralnpu_xbar_cc_library_verilog', it will not be built.
Analysis failed
WARNING: errors encountered while analyzing target '//tests/cocotb:rvv_assembly_cocotb_test_core_mini_vmsbf_test', it will not be built.
Analysis failed
WARNING: errors encountered while analyzing target '//hdl/chisel/src/coralnpu:rvv_core_mini_verification_axi_cc_library_emit_verilog', it will not be built.
Analysis failed
WARNING: errors encountered while analyzing target '//hdl/chisel/src/soc:coralnpu_chisel_subsystem_testharness_cc_library', it will not be built.
Analysis failed
WARNING: errors encountered while analyzing target '//tests/cocotb:rvv_core_mini_axi_sim_cocotb_core_mini_axi_riscv_dv', it will not be built.
Analysis failed
WARNING: errors encountered while analyzing target '//tests/cocotb:rvv_load_store_test_load16_stride4_m1', it will not be built.
Analysis failed
WARNING: errors encountered while analyzing target '//tests/cocotb/tutorial/tfmicro:cocotb_depthwise_conv_test_dwconv64to64stride1', it will not be built.
Analysis failed
WARNING: errors encountered while analyzing target '//tests/cocotb/tutorial/tfmicro:cocotb_pooling_test_maxpool16stride2', it will not be built.
Analysis failed
WARNING: errors encountered while analyzing target '//tests/cocotb/tlul:coralnpu_chisel_subsystem_cocotb_test_software_interrupt', it will not be built.
Analysis failed
WARNING: errors encountered while analyzing target '//tests/cocotb:rvv_core_mini_axi_sim_cocotb_core_mini_axi_run_wfi_in_all_slots', it will not be built.
Analysis failed
WARNING: errors encountered while analyzing target '//tests/cocotb:core_mini_axi_debug_cocotb_core_mini_axi_debug_breakpoint', it will not be built.
Analysis failed
WARNING: errors encountered while analyzing target '//tests/cocotb/tutorial/tfmicro:cocotb_logistic_test_logistic_1024', it will not be built.
Analysis failed
WARNING: errors encountered while analyzing target '//fpga/ip/coralnpu_chisel_subsystem_default:rtl_files', it will not be built.
Analysis failed
WARNING: errors encountered while analyzing target '//tests/cocotb/tlul:coralnpu_chisel_subsystem_cocotb_test_timer_interrupt', it will not be built.
Analysis failed
WARNING: errors encountered while analyzing target '//tests/cocotb:rvv_arithmetic_cocotb_test_vnclip_test', it will not be built.
Analysis failed
WARNING: errors encountered while analyzing target '//fpga:chip_verilator_highmem_binary', it will not be built.
Analysis failed
WARNING: errors encountered while analyzing target '//hdl/chisel/src/coralnpu:core_mini_verification_axi_cc_library_emit_verilog', it will not be built.
Analysis failed
WARNING: errors encountered while analyzing target '//hdl/chisel/src/coralnpu:rvv_core_mini_tlul_cc_library_emit_verilog_binary', it will not be built.
Analysis failed
WARNING: errors encountered while analyzing target '//tests/cocotb:rvv_load_store_test_store8_index16', it will not be built.
Analysis failed
WARNING: errors encountered while analyzing target '//tests/cocotb/tlul:dma_integration_cocotb_test_dma_csr_access', it will not be built.
Analysis failed
WARNING: errors encountered while analyzing target '//tests/cocotb/rvv/rvv_opt:cocotb_rvv_opt_test_rvv_memset_test', it will not be built.
Analysis failed
WARNING: errors encountered while analyzing target '//tests/cocotb/tlul:coralnpu_chisel_subsystem_highmem_cocotb_test_freertos_test_freertos', it will not be built.
Analysis failed
WARNING: errors encountered while analyzing target '//tests/cocotb:core_mini_axi_sim_cocotb_slow_core_mini_axi_slow_bready', it will not be built.
Analysis failed
WARNING: errors encountered while analyzing target '//tests/cocotb/tutorial/tfmicro:cocotb_depthwise_conv_test_dwconv64to64stride2', it will not be built.
Analysis failed
WARNING: errors encountered while analyzing target '//hdl/chisel/src/soc:coralnpu_chisel_subsystem_testharness_cc_library_cc', it will not be built.
Analysis failed
WARNING: errors encountered while analyzing target '//tests/cocotb:rvv_core_mini_axi_sim_cocotb_core_mini_axi_rand_instr_test', it will not be built.
Analysis failed
WARNING: errors encountered while analyzing target '//hdl/chisel/src/soc:coralnpu_chisel_subsystem_itcm512kb_dtcm512kb_cc_library_emit_verilog_binary', it will not be built.
Analysis failed
WARNING: errors encountered while analyzing target '//tests/cocotb/tlul:coralnpu_chisel_subsystem_cocotb_test_ddr_access_via_spi', it will not be built.
Analysis failed
WARNING: errors encountered while analyzing target '//hdl/chisel/src/soc:coralnpu_xbar_testharness_cc_library_verilog', it will not be built.
Analysis failed
WARNING: errors encountered while analyzing target '//hdl/chisel/src/coralnpu:core_mini_cc_library_emit_verilog_binary', it will not be built.
Analysis failed
WARNING: errors encountered while analyzing target '//hdl/chisel/src/soc:coralnpu_xbar_testharness_cc_library_emit_verilog', it will not be built.
Analysis failed
WARNING: errors encountered while analyzing target '//tests/cocotb:core_mini_axi_sim_cocotb_core_mini_axi_riscv_tests', it will not be built.
Analysis failed
WARNING: errors encountered while analyzing target '//fpga:copy_chip_verilator_binary', it will not be built.
Analysis failed
WARNING: errors encountered while analyzing target '//hdl/chisel/src/soc:coralnpu_chisel_subsystem_itcm512kb_dtcm512kb_cc_library_cc', it will not be built.
Analysis failed
WARNING: errors encountered while analyzing target '//hdl/chisel/src/coralnpu:mlu_cc_library_emit_verilog', it will not be built.
Analysis failed
WARNING: errors encountered while analyzing target '//hdl/chisel/src/coralnpu:rvv_core_mini_tlul_cc_library_emit_verilog', it will not be built.
Analysis failed
WARNING: errors encountered while analyzing target '//hdl/chisel/src/soc:coralnpu_chisel_subsystem_highmem_cc_library_cc', it will not be built.
Analysis failed
WARNING: errors encountered while analyzing target '//tests/cocotb/tutorial/tfmicro:cocotb_depthwise_conv_test_dwconv16to32stride2', it will not be built.
Analysis failed
WARNING: errors encountered while analyzing target '//hdl/chisel/src/coralnpu:rvv_core_mini_tlul_cc_library_cc', it will not be built.
Analysis failed
WARNING: errors encountered while analyzing target '//tests/cocotb:rvv_core_mini_axi_debug_cocotb_core_mini_axi_debug_breakpoint', it will not be built.
Analysis failed
WARNING: errors encountered while analyzing target '//tests/verilator_sim:core_mini_axi_non_incr_tests', it will not be built.
Analysis failed
WARNING: errors encountered while analyzing target '//tests/cocotb:rvv_core_mini_axi_sim_cocotb_core_mini_axi_coralnpu_isa_test', it will not be built.
Analysis failed
WARNING: errors encountered while analyzing target '//tests/cocotb:core_mini_axi_sim_cocotb_slow_unreachable_prefetch_fault', it will not be built.
Analysis failed
WARNING: errors encountered while analyzing target '//tests/cocotb:core_mini_axi_sim_cocotb_slow_core_mini_axi_rand_instr_test', it will not be built.
Analysis failed
WARNING: errors encountered while analyzing target '//tests/cocotb:core_mini_axi_sim_cocotb_slow_core_mini_axi_finish_txn_before_halt_test', it will not be built.
Analysis failed
WARNING: errors encountered while analyzing target '//tests/cocotb/tlul:coralnpu_chisel_subsystem_cocotb_test_tlul_passthrough', it will not be built.
Analysis failed
WARNING: errors encountered while analyzing target '//hdl/chisel/src/coralnpu:rvv_core_mini_highmem_axi_cc_library_emit_verilog_binary', it will not be built.
Analysis failed
WARNING: errors encountered while analyzing target '//tests/cocotb:rvv_ml_ops_cocotb_test_core_mini_rvv_float_matmul_test', it will not be built.
Analysis failed
WARNING: errors encountered while analyzing target '//tests/cocotb:rvv_core_mini_axi_sim_cocotb_core_mini_axi_finish_txn_before_halt_test', it will not be built.
Analysis failed
WARNING: errors encountered while analyzing target '//tests/cocotb:rvv_load_store_test_store32_seg_unit', it will not be built.
Analysis failed
WARNING: errors encountered while analyzing target '//tests/cocotb:rvv_core_mini_axi_sim_cocotb_slow_core_mini_axi_master_write_alignment', it will not be built.
Analysis failed
WARNING: errors encountered while analyzing target '//hdl/chisel/src/coralnpu:mlu_cc_library_emit_verilog_binary', it will not be built.
Analysis failed
WARNING: errors encountered while analyzing target '//tests/cocotb/tlul:coralnpu_xbar_model', it will not be built.
Analysis failed
WARNING: errors encountered while analyzing target '//tests/cocotb:rvv_load_store_test_load8_index32', it will not be built.
Analysis failed
WARNING: errors encountered while analyzing target '//tests/cocotb:rvv_load_store_test_store32_index8', it will not be built.
Analysis failed
WARNING: errors encountered while analyzing target '//tests/cocotb:rvv_load_store_test_load8_segment2_stride6_m1', it will not be built.
Analysis failed
WARNING: errors encountered while analyzing target '//tests/cocotb/tutorial:tutorial_core_mini_axi_tutorial', it will not be built.
Analysis failed
WARNING: errors encountered while analyzing target '//fpga:spi_flash_sim_test', it will not be built.
Analysis failed
WARNING: errors encountered while analyzing target '//hdl/chisel/src/coralnpu:rvv_core_mini_itcm512kb_dtcm512kb_axi_cc_library_verilog', it will not be built.
Analysis failed
WARNING: errors encountered while analyzing target '//tests/verilator_sim:core_mini_itcm512kb_dtcm512kb_axi_sim', it will not be built.
Analysis failed
WARNING: errors encountered while analyzing target '//hw_sim:libcoralnpu_simulator_rvv.so', it will not be built.
Analysis failed
WARNING: errors encountered while analyzing target '//hdl/chisel/src/coralnpu:coralnpu_scalar_tests', it will not be built.
Analysis failed
WARNING: errors encountered while analyzing target '//tests/cocotb/tutorial/tfmicro:cocotb_fully_connected_test_fc_256_256', it will not be built.
Analysis failed
WARNING: errors encountered while analyzing target '//tests/cocotb/tutorial/tfmicro:cocotb_pooling_test_maxpool64stride2', it will not be built.
Analysis failed
WARNING: errors encountered while analyzing target '//hdl/chisel/src/coralnpu:coralnpu_rvv_tests', it will not be built.
Analysis failed
WARNING: errors encountered while analyzing target '//hdl/chisel/src/coralnpu:dbus2axi_cc_library_verilog', it will not be built.
Analysis failed
WARNING: errors encountered while analyzing target '//hdl/chisel/src/coralnpu:core_mini_axi_cc_library', it will not be built.
Analysis failed
WARNING: errors encountered while analyzing target '//tests/cocotb/tutorial/tfmicro:cocotb_conv2d_test_conv2d_4x1_h2w2', it will not be built.
Analysis failed
WARNING: errors encountered while analyzing target '//tests/cocotb/tlul:coralnpu_xbar_cocotb_test_wide_to_narrow_integrity', it will not be built.
Analysis failed
WARNING: errors encountered while analyzing target '//tests/cocotb:rvv_assembly_cocotb_test_core_mini_vfirst_test', it will not be built.
Analysis failed
WARNING: errors encountered while analyzing target '//tests/cocotb:rvv_core_mini_axi_debug_cocotb_core_mini_axi_debug_hartsel', it will not be built.
Analysis failed
WARNING: errors encountered while analyzing target '//tests/cocotb:core_mini_axi_debug_cocotb_core_mini_axi_debug_single_step', it will not be built.
Analysis failed
WARNING: errors encountered while analyzing target '//hdl/chisel/src/coralnpu:rvv_core_mini_axi_cc_library_cc', it will not be built.
Analysis failed
WARNING: errors encountered while analyzing target '//fpga:trivial_pass_sim_test', it will not be built.
Analysis failed
WARNING: errors encountered while analyzing target '//tests/cocotb:rvv_core_mini_axi_sim_cocotb_slow_core_mini_axi_riscv_dv', it will not be built.
Analysis failed
WARNING: errors encountered while analyzing target '//tests/cocotb:rvv_core_mini_axi_sim_cocotb_slow_core_mini_axi_riscv_tests', it will not be built.
Analysis failed
WARNING: errors encountered while analyzing target '//hdl/chisel/src/coralnpu:core_scalar_cc_library_verilog', it will not be built.
Analysis failed
WARNING: errors encountered while analyzing target '//tests/cocotb/tlul:coralnpu_chisel_subsystem_cocotb_test_ddr_access', it will not be built.
Analysis failed
WARNING: errors encountered while analyzing target '//hdl/chisel/src/coralnpu:core_mini_cc_library_cc', it will not be built.
Analysis failed
WARNING: errors encountered while analyzing target '//hdl/chisel/src/coralnpu:core_mini_itcm512kb_dtcm512kb_axi_cc_library_emit_verilog', it will not be built.
Analysis failed
WARNING: errors encountered while analyzing target '//tests/verilator_sim:l1icache_tb', it will not be built.
Analysis failed
WARNING: errors encountered while analyzing target '//hdl/chisel/src/soc:coralnpu_xbar_cc_library_emit_verilog_binary', it will not be built.
Analysis failed
WARNING: errors encountered while analyzing target '//tests/verilator_sim:rvv_core_mini_itcm512kb_dtcm512kb_axi_sim', it will not be built.
Analysis failed
WARNING: errors encountered while analyzing target '//tests/cocotb:rvv_assembly_cocotb_test_core_mini_rvv_load', it will not be built.
Analysis failed
WARNING: errors encountered while analyzing target '//tests/cocotb/tlul:coralnpu_chisel_subsystem_cocotb_test_program_execution_via_spi', it will not be built.
Analysis failed
WARNING: errors encountered while analyzing target '//tests/cocotb/tlul:coralnpu_xbar_cocotb_test_test_host_32_to_coralnpu_device', it will not be built.
Analysis failed
WARNING: errors encountered while analyzing target '//tests/cocotb:rvv_load_store_test_load16_stride4_m1_partial', it will not be built.
Analysis failed
WARNING: errors encountered while analyzing target '//tests/verilator_sim:rvv_core_mini_highmem_axi_sim', it will not be built.
Analysis failed
WARNING: errors encountered while analyzing target '//tests/cocotb:core_mini_axi_sim_cocotb_slow_core_mini_axi_frm_test', it will not be built.
Analysis failed
WARNING: errors encountered while analyzing target '//tests/cocotb/tlul:coralnpu_xbar_cocotb_test_coralnpu_core_to_uart1', it will not be built.
Analysis failed
WARNING: errors encountered while analyzing target '//tests/cocotb:rvv_core_mini_axi_debug_cocotb_core_mini_axi_debug_single_step', it will not be built.
Analysis failed
WARNING: errors encountered while analyzing target '//tests/cocotb/tutorial/tfmicro:cocotb_conv2d_test_conv2d_16x16_h2w8', it will not be built.
Analysis failed
WARNING: errors encountered while analyzing target '//hdl/chisel/src/coralnpu:core_cc_library_cc', it will not be built.
Analysis failed
WARNING: errors encountered while analyzing target '//tests/cocotb:rvv_assembly_cocotb_test_core_mini_vstart_store', it will not be built.
Analysis failed
WARNING: errors encountered while analyzing target '//tests/cocotb:rvv_core_mini_axi_debug_cocotb_core_mini_axi_debug_ndmreset', it will not be built.
Analysis failed
WARNING: errors encountered while analyzing target '//tests/cocotb:rvv_arithmetic_cocotb_test_reduction_m1_vanilla_ops', it will not be built.
Analysis failed
WARNING: errors encountered while analyzing target '//tests/cocotb:core_mini_axi_sim_cocotb_core_mini_axi_master_write_alignment', it will not be built.
Analysis failed
WARNING: errors encountered while analyzing target '//tests/cocotb:core_mini_axi_sim_cocotb_slow_core_mini_axi_write_read_memory_stress_test', it will not be built.
Analysis failed
WARNING: errors encountered while analyzing target '//tests/verilator_sim:core_scalar_sim', it will not be built.
Analysis failed
WARNING: errors encountered while analyzing target '//tests/cocotb:rvv_load_store_test_store_unit_all_vtypes_test', it will not be built.
Analysis failed
WARNING: errors encountered while analyzing target '//tests/cocotb/tlul:dma_integration_cocotb_test_dma_descriptor_chain', it will not be built.
Analysis failed
WARNING: errors encountered while analyzing target '//hdl/chisel/src/coralnpu:core_mini_itcm512kb_dtcm512kb_axi_cc_library_emit_verilog_binary', it will not be built.
Analysis failed
WARNING: errors encountered while analyzing target '//tests/cocotb:rvv_assembly_cocotb_test_core_mini_vmsif_test', it will not be built.
Analysis failed
WARNING: errors encountered while analyzing target '//tests/verilator_sim:l1dcachebank_tb', it will not be built.
Analysis failed
WARNING: errors encountered while analyzing target '//hdl/chisel/src/coralnpu:core_mini_verification_axi_cc_library_verilog', it will not be built.
Analysis failed
WARNING: errors encountered while analyzing target '//tests/cocotb:rvv_load_store_test_load_store16_unit_m2', it will not be built.
Analysis failed
WARNING: errors encountered while analyzing target '//tests/cocotb:rvv_arithmetic_cocotb_test_vnclipu_test', it will not be built.
Analysis failed
WARNING: errors encountered while analyzing target '//tests/cocotb:rvv_assembly_cocotb_test_vslide1down_test', it will not be built.
Analysis failed
WARNING: errors encountered while analyzing target '//tests/cocotb:core_mini_axi_debug_cocotb_core_mini_axi_debug_abstract_access_nonexistent_register', it will not be built.
Analysis failed
WARNING: errors encountered while analyzing target '//tests/cocotb:rvv_load_store_test_load8_stride2_mf4', it will not be built.
Analysis failed
WARNING: errors encountered while analyzing target '//tests/cocotb:rvv_core_mini_axi_sim_cocotb_slow_core_mini_axi_run_wfi_in_all_slots', it will not be built.
Analysis failed
WARNING: errors encountered while analyzing target '//tests/cocotb:core_mini_axi_sim_cocotb_unreachable_prefetch_fault', it will not be built.
Analysis failed
WARNING: errors encountered while analyzing target '//tests/cocotb:rvv_assembly_cocotb_test_core_mini_viota_test', it will not be built.
Analysis failed
WARNING: errors encountered while analyzing target '//hdl/chisel/src/coralnpu:core_scalar_cc_library_cc', it will not be built.
Analysis failed
WARNING: errors encountered while analyzing target '//hdl/chisel/src/coralnpu:core_mini_highmem_axi_cc_library_emit_verilog_binary', it will not be built.
Analysis failed
WARNING: errors encountered while analyzing target '//tests/cocotb:core_mini_axi_debug_cocotb_core_mini_axi_debug_gdbserver', it will not be built.
Analysis failed
WARNING: errors encountered while analyzing target '//tests/cocotb:core_mini_axi_sim_cocotb_slow_core_mini_axi_run_wfi_in_all_slots', it will not be built.
Analysis failed
WARNING: errors encountered while analyzing target '//hdl/chisel/src/soc:coralnpu_chisel_subsystem_testharness_model', it will not be built.
Analysis failed
WARNING: errors encountered while analyzing target '//hdl/chisel/src/coralnpu:rvv_core_mini_itcm512kb_dtcm512kb_axi_cc_library_cc', it will not be built.
Analysis failed
WARNING: errors encountered while analyzing target '//tests/cocotb:rvv_assembly_cocotb_test_core_mini_rvv_add', it will not be built.
Analysis failed
WARNING: errors encountered while analyzing target '//hdl/chisel/src/coralnpu:core_mini_highmem_axi_cc_library_cc', it will not be built.
Analysis failed
WARNING: errors encountered while analyzing target '//tests/cocotb:rvv_load_store_test_store16_index16', it will not be built.
Analysis failed
WARNING: errors encountered while analyzing target '//tests/cocotb:rvv_load_store_test_load32_index16_seg', it will not be built.
Analysis failed
WARNING: errors encountered while analyzing target '//tests/cocotb:rvv_arithmetic_cocotb_test_vnsrl_test', it will not be built.
Analysis failed
WARNING: errors encountered while analyzing target '//hdl/chisel/src/coralnpu:dbus2axi_cc_library', it will not be built.
Analysis failed
WARNING: errors encountered while analyzing target '//hw_sim:libcoralnpu_simulator.so', it will not be built.
Analysis failed
WARNING: errors encountered while analyzing target '//tests/cocotb:rvv_load_store_test_load8_seg_unit', it will not be built.
Analysis failed
WARNING: errors encountered while analyzing target '//tests/cocotb/tutorial/tfmicro:cocotb_conv2d_test_conv2d_18x1', it will not be built.
Analysis failed
WARNING: errors encountered while analyzing target '//tests/cocotb:rvv_core_mini_axi_sim_cocotb_slow_rvv_exceptions_test', it will not be built.
Analysis failed
WARNING: errors encountered while analyzing target '//hdl/chisel/src/coralnpu:core_mini_verification_axi_cc_library_cc', it will not be built.
Analysis failed
WARNING: errors encountered while analyzing target '//tests/cocotb/tutorial/tfmicro:cocotb_depthwise_conv_test_dwconv32to32stride1', it will not be built.
Analysis failed
WARNING: errors encountered while analyzing target '//hdl/chisel/src/coralnpu:core_cc_library_emit_verilog', it will not be built.
Analysis failed
WARNING: errors encountered while analyzing target '//tests/verilator_sim:backdoor_load_test', it will not be built.
Analysis failed
WARNING: errors encountered while analyzing target '//tests/verilator_sim:core_mini_axi_sim', it will not be built.
Analysis failed
WARNING: errors encountered while analyzing target '//tests/cocotb:rvv_load_store_test_store8_index32', it will not be built.
Analysis failed
WARNING: errors encountered while analyzing target '//tests/cocotb/tlul:coralnpu_chisel_subsystem_cocotb_test_ibus_fetch_from_sram', it will not be built.
Analysis failed
WARNING: errors encountered while analyzing target '//tests/cocotb:rvv_assembly_cocotb_test_core_mini_vcompress_test', it will not be built.
Analysis failed
WARNING: errors encountered while analyzing target '//tests/cocotb:rvv_highmem_tests_slow_core_mini_axi_basic_write_read_memory', it will not be built.
Analysis failed
WARNING: errors encountered while analyzing target '//hdl/chisel/src/coralnpu:core_mini_highmem_axi_cc_library_emit_verilog', it will not be built.
Analysis failed
WARNING: errors encountered while analyzing target '//hdl/chisel/src/coralnpu:rvv_core_mini_verification_axi_cc_library_verilog', it will not be built.
Analysis failed
WARNING: errors encountered while analyzing target '//tests/cocotb:rvv_assembly_cocotb_test_vslidedown_test', it will not be built.
Analysis failed
WARNING: errors encountered while analyzing target '//tests/cocotb/tlul:coralnpu_xbar_cocotb_test_test_host_32_to_coralnpu_device_csr_read', it will not be built.
Analysis failed
WARNING: errors encountered while analyzing target '//tests/cocotb/tutorial/tfmicro:cocotb_conv2d_test_conv2d_37x1_h2w2', it will not be built.
Analysis failed
WARNING: errors encountered while analyzing target '//tests/cocotb:core_mini_axi_sim_cocotb_slow_core_mini_axi_backdoor_load_test', it will not be built.
Analysis failed
WARNING: errors encountered while analyzing target '//hdl/chisel/src/coralnpu:l1dcache_cc_library_emit_verilog_binary', it will not be built.
Analysis failed
WARNING: errors encountered while analyzing target '//hdl/chisel/src/coralnpu:l1icache_cc_library_emit_verilog_binary', it will not be built.
Analysis failed
WARNING: errors encountered while analyzing target '//tests/verilator_sim:core_mini_itcm512kb_dtcm512kb_axi_tb', it will not be built.
Analysis failed
WARNING: errors encountered while analyzing target '//hdl/chisel/src/coralnpu:rvv_core_mini_verification_axi_cc_library_cc', it will not be built.
Analysis failed
WARNING: errors encountered while analyzing target '//tests/cocotb/tutorial/tfmicro:cocotb_depthwise_conv_test_dwconv32to32stride2', it will not be built.
Analysis failed
WARNING: errors encountered while analyzing target '//hdl/chisel/src/coralnpu:rvv_core_mini_itcm512kb_dtcm512kb_axi_cc_library_emit_verilog_binary', it will not be built.
Analysis failed
WARNING: errors encountered while analyzing target '//hdl/chisel/src/coralnpu:l1dcachebank_cc_library_emit_verilog_binary', it will not be built.
Analysis failed
WARNING: errors encountered while analyzing target '//hdl/chisel/src/coralnpu:core_mini_cc_library', it will not be built.
Analysis failed
WARNING: errors encountered while analyzing target '//hdl/chisel/src/coralnpu:core_mini_axi_cc_library_emit_verilog_binary', it will not be built.
Analysis failed
WARNING: errors encountered while analyzing target '//tests/cocotb:rvv_core_mini_axi_debug_cocotb_core_mini_axi_debug_scalar_registers', it will not be built.
Analysis failed
WARNING: errors encountered while analyzing target '//tests/cocotb/tlul:gpio_integration_cocotb_test_gpio_integration', it will not be built.
Analysis failed
WARNING: errors encountered while analyzing target '//hdl/chisel/src/coralnpu:core_cc_library', it will not be built.
Analysis failed
WARNING: errors encountered while analyzing target '//hdl/chisel/src/coralnpu:alu_cc_library_verilog', it will not be built.
Analysis failed
WARNING: errors encountered while analyzing target '//tests/cocotb:core_mini_axi_debug_cocotb_core_mini_axi_debug_probe_impl', it will not be built.
Analysis failed
WARNING: errors encountered while analyzing target '//tests/verilator_sim:rvv_core_mini_highmem_axi_tb', it will not be built.
Analysis failed
WARNING: errors encountered while analyzing target '//hdl/chisel/src/coralnpu:core_cc_library_verilog', it will not be built.
Analysis failed
WARNING: errors encountered while analyzing target '//tests/cocotb:rvv_core_mini_axi_sim_cocotb_rvv_exceptions_test', it will not be built.
Analysis failed
WARNING: errors encountered while analyzing target '//tests/cocotb:rvv_highmem_tests_slow_core_mini_rvv_matmul_test', it will not be built.
Analysis failed
WARNING: errors encountered while analyzing target '//hdl/chisel/src/coralnpu:l1icache_cc_library', it will not be built.
Analysis failed
WARNING: errors encountered while analyzing target '//fpga:dma_sim_test', it will not be built.
Analysis failed
WARNING: errors encountered while analyzing target '//hdl/chisel/src/soc:coralnpu_chisel_subsystem_cc_library_cc', it will not be built.
Analysis failed
WARNING: errors encountered while analyzing target '//tests/cocotb:rvv_load_store_test_load_strided_all_vtypes_test', it will not be built.
Analysis failed
WARNING: errors encountered while analyzing target '//tests/cocotb:rvv_core_mini_axi_sim_cocotb_slow_core_mini_axi_csr_test', it will not be built.
Analysis failed
WARNING: errors encountered while analyzing target '//hdl/chisel/src/soc:coralnpu_chisel_subsystem_model', it will not be built.
Analysis failed
WARNING: errors encountered while analyzing target '//tests/cocotb:rvv_arithmetic_cocotb_test_binary_op_vx', it will not be built.
Analysis failed
WARNING: errors encountered while analyzing target '//tests/cocotb:rvv_load_store_test_store8_index8_seg', it will not be built.
Analysis failed
WARNING: errors encountered while analyzing target '//tests/cocotb:core_mini_axi_sim_cocotb_core_mini_axi_backdoor_load_test', it will not be built.
Analysis failed
WARNING: errors encountered while analyzing target '//fpga/ip/ispyocto:isp_wrapper_sim_binary', it will not be built.
Analysis failed
WARNING: errors encountered while analyzing target '//fpga:rtl_files', it will not be built.
Analysis failed
WARNING: errors encountered while analyzing target '//tests/cocotb:rvv_load_store_test_store8_index8', it will not be built.
Analysis failed
WARNING: errors encountered while analyzing target '//hdl/chisel/src/soc:coralnpu_chisel_subsystem_highmem_testharness_cc_library_emit_verilog', it will not be built.
Analysis failed
WARNING: errors encountered while analyzing target '//tests/cocotb:core_mini_axi_sim_cocotb_core_mini_axi_write_read_memory_stress_test', it will not be built.
Analysis failed
WARNING: errors encountered while analyzing target '//tests/verilator_sim:rvv_core_mini_axi_tb', it will not be built.
Analysis failed
WARNING: errors encountered while analyzing target '//tests/cocotb:rvv_arithmetic_cocotb_test_vnsra_test', it will not be built.
Analysis failed
WARNING: errors encountered while analyzing target '//hw_sim:core_mini_axi_simulator_rvv', it will not be built.
Analysis failed
WARNING: errors encountered while analyzing target '//tests/cocotb:rvv_highmem_tests_slow_core_mini_axi_run_wfi_in_all_slots_highmem', it will not be built.
Analysis failed
WARNING: errors encountered while analyzing target '//tests/cocotb/tlul:spi_master_cocotb_test_spi_master_basic_tx', it will not be built.
Analysis failed
WARNING: errors encountered while analyzing target '//tests/cocotb/tutorial/tfmicro:cocotb_fully_connected_test_fc_16_16', it will not be built.
Analysis failed
WARNING: errors encountered while analyzing target '//hdl/chisel/src/soc:coralnpu_chisel_subsystem_testharness_cc_library_verilog', it will not be built.
Analysis failed
WARNING: errors encountered while analyzing target '//tests/cocotb/tlul:coralnpu_xbar_cocotb_test_coralnpu_core_to_invalid_addr', it will not be built.
Analysis failed
WARNING: errors encountered while analyzing target '//hdl/chisel/src/coralnpu:rvv_core_mini_highmem_axi_cc_library_verilog', it will not be built.
Analysis failed
WARNING: errors encountered while analyzing target '//hdl/chisel/src/soc:coralnpu_chisel_subsystem_highmem_testharness_cc_library_emit_verilog_binary', it will not be built.
Analysis failed
WARNING: errors encountered while analyzing target '//hdl/chisel/src/coralnpu:alu_cc_library_emit_verilog_binary', it will not be built.
Analysis failed
WARNING: errors encountered while analyzing target '//hdl/chisel/src/coralnpu:core_mini_itcm512kb_dtcm512kb_axi_cc_library_verilog', it will not be built.
Analysis failed
WARNING: errors encountered while analyzing target '//tests/cocotb:rvv_load_store_test_store32_index32', it will not be built.
Analysis failed
WARNING: errors encountered while analyzing target '//tests/cocotb:rvv_core_mini_axi_debug_cocotb_core_mini_axi_debug_abstract_access_registers', it will not be built.
Analysis failed
WARNING: errors encountered while analyzing target '//hdl/chisel/src/soc:coralnpu_chisel_subsystem_highmem_testharness_cc_library', it will not be built.
Analysis failed
WARNING: errors encountered while analyzing target '//tests/cocotb:core_mini_axi_debug_cocotb_core_mini_axi_debug_dmactive', it will not be built.
Analysis failed
WARNING: errors encountered while analyzing target '//hdl/chisel/src/soc:coralnpu_xbar_lib', it will not be built.
Analysis failed
WARNING: errors encountered while analyzing target '//tests/cocotb:rvv_assembly_cocotb_test_core_mini_vcpop_test', it will not be built.
Analysis failed
WARNING: errors encountered while analyzing target '//tests/cocotb:rvv_core_mini_axi_debug_cocotb_core_mini_axi_debug_probe_impl', it will not be built.
Analysis failed
WARNING: errors encountered while analyzing target '//hdl/chisel/src/coralnpu:rvv_core_mini_highmem_axi_cc_library', it will not be built.
Analysis failed
WARNING: errors encountered while analyzing target '//tests/cocotb:core_mini_axi_sim_cocotb_core_mini_axi_csr_test', it will not be built.
Analysis failed
WARNING: errors encountered while analyzing target '//tests/cocotb:core_mini_axi_sim_cocotb_core_mini_axi_riscv_dv', it will not be built.
Analysis failed
WARNING: errors encountered while analyzing target '//tests/cocotb:rvv_load_store_test_load8_index8_seg', it will not be built.
Analysis failed
WARNING: errors encountered while analyzing target '//hdl/chisel/src/soc:coralnpu_chisel_subsystem_cc_library', it will not be built.
Analysis failed
WARNING: errors encountered while analyzing target '//tests/cocotb/tutorial/tfmicro:cocotb_conv2d_test_conv2d_48x48_h2w2', it will not be built.
Analysis failed
WARNING: errors encountered while analyzing target '//tests/cocotb:rvv_core_mini_axi_sim_cocotb_slow_core_mini_axi_write_read_memory_stress_test', it will not be built.
Analysis failed
WARNING: errors encountered while analyzing target '//hdl/chisel/src/soc:coralnpu_chisel_subsystem_highmem_cc_library_emit_verilog_binary', it will not be built.
Analysis failed
WARNING: errors encountered while analyzing target '//tests/cocotb:rvv_itcm512kb_dtcm512kb_tests_core_mini_axi_run_wfi_in_all_slots_itcm512kb_dtcm512kb', it will not be built.
Analysis failed
WARNING: errors encountered while analyzing target '//tests/cocotb/tlul:spi_master_cocotb_test_spi_master_half_duplex_rx', it will not be built.
Analysis failed
WARNING: errors encountered while analyzing target '//hdl/chisel/src/coralnpu:core_cc_library_emit_verilog_binary', it will not be built.
Analysis failed
WARNING: errors encountered while analyzing target '//tests/cocotb:rvv_load_store_test_load_store_whole_register_test', it will not be built.
Analysis failed
WARNING: errors encountered while analyzing target '//fpga/ip/ispyocto:isp_wrapper_sim', it will not be built.
Analysis failed
WARNING: errors encountered while analyzing target '//tests/cocotb:rvv_core_mini_axi_sim_cocotb_core_mini_axi_slow_bready', it will not be built.
Analysis failed
WARNING: errors encountered while analyzing target '//hdl/chisel/src/coralnpu:coralnpu_uncached_fetch_tests', it will not be built.
Analysis failed
WARNING: errors encountered while analyzing target '//tests/cocotb:rvv_load_store_test_load8_index16', it will not be built.
Analysis failed
WARNING: errors encountered while analyzing target '//hdl/chisel/src/soc:coralnpu_chisel_subsystem_lib', it will not be built.
Analysis failed
WARNING: errors encountered while analyzing target '//tests/cocotb:core_mini_axi_sim_cocotb_core_mini_axi_run_wfi_in_all_slots', it will not be built.
Analysis failed
WARNING: errors encountered while analyzing target '//tests/cocotb/tlul:coralnpu_chisel_subsystem_cocotb_test_boot_addr_sram', it will not be built.
Analysis failed
WARNING: errors encountered while analyzing target '//tests/cocotb/tutorial/tfmicro:cocotb_conv2d_test_conv2d_21x48_h8w8', it will not be built.
Analysis failed
WARNING: errors encountered while analyzing target '//tests/cocotb/tutorial:hello_world_float_core_mini_axi_core_mini_axi_tutorial', it will not be built.
Analysis failed
WARNING: errors encountered while analyzing target '//tests/cocotb:rvv_core_mini_axi_sim_cocotb_core_mini_axi_basic_write_read_memory', it will not be built.
Analysis failed
WARNING: errors encountered while analyzing target '//tests/cocotb:rvv_arithmetic_cocotb_test_widen_math_ops_test_impl', it will not be built.
Analysis failed
WARNING: errors encountered while analyzing target '//tests/cocotb:rvv_load_store_test_load8_index16_seg', it will not be built.
Analysis failed
WARNING: errors encountered while analyzing target '//tests/cocotb/tutorial/tfmicro:cocotb_pooling_test_maxpool32stride2', it will not be built.
Analysis failed
WARNING: errors encountered while analyzing target '//hdl/chisel/src/coralnpu:core_scalar_cc_library_emit_verilog', it will not be built.
Analysis failed
WARNING: errors encountered while analyzing target '//hdl/chisel/src/soc:coralnpu_chisel_subsystem_highmem_cc_library', it will not be built.
Analysis failed
WARNING: errors encountered while analyzing target '//fpga:copy_chip_verilator_highmem_binary', it will not be built.
Analysis failed
WARNING: errors encountered while analyzing target '//hdl/chisel/src/coralnpu:core_mini_cc_library_emit_verilog', it will not be built.
Analysis failed
WARNING: errors encountered while analyzing target '//hdl/chisel/src/coralnpu:rvv_core_mini_tlul_cc_library_verilog', it will not be built.
Analysis failed
WARNING: errors encountered while analyzing target '//hdl/chisel/src/coralnpu:dbus2axi_cc_library_emit_verilog_binary', it will not be built.
Analysis failed
WARNING: errors encountered while analyzing target '//tests/cocotb:rvv_core_mini_axi_sim_cocotb_core_mini_axi_frm_test', it will not be built.
Analysis failed
WARNING: errors encountered while analyzing target '//tests/cocotb/tlul:coralnpu_chisel_subsystem_cocotb_test_plic', it will not be built.
Analysis failed
WARNING: errors encountered while analyzing target '//tests/verilator_sim:l1dcache_tb', it will not be built.
Analysis failed
WARNING: errors encountered while analyzing target '//hdl/chisel/src/soc:coralnpu_xbar_testharness_model', it will not be built.
Analysis failed
WARNING: errors encountered while analyzing target '//tests/cocotb/tutorial/tfmicro:cocotb_fully_connected_test_fc_64_64', it will not be built.
Analysis failed
WARNING: errors encountered while analyzing target '//tests/cocotb:core_mini_axi_debug_cocotb_core_mini_axi_debug_halt_resume', it will not be built.
Analysis failed
WARNING: errors encountered while analyzing target '//tests/cocotb:rvv_load_store_test_load16_stride4_mf2', it will not be built.
Analysis failed
WARNING: errors encountered while analyzing target '//tests/cocotb/tlul:coralnpu_chisel_subsystem_cocotb_test_tlul_width_bridge_bug_reproduction', it will not be built.
Analysis failed
WARNING: errors encountered while analyzing target '//tests/cocotb:rvv_load_store_test_store16_seg_unit', it will not be built.
Analysis failed
WARNING: errors encountered while analyzing target '//hdl/chisel/src/soc:coralnpu_chisel_subsystem_cc_library_verilog', it will not be built.
Analysis failed
WARNING: errors encountered while analyzing target '//hdl/chisel/src/coralnpu:core_scalar_cc_library', it will not be built.
Analysis failed
WARNING: errors encountered while analyzing target '//hdl/chisel/src/soc:coralnpu_chisel_subsystem_cc_library_emit_verilog_binary', it will not be built.
Analysis failed
WARNING: errors encountered while analyzing target '//hdl/chisel/src/coralnpu:coralnpu_scalar', it will not be built.
Analysis failed
WARNING: errors encountered while analyzing target '//tests/cocotb:rvv_load_store_test_load_unit_masked', it will not be built.
Analysis failed
WARNING: errors encountered while analyzing target '//hdl/chisel/src/soc:coralnpu_xbar_cc_library_cc', it will not be built.
Analysis failed
WARNING: errors encountered while analyzing target '//hw_sim:core_mini_axi_wrapper_example', it will not be built.
Analysis failed
WARNING: errors encountered while analyzing target '//hdl/chisel/src/coralnpu:rvv_core_mini_axi_cc_library', it will not be built.
Analysis failed
WARNING: errors encountered while analyzing target '//tests/cocotb:rvv_core_mini_axi_sim_cocotb_slow_core_mini_axi_exceptions_test', it will not be built.
Analysis failed
WARNING: errors encountered while analyzing target '//hdl/chisel/src/coralnpu:l1dcache_cc_library_verilog', it will not be built.
Analysis failed
WARNING: errors encountered while analyzing target '//tests/cocotb/tutorial/tfmicro:cocotb_conv2d_test_conv2d_16x3_s2', it will not be built.
Analysis failed
WARNING: errors encountered while analyzing target '//tests/cocotb:core_mini_axi_sim_cocotb_core_mini_axi_slow_bready', it will not be built.
Analysis failed
WARNING: errors encountered while analyzing target '//tests/cocotb:rvv_load_store_test_load8_stride2_m1', it will not be built.
Analysis failed
WARNING: errors encountered while analyzing target '//hdl/chisel/src/coralnpu:core_mini_itcm512kb_dtcm512kb_axi_cc_library', it will not be built.
Analysis failed
WARNING: errors encountered while analyzing target '//tests/cocotb:rvv_load_store_test_load_store_bits', it will not be built.
Analysis failed
WARNING: errors encountered while analyzing target '//tests/cocotb:rvv_load_store_test_store16_index32', it will not be built.
Analysis failed
WARNING: errors encountered while analyzing target '//hdl/chisel/src/coralnpu:l1dcachebank_cc_library_verilog', it will not be built.
Analysis failed
WARNING: errors encountered while analyzing target '//hdl/chisel/src/coralnpu:l1dcache_cc_library', it will not be built.
Analysis failed
WARNING: errors encountered while analyzing target '//tests/cocotb:rvv_core_mini_axi_debug_cocotb_core_mini_axi_debug_halt_resume', it will not be built.
Analysis failed
WARNING: errors encountered while analyzing target '//tests/cocotb:rvv_highmem_tests_core_mini_rvv_matmul_test', it will not be built.
Analysis failed
WARNING: errors encountered while analyzing target '//tests/cocotb:rvv_load_store_test_load_store8_test', it will not be built.
Analysis failed
WARNING: errors encountered while analyzing target '//fpga/ip/coralnpu_chisel_subsystem_default:generate_core_file', it will not be built.
Analysis failed
WARNING: errors encountered while analyzing target '//hdl/chisel/src/coralnpu:l1dcachebank_cc_library', it will not be built.
Analysis failed
WARNING: errors encountered while analyzing target '//tests/cocotb:core_mini_axi_sim_cocotb_core_mini_axi_basic_write_read_memory', it will not be built.
Analysis failed
WARNING: errors encountered while analyzing target '//hdl/chisel/src/soc:coralnpu_chisel_subsystem_highmem_testharness_model', it will not be built.
Analysis failed
WARNING: errors encountered while analyzing target '//hdl/chisel/src/coralnpu:dvu_cc_library_cc', it will not be built.
Analysis failed
WARNING: errors encountered while analyzing target '//tests/cocotb:rvv_core_mini_axi_sim_cocotb_core_mini_axi_backdoor_load_test', it will not be built.
Analysis failed
WARNING: errors encountered while analyzing target '//tests/verilator_sim:rvv_core_mini_verification_axi_tb', it will not be built.
Analysis failed
WARNING: errors encountered while analyzing target '//tests/cocotb:rvv_assembly_cocotb_test_vslideup_test', it will not be built.
Analysis failed
WARNING: errors encountered while analyzing target '//tests/cocotb:rvv_itcm512kb_dtcm512kb_tests_core_mini_rvv_matmul_test', it will not be built.
Analysis failed
WARNING: errors encountered while analyzing target '//hdl/chisel/src/soc:coralnpu_xbar_cc_library', it will not be built.
Analysis failed
WARNING: errors encountered while analyzing target '//tests/verilator_sim:core_mini_highmem_axi_tb', it will not be built.
Analysis failed
WARNING: errors encountered while analyzing target '//hdl/chisel/src/coralnpu:rvv_core_mini_axi_cc_library_verilog', it will not be built.
Analysis failed
WARNING: errors encountered while analyzing target '//hdl/chisel/src/coralnpu:rvv_core_mini_itcm512kb_dtcm512kb_axi_cc_library_emit_verilog', it will not be built.
Analysis failed
WARNING: errors encountered while analyzing target '//tests/cocotb:rvv_core_mini_axi_sim_cocotb_slow_core_mini_axi_basic_write_read_memory', it will not be built.
Analysis failed
WARNING: errors encountered while analyzing target '//tests/cocotb:rvv_core_mini_axi_sim_cocotb_slow_core_mini_axi_rand_instr_test', it will not be built.
Analysis failed
WARNING: errors encountered while analyzing target '//hdl/chisel/src/coralnpu:core_mini_verification_axi_cc_library', it will not be built.
Analysis failed
WARNING: errors encountered while analyzing target '//hdl/chisel/src/coralnpu:rvv_core_mini_tlul_cc_library', it will not be built.
Analysis failed
WARNING: errors encountered while analyzing target '//tests/cocotb:rvv_core_mini_axi_sim_cocotb_slow_core_mini_axi_frm_test', it will not be built.
Analysis failed
WARNING: errors encountered while analyzing target '//tests/verilator_sim:core_mini_highmem_axi_sim', it will not be built.
Analysis failed
WARNING: errors encountered while analyzing target '//tests/cocotb:rvv_core_mini_axi_sim_cocotb_slow_core_mini_axi_burst_types_test', it will not be built.
Analysis failed
WARNING: errors encountered while analyzing target '//hdl/chisel/src/coralnpu:l1dcache_cc_library_emit_verilog', it will not be built.
Analysis failed
WARNING: errors encountered while analyzing target '//hdl/chisel/src/coralnpu:rvv_core_mini_axi_cc_library_emit_verilog', it will not be built.
Analysis failed
WARNING: errors encountered while analyzing target '//tests/cocotb:rvv_load_store_test_load16_index32_seg', it will not be built.
Analysis failed
WARNING: errors encountered while analyzing target '//tests/cocotb:core_mini_axi_sim_cocotb_core_mini_axi_float_csr_test', it will not be built.
Analysis failed
WARNING: errors encountered while analyzing target '//tests/cocotb:rvv_load_store_test_load16_seg_unit', it will not be built.
Analysis failed
WARNING: errors encountered while analyzing target '//hdl/chisel/src/coralnpu:core_mini_axi_cc_library_verilog', it will not be built.
Analysis failed
WARNING: errors encountered while analyzing target '//tests/cocotb:rvv_core_mini_axi_debug_cocotb_core_mini_axi_debug_abstract_access_nonexistent_register', it will not be built.
Analysis failed
WARNING: errors encountered while analyzing target '//hdl/chisel/src/soc:coralnpu_xbar_testharness_cc_library', it will not be built.
Analysis failed
WARNING: errors encountered while analyzing target '//hdl/chisel/src/coralnpu:rvv_core_mini_axi_cc_library_emit_verilog_binary', it will not be built.
Analysis failed
WARNING: errors encountered while analyzing target '//tests/verilator_sim:rvv_core_mini_itcm512kb_dtcm512kb_axi_tb', it will not be built.
Analysis failed
WARNING: errors encountered while analyzing target '//tests/cocotb:core_mini_axi_sim_cocotb_slow_core_mini_axi_basic_write_read_memory', it will not be built.
Analysis failed
WARNING: errors encountered while analyzing target '//hdl/chisel/src/coralnpu:alu_cc_library_emit_verilog', it will not be built.
Analysis failed
WARNING: errors encountered while analyzing target '//hdl/chisel/src/coralnpu:l1dcachebank_cc_library_cc', it will not be built.
Analysis failed
WARNING: errors encountered while analyzing target '//hdl/chisel/src/coralnpu:dbus2axi_cc_library_emit_verilog', it will not be built.
Analysis failed
WARNING: errors encountered while analyzing target '//hdl/chisel/src/coralnpu:rvv_core_mini_tlul_verilog', it will not be built.
Analysis failed
WARNING: errors encountered while analyzing target '//tests/cocotb:rvv_assembly_cocotb_test_vsetvl_test', it will not be built.
Analysis failed
WARNING: errors encountered while analyzing target '//tests/cocotb:core_mini_axi_sim_cocotb_core_mini_axi_exceptions_test', it will not be built.
Analysis failed
WARNING: errors encountered while analyzing target '//tests/cocotb:core_mini_axi_debug_cocotb_core_mini_axi_debug_scalar_registers', it will not be built.
Analysis failed
WARNING: errors encountered while analyzing target '//tests/cocotb:rvv_load_store_test_load8_index8', it will not be built.
Analysis failed
WARNING: errors encountered while analyzing target '//hdl/chisel/src/soc:coralnpu_chisel_subsystem_testharness_cc_library_emit_verilog_binary', it will not be built.
Analysis failed
WARNING: errors encountered while analyzing target '//tests/cocotb:rvv_load_store_test_store32_index16', it will not be built.
Analysis failed
WARNING: errors encountered while analyzing target '//fpga:trivial_pass_highmem_sim_test', it will not be built.
Analysis failed
WARNING: errors encountered while analyzing target '//hdl/chisel/src/soc:coralnpu_xbar_testharness_cc_library_emit_verilog_binary', it will not be built.
Analysis failed
WARNING: errors encountered while analyzing target '//tests/cocotb/tutorial/tfmicro:cocotb_depthwise_conv_test_dwconv8to8stride2', it will not be built.
Analysis failed
WARNING: errors encountered while analyzing target '//tests/cocotb:rvv_core_mini_axi_sim_cocotb_slow_core_mini_axi_backdoor_load_test', it will not be built.
Analysis failed
WARNING: errors encountered while analyzing target '//tests/cocotb:rvv_core_mini_axi_sim_cocotb_core_mini_axi_riscv_tests', it will not be built.
Analysis failed
WARNING: errors encountered while analyzing target '//hdl/chisel/src/coralnpu:l1icache_cc_library_verilog', it will not be built.
Analysis failed
WARNING: errors encountered while analyzing target '//tests/cocotb:rvv_load_store_test_load8_index32_seg', it will not be built.
Analysis failed
WARNING: errors encountered while analyzing target '//hdl/chisel/src/soc:coralnpu_chisel_subsystem_testharness_cc_library_emit_verilog', it will not be built.
Analysis failed
WARNING: errors encountered while analyzing target '//tests/cocotb:rvv_core_mini_axi_sim_cocotb_core_mini_axi_master_write_alignment', it will not be built.
Analysis failed
WARNING: errors encountered while analyzing target '//tests/cocotb:rvv_core_mini_highmem_axi_model', it will not be built.
Analysis failed
WARNING: errors encountered while analyzing target '//tests/cocotb:rvv_load_store_test_load8_stride2_m1_partial', it will not be built.
Analysis failed
WARNING: errors encountered while analyzing target '//tests/cocotb:rvv_load_store_test_load16_index16_seg', it will not be built.
Analysis failed
WARNING: errors encountered while analyzing target '//tests/cocotb/tlul:coralnpu_chisel_subsystem_cocotb_test_program_execution_via_host', it will not be built.
Analysis failed
WARNING: errors encountered while analyzing target '//tests/cocotb/tutorial/tfmicro:cocotb_conv2d_test_conv2d_16x16', it will not be built.
Analysis failed
WARNING: errors encountered while analyzing target '//tests/cocotb:core_mini_axi_sim_cocotb_slow_core_mini_axi_burst_types_test', it will not be built.
Analysis failed
WARNING: errors encountered while analyzing target '//hdl/chisel/src/coralnpu:rvv_core_mini_verification_axi_cc_library_emit_verilog_binary', it will not be built.
Analysis failed
WARNING: errors encountered while analyzing target '//tests/cocotb:rvv_load_store_test_store16_index8', it will not be built.
Analysis failed
WARNING: errors encountered while analyzing target '//fpga:build_chip_verilator', it will not be built.
Analysis failed
WARNING: errors encountered while analyzing target '//tests/cocotb:rvv_load_store_test_load32_stride8_m1', it will not be built.
Analysis failed
WARNING: errors encountered while analyzing target '//fpga:flash_tool_sim_test', it will not be built.
Analysis failed
WARNING: errors encountered while analyzing target '//tests/cocotb:rvv_load_store_test_load32_stride8_m1_partial', it will not be built.
Analysis failed
WARNING: errors encountered while analyzing target '//hdl/chisel/src/coralnpu:core_mini_axi_bundle', it will not be built.
Analysis failed
WARNING: errors encountered while analyzing target '//tests/cocotb/tlul:coralnpu_xbar_cocotb_test_coralnpu_core_to_coralnpu_device', it will not be built.
Analysis failed
WARNING: errors encountered while analyzing target '//hdl/chisel/src/coralnpu:core_mini_itcm512kb_dtcm512kb_axi_cc_library_cc', it will not be built.
Analysis failed
WARNING: errors encountered while analyzing target '//tests/cocotb/tlul:coralnpu_xbar_cocotb_test_test_host_32_to_coralnpu_device_specific_addr', it will not be built.
Analysis failed
WARNING: errors encountered while analyzing target '//tests/cocotb/tutorial/counters:cocotb_counter_test_inst_cycle_counter_test', it will not be built.
Analysis failed
WARNING: errors encountered while analyzing target '//tests/cocotb/tlul:spi_master_cocotb_test_spi_master_half_duplex_tx', it will not be built.
Analysis failed
WARNING: errors encountered while analyzing target '//hw_sim:core_mini_axi_wrapper', it will not be built.
Analysis failed
WARNING: errors encountered while analyzing target '//tests/cocotb:rvv_core_mini_axi_sim_cocotb_core_mini_axi_float_csr_test', it will not be built.
Analysis failed
WARNING: errors encountered while analyzing target '//fpga:build_chip_verilator_highmem', it will not be built.
Analysis failed
WARNING: errors encountered while analyzing target '//hdl/chisel/src/coralnpu:dvu_cc_library_emit_verilog_binary', it will not be built.
Analysis failed
WARNING: errors encountered while analyzing target '//tests/cocotb:rvv_core_mini_axi_sim_cocotb_slow_core_mini_axi_coralnpu_isa_test', it will not be built.
Analysis failed
WARNING: errors encountered while analyzing target '//tests/cocotb:rvv_core_mini_axi_sim_cocotb_core_mini_axi_exceptions_test', it will not be built.
Analysis failed
WARNING: errors encountered while analyzing target '//tests/cocotb/tlul:dma_integration_cocotb_test_dma_mem_to_mem', it will not be built.
Analysis failed
WARNING: errors encountered while analyzing target '//tests/cocotb:rvv_load_store_test_load32_seg_unit', it will not be built.
Analysis failed
WARNING: errors encountered while analyzing target '//tests/cocotb/tutorial/tfmicro:cocotb_depthwise_conv_test_dwconv8to8stride1', it will not be built.
Analysis failed
WARNING: errors encountered while analyzing target '//hdl/chisel/src/coralnpu:rvv_core_mini_itcm512kb_dtcm512kb_axi_cc_library', it will not be built.
Analysis failed
WARNING: errors encountered while analyzing target '//hdl/chisel/src/coralnpu:core_mini_axi_cc_library_emit_verilog', it will not be built.
Analysis failed
WARNING: errors encountered while analyzing target '//hdl/chisel/src/coralnpu:mlu_cc_library_verilog', it will not be built.
Analysis failed
WARNING: errors encountered while analyzing target '//tests/cocotb:core_mini_axi_debug_cocotb_core_mini_axi_debug_ndmreset', it will not be built.
Analysis failed
WARNING: errors encountered while analyzing target '//tests/cocotb:rvv_load_store_test_load16_index8_seg', it will not be built.
Analysis failed
WARNING: errors encountered while analyzing target '//tests/cocotb:rvv_assembly_cocotb_test_core_mini_vl_test', it will not be built.
Analysis failed
WARNING: errors encountered while analyzing target '//tests/cocotb:rvv_highmem_tests_core_mini_axi_run_wfi_in_all_slots_highmem', it will not be built.
Analysis failed
WARNING: errors encountered while analyzing target '//tests/cocotb:rvv_load_store_test_load32_index8_seg', it will not be built.
Analysis failed
WARNING: errors encountered while analyzing target '//hdl/chisel/src/coralnpu:dvu_cc_library', it will not be built.
Analysis failed
WARNING: errors encountered while analyzing target '//hw_sim:core_mini_axi_simulator_example', it will not be built.
Analysis failed
WARNING: errors encountered while analyzing target '//tests/cocotb:rvv_core_mini_itcm512kb_dtcm512kb_axi_model', it will not be built.
Analysis failed
WARNING: errors encountered while analyzing target '//tests/cocotb:rvv_load_store_test_load_store32_unit_m2', it will not be built.
Analysis failed
WARNING: errors encountered while analyzing target '//hdl/chisel/src/coralnpu:core_mini_verification_axi_cc_library_emit_verilog_binary', it will not be built.
Analysis failed
WARNING: errors encountered while analyzing target '//hdl/chisel/src/soc:coralnpu_chisel_subsystem_cc_library_emit_verilog', it will not be built.
Analysis failed
WARNING: errors encountered while analyzing target '//hdl/chisel/src/coralnpu:alu_cc_library', it will not be built.
Analysis failed
WARNING: errors encountered while analyzing target '//tests/cocotb:rvv_load_store_test_store_unit_masked', it will not be built.
Analysis failed
WARNING: errors encountered while analyzing target '//hdl/chisel/src/soc:coralnpu_chisel_subsystem_highmem_cc_library_verilog', it will not be built.
Analysis failed
WARNING: errors encountered while analyzing target '//tests/cocotb:rvv_core_mini_axi_debug_cocotb_core_mini_axi_debug_gdbserver', it will not be built.
Analysis failed
WARNING: errors encountered while analyzing target '//tests/cocotb:core_mini_axi_sim_cocotb_slow_core_mini_axi_float_csr_test', it will not be built.
Analysis failed
WARNING: errors encountered while analyzing target '//fpga/ip/coralnpu_chisel_subsystem_default:coralnpu_chisel_subsystem_default_verilog', it will not be built.
Analysis failed
WARNING: errors encountered while analyzing target '//hdl/chisel/src/soc:coralnpu_chisel_subsystem_itcm512kb_dtcm512kb_cc_library', it will not be built.
Analysis failed
WARNING: errors encountered while analyzing target '//tests/cocotb/tlul:coralnpu_chisel_subsystem_cocotb_test_ddr_burst_pattern_repro', it will not be built.
Analysis failed
WARNING: errors encountered while analyzing target '//hdl/chisel/src/soc:coralnpu_chisel_subsystem_itcm512kb_dtcm512kb_cc_library_verilog', it will not be built.
Analysis failed
WARNING: errors encountered while analyzing target '//tests/cocotb:core_mini_axi_debug_cocotb_core_mini_axi_debug_abstract_access_registers', it will not be built.
Analysis failed
WARNING: errors encountered while analyzing target '//hdl/chisel/src/coralnpu:rvv_core_mini_highmem_axi_cc_library_cc', it will not be built.
Analysis failed
WARNING: errors encountered while analyzing target '//hdl/chisel/src/coralnpu:coralnpu_core_axi_tests', it will not be built.
Analysis failed
WARNING: errors encountered while analyzing target '//hdl/chisel/src/coralnpu:l1dcache_cc_library_cc', it will not be built.
Analysis failed
WARNING: errors encountered while analyzing target '//tests/cocotb:rvv_core_mini_axi_sim_cocotb_slow_core_mini_axi_finish_txn_before_halt_test', it will not be built.
Analysis failed
WARNING: errors encountered while analyzing target '//tests/cocotb:rvv_assembly_cocotb_test_core_mini_vcsr_test', it will not be built.
Analysis failed
WARNING: errors encountered while analyzing target '//tests/cocotb:core_mini_axi_sim_cocotb_slow_core_mini_axi_riscv_tests', it will not be built.
Analysis failed
WARNING: errors encountered while analyzing target '//hw_sim:core_mini_axi_simulator', it will not be built.
Analysis failed
WARNING: errors encountered while analyzing target '//tests/verilator_sim:dbus2axi_tb', it will not be built.
Analysis failed
WARNING: errors encountered while analyzing target '//tests/cocotb:rvv_load_store_test_load16_index8', it will not be built.
Analysis failed
WARNING: errors encountered while analyzing target '//fpga:clk_sim_test', it will not be built.
Analysis failed
WARNING: errors encountered while analyzing target '//hdl/chisel/src/coralnpu:mlu_cc_library', it will not be built.
Analysis failed
WARNING: errors encountered while analyzing target '//tests/cocotb/tlul:coralnpu_xbar_cocotb_test_interleaved_hosts_to_sram', it will not be built.
Analysis failed
WARNING: errors encountered while analyzing target '//tests/cocotb/tlul:coralnpu_xbar_cocotb_test_coralnpu_core_to_sram', it will not be built.
Analysis failed
WARNING: errors encountered while analyzing target '//tests/cocotb:rvv_ml_ops_cocotb_test_core_mini_rvv_matmul_test', it will not be built.
Analysis failed
WARNING: errors encountered while analyzing target '//hdl/chisel/src/soc:coralnpu_chisel_subsystem_highmem_testharness_cc_library_verilog', it will not be built.
Analysis failed
WARNING: errors encountered while analyzing target '//tests/cocotb:rvv_core_mini_axi_debug_cocotb_core_mini_axi_debug_dmactive', it will not be built.
Analysis failed
WARNING: errors encountered while analyzing target '//tests/cocotb:core_mini_axi_sim_cocotb_core_mini_axi_coralnpu_isa_test', it will not be built.
Analysis failed
WARNING: errors encountered while analyzing target '//tests/cocotb/tutorial/tfmicro:cocotb_logistic_test_logistic_256', it will not be built.
Analysis failed
WARNING: errors encountered while analyzing target '//hdl/chisel/src/coralnpu:dbus2axi_cc_library_cc', it will not be built.
Analysis failed
WARNING: errors encountered while analyzing target '//hdl/chisel/src/coralnpu:l1icache_cc_library_emit_verilog', it will not be built.
Analysis failed
WARNING: errors encountered while analyzing target '//hdl/chisel/src/coralnpu:l1dcachebank_cc_library_emit_verilog', it will not be built.
Analysis failed
INFO: Analyzed 2440 targets (416 packages loaded, 24570 targets configured).
WARNING: errors encountered while analyzing target '//tests/cocotb:rvv_load_store_test_store8_seg_unit', it will not be built.
Analysis failed
INFO: Analysis succeeded for only 1744 of 2440 top-level targets
INFO: Found 1945 targets and 43 test targets...
INFO: Elapsed time: 387.709s, Critical Path: 149.48s
INFO: 2693 processes: 958 internal, 1711 processwrapper-sandbox, 24 worker.
ERROR: Build did NOT complete successfully
FAILED: 
//hdl/chisel/src/bus:dma_engine_test                            FAILED TO BUILD
//hdl/chisel/src/bus:gpio_test                                  FAILED TO BUILD
//hdl/chisel/src/bus:spi2tlulv2_test                            FAILED TO BUILD
//hdl/chisel/src/bus:spi_master_test                            FAILED TO BUILD
//hdl/chisel/src/bus:tlul_to_sram_test                          FAILED TO BUILD
(Skipping other failed to build tests)
//fpga:flash_tool_test                                                   PASSED in 1.7s
//hdl/chisel/src/common:async_queue_smoke_test                           PASSED in 12.5s
//hdl/chisel/src/common:circular_buffer_multi_test                       PASSED in 86.7s
//hdl/chisel/src/common:common_test                                      PASSED in 15.3s
//hdl/chisel/src/common:fifo_state_test                                  PASSED in 102.3s
//hdl/chisel/src/common:library_test                                     PASSED in 103.4s
//hdl/chisel/src/common:scatter_gather_test                              PASSED in 43.8s
//hdl/chisel/src/common:fma_test                                         FAILED in 93.0s
  /home/builder/.cache/bazel/_bazel_builder/8c069df52082beee3c95ca17836fb8e2/execroot/coralnpu_hw/bazel-out/k8-fastbuild/testlogs/hdl/chisel/src/common/fma_test/test.log
//hdl/chisel/src/common:fp_test                                          FAILED in 74.2s
  /home/builder/.cache/bazel/_bazel_builder/8c069df52082beee3c95ca17836fb8e2/execroot/coralnpu_hw/bazel-out/k8-fastbuild/testlogs/hdl/chisel/src/common/fp_test/test.log
//hdl/chisel/src/common:index_allocator_test                             FAILED in 74.7s
  /home/builder/.cache/bazel/_bazel_builder/8c069df52082beee3c95ca17836fb8e2/execroot/coralnpu_hw/bazel-out/k8-fastbuild/testlogs/hdl/chisel/src/common/index_allocator_test/test.log
//hdl/chisel/src/common:instruction_buffer_test                          FAILED in 70.7s
  /home/builder/.cache/bazel/_bazel_builder/8c069df52082beee3c95ca17836fb8e2/execroot/coralnpu_hw/bazel-out/k8-fastbuild/testlogs/hdl/chisel/src/common/instruction_buffer_test/test.log
//hdl/chisel/src/common:sv_generation_utils_test                         FAILED in 66.1s
  /home/builder/.cache/bazel/_bazel_builder/8c069df52082beee3c95ca17836fb8e2/execroot/coralnpu_hw/bazel-out/k8-fastbuild/testlogs/hdl/chisel/src/common/sv_generation_utils_test/test.log

Executed 12 out of 43 tests: 7 tests pass, 31 fail to build and 5 fail locally.
There were tests whose specified size is too big. Use the --test_verbose_timeout_warnings command line option to see which ones these are.
INFO: Build Event Protocol files produced successfully.
